cluster_id,ivd_t5,pairs_t5,sentences_t5,file_id,ivd_centroid,pairs_centroid,sentences_centroid,ivd_keybert,pairs_keybert,sentences_keybert
-1,0.333333333,1,3,cluster_bge_hdbscan_30,0.454545455,5,11,,,
0,1.666666667,5,3,cluster_bge_hdbscan_30,7.666666667,23,3,7,7,1
1,0.666666667,2,3,cluster_bge_hdbscan_30,1.142857143,8,7,0,0,1
2,1.333333333,4,3,cluster_bge_hdbscan_30,1,10,10,0,0,1
3,0.5,1,2,cluster_bge_hdbscan_30,0.857142857,6,7,0,0,1
4,1.333333333,4,3,cluster_bge_hdbscan_30,0.909090909,10,11,0,0,1
5,1,2,2,cluster_bge_hdbscan_30,1.444444444,13,9,0,0,1
6,7.5,15,2,cluster_bge_hdbscan_30,1.545454545,17,11,0,0,1
7,0.5,2,4,cluster_bge_hdbscan_30,0.666666667,4,6,0,0,1
8,0.5,1,2,cluster_bge_hdbscan_30,0.777777778,7,9,0,0,1
9,3.5,7,2,cluster_bge_hdbscan_30,1.333333333,8,6,0,0,1
10,0,0,2,cluster_bge_hdbscan_30,1,5,5,0,0,1
11,0.666666667,2,3,cluster_bge_hdbscan_30,0.777777778,7,9,2,2,1
12,2,4,2,cluster_bge_hdbscan_30,1.25,5,4,0,0,1
13,2,4,2,cluster_bge_hdbscan_30,1.125,9,8,0,0,1
14,0.666666667,2,3,cluster_bge_hdbscan_30,1.222222222,22,18,0,0,1
15,4,16,4,cluster_bge_hdbscan_30,1.6,16,10,10,10,1
16,0,0,2,cluster_bge_hdbscan_30,1,8,8,0,0,1
17,1.5,3,2,cluster_bge_hdbscan_30,0.909090909,10,11,0,0,1
18,1.5,3,2,cluster_bge_hdbscan_30,1.428571429,10,7,5,5,1
19,2,4,2,cluster_bge_hdbscan_30,0.9,9,10,0,0,1
20,0.333333333,1,3,cluster_bge_hdbscan_30,0.666666667,6,9,0,0,1
21,0.333333333,1,3,cluster_bge_hdbscan_30,0.714285714,5,7,0,0,1
22,0.666666667,2,3,cluster_bge_hdbscan_30,1.875,15,8,0,0,1
23,4.5,9,2,cluster_bge_hdbscan_30,1.5,12,8,3,3,1
24,0.5,1,2,cluster_bge_hdbscan_30,1.3,26,20,0,0,1
25,1.666666667,5,3,cluster_bge_hdbscan_30,0.8,12,15,0,0,1
26,0.666666667,2,3,cluster_bge_hdbscan_30,1.142857143,8,7,2,2,1
27,1,3,3,cluster_bge_hdbscan_30,1,5,5,0,0,1
-1,0.666666667,2,3,cluster_bge_hdbscan_40,1,9,9,,,
0,3.333333333,10,3,cluster_bge_hdbscan_40,1.375,11,8,0,0,1
1,0.333333333,1,3,cluster_bge_hdbscan_40,1,6,6,0,0,1
2,1,2,2,cluster_bge_hdbscan_40,1.444444444,13,9,0,0,1
3,7.5,15,2,cluster_bge_hdbscan_40,1.545454545,17,11,0,0,1
4,0.5,2,4,cluster_bge_hdbscan_40,0.666666667,4,6,0,0,1
5,0.5,1,2,cluster_bge_hdbscan_40,0.777777778,7,9,0,0,1
6,1.5,3,2,cluster_bge_hdbscan_40,1.666666667,10,6,0,0,1
7,3.5,7,2,cluster_bge_hdbscan_40,1.333333333,8,6,0,0,1
8,0,0,2,cluster_bge_hdbscan_40,1,5,5,0,0,1
9,0.666666667,2,3,cluster_bge_hdbscan_40,0.777777778,7,9,2,2,1
10,2,4,2,cluster_bge_hdbscan_40,1.25,5,4,0,0,1
11,2,4,2,cluster_bge_hdbscan_40,1.125,9,8,0,0,1
12,0.666666667,2,3,cluster_bge_hdbscan_40,1.222222222,22,18,0,0,1
13,4,16,4,cluster_bge_hdbscan_40,1.6,16,10,10,10,1
14,0,0,2,cluster_bge_hdbscan_40,1,8,8,0,0,1
15,1.5,3,2,cluster_bge_hdbscan_40,0.909090909,10,11,0,0,1
16,0,0,3,cluster_bge_hdbscan_40,1.076923077,14,13,4,4,1
17,1.5,3,2,cluster_bge_hdbscan_40,1.428571429,10,7,5,5,1
18,2,4,2,cluster_bge_hdbscan_40,0.9,9,10,0,0,1
19,0.333333333,1,3,cluster_bge_hdbscan_40,0.666666667,6,9,0,0,1
20,1.666666667,5,3,cluster_bge_hdbscan_40,0.8,12,15,0,0,1
21,4,12,3,cluster_bge_hdbscan_40,2,10,5,0,0,1
-1,1,3,3,cluster_bge_hdbscan_50,1,9,9,,,
0,3.333333333,10,3,cluster_bge_hdbscan_50,1.375,11,8,0,0,1
1,0.333333333,1,3,cluster_bge_hdbscan_50,1,6,6,0,0,1
2,1,2,2,cluster_bge_hdbscan_50,1.444444444,13,9,0,0,1
3,7.5,15,2,cluster_bge_hdbscan_50,1.545454545,17,11,0,0,1
4,0.5,2,4,cluster_bge_hdbscan_50,0.666666667,4,6,0,0,1
5,0.5,1,2,cluster_bge_hdbscan_50,0.777777778,7,9,0,0,1
6,1.5,3,2,cluster_bge_hdbscan_50,1.666666667,10,6,0,0,1
7,3.5,7,2,cluster_bge_hdbscan_50,1.333333333,8,6,0,0,1
8,0.333333333,1,3,cluster_bge_hdbscan_50,2.25,9,4,0,0,1
9,0,0,2,cluster_bge_hdbscan_50,1,5,5,0,0,1
10,0.666666667,2,3,cluster_bge_hdbscan_50,0.777777778,7,9,2,2,1
11,0.666666667,2,3,cluster_bge_hdbscan_50,1.222222222,22,18,0,0,1
12,,0,0,cluster_bge_hdbscan_50,0.5,11,22,5,5,1
13,4,16,4,cluster_bge_hdbscan_50,1.6,16,10,10,10,1
14,0,0,2,cluster_bge_hdbscan_50,1,8,8,0,0,1
15,1.5,3,2,cluster_bge_hdbscan_50,0.909090909,10,11,0,0,1
16,0,0,3,cluster_bge_hdbscan_50,1.076923077,14,13,4,4,1
17,1.5,3,2,cluster_bge_hdbscan_50,1.428571429,10,7,5,5,1
18,1.666666667,5,3,cluster_bge_hdbscan_50,0.8,12,15,0,0,1
19,4,12,3,cluster_bge_hdbscan_50,2,10,5,0,0,1
0,1,2,2,cluster_bge_kmeans_10,1.285714286,9,7,0,0,1
1,2.333333333,7,3,cluster_bge_kmeans_10,1,6,6,0,0,1
2,1,1,1,cluster_bge_kmeans_10,1.375,11,8,0,0,1
3,0,0,2,cluster_bge_kmeans_10,0.666666667,14,21,0,0,1
4,0,0,2,cluster_bge_kmeans_10,1.384615385,18,13,0,0,1
5,23,23,1,cluster_bge_kmeans_10,2,18,9,0,0,1
6,1.5,3,2,cluster_bge_kmeans_10,0.714285714,10,14,5,5,1
7,0.5,1,2,cluster_bge_kmeans_10,1.666666667,10,6,0,0,1
8,1.5,3,2,cluster_bge_kmeans_10,1.3,13,10,0,0,1
9,3.5,7,2,cluster_bge_kmeans_10,2,10,5,0,0,1
0,9,18,2,cluster_bge_kmeans_15,3.285714286,23,7,5,5,1
1,1.5,3,2,cluster_bge_kmeans_15,1,6,6,0,0,1
2,2,4,2,cluster_bge_kmeans_15,1.5,9,6,6,6,1
3,2,4,2,cluster_bge_kmeans_15,0.888888889,8,9,0,0,1
4,2.333333333,7,3,cluster_bge_kmeans_15,1.384615385,18,13,0,0,1
5,1.666666667,5,3,cluster_bge_kmeans_15,2.545454545,28,11,0,0,1
6,1,3,3,cluster_bge_kmeans_15,1.166666667,7,6,0,0,1
7,1,2,2,cluster_bge_kmeans_15,1.666666667,10,6,0,0,1
8,1,2,2,cluster_bge_kmeans_15,1.142857143,8,7,0,0,1
9,1,3,3,cluster_bge_kmeans_15,1.75,14,8,0,0,1
10,1.333333333,4,3,cluster_bge_kmeans_15,0.5,11,22,5,5,1
11,1,3,3,cluster_bge_kmeans_15,1.333333333,8,6,0,0,1
12,3.666666667,11,3,cluster_bge_kmeans_15,1.142857143,8,7,0,0,1
13,2,4,2,cluster_bge_kmeans_15,1.3,13,10,0,0,1
14,2.333333333,7,3,cluster_bge_kmeans_15,1,6,6,0,0,1
0,0,0,2,cluster_bge_kmeans_20,0.777777778,7,9,0,0,1
1,3,6,2,cluster_bge_kmeans_20,1.1,11,10,0,0,1
2,2,6,3,cluster_bge_kmeans_20,0.5,6,12,5,5,1
3,0.666666667,2,3,cluster_bge_kmeans_20,0.75,9,12,0,0,1
4,2.333333333,7,3,cluster_bge_kmeans_20,1.384615385,18,13,0,0,1
5,1.5,3,2,cluster_bge_kmeans_20,1.666666667,10,6,0,0,1
6,1,2,2,cluster_bge_kmeans_20,1.1,11,10,4,4,1
7,1.5,3,2,cluster_bge_kmeans_20,1.153846154,15,13,2,2,1
8,1,1,1,cluster_bge_kmeans_20,1.428571429,10,7,0,0,1
9,1.333333333,4,3,cluster_bge_kmeans_20,1.75,14,8,0,0,1
10,0,0,2,cluster_bge_kmeans_20,0.5,11,22,5,5,1
11,0.5,1,2,cluster_bge_kmeans_20,1.142857143,8,7,0,0,1
12,1.666666667,5,3,cluster_bge_kmeans_20,1,6,6,0,0,1
13,0,0,2,cluster_bge_kmeans_20,2.166666667,13,6,0,0,1
14,,0,0,cluster_bge_kmeans_20,1.823529412,31,17,0,0,1
15,2.333333333,7,3,cluster_bge_kmeans_20,1.666666667,10,6,0,0,1
16,3,6,2,cluster_bge_kmeans_20,2,10,5,5,5,1
17,0.75,3,4,cluster_bge_kmeans_20,1.833333333,11,6,5,5,1
18,1.666666667,5,3,cluster_bge_kmeans_20,1.375,11,8,0,0,1
19,2.333333333,7,3,cluster_bge_kmeans_20,0.857142857,6,7,0,0,1
-1,0.333333333,1,3,cluster_e5_hdbscan_30,0.454545455,5,11,,,
0,2,4,2,cluster_e5_hdbscan_30,2.714285714,19,7,0,0,1
1,0.666666667,2,3,cluster_e5_hdbscan_30,1.090909091,12,11,0,0,1
2,1.5,3,2,cluster_e5_hdbscan_30,1.166666667,7,6,0,0,1
3,2,6,3,cluster_e5_hdbscan_30,1.333333333,8,6,0,0,1
4,1,3,3,cluster_e5_hdbscan_30,3,24,8,0,0,1
5,0,0,3,cluster_e5_hdbscan_30,1,7,7,0,0,1
6,4,8,2,cluster_e5_hdbscan_30,1.125,9,8,0,0,1
7,1,1,1,cluster_e5_hdbscan_30,2,12,6,0,0,1
8,2.333333333,7,3,cluster_e5_hdbscan_30,1,7,7,0,0,1
9,0,0,1,cluster_e5_hdbscan_30,1.571428571,11,7,5,5,1
10,2,6,3,cluster_e5_hdbscan_30,1.875,15,8,0,0,1
11,2.666666667,8,3,cluster_e5_hdbscan_30,1,7,7,0,0,1
12,5,10,2,cluster_e5_hdbscan_30,2,8,4,0,0,1
13,1,4,4,cluster_e5_hdbscan_30,0.625,5,8,0,0,1
14,0.333333333,1,3,cluster_e5_hdbscan_30,1.545454545,17,11,0,0,1
15,1.5,3,2,cluster_e5_hdbscan_30,1.5,12,8,0,0,1
16,2.666666667,8,3,cluster_e5_hdbscan_30,1.625,13,8,0,0,1
17,1,2,2,cluster_e5_hdbscan_30,0.444444444,4,9,0,0,1
18,2,6,3,cluster_e5_hdbscan_30,1.133333333,17,15,0,0,1
19,0.5,1,2,cluster_e5_hdbscan_30,1.111111111,10,9,0,0,1
20,1,2,2,cluster_e5_hdbscan_30,1,7,7,3,3,1
21,1.333333333,4,3,cluster_e5_hdbscan_30,1.75,7,4,0,0,1
22,3.5,7,2,cluster_e5_hdbscan_30,2.6,13,5,0,0,1
23,0.5,1,2,cluster_e5_hdbscan_30,1.571428571,11,7,2,2,1
24,,0,0,cluster_e5_hdbscan_30,1.181818182,13,11,0,0,1
25,1.666666667,5,3,cluster_e5_hdbscan_30,2.571428571,18,7,12,12,1
26,1.333333333,4,3,cluster_e5_hdbscan_30,1.4,14,10,2,2,1
27,3.5,7,2,cluster_e5_hdbscan_30,1,7,7,1,1,1
28,2,4,2,cluster_e5_hdbscan_30,1,8,8,0,0,1
29,,0,0,cluster_e5_hdbscan_30,1.024390244,42,41,0,0,1
30,0.5,2,4,cluster_e5_hdbscan_30,0.5,5,10,0,0,1
31,1,2,2,cluster_e5_hdbscan_30,1,7,7,0,0,1
32,0.333333333,1,3,cluster_e5_hdbscan_30,5,10,2,0,0,1
33,0.5,1,2,cluster_e5_hdbscan_30,0.666666667,4,6,3,3,1
34,0,0,2,cluster_e5_hdbscan_30,0,0,4,0,0,1
-1,0.666666667,2,3,cluster_e5_hdbscan_40,0.5,4,8,,,
0,1,3,3,cluster_e5_hdbscan_40,3,24,8,0,0,1
1,0,0,3,cluster_e5_hdbscan_40,1,7,7,0,0,1
2,4,8,2,cluster_e5_hdbscan_40,1.125,9,8,0,0,1
3,2.5,5,2,cluster_e5_hdbscan_40,1.714285714,12,7,0,0,1
4,1.5,3,2,cluster_e5_hdbscan_40,1.111111111,10,9,0,0,1
5,2.666666667,8,3,cluster_e5_hdbscan_40,1,7,7,0,0,1
6,5,10,2,cluster_e5_hdbscan_40,2,8,4,0,0,1
7,1,4,4,cluster_e5_hdbscan_40,0.625,5,8,0,0,1
8,0.333333333,1,3,cluster_e5_hdbscan_40,1.545454545,17,11,0,0,1
9,1.5,3,2,cluster_e5_hdbscan_40,1.5,12,8,0,0,1
10,2.666666667,8,3,cluster_e5_hdbscan_40,1.625,13,8,0,0,1
11,1,2,2,cluster_e5_hdbscan_40,0.444444444,4,9,0,0,1
12,0.333333333,1,3,cluster_e5_hdbscan_40,2,14,7,3,3,1
13,2,6,3,cluster_e5_hdbscan_40,1.133333333,17,15,0,0,1
14,0.5,1,2,cluster_e5_hdbscan_40,1.111111111,10,9,0,0,1
15,1,2,2,cluster_e5_hdbscan_40,1,7,7,3,3,1
16,1.333333333,4,3,cluster_e5_hdbscan_40,1.75,7,4,0,0,1
17,3.5,7,2,cluster_e5_hdbscan_40,2.6,13,5,0,0,1
18,1.666666667,5,3,cluster_e5_hdbscan_40,2.571428571,18,7,12,12,1
19,1.333333333,4,3,cluster_e5_hdbscan_40,0.857142857,6,7,0,0,1
20,1.333333333,4,3,cluster_e5_hdbscan_40,1.4,14,10,2,2,1
21,,0,0,cluster_e5_hdbscan_40,1.024390244,42,41,0,0,1
22,0.5,2,4,cluster_e5_hdbscan_40,0.5,5,10,0,0,1
23,1,2,2,cluster_e5_hdbscan_40,1,7,7,0,0,1
24,0.333333333,1,3,cluster_e5_hdbscan_40,5,10,2,0,0,1
-1,1,2,2,cluster_e5_hdbscan_50,0.5,4,8,,,
0,0,0,3,cluster_e5_hdbscan_50,1,7,7,0,0,1
1,4,8,2,cluster_e5_hdbscan_50,1.125,9,8,0,0,1
2,2.5,5,2,cluster_e5_hdbscan_50,1.714285714,12,7,0,0,1
3,1.5,3,2,cluster_e5_hdbscan_50,1.111111111,10,9,0,0,1
4,2.666666667,8,3,cluster_e5_hdbscan_50,1,7,7,0,0,1
5,5,10,2,cluster_e5_hdbscan_50,2,8,4,0,0,1
6,1,4,4,cluster_e5_hdbscan_50,0.625,5,8,0,0,1
7,1.5,3,2,cluster_e5_hdbscan_50,1.5,12,8,0,0,1
8,2.666666667,8,3,cluster_e5_hdbscan_50,1.625,13,8,0,0,1
9,1,2,2,cluster_e5_hdbscan_50,0.444444444,4,9,0,0,1
10,1,2,2,cluster_e5_hdbscan_50,1.111111111,10,9,0,0,1
11,0.333333333,1,3,cluster_e5_hdbscan_50,2,14,7,3,3,1
12,1,2,2,cluster_e5_hdbscan_50,1,7,7,3,3,1
13,1,3,3,cluster_e5_hdbscan_50,1,4,4,14,14,1
14,3.5,7,2,cluster_e5_hdbscan_50,2.6,13,5,0,0,1
15,1.333333333,4,3,cluster_e5_hdbscan_50,1.4,14,10,2,2,1
16,,0,0,cluster_e5_hdbscan_50,1.024390244,42,41,0,0,1
17,0.5,2,4,cluster_e5_hdbscan_50,0.5,5,10,0,0,1
18,1,2,2,cluster_e5_hdbscan_50,1,7,7,0,0,1
19,0.333333333,1,3,cluster_e5_hdbscan_50,5,10,2,0,0,1
0,8.5,17,2,cluster_e5_kmeans_10,1.555555556,14,9,0,0,1
1,3,9,3,cluster_e5_kmeans_10,1.857142857,13,7,0,0,1
2,1,2,2,cluster_e5_kmeans_10,1.714285714,12,7,0,0,1
3,1.333333333,4,3,cluster_e5_kmeans_10,1.666666667,10,6,0,0,1
4,1,2,2,cluster_e5_kmeans_10,1.285714286,9,7,0,0,1
5,0.666666667,2,3,cluster_e5_kmeans_10,1.625,13,8,0,0,1
6,0.666666667,2,3,cluster_e5_kmeans_10,1.2,12,10,0,0,1
7,2,4,2,cluster_e5_kmeans_10,1.333333333,8,6,0,0,1
8,,0,0,cluster_e5_kmeans_10,1.176470588,20,17,0,0,1
9,1,3,3,cluster_e5_kmeans_10,0.590909091,13,22,0,0,1
0,2,4,2,cluster_e5_kmeans_15,1.555555556,14,9,5,5,1
1,1,5,5,cluster_e5_kmeans_15,1.25,10,8,0,0,1
2,1,3,3,cluster_e5_kmeans_15,1,8,8,1,1,1
3,0.666666667,2,3,cluster_e5_kmeans_15,2,16,8,0,0,1
4,1.5,3,2,cluster_e5_kmeans_15,1.166666667,7,6,0,0,1
5,1,3,3,cluster_e5_kmeans_15,0.833333333,5,6,0,0,1
6,1,2,2,cluster_e5_kmeans_15,1.2,12,10,0,0,1
7,3,9,3,cluster_e5_kmeans_15,0.75,6,8,0,0,1
8,,0,0,cluster_e5_kmeans_15,0.842105263,16,19,0,0,1
9,1,2,2,cluster_e5_kmeans_15,0.545454545,6,11,5,5,1
10,1.5,3,2,cluster_e5_kmeans_15,1.142857143,8,7,0,0,1
11,2,10,5,cluster_e5_kmeans_15,0.888888889,8,9,0,0,1
12,0.666666667,4,6,cluster_e5_kmeans_15,0.833333333,5,6,5,5,1
13,3,6,2,cluster_e5_kmeans_15,1.666666667,15,9,0,0,1
14,2.5,5,2,cluster_e5_kmeans_15,1.208333333,29,24,0,0,1
0,0.333333333,1,3,cluster_e5_kmeans_20,1.875,15,8,0,0,1
1,1.666666667,5,3,cluster_e5_kmeans_20,1,8,8,0,0,1
2,1.333333333,4,3,cluster_e5_kmeans_20,1.4,7,5,0,0,1
3,1,2,2,cluster_e5_kmeans_20,2,16,8,0,0,1
4,2,6,3,cluster_e5_kmeans_20,1.166666667,7,6,0,0,1
5,2,4,2,cluster_e5_kmeans_20,1,6,6,0,0,1
6,3.666666667,11,3,cluster_e5_kmeans_20,0.833333333,15,18,0,0,1
7,4.333333333,13,3,cluster_e5_kmeans_20,0.7,7,10,0,0,1
8,,0,0,cluster_e5_kmeans_20,1.266666667,19,15,0,0,1
9,1,3,3,cluster_e5_kmeans_20,0.333333333,1,3,0,0,1
10,1.333333333,4,3,cluster_e5_kmeans_20,0.428571429,3,7,0,0,1
11,2,4,2,cluster_e5_kmeans_20,2.666666667,16,6,0,0,1
12,0.666666667,2,3,cluster_e5_kmeans_20,0.833333333,5,6,4,4,1
13,1.666666667,5,3,cluster_e5_kmeans_20,1.5,15,10,0,0,1
14,2,2,1,cluster_e5_kmeans_20,1.416666667,17,12,6,6,1
15,2.5,5,2,cluster_e5_kmeans_20,1,10,10,10,10,1
16,0.5,1,2,cluster_e5_kmeans_20,1.133333333,17,15,0,0,1
17,1.333333333,4,3,cluster_e5_kmeans_20,0.923076923,12,13,0,0,1
18,0.666666667,2,3,cluster_e5_kmeans_20,0.473684211,9,19,0,0,1
19,2.5,5,2,cluster_e5_kmeans_20,0.714285714,5,7,0,0,1
-1,2.5,10,4,cluster_minilm_hdbscan_30,0.666666667,6,9,,,
0,1.333333333,4,3,cluster_minilm_hdbscan_30,1.166666667,7,6,0,0,1
1,1.666666667,5,3,cluster_minilm_hdbscan_30,1.5,9,6,0,0,1
2,1.333333333,4,3,cluster_minilm_hdbscan_30,1.071428571,15,14,5,5,1
3,0.5,1,2,cluster_minilm_hdbscan_30,1.363636364,15,11,5,5,1
4,1,2,2,cluster_minilm_hdbscan_30,0.875,7,8,0,0,1
5,1.666666667,5,3,cluster_minilm_hdbscan_30,0.8,4,5,0,0,1
6,1,2,2,cluster_minilm_hdbscan_30,1.428571429,10,7,0,0,1
7,1.666666667,5,3,cluster_minilm_hdbscan_30,1.444444444,13,9,0,0,1
8,2,6,3,cluster_minilm_hdbscan_30,0.857142857,6,7,9,9,1
9,1.25,5,4,cluster_minilm_hdbscan_30,0.666666667,6,9,9,9,1
10,1.333333333,4,3,cluster_minilm_hdbscan_30,1.8,9,5,0,0,1
11,0.333333333,1,3,cluster_minilm_hdbscan_30,0.75,6,8,0,0,1
12,3,6,2,cluster_minilm_hdbscan_30,1.714285714,12,7,0,0,1
13,0.5,1,2,cluster_minilm_hdbscan_30,0.714285714,5,7,0,0,1
14,0.666666667,2,3,cluster_minilm_hdbscan_30,1.142857143,8,7,3,3,1
15,1,2,2,cluster_minilm_hdbscan_30,1.5,12,8,0,0,1
16,2.333333333,7,3,cluster_minilm_hdbscan_30,0.7,7,10,0,0,1
17,1.666666667,5,3,cluster_minilm_hdbscan_30,1.333333333,12,9,0,0,1
18,0.666666667,2,3,cluster_minilm_hdbscan_30,1.285714286,9,7,0,0,1
19,1,2,2,cluster_minilm_hdbscan_30,1.083333333,13,12,0,0,1
20,1,2,2,cluster_minilm_hdbscan_30,1.111111111,10,9,2,2,1
21,0.6,3,5,cluster_minilm_hdbscan_30,3.6,18,5,0,0,1
22,1.333333333,4,3,cluster_minilm_hdbscan_30,1.833333333,11,6,0,0,1
23,1,2,2,cluster_minilm_hdbscan_30,1.625,13,8,0,0,1
24,1.333333333,4,3,cluster_minilm_hdbscan_30,1,8,8,0,0,1
25,0.5,2,4,cluster_minilm_hdbscan_30,0.428571429,3,7,0,0,1
26,0.666666667,2,3,cluster_minilm_hdbscan_30,1.545454545,17,11,0,0,1
27,1,3,3,cluster_minilm_hdbscan_30,1.333333333,8,6,0,0,1
28,,0,0,cluster_minilm_hdbscan_30,0.96,24,25,2,2,1
29,2,6,3,cluster_minilm_hdbscan_30,0.923076923,24,26,0,0,1
30,0.5,1,2,cluster_minilm_hdbscan_30,1.5625,25,16,4,4,1
-1,2,4,2,cluster_minilm_hdbscan_40,0.666666667,6,9,,,
0,1.333333333,4,3,cluster_minilm_hdbscan_40,1.166666667,7,6,0,0,1
1,1.333333333,4,3,cluster_minilm_hdbscan_40,1.071428571,15,14,5,5,1
2,0.5,1,2,cluster_minilm_hdbscan_40,1.363636364,15,11,5,5,1
3,1,2,2,cluster_minilm_hdbscan_40,0.875,7,8,0,0,1
4,1.666666667,5,3,cluster_minilm_hdbscan_40,0.8,4,5,0,0,1
5,1,2,2,cluster_minilm_hdbscan_40,1.428571429,10,7,0,0,1
6,1.666666667,5,3,cluster_minilm_hdbscan_40,1.444444444,13,9,0,0,1
7,1,4,4,cluster_minilm_hdbscan_40,1.583333333,19,12,0,0,1
8,2,6,3,cluster_minilm_hdbscan_40,0.857142857,6,7,9,9,1
9,1.25,5,4,cluster_minilm_hdbscan_40,0.666666667,6,9,9,9,1
10,1.333333333,4,3,cluster_minilm_hdbscan_40,1.8,9,5,0,0,1
11,0.5,1,2,cluster_minilm_hdbscan_40,0.714285714,5,7,0,0,1
12,0.666666667,2,3,cluster_minilm_hdbscan_40,1.2,6,5,0,0,1
13,0.666666667,2,3,cluster_minilm_hdbscan_40,1.142857143,8,7,3,3,1
14,1,2,2,cluster_minilm_hdbscan_40,1.5,12,8,0,0,1
15,1.333333333,4,3,cluster_minilm_hdbscan_40,3.166666667,19,6,0,0,1
16,2.333333333,7,3,cluster_minilm_hdbscan_40,0.7,7,10,0,0,1
17,1.666666667,5,3,cluster_minilm_hdbscan_40,1.333333333,12,9,0,0,1
18,1,2,2,cluster_minilm_hdbscan_40,1.625,13,8,0,0,1
19,1.333333333,4,3,cluster_minilm_hdbscan_40,1,8,8,0,0,1
20,0.5,2,4,cluster_minilm_hdbscan_40,0.428571429,3,7,0,0,1
21,0.666666667,2,3,cluster_minilm_hdbscan_40,1.545454545,17,11,0,0,1
22,1,3,3,cluster_minilm_hdbscan_40,1.333333333,8,6,0,0,1
23,,0,0,cluster_minilm_hdbscan_40,0.96,24,25,2,2,1
24,2,6,3,cluster_minilm_hdbscan_40,0.923076923,24,26,0,0,1
25,0.5,1,2,cluster_minilm_hdbscan_40,1.5625,25,16,4,4,1
-1,0.333333333,1,3,cluster_minilm_hdbscan_50,0.666666667,6,9,,,
0,1.333333333,4,3,cluster_minilm_hdbscan_50,1.071428571,15,14,5,5,1
1,0.5,1,2,cluster_minilm_hdbscan_50,1.363636364,15,11,5,5,1
2,1,2,2,cluster_minilm_hdbscan_50,0.875,7,8,0,0,1
3,1.666666667,5,3,cluster_minilm_hdbscan_50,0.8,4,5,0,0,1
4,1,2,2,cluster_minilm_hdbscan_50,1.428571429,10,7,0,0,1
5,1.666666667,5,3,cluster_minilm_hdbscan_50,1.444444444,13,9,0,0,1
6,1,4,4,cluster_minilm_hdbscan_50,1.583333333,19,12,0,0,1
7,2,6,3,cluster_minilm_hdbscan_50,0.857142857,6,7,9,9,1
8,1.25,5,4,cluster_minilm_hdbscan_50,0.666666667,6,9,9,9,1
9,0.5,1,2,cluster_minilm_hdbscan_50,0.714285714,5,7,0,0,1
10,0.666666667,2,3,cluster_minilm_hdbscan_50,1.2,6,5,0,0,1
11,1,2,2,cluster_minilm_hdbscan_50,1.5,12,8,0,0,1
12,1.333333333,4,3,cluster_minilm_hdbscan_50,3.166666667,19,6,0,0,1
13,2.333333333,7,3,cluster_minilm_hdbscan_50,0.7,7,10,0,0,1
14,1.666666667,5,3,cluster_minilm_hdbscan_50,1.333333333,12,9,0,0,1
15,1,2,2,cluster_minilm_hdbscan_50,1.625,13,8,0,0,1
16,1.333333333,4,3,cluster_minilm_hdbscan_50,1,8,8,0,0,1
17,1,3,3,cluster_minilm_hdbscan_50,1.333333333,8,6,0,0,1
18,,0,0,cluster_minilm_hdbscan_50,0.96,24,25,2,2,1
19,2,6,3,cluster_minilm_hdbscan_50,0.923076923,24,26,0,0,1
20,0.5,1,2,cluster_minilm_hdbscan_50,1.5625,25,16,4,4,1
0,0,0,1,cluster_minilm_kmeans_10,1.75,14,8,0,0,1
1,1.5,3,2,cluster_minilm_kmeans_10,0.772727273,17,22,5,5,1
2,1,3,3,cluster_minilm_kmeans_10,2.5,20,8,0,0,1
3,1,3,3,cluster_minilm_kmeans_10,2,10,5,0,0,1
4,1.75,7,4,cluster_minilm_kmeans_10,0.888888889,8,9,0,0,1
5,2.5,5,2,cluster_minilm_kmeans_10,0.833333333,5,6,0,0,1
6,1,2,2,cluster_minilm_kmeans_10,1.625,13,8,0,0,1
7,1,4,4,cluster_minilm_kmeans_10,0.833333333,5,6,3,3,1
8,0.25,1,4,cluster_minilm_kmeans_10,0.785714286,22,28,0,0,1
9,0.333333333,1,3,cluster_minilm_kmeans_10,0.857142857,6,7,0,0,1
0,2,6,3,cluster_minilm_kmeans_15,1.111111111,10,9,5,5,1
1,1.333333333,4,3,cluster_minilm_kmeans_15,0.777777778,7,9,5,5,1
2,3,9,3,cluster_minilm_kmeans_15,2.25,18,8,0,0,1
3,0.5,1,2,cluster_minilm_kmeans_15,2,14,7,0,0,1
4,3.5,7,2,cluster_minilm_kmeans_15,0.888888889,8,9,0,0,1
5,0.5,1,2,cluster_minilm_kmeans_15,1.625,13,8,3,3,1
6,2.333333333,7,3,cluster_minilm_kmeans_15,1.4375,23,16,0,0,1
7,2,6,3,cluster_minilm_kmeans_15,3.8,19,5,0,0,1
8,,0,0,cluster_minilm_kmeans_15,0.96,24,25,0,0,1
9,0.666666667,2,3,cluster_minilm_kmeans_15,1.428571429,10,7,0,0,1
10,3,9,3,cluster_minilm_kmeans_15,1.125,9,8,0,0,1
11,0,0,1,cluster_minilm_kmeans_15,0.666666667,4,6,0,0,1
12,1.5,3,2,cluster_minilm_kmeans_15,1.5,12,8,0,0,1
13,0,0,2,cluster_minilm_kmeans_15,1,6,6,0,0,1
14,0,0,2,cluster_minilm_kmeans_15,1.428571429,10,7,0,0,1
0,0.833333333,5,6,cluster_minilm_kmeans_20,1.111111111,10,9,6,6,1
1,2.25,9,4,cluster_minilm_kmeans_20,0.9,9,10,0,0,1
2,1,2,2,cluster_minilm_kmeans_20,0.714285714,5,7,0,0,1
3,1.25,5,4,cluster_minilm_kmeans_20,2,14,7,0,0,1
4,0,0,3,cluster_minilm_kmeans_20,1,8,8,0,0,1
5,0.666666667,2,3,cluster_minilm_kmeans_20,2,12,6,0,0,1
6,0.666666667,2,3,cluster_minilm_kmeans_20,1.5625,25,16,15,15,1
7,1.5,3,2,cluster_minilm_kmeans_20,3,18,6,0,0,1
8,,0,0,cluster_minilm_kmeans_20,0.96,24,25,0,0,1
9,5,10,2,cluster_minilm_kmeans_20,1.5,12,8,0,0,1
10,3.666666667,11,3,cluster_minilm_kmeans_20,1.444444444,13,9,0,0,1
11,1,2,2,cluster_minilm_kmeans_20,0.916666667,11,12,0,0,1
12,0,0,2,cluster_minilm_kmeans_20,2.571428571,18,7,0,0,1
13,0.833333333,5,6,cluster_minilm_kmeans_20,1,6,6,0,0,1
14,1.5,3,2,cluster_minilm_kmeans_20,1.428571429,10,7,10,10,1
15,0.5,1,2,cluster_minilm_kmeans_20,1,5,5,0,0,1
16,2.25,9,4,cluster_minilm_kmeans_20,1.625,13,8,5,5,1
17,2.5,10,4,cluster_minilm_kmeans_20,3.333333333,20,6,0,0,1
18,2,4,2,cluster_minilm_kmeans_20,0.875,7,8,0,0,1
19,3,9,3,cluster_minilm_kmeans_20,1.5,12,8,0,0,1
-1,0.5,2,4,cluster_minilm_hdbscan_100,2.2,11,5,,,
0,1.25,5,4,cluster_minilm_hdbscan_100,0.833333333,5,6,0,0,1
1,1,2,2,cluster_minilm_hdbscan_100,1,7,7,0,0,1
2,0.333333333,1,3,cluster_minilm_hdbscan_100,2.333333333,14,6,8,8,1
3,1.25,5,4,cluster_minilm_hdbscan_100,1.285714286,9,7,0,0,1
4,1,3,3,cluster_minilm_hdbscan_100,1.5625,25,16,0,0,1
-1,0.333333333,1,3,cluster_minilm_hdbscan_2,0.727272727,8,11,,,
0,1.333333333,4,3,cluster_minilm_hdbscan_2,1.777777778,16,9,0,0,1
1,1,2,2,cluster_minilm_hdbscan_2,2.285714286,16,7,0,0,1
2,0.6,3,5,cluster_minilm_hdbscan_2,0.888888889,8,9,5,5,1
3,8,16,2,cluster_minilm_hdbscan_2,5.6,28,5,5,5,1
4,2.5,5,2,cluster_minilm_hdbscan_2,1.333333333,4,3,0,0,1
5,0,0,2,cluster_minilm_hdbscan_2,0.333333333,3,9,0,0,1
6,4,8,2,cluster_minilm_hdbscan_2,3,18,6,0,0,1
7,2.5,5,2,cluster_minilm_hdbscan_2,0.5,1,2,0,0,1
8,0.5,1,2,cluster_minilm_hdbscan_2,1.375,11,8,0,0,1
9,1,2,2,cluster_minilm_hdbscan_2,2,12,6,0,0,1
10,1.5,6,4,cluster_minilm_hdbscan_2,5,20,4,0,0,1
11,0,0,2,cluster_minilm_hdbscan_2,1.166666667,7,6,0,0,1
12,1.5,3,2,cluster_minilm_hdbscan_2,1.363636364,15,11,0,0,1
13,1,2,2,cluster_minilm_hdbscan_2,2,24,12,0,0,1
14,1,2,2,cluster_minilm_hdbscan_2,1.5,9,6,10,10,1
15,0.333333333,1,3,cluster_minilm_hdbscan_2,0.785714286,11,14,0,0,1
16,1.5,3,2,cluster_minilm_hdbscan_2,7.666666667,23,3,0,0,1
17,2,4,2,cluster_minilm_hdbscan_2,1,9,9,0,0,1
18,1.666666667,5,3,cluster_minilm_hdbscan_2,1.285714286,9,7,0,0,1
19,3,3,1,cluster_minilm_hdbscan_2,0.6,3,5,0,0,1
20,2,4,2,cluster_minilm_hdbscan_2,1.166666667,7,6,0,0,1
21,0.5,1,2,cluster_minilm_hdbscan_2,0.333333333,2,6,0,0,1
22,0,0,1,cluster_minilm_hdbscan_2,1.583333333,19,12,0,0,1
23,6,12,2,cluster_minilm_hdbscan_2,4.666666667,14,3,0,0,1
24,2,2,1,cluster_minilm_hdbscan_2,0.5,4,8,0,0,1
25,1,2,2,cluster_minilm_hdbscan_2,2.5,15,6,0,0,1
26,1,2,2,cluster_minilm_hdbscan_2,1.071428571,15,14,5,5,1
27,1,1,1,cluster_minilm_hdbscan_2,0.571428571,4,7,0,0,1
28,1.5,3,2,cluster_minilm_hdbscan_2,1.428571429,10,7,0,0,1
29,1,2,2,cluster_minilm_hdbscan_2,1.588235294,27,17,0,0,1
30,2,6,3,cluster_minilm_hdbscan_2,1.583333333,19,12,0,0,1
31,3,6,2,cluster_minilm_hdbscan_2,1.5,9,6,0,0,1
32,2,2,1,cluster_minilm_hdbscan_2,0.857142857,6,7,0,0,1
33,0.5,1,2,cluster_minilm_hdbscan_2,0.777777778,7,9,5,5,1
34,0.5,1,2,cluster_minilm_hdbscan_2,0.75,6,8,0,0,1
35,1.5,3,2,cluster_minilm_hdbscan_2,1.166666667,7,6,0,0,1
36,0.333333333,1,3,cluster_minilm_hdbscan_2,1.75,14,8,6,6,1
37,0.5,1,2,cluster_minilm_hdbscan_2,1.25,10,8,0,0,1
38,1,2,2,cluster_minilm_hdbscan_2,1.375,11,8,0,0,1
39,1,2,2,cluster_minilm_hdbscan_2,2.333333333,7,3,4,4,1
40,1,2,2,cluster_minilm_hdbscan_2,1.666666667,10,6,0,0,1
41,0.5,1,2,cluster_minilm_hdbscan_2,1,5,5,0,0,1
42,1.333333333,4,3,cluster_minilm_hdbscan_2,1,9,9,0,0,1
43,2,6,3,cluster_minilm_hdbscan_2,2,22,11,0,0,1
44,1,3,3,cluster_minilm_hdbscan_2,1.625,13,8,0,0,1
45,1,3,3,cluster_minilm_hdbscan_2,2.285714286,16,7,0,0,1
46,0.666666667,2,3,cluster_minilm_hdbscan_2,0.75,6,8,0,0,1
47,2,4,2,cluster_minilm_hdbscan_2,0.5,2,4,5,5,1
48,1,2,2,cluster_minilm_hdbscan_2,1,13,13,0,0,1
49,0.666666667,2,3,cluster_minilm_hdbscan_2,1.25,15,12,5,5,1
50,1,2,2,cluster_minilm_hdbscan_2,0.666666667,4,6,5,5,1
51,0.5,2,4,cluster_minilm_hdbscan_2,0.5,3,6,3,3,1
52,0.333333333,1,3,cluster_minilm_hdbscan_2,0.833333333,15,18,0,0,1
53,0,0,2,cluster_minilm_hdbscan_2,0.666666667,8,12,0,0,1
54,4,4,1,cluster_minilm_hdbscan_2,0.666666667,4,6,0,0,1
55,0,0,2,cluster_minilm_hdbscan_2,0.916666667,11,12,0,0,1
56,2,2,1,cluster_minilm_hdbscan_2,1.666666667,10,6,0,0,1
57,2,2,1,cluster_minilm_hdbscan_2,1,11,11,0,0,1
58,0.5,1,2,cluster_minilm_hdbscan_2,0.454545455,5,11,0,0,1
59,0.5,1,2,cluster_minilm_hdbscan_2,0.9,18,20,0,0,1
60,1,2,2,cluster_minilm_hdbscan_2,2.142857143,30,14,4,4,1
61,4,12,3,cluster_minilm_hdbscan_2,1,4,4,0,0,1
62,1.333333333,4,3,cluster_minilm_hdbscan_2,10,20,2,0,0,1
63,4,4,1,cluster_minilm_hdbscan_2,2.428571429,17,7,0,0,1
64,4,12,3,cluster_minilm_hdbscan_2,4.75,38,8,10,10,1
65,1,3,3,cluster_minilm_hdbscan_2,1,6,6,0,0,1
66,0.333333333,1,3,cluster_minilm_hdbscan_2,1.3,13,10,10,10,1
67,3,12,4,cluster_minilm_hdbscan_2,1.625,13,8,0,0,1
68,2.666666667,8,3,cluster_minilm_hdbscan_2,1.571428571,11,7,10,10,1
69,1.333333333,4,3,cluster_minilm_hdbscan_2,0.545454545,6,11,10,10,1
70,1,2,2,cluster_minilm_hdbscan_2,1.444444444,13,9,0,0,1
71,1.333333333,4,3,cluster_minilm_hdbscan_2,0.833333333,5,6,0,0,1
72,1.666666667,5,3,cluster_minilm_hdbscan_2,2.25,9,4,0,0,1
73,2.666666667,8,3,cluster_minilm_hdbscan_2,1,9,9,0,0,1
74,0.5,1,2,cluster_minilm_hdbscan_2,0.571428571,4,7,0,0,1
75,3,6,2,cluster_minilm_hdbscan_2,0,0,2,5,5,1
76,2,2,1,cluster_minilm_hdbscan_2,1,5,5,0,0,1
77,4,8,2,cluster_minilm_hdbscan_2,3.142857143,22,7,10,10,1
78,0.5,1,2,cluster_minilm_hdbscan_2,1.111111111,10,9,0,0,1
79,2,6,3,cluster_minilm_hdbscan_2,1.647058824,28,17,0,0,1
80,0.666666667,2,3,cluster_minilm_hdbscan_2,0.5,3,6,0,0,1
81,1,3,3,cluster_minilm_hdbscan_2,1,6,6,0,0,1
82,0.333333333,1,3,cluster_minilm_hdbscan_2,1.166666667,7,6,0,0,1
83,2,4,2,cluster_minilm_hdbscan_2,3,12,4,0,0,1
84,2,4,2,cluster_minilm_hdbscan_2,1.166666667,7,6,0,0,1
85,4,4,1,cluster_minilm_hdbscan_2,0.25,4,16,0,0,1
86,1.5,3,2,cluster_minilm_hdbscan_2,1.333333333,16,12,0,0,1
87,1,1,1,cluster_minilm_hdbscan_2,3.5,7,2,0,0,1
88,2,4,2,cluster_minilm_hdbscan_2,2.444444444,22,9,0,0,1
89,6,6,1,cluster_minilm_hdbscan_2,1,7,7,5,5,1
90,1.333333333,4,3,cluster_minilm_hdbscan_2,2.142857143,15,7,0,0,1
91,2.5,5,2,cluster_minilm_hdbscan_2,0.666666667,4,6,0,0,1
92,2,4,2,cluster_minilm_hdbscan_2,1.75,14,8,0,0,1
93,1,3,3,cluster_minilm_hdbscan_2,1,6,6,0,0,1
94,0.666666667,2,3,cluster_minilm_hdbscan_2,1.411764706,24,17,0,0,1
95,0.5,1,2,cluster_minilm_hdbscan_2,1.526315789,29,19,0,0,1
96,0.5,1,2,cluster_minilm_hdbscan_2,1.684210526,32,19,0,0,1
97,0.333333333,1,3,cluster_minilm_hdbscan_2,0.9,9,10,0,0,1
98,0.5,1,2,cluster_minilm_hdbscan_2,2.666666667,8,3,0,0,1
99,0.333333333,1,3,cluster_minilm_hdbscan_2,0.857142857,6,7,0,0,1
100,0.5,1,2,cluster_minilm_hdbscan_2,2.833333333,17,6,0,0,1
101,0,0,3,cluster_minilm_hdbscan_2,0.25,2,8,0,0,1
102,0,0,3,cluster_minilm_hdbscan_2,0.777777778,7,9,0,0,1
103,0.333333333,1,3,cluster_minilm_hdbscan_2,0.695652174,16,23,0,0,1
104,1,2,2,cluster_minilm_hdbscan_2,0.384615385,5,13,0,0,1
105,2,4,2,cluster_minilm_hdbscan_2,1.222222222,11,9,8,8,1
106,3,6,2,cluster_minilm_hdbscan_2,1.111111111,10,9,0,0,1
107,1,2,2,cluster_minilm_hdbscan_2,1,7,7,0,0,1
108,1,2,2,cluster_minilm_hdbscan_2,0.727272727,8,11,0,0,1
109,0.5,1,2,cluster_minilm_hdbscan_2,0.428571429,3,7,0,0,1
110,2,4,2,cluster_minilm_hdbscan_2,1.428571429,10,7,0,0,1
111,0.5,1,2,cluster_minilm_hdbscan_2,0.5,3,6,0,0,1
112,0,0,3,cluster_minilm_hdbscan_2,1.333333333,8,6,0,0,1
113,0.666666667,2,3,cluster_minilm_hdbscan_2,0.714285714,5,7,0,0,1
114,0,0,1,cluster_minilm_hdbscan_2,0.333333333,3,9,0,0,1
115,0,0,1,cluster_minilm_hdbscan_2,0.4,2,5,0,0,1
116,7.666666667,23,3,cluster_minilm_hdbscan_2,7.666666667,23,3,0,0,1
117,2,2,1,cluster_minilm_hdbscan_2,0.571428571,4,7,0,0,1
118,6,12,2,cluster_minilm_hdbscan_2,0.8125,13,16,0,0,1
119,1,2,2,cluster_minilm_hdbscan_2,2.166666667,13,6,10,10,1
120,0,0,1,cluster_minilm_hdbscan_2,0.666666667,4,6,0,0,1
121,3,9,3,cluster_minilm_hdbscan_2,5.5,22,4,0,0,1
122,1,2,2,cluster_minilm_hdbscan_2,0.666666667,4,6,0,0,1
123,1.666666667,5,3,cluster_minilm_hdbscan_2,0.333333333,3,9,0,0,1
124,1,3,3,cluster_minilm_hdbscan_2,0.5,4,8,0,0,1
125,0.5,1,2,cluster_minilm_hdbscan_2,1,7,7,0,0,1
126,2,2,1,cluster_minilm_hdbscan_2,1,14,14,0,0,1
127,1.5,3,2,cluster_minilm_hdbscan_2,0.7,7,10,0,0,1
128,2.5,5,2,cluster_minilm_hdbscan_2,0.777777778,7,9,0,0,1
129,1,2,2,cluster_minilm_hdbscan_2,1.375,11,8,0,0,1
130,0,0,2,cluster_minilm_hdbscan_2,0.6,3,5,0,0,1
131,1.5,3,2,cluster_minilm_hdbscan_2,1.2,6,5,4,4,1
132,1.5,3,2,cluster_minilm_hdbscan_2,1.8,9,5,9,9,1
133,3,6,2,cluster_minilm_hdbscan_2,1,3,3,0,0,1
134,2.5,5,2,cluster_minilm_hdbscan_2,2,12,6,0,0,1
135,0.5,1,2,cluster_minilm_hdbscan_2,1.416666667,17,12,0,0,1
136,0,0,1,cluster_minilm_hdbscan_2,1.833333333,11,6,0,0,1
137,2.5,5,2,cluster_minilm_hdbscan_2,2.5,5,2,0,0,1
138,2,6,3,cluster_minilm_hdbscan_2,1.272727273,14,11,0,0,1
139,3.5,7,2,cluster_minilm_hdbscan_2,1,17,17,0,0,1
140,2,2,1,cluster_minilm_hdbscan_2,0.125,1,8,0,0,1
141,0.5,1,2,cluster_minilm_hdbscan_2,0.6,3,5,0,0,1
142,3.5,7,2,cluster_minilm_hdbscan_2,0.6,6,10,0,0,1
143,0.5,1,2,cluster_minilm_hdbscan_2,1.142857143,8,7,0,0,1
144,2.333333333,7,3,cluster_minilm_hdbscan_2,1.444444444,13,9,0,0,1
145,1,1,1,cluster_minilm_hdbscan_2,0.428571429,3,7,0,0,1
146,0.666666667,2,3,cluster_minilm_hdbscan_2,0.875,7,8,0,0,1
147,0.666666667,2,3,cluster_minilm_hdbscan_2,0.333333333,3,9,0,0,1
148,1,2,2,cluster_minilm_hdbscan_2,2,10,5,0,0,1
149,1,2,2,cluster_minilm_hdbscan_2,1.3,13,10,0,0,1
150,1.5,3,2,cluster_minilm_hdbscan_2,0.933333333,14,15,0,0,1
151,1,2,2,cluster_minilm_hdbscan_2,3.5,14,4,0,0,1
152,0.666666667,2,3,cluster_minilm_hdbscan_2,2.75,11,4,0,0,1
153,2,6,3,cluster_minilm_hdbscan_2,1.5,6,4,4,4,1
154,0,0,2,cluster_minilm_hdbscan_2,0.571428571,4,7,0,0,1
155,3.666666667,11,3,cluster_minilm_hdbscan_2,0.75,3,4,1,1,1
156,2,2,1,cluster_minilm_hdbscan_2,0.75,3,4,4,4,1
157,0.5,1,2,cluster_minilm_hdbscan_2,0.888888889,8,9,0,0,1
158,1,2,2,cluster_minilm_hdbscan_2,1,5,5,4,4,1
159,1.333333333,4,3,cluster_minilm_hdbscan_2,1,7,7,0,0,1
160,2,4,2,cluster_minilm_hdbscan_2,1.25,10,8,5,5,1
161,0.5,2,4,cluster_minilm_hdbscan_2,8.2,41,5,4,4,1
162,1,2,2,cluster_minilm_hdbscan_2,0.5,3,6,0,0,1
163,2,4,2,cluster_minilm_hdbscan_2,0.727272727,8,11,0,0,1
164,0,0,2,cluster_minilm_hdbscan_2,0,0,4,0,0,1
165,0,0,2,cluster_minilm_hdbscan_2,1.416666667,17,12,0,0,1
166,0,0,1,cluster_minilm_hdbscan_2,4,20,5,0,0,1
167,4,4,1,cluster_minilm_hdbscan_2,3.6,18,5,5,5,1
168,1.666666667,5,3,cluster_minilm_hdbscan_2,0.8,8,10,0,0,1
169,2,4,2,cluster_minilm_hdbscan_2,1,8,8,3,3,1
170,3,3,1,cluster_minilm_hdbscan_2,3.75,15,4,0,0,1
171,1.5,3,2,cluster_minilm_hdbscan_2,1.833333333,11,6,0,0,1
172,1,2,2,cluster_minilm_hdbscan_2,1.2,6,5,16,16,1
173,0,0,2,cluster_minilm_hdbscan_2,1,6,6,0,0,1
174,1,3,3,cluster_minilm_hdbscan_2,1.156862745,59,51,5,5,1
175,4,8,2,cluster_minilm_hdbscan_2,1.666666667,30,18,5,5,1
176,1,3,3,cluster_minilm_hdbscan_2,1.181818182,13,11,5,5,1
177,1.5,3,2,cluster_minilm_hdbscan_2,0.833333333,10,12,0,0,1
178,2,2,1,cluster_minilm_hdbscan_2,1.7,17,10,0,0,1
179,0.333333333,1,3,cluster_minilm_hdbscan_2,1.714285714,12,7,10,10,1
180,1.666666667,5,3,cluster_minilm_hdbscan_2,1.166666667,7,6,4,4,1
181,1,2,2,cluster_minilm_hdbscan_2,0.818181818,9,11,0,0,1
182,1,2,2,cluster_minilm_hdbscan_2,0.6,3,5,0,0,1
183,5,10,2,cluster_minilm_hdbscan_2,1.5,9,6,0,0,1
184,1,2,2,cluster_minilm_hdbscan_2,1.2,6,5,1,1,1
185,0.5,1,2,cluster_minilm_hdbscan_2,1,6,6,0,0,1
186,0.5,1,2,cluster_minilm_hdbscan_2,0.6,6,10,0,0,1
187,0.5,1,2,cluster_minilm_hdbscan_2,1,7,7,0,0,1
188,2.5,5,2,cluster_minilm_hdbscan_2,2.333333333,7,3,6,6,1
189,1.5,3,2,cluster_minilm_hdbscan_2,1.2,6,5,10,10,1
190,7.5,15,2,cluster_minilm_hdbscan_2,10,20,2,0,0,1
191,1,2,2,cluster_minilm_hdbscan_2,1.4,7,5,0,0,1
192,0.5,1,2,cluster_minilm_hdbscan_2,1.428571429,10,7,0,0,1
193,2,2,1,cluster_minilm_hdbscan_2,0.5,1,2,0,0,1
194,1.5,3,2,cluster_minilm_hdbscan_2,1.4,14,10,1,1,1
195,0,0,1,cluster_minilm_hdbscan_2,1,6,6,5,5,1
196,0.75,3,4,cluster_minilm_hdbscan_2,0,0,7,0,0,1
197,0.666666667,2,3,cluster_minilm_hdbscan_2,1.625,13,8,0,0,1
198,4.5,9,2,cluster_minilm_hdbscan_2,0.5,1,2,0,0,1
199,2,4,2,cluster_minilm_hdbscan_2,1.15,23,20,10,10,1
200,1,3,3,cluster_minilm_hdbscan_2,1,11,11,0,0,1
201,9,9,1,cluster_minilm_hdbscan_2,1.25,10,8,0,0,1
202,1.5,3,2,cluster_minilm_hdbscan_2,3,6,2,2,2,1
203,0,0,1,cluster_minilm_hdbscan_2,0.25,1,4,4,4,1
204,0.5,1,2,cluster_minilm_hdbscan_2,0.555555556,5,9,0,0,1
205,0.5,1,2,cluster_minilm_hdbscan_2,1.571428571,11,7,0,0,1
206,1,2,2,cluster_minilm_hdbscan_2,1,4,4,4,4,1
207,0,0,5,cluster_minilm_hdbscan_2,0,0,3,0,0,1
208,1,2,2,cluster_minilm_hdbscan_2,1.777777778,16,9,0,0,1
209,0.5,1,2,cluster_minilm_hdbscan_2,0.2,1,5,1,1,1
210,0,0,2,cluster_minilm_hdbscan_2,0.6,3,5,0,0,1
211,1.666666667,5,3,cluster_minilm_hdbscan_2,1.875,15,8,5,5,1
212,0,0,1,cluster_minilm_hdbscan_2,,0,0,0,0,1
213,0.333333333,1,3,cluster_minilm_hdbscan_2,0,0,3,0,0,1
214,1.666666667,5,3,cluster_minilm_hdbscan_2,2,2,1,3,3,1
215,0.25,1,4,cluster_minilm_hdbscan_2,0,0,1,0,0,1
216,0.5,1,2,cluster_minilm_hdbscan_2,1.142857143,8,7,0,0,1
217,1.25,5,4,cluster_minilm_hdbscan_2,0.714285714,5,7,10,10,1
218,1,2,2,cluster_minilm_hdbscan_2,0.5,2,4,0,0,1
219,0,0,2,cluster_minilm_hdbscan_2,1.428571429,10,7,0,0,1
220,0.5,1,2,cluster_minilm_hdbscan_2,0.9375,15,16,0,0,1
221,2,4,2,cluster_minilm_hdbscan_2,0.545454545,6,11,0,0,1
222,0.5,1,2,cluster_minilm_hdbscan_2,1.285714286,45,35,0,0,1
223,0.5,1,2,cluster_minilm_hdbscan_2,1.285714286,18,14,5,5,1
224,0,0,2,cluster_minilm_hdbscan_2,1.181818182,13,11,0,0,1
225,0.5,1,2,cluster_minilm_hdbscan_2,2,10,5,0,0,1
226,2,6,3,cluster_minilm_hdbscan_2,0.916666667,11,12,0,0,1
227,0.666666667,2,3,cluster_minilm_hdbscan_2,1.2,6,5,0,0,1
228,0,0,1,cluster_minilm_hdbscan_2,0.571428571,4,7,0,0,1
229,1.5,3,2,cluster_minilm_hdbscan_2,0.833333333,5,6,0,0,1
230,1,2,2,cluster_minilm_hdbscan_2,2,6,3,0,0,1
231,0.5,1,2,cluster_minilm_hdbscan_2,0.75,6,8,0,0,1
232,1,1,1,cluster_minilm_hdbscan_2,0.2,1,5,10,10,1
233,1,1,1,cluster_minilm_hdbscan_2,0.5,1,2,1,1,1
234,1,2,2,cluster_minilm_hdbscan_2,2.333333333,7,3,1,1,1
235,2,8,4,cluster_minilm_hdbscan_2,0.875,7,8,0,0,1
236,0.666666667,2,3,cluster_minilm_hdbscan_2,1.333333333,12,9,0,0,1
237,1,2,2,cluster_minilm_hdbscan_2,0.5,6,12,0,0,1
238,0.5,1,2,cluster_minilm_hdbscan_2,1.571428571,11,7,5,5,1
239,0.5,1,2,cluster_minilm_hdbscan_2,1.2,6,5,0,0,1
240,0.333333333,1,3,cluster_minilm_hdbscan_2,1.2,12,10,0,0,1
241,0.5,1,2,cluster_minilm_hdbscan_2,0.25,1,4,2,2,1
242,0.333333333,1,3,cluster_minilm_hdbscan_2,0.142857143,1,7,0,0,1
243,0.333333333,1,3,cluster_minilm_hdbscan_2,0.75,6,8,4,4,1
244,1,1,1,cluster_minilm_hdbscan_2,0.714285714,5,7,0,0,1
245,0,0,3,cluster_minilm_hdbscan_2,0.818181818,9,11,0,0,1
246,1,3,3,cluster_minilm_hdbscan_2,0.444444444,4,9,0,0,1
247,0,0,1,cluster_minilm_hdbscan_2,2,28,14,0,0,1
248,0,0,2,cluster_minilm_hdbscan_2,0.916666667,11,12,0,0,1
249,0,0,2,cluster_minilm_hdbscan_2,2,16,8,0,0,1
250,0.5,1,2,cluster_minilm_hdbscan_2,1.444444444,13,9,0,0,1
251,0.666666667,2,3,cluster_minilm_hdbscan_2,0.75,9,12,0,0,1
252,3.333333333,10,3,cluster_minilm_hdbscan_2,1,10,10,0,0,1
253,1.5,3,2,cluster_minilm_hdbscan_2,1,2,2,0,0,1
254,0.666666667,2,3,cluster_minilm_hdbscan_2,0.6,3,5,0,0,1
255,1,3,3,cluster_minilm_hdbscan_2,0.666666667,6,9,0,0,1
256,0,0,2,cluster_minilm_hdbscan_2,1.4,7,5,0,0,1
257,1.5,3,2,cluster_minilm_hdbscan_2,1,13,13,0,0,1
258,2.5,5,2,cluster_minilm_hdbscan_2,0.833333333,5,6,0,0,1
259,4,8,2,cluster_minilm_hdbscan_2,3,9,3,0,0,1
260,0,0,1,cluster_minilm_hdbscan_2,1,2,2,0,0,1
261,2,4,2,cluster_minilm_hdbscan_2,1.636363636,18,11,0,0,1
262,0.333333333,1,3,cluster_minilm_hdbscan_2,0.9,9,10,0,0,1
263,1,2,2,cluster_minilm_hdbscan_2,0.4,2,5,0,0,1
264,2,4,2,cluster_minilm_hdbscan_2,0.7,7,10,0,0,1
265,1,2,2,cluster_minilm_hdbscan_2,1.25,5,4,0,0,1
266,1,3,3,cluster_minilm_hdbscan_2,0.833333333,5,6,5,5,1
267,0.5,1,2,cluster_minilm_hdbscan_2,1,5,5,0,0,1
268,4,8,2,cluster_minilm_hdbscan_2,2,14,7,0,0,1
269,1.5,3,2,cluster_minilm_hdbscan_2,0.909090909,10,11,10,10,1
270,0.5,1,2,cluster_minilm_hdbscan_2,1.578947368,30,19,0,0,1
271,1,2,2,cluster_minilm_hdbscan_2,0.5,10,20,5,5,1
272,4.5,9,2,cluster_minilm_hdbscan_2,1.5,18,12,0,0,1
273,1.5,3,2,cluster_minilm_hdbscan_2,1.285714286,9,7,4,4,1
274,1,1,1,cluster_minilm_hdbscan_2,1,10,10,0,0,1
275,0.5,1,2,cluster_minilm_hdbscan_2,1.5,18,12,0,0,1
276,2.5,5,2,cluster_minilm_hdbscan_2,0.571428571,4,7,3,3,1
277,2,6,3,cluster_minilm_hdbscan_2,2.333333333,14,6,5,5,1
278,0.666666667,2,3,cluster_minilm_hdbscan_2,0.3,3,10,0,0,1
279,5,10,2,cluster_minilm_hdbscan_2,1.25,15,12,0,0,1
280,2.5,5,2,cluster_minilm_hdbscan_2,1.857142857,13,7,0,0,1
281,0.666666667,2,3,cluster_minilm_hdbscan_2,1,4,4,0,0,1
282,1,2,2,cluster_minilm_hdbscan_2,1.333333333,16,12,0,0,1
283,0,0,2,cluster_minilm_hdbscan_2,0.875,7,8,0,0,1
284,0,0,2,cluster_minilm_hdbscan_2,0.973684211,37,38,0,0,1
285,2.5,5,2,cluster_minilm_hdbscan_2,0.428571429,3,7,0,0,1
286,3,6,2,cluster_minilm_hdbscan_2,3.266666667,49,15,0,0,1
287,2,4,2,cluster_minilm_hdbscan_2,1.333333333,8,6,5,5,1
288,0.5,1,2,cluster_minilm_hdbscan_2,1.142857143,8,7,0,0,1
289,1,2,2,cluster_minilm_hdbscan_2,1.9,19,10,5,5,1
290,0,0,1,cluster_minilm_hdbscan_2,1.5,12,8,5,5,1
291,2,4,2,cluster_minilm_hdbscan_2,1.192307692,31,26,0,0,1
292,0,0,2,cluster_minilm_hdbscan_2,0.909090909,10,11,0,0,1
293,,0,0,cluster_minilm_hdbscan_2,1.545454545,17,11,0,0,1
294,0.666666667,2,3,cluster_minilm_hdbscan_2,1.071428571,45,42,0,0,1
295,2,4,2,cluster_minilm_hdbscan_2,1.2,6,5,1,1,1
296,0,0,2,cluster_minilm_hdbscan_2,0.5,2,4,0,0,1
297,1.333333333,4,3,cluster_minilm_hdbscan_2,1.818181818,20,11,0,0,1
298,1.666666667,5,3,cluster_minilm_hdbscan_2,0.857142857,6,7,0,0,1
299,1,3,3,cluster_minilm_hdbscan_2,0.666666667,2,3,0,0,1
300,0.333333333,1,3,cluster_minilm_hdbscan_2,1.444444444,13,9,0,0,1
301,0.5,1,2,cluster_minilm_hdbscan_2,0.727272727,8,11,0,0,1
302,0,0,1,cluster_minilm_hdbscan_2,2,14,7,0,0,1
303,3,6,2,cluster_minilm_hdbscan_2,3.666666667,22,6,0,0,1
304,1.333333333,4,3,cluster_minilm_hdbscan_2,1.125,18,16,3,3,1
305,1.666666667,5,3,cluster_minilm_hdbscan_2,0.947368421,18,19,8,8,1
306,0,0,1,cluster_minilm_hdbscan_2,0.818181818,9,11,0,0,1
307,1.333333333,4,3,cluster_minilm_hdbscan_2,1.5,3,2,0,0,1
308,1,1,1,cluster_minilm_hdbscan_2,2.25,9,4,0,0,1
309,0.5,1,2,cluster_minilm_hdbscan_2,2.8,14,5,0,0,1
310,2,4,2,cluster_minilm_hdbscan_2,1.727272727,19,11,0,0,1
311,1,2,2,cluster_minilm_hdbscan_2,0.625,5,8,0,0,1
312,0.5,1,2,cluster_minilm_hdbscan_2,1,10,10,0,0,1
313,0,0,2,cluster_minilm_hdbscan_2,0.625,10,16,0,0,1
314,0.666666667,2,3,cluster_minilm_hdbscan_2,1.833333333,11,6,0,0,1
315,0.666666667,2,3,cluster_minilm_hdbscan_2,1.384615385,18,13,0,0,1
316,1,2,2,cluster_minilm_hdbscan_2,1.166666667,7,6,3,3,1
317,1,2,2,cluster_minilm_hdbscan_2,1.7,17,10,5,5,1
318,0.5,1,2,cluster_minilm_hdbscan_2,0.714285714,5,7,4,4,1
319,0.666666667,2,3,cluster_minilm_hdbscan_2,1.333333333,16,12,0,0,1
320,1.5,3,2,cluster_minilm_hdbscan_2,2.666666667,16,6,3,3,1
321,0.666666667,2,3,cluster_minilm_hdbscan_2,1.25,15,12,0,0,1
322,1.333333333,4,3,cluster_minilm_hdbscan_2,1,18,18,5,5,1
323,1.5,3,2,cluster_minilm_hdbscan_2,1.545454545,17,11,0,0,1
324,0.333333333,1,3,cluster_minilm_hdbscan_2,2,14,7,2,2,1
325,0,0,2,cluster_minilm_hdbscan_2,0.833333333,5,6,0,0,1
326,2,2,1,cluster_minilm_hdbscan_2,1.428571429,10,7,4,4,1
327,1,2,2,cluster_minilm_hdbscan_2,0.333333333,2,6,0,0,1
328,2,4,2,cluster_minilm_hdbscan_2,0.75,12,16,0,0,1
329,2,4,2,cluster_minilm_hdbscan_2,0.75,6,8,0,0,1
330,1,2,2,cluster_minilm_hdbscan_2,0.333333333,3,9,0,0,1
331,1,2,2,cluster_minilm_hdbscan_2,1.875,15,8,0,0,1
332,1,3,3,cluster_minilm_hdbscan_2,1.333333333,8,6,0,0,1
333,1,3,3,cluster_minilm_hdbscan_2,0.818181818,9,11,0,0,1
334,2,6,3,cluster_minilm_hdbscan_2,2.3,23,10,0,0,1
335,1,2,2,cluster_minilm_hdbscan_2,0.466666667,7,15,0,0,1
336,0.666666667,2,3,cluster_minilm_hdbscan_2,0.9,9,10,0,0,1
337,2.5,5,2,cluster_minilm_hdbscan_2,0.5,3,6,0,0,1
338,0,0,2,cluster_minilm_hdbscan_2,1.222222222,11,9,0,0,1
339,1.666666667,5,3,cluster_minilm_hdbscan_2,1.181818182,13,11,0,0,1
340,2.5,5,2,cluster_minilm_hdbscan_2,0.714285714,5,7,10,10,1
341,0.666666667,2,3,cluster_minilm_hdbscan_2,2,20,10,0,0,1
342,0.5,1,2,cluster_minilm_hdbscan_2,0.25,2,8,0,0,1
343,1.333333333,4,3,cluster_minilm_hdbscan_2,1.166666667,7,6,0,0,1
344,2.5,5,2,cluster_minilm_hdbscan_2,1.233333333,37,30,0,0,1
345,2.333333333,7,3,cluster_minilm_hdbscan_2,2.4,24,10,0,0,1
346,1,2,2,cluster_minilm_hdbscan_2,0.944444444,17,18,0,0,1
347,4.333333333,13,3,cluster_minilm_hdbscan_2,2,16,8,0,0,1
348,1.333333333,4,3,cluster_minilm_hdbscan_2,0.909090909,10,11,0,0,1
349,0.333333333,1,3,cluster_minilm_hdbscan_2,1.5,12,8,0,0,1
350,0.5,1,2,cluster_minilm_hdbscan_2,0.833333333,5,6,0,0,1
351,1,2,2,cluster_minilm_hdbscan_2,0.75,6,8,0,0,1
352,2,6,3,cluster_minilm_hdbscan_2,2,12,6,0,0,1
353,2,4,2,cluster_minilm_hdbscan_2,0.285714286,2,7,0,0,1
354,1,2,2,cluster_minilm_hdbscan_2,0.25,1,4,0,0,1
355,0.25,1,4,cluster_minilm_hdbscan_2,1.222222222,11,9,0,0,1
356,1,2,2,cluster_minilm_hdbscan_2,1.142857143,8,7,8,8,1
357,2.666666667,8,3,cluster_minilm_hdbscan_2,1.142857143,8,7,0,0,1
358,0,0,3,cluster_minilm_hdbscan_2,1,10,10,0,0,1
359,1,4,4,cluster_minilm_hdbscan_2,1.133333333,17,15,10,10,1
360,0.666666667,2,3,cluster_minilm_hdbscan_2,1.5,15,10,0,0,1
361,0.666666667,2,3,cluster_minilm_hdbscan_2,2.285714286,16,7,6,6,1
362,0,0,2,cluster_minilm_hdbscan_2,2,10,5,5,5,1
363,0.666666667,2,3,cluster_minilm_hdbscan_2,0,0,2,0,0,1
364,2.5,5,2,cluster_minilm_hdbscan_2,1.75,7,4,0,0,1
365,1.333333333,4,3,cluster_minilm_hdbscan_2,1.2,6,5,0,0,1
366,1,2,2,cluster_minilm_hdbscan_2,1.6,16,10,4,4,1
367,0.5,1,2,cluster_minilm_hdbscan_2,0.842105263,16,19,3,3,1
368,2.5,5,2,cluster_minilm_hdbscan_2,1.166666667,7,6,0,0,1
369,1,1,1,cluster_minilm_hdbscan_2,0.5,2,4,10,10,1
370,0.5,1,2,cluster_minilm_hdbscan_2,2,20,10,0,0,1
371,2.5,5,2,cluster_minilm_hdbscan_2,2.25,9,4,3,3,1
372,1.666666667,5,3,cluster_minilm_hdbscan_2,1.666666667,10,6,0,0,1
373,1.25,5,4,cluster_minilm_hdbscan_2,0.833333333,5,6,0,0,1
374,0.666666667,2,3,cluster_minilm_hdbscan_2,2.333333333,14,6,0,0,1
375,3,6,2,cluster_minilm_hdbscan_2,3.333333333,10,3,0,0,1
376,0.5,1,2,cluster_minilm_hdbscan_2,0.375,3,8,0,0,1
377,3,6,2,cluster_minilm_hdbscan_2,1,5,5,0,0,1
378,2,6,3,cluster_minilm_hdbscan_2,1.777777778,16,9,0,0,1
379,0,0,1,cluster_minilm_hdbscan_2,1,5,5,2,2,1
380,1,2,2,cluster_minilm_hdbscan_2,2.333333333,7,3,0,0,1
381,0.5,2,4,cluster_minilm_hdbscan_2,0.555555556,5,9,0,0,1
382,3.5,7,2,cluster_minilm_hdbscan_2,1.6,16,10,0,0,1
383,2,2,1,cluster_minilm_hdbscan_2,1.166666667,7,6,3,3,1
384,0.5,1,2,cluster_minilm_hdbscan_2,1.285714286,9,7,5,5,1
385,0.75,3,4,cluster_minilm_hdbscan_2,1.3125,21,16,4,4,1
386,1.5,3,2,cluster_minilm_hdbscan_2,1.6,8,5,0,0,1
387,1.666666667,5,3,cluster_minilm_hdbscan_2,1.222222222,11,9,0,0,1
388,0,0,2,cluster_minilm_hdbscan_2,2.142857143,15,7,4,4,1
389,1,2,2,cluster_minilm_hdbscan_2,1.5,9,6,0,0,1
390,1,3,3,cluster_minilm_hdbscan_2,2.2,11,5,4,4,1
391,1,1,1,cluster_minilm_hdbscan_2,1.5,9,6,0,0,1
392,0,0,2,cluster_minilm_hdbscan_2,0.789473684,15,19,0,0,1
393,2.5,5,2,cluster_minilm_hdbscan_2,1.363636364,15,11,0,0,1
394,0.333333333,1,3,cluster_minilm_hdbscan_2,1.342105263,51,38,0,0,1
395,0.666666667,2,3,cluster_minilm_hdbscan_2,1.037037037,28,27,0,0,1
396,0,0,2,cluster_minilm_hdbscan_2,0.5,4,8,0,0,1
397,2,6,3,cluster_minilm_hdbscan_2,1.285714286,9,7,0,0,1
398,5,10,2,cluster_minilm_hdbscan_2,2.333333333,14,6,10,10,1
399,4,4,1,cluster_minilm_hdbscan_2,0.5,2,4,0,0,1
400,1.333333333,4,3,cluster_minilm_hdbscan_2,0.857142857,6,7,2,2,1
401,0,0,2,cluster_minilm_hdbscan_2,1.315789474,25,19,10,10,1
402,0,0,1,cluster_minilm_hdbscan_2,0.882352941,15,17,0,0,1
403,1.25,5,4,cluster_minilm_hdbscan_2,0.714285714,5,7,0,0,1
404,0.666666667,2,3,cluster_minilm_hdbscan_2,0.888888889,8,9,0,0,1
405,1,2,2,cluster_minilm_hdbscan_2,0.833333333,10,12,0,0,1
406,0.5,1,2,cluster_minilm_hdbscan_2,1.181818182,13,11,0,0,1
407,2,2,1,cluster_minilm_hdbscan_2,2.333333333,14,6,0,0,1
408,0.333333333,1,3,cluster_minilm_hdbscan_2,0.666666667,4,6,0,0,1
409,0.5,2,4,cluster_minilm_hdbscan_2,0.666666667,6,9,0,0,1
410,0.5,1,2,cluster_minilm_hdbscan_2,2.5,20,8,0,0,1
411,0.333333333,1,3,cluster_minilm_hdbscan_2,0.75,6,8,0,0,1
412,1.5,3,2,cluster_minilm_hdbscan_2,5.333333333,16,3,0,0,1
413,0.666666667,2,3,cluster_minilm_hdbscan_2,1,4,4,4,4,1
414,1,3,3,cluster_minilm_hdbscan_2,1.474576271,87,59,0,0,1
415,0.666666667,2,3,cluster_minilm_hdbscan_2,1.142857143,8,7,8,8,1
416,2,4,2,cluster_minilm_hdbscan_2,1,7,7,0,0,1
417,0.5,1,2,cluster_minilm_hdbscan_2,3.666666667,11,3,0,0,1
418,1.5,3,2,cluster_minilm_hdbscan_2,1,8,8,0,0,1
419,0,0,2,cluster_minilm_hdbscan_2,0.75,6,8,0,0,1
420,4,4,1,cluster_minilm_hdbscan_2,1,11,11,5,5,1
421,1.666666667,5,3,cluster_minilm_hdbscan_2,2.5,15,6,5,5,1
422,0,0,2,cluster_minilm_hdbscan_2,0.428571429,3,7,0,0,1
423,0,0,2,cluster_minilm_hdbscan_2,0,0,3,0,0,1
424,1,2,2,cluster_minilm_hdbscan_2,1.083333333,13,12,0,0,1
425,0.333333333,1,3,cluster_minilm_hdbscan_2,1.125,36,32,4,4,1
426,1,1,1,cluster_minilm_hdbscan_2,1,7,7,0,0,1
427,1.333333333,4,3,cluster_minilm_hdbscan_2,1.4,7,5,0,0,1
428,2,2,1,cluster_minilm_hdbscan_2,0.428571429,3,7,3,3,1
429,1.333333333,4,3,cluster_minilm_hdbscan_2,0.5,2,4,0,0,1
430,0.666666667,2,3,cluster_minilm_hdbscan_2,1.416666667,17,12,4,4,1
431,1,2,2,cluster_minilm_hdbscan_2,2.333333333,14,6,0,0,1
432,1.5,3,2,cluster_minilm_hdbscan_2,1.75,7,4,0,0,1
433,0,0,2,cluster_minilm_hdbscan_2,0.666666667,6,9,0,0,1
434,0.333333333,1,3,cluster_minilm_hdbscan_2,1,11,11,0,0,1
435,0.5,1,2,cluster_minilm_hdbscan_2,0.857142857,6,7,4,4,1
436,0,0,1,cluster_minilm_hdbscan_2,2,6,3,0,0,1
437,1.5,3,2,cluster_minilm_hdbscan_2,1,8,8,0,0,1
438,2,4,2,cluster_minilm_hdbscan_2,1.142857143,8,7,5,5,1
439,2.5,5,2,cluster_minilm_hdbscan_2,4.333333333,13,3,6,6,1
440,2.5,5,2,cluster_minilm_hdbscan_2,2,4,2,0,0,1
441,3.5,7,2,cluster_minilm_hdbscan_2,1.875,15,8,2,2,1
442,1,2,2,cluster_minilm_hdbscan_2,0.25,1,4,0,0,1
443,1.5,3,2,cluster_minilm_hdbscan_2,0.625,5,8,0,0,1
444,1.666666667,5,3,cluster_minilm_hdbscan_2,1.833333333,11,6,0,0,1
445,0.5,1,2,cluster_minilm_hdbscan_2,1.4,7,5,0,0,1
446,1,3,3,cluster_minilm_hdbscan_2,1.111111111,10,9,10,10,1
447,0,0,2,cluster_minilm_hdbscan_2,2.285714286,16,7,0,0,1
448,2,4,2,cluster_minilm_hdbscan_2,1.4,7,5,0,0,1
449,2.5,5,2,cluster_minilm_hdbscan_2,1.5,9,6,0,0,1
450,1,3,3,cluster_minilm_hdbscan_2,1.4,7,5,0,0,1
451,0.5,1,2,cluster_minilm_hdbscan_2,0.6,3,5,4,4,1
452,0.5,1,2,cluster_minilm_hdbscan_2,0.857142857,6,7,0,0,1
453,4,8,2,cluster_minilm_hdbscan_2,1.333333333,8,6,0,0,1
454,1.5,3,2,cluster_minilm_hdbscan_2,0.714285714,5,7,0,0,1
455,1,2,2,cluster_minilm_hdbscan_2,0.75,3,4,0,0,1
456,1,3,3,cluster_minilm_hdbscan_2,1.5,9,6,4,4,1
457,2,6,3,cluster_minilm_hdbscan_2,1.8,9,5,5,5,1
458,1.5,6,4,cluster_minilm_hdbscan_2,1.857142857,13,7,0,0,1
459,0.666666667,2,3,cluster_minilm_hdbscan_2,1.4,7,5,0,0,1
460,0,0,2,cluster_minilm_hdbscan_2,0.875,7,8,4,4,1
461,2,2,1,cluster_minilm_hdbscan_2,2.6,13,5,0,0,1
462,0.5,1,2,cluster_minilm_hdbscan_2,1,4,4,0,0,1
463,0.5,1,2,cluster_minilm_hdbscan_2,0.6,3,5,0,0,1
464,0.5,1,2,cluster_minilm_hdbscan_2,0.5,4,8,6,6,1
465,2.5,5,2,cluster_minilm_hdbscan_2,1.75,7,4,0,0,1
466,4,12,3,cluster_minilm_hdbscan_2,2,12,6,0,0,1
467,1.5,3,2,cluster_minilm_hdbscan_2,1.8,9,5,0,0,1
468,1,2,2,cluster_minilm_hdbscan_2,1.111111111,10,9,0,0,1
469,4,8,2,cluster_minilm_hdbscan_2,1.285714286,9,7,0,0,1
470,0,0,2,cluster_minilm_hdbscan_2,0.25,1,4,0,0,1
471,1,2,2,cluster_minilm_hdbscan_2,2.125,17,8,0,0,1
472,0.333333333,1,3,cluster_minilm_hdbscan_2,0.571428571,4,7,10,10,1
473,1,2,2,cluster_minilm_hdbscan_2,0.25,2,8,0,0,1
474,1.666666667,5,3,cluster_minilm_hdbscan_2,1,8,8,0,0,1
475,2,4,2,cluster_minilm_hdbscan_2,1.55,31,20,0,0,1
476,0,0,3,cluster_minilm_hdbscan_2,2.272727273,25,11,0,0,1
477,2.5,5,2,cluster_minilm_hdbscan_2,1.75,7,4,0,0,1
478,0,0,1,cluster_minilm_hdbscan_2,0.75,6,8,0,0,1
479,4.5,9,2,cluster_minilm_hdbscan_2,2.2,11,5,0,0,1
480,2,6,3,cluster_minilm_hdbscan_2,0.875,7,8,0,0,1
481,2,4,2,cluster_minilm_hdbscan_2,0.8,4,5,0,0,1
482,2.5,5,2,cluster_minilm_hdbscan_2,1.857142857,13,7,0,0,1
483,0,0,2,cluster_minilm_hdbscan_2,1.333333333,8,6,0,0,1
484,1.5,3,2,cluster_minilm_hdbscan_2,1.25,5,4,3,3,1
485,0.5,1,2,cluster_minilm_hdbscan_2,2.2,11,5,0,0,1
486,3.5,7,2,cluster_minilm_hdbscan_2,0.5,2,4,0,0,1
487,0.5,1,2,cluster_minilm_hdbscan_2,0.666666667,4,6,0,0,1
488,0.666666667,2,3,cluster_minilm_hdbscan_2,0.857142857,6,7,0,0,1
489,0,0,2,cluster_minilm_hdbscan_2,0.666666667,2,3,0,0,1
490,4,4,1,cluster_minilm_hdbscan_2,2,8,4,0,0,1
491,0.5,1,2,cluster_minilm_hdbscan_2,0.833333333,5,6,0,0,1
492,3,3,1,cluster_minilm_hdbscan_2,2.333333333,7,3,0,0,1
493,1.5,3,2,cluster_minilm_hdbscan_2,2,4,2,5,5,1
494,0.5,1,2,cluster_minilm_hdbscan_2,1.166666667,7,6,0,0,1
495,0.5,1,2,cluster_minilm_hdbscan_2,0.25,1,4,0,0,1
496,1,1,1,cluster_minilm_hdbscan_2,0.428571429,3,7,0,0,1
497,1,2,2,cluster_minilm_hdbscan_2,3.5,14,4,0,0,1
498,3.5,7,2,cluster_minilm_hdbscan_2,1.25,10,8,0,0,1
499,0,0,2,cluster_minilm_hdbscan_2,0.285714286,2,7,0,0,1
500,1,3,3,cluster_minilm_hdbscan_2,1.428571429,10,7,3,3,1
501,1,3,3,cluster_minilm_hdbscan_2,0.875,7,8,4,4,1
502,0,0,2,cluster_minilm_hdbscan_2,0.75,3,4,0,0,1
503,2.5,5,2,cluster_minilm_hdbscan_2,0.875,7,8,8,8,1
504,2,4,2,cluster_minilm_hdbscan_2,2.25,9,4,0,0,1
505,0.5,2,4,cluster_minilm_hdbscan_2,0.8,4,5,0,0,1
506,2.5,5,2,cluster_minilm_hdbscan_2,1.166666667,7,6,0,0,1
507,7,14,2,cluster_minilm_hdbscan_2,3.428571429,24,7,0,0,1
508,4.5,9,2,cluster_minilm_hdbscan_2,1.571428571,11,7,0,0,1
509,0.5,2,4,cluster_minilm_hdbscan_2,0.428571429,6,14,0,0,1
510,1,3,3,cluster_minilm_hdbscan_2,1.5,6,4,0,0,1
511,0.666666667,2,3,cluster_minilm_hdbscan_2,0.3,3,10,0,0,1
512,0,0,1,cluster_minilm_hdbscan_2,1.75,7,4,0,0,1
513,3,9,3,cluster_minilm_hdbscan_2,2,16,8,0,0,1
514,0,0,3,cluster_minilm_hdbscan_2,1.666666667,10,6,0,0,1
515,0.666666667,2,3,cluster_minilm_hdbscan_2,0.444444444,4,9,4,4,1
516,0.5,1,2,cluster_minilm_hdbscan_2,1.25,5,4,0,0,1
517,1.5,3,2,cluster_minilm_hdbscan_2,2.5,15,6,0,0,1
518,1,2,2,cluster_minilm_hdbscan_2,0.75,3,4,0,0,1
519,1.5,3,2,cluster_minilm_hdbscan_2,0.666666667,2,3,0,0,1
520,2,2,1,cluster_minilm_hdbscan_2,0.4,2,5,0,0,1
521,0.5,2,4,cluster_minilm_hdbscan_2,0.5,3,6,0,0,1
522,0.666666667,2,3,cluster_minilm_hdbscan_2,0.5,7,14,0,0,1
523,0.5,1,2,cluster_minilm_hdbscan_2,2.2,11,5,0,0,1
524,3,6,2,cluster_minilm_hdbscan_2,0.5,4,8,0,0,1
525,2.5,5,2,cluster_minilm_hdbscan_2,1.571428571,11,7,4,4,1
526,0,0,1,cluster_minilm_hdbscan_2,1.222222222,11,9,0,0,1
527,1,2,2,cluster_minilm_hdbscan_2,1.111111111,10,9,0,0,1
528,0.333333333,1,3,cluster_minilm_hdbscan_2,1.5,9,6,0,0,1
529,0.333333333,1,3,cluster_minilm_hdbscan_2,0.714285714,5,7,0,0,1
530,0.333333333,1,3,cluster_minilm_hdbscan_2,0.5,4,8,0,0,1
531,1,2,2,cluster_minilm_hdbscan_2,1,2,2,0,0,1
532,2.333333333,7,3,cluster_minilm_hdbscan_2,1.333333333,16,12,0,0,1
533,1.5,3,2,cluster_minilm_hdbscan_2,1.666666667,15,9,0,0,1
534,0,0,1,cluster_minilm_hdbscan_2,0.571428571,8,14,0,0,1
535,2,2,1,cluster_minilm_hdbscan_2,1.25,5,4,0,0,1
536,1,2,2,cluster_minilm_hdbscan_2,0.714285714,5,7,0,0,1
537,2.5,5,2,cluster_minilm_hdbscan_2,1.75,14,8,0,0,1
538,0.5,1,2,cluster_minilm_hdbscan_2,1.405405405,52,37,0,0,1
539,0.666666667,2,3,cluster_minilm_hdbscan_2,0.857142857,6,7,0,0,1
540,1.333333333,4,3,cluster_minilm_hdbscan_2,1.75,21,12,3,3,1
-1,2.666666667,8,3,cluster_minilm_hdbscan_30,1.181818182,13,11,,,
0,6.5,13,2,cluster_minilm_hdbscan_30,1.166666667,7,6,0,0,1
1,2.333333333,7,3,cluster_minilm_hdbscan_30,1.071428571,15,14,0,0,1
2,1.25,5,4,cluster_minilm_hdbscan_30,0.833333333,5,6,0,0,1
3,1.666666667,5,3,cluster_minilm_hdbscan_30,0.5,4,8,2,2,1
4,3.333333333,10,3,cluster_minilm_hdbscan_30,0.857142857,6,7,0,0,1
5,1.333333333,4,3,cluster_minilm_hdbscan_30,3.6,18,5,0,0,1
6,4,8,2,cluster_minilm_hdbscan_30,1.444444444,13,9,0,0,1
7,0.5,1,2,cluster_minilm_hdbscan_30,1.714285714,12,7,0,0,1
8,1.333333333,4,3,cluster_minilm_hdbscan_30,0.833333333,5,6,0,0,1
9,0,0,1,cluster_minilm_hdbscan_30,1.526315789,29,19,0,0,1
10,2.5,5,2,cluster_minilm_hdbscan_30,0.5,6,12,0,0,1
11,0.5,1,2,cluster_minilm_hdbscan_30,1.3,13,10,0,0,1
12,1,4,4,cluster_minilm_hdbscan_30,1.571428571,11,7,5,5,1
13,0,0,3,cluster_minilm_hdbscan_30,3.6,18,5,0,0,1
14,3,9,3,cluster_minilm_hdbscan_30,1.142857143,8,7,0,0,1
15,0.333333333,1,3,cluster_minilm_hdbscan_30,3,27,9,0,0,1
16,1.5,3,2,cluster_minilm_hdbscan_30,0.96,24,25,5,5,1
17,0.666666667,2,3,cluster_minilm_hdbscan_30,1,8,8,0,0,1
18,2,6,3,cluster_minilm_hdbscan_30,1.333333333,8,6,0,0,1
-1,1.666666667,5,3,cluster_minilm_hdbscan_35,1.181818182,13,11,,,
0,6.5,13,2,cluster_minilm_hdbscan_35,1.166666667,7,6,0,0,1
1,7.666666667,23,3,cluster_minilm_hdbscan_35,1.071428571,15,14,0,0,1
2,1,4,4,cluster_minilm_hdbscan_35,0.833333333,5,6,0,0,1
3,1.666666667,5,3,cluster_minilm_hdbscan_35,0.5,4,8,2,2,1
4,1.666666667,5,3,cluster_minilm_hdbscan_35,1,7,7,0,0,1
5,1,2,2,cluster_minilm_hdbscan_35,1.714285714,12,7,0,0,1
6,0,0,2,cluster_minilm_hdbscan_35,1.272727273,14,11,5,5,1
7,2.5,5,2,cluster_minilm_hdbscan_35,0.5,6,12,0,0,1
8,3.5,7,2,cluster_minilm_hdbscan_35,1.166666667,7,6,0,0,1
9,0.25,1,4,cluster_minilm_hdbscan_35,0.833333333,5,6,0,0,1
10,0.666666667,2,3,cluster_minilm_hdbscan_35,1.526315789,29,19,10,10,1
11,4,8,2,cluster_minilm_hdbscan_35,1.444444444,13,9,0,0,1
12,1.5,6,4,cluster_minilm_hdbscan_35,1.571428571,11,7,10,10,1
13,2.5,5,2,cluster_minilm_hdbscan_35,1.4,7,5,0,0,1
14,2,4,2,cluster_minilm_hdbscan_35,3.6,18,5,0,0,1
15,1.5,3,2,cluster_minilm_hdbscan_35,1.545454545,17,11,0,0,1
16,,0,0,cluster_minilm_hdbscan_35,0.96,24,25,5,5,1
17,1,2,2,cluster_minilm_hdbscan_35,1,8,8,0,0,1
18,1.5,3,2,cluster_minilm_hdbscan_35,1.333333333,8,6,0,0,1
-1,0.75,3,4,cluster_minilm_hdbscan_40,1.181818182,13,11,,,
0,1.666666667,5,3,cluster_minilm_hdbscan_40,1.166666667,7,6,0,0,1
1,1,4,4,cluster_minilm_hdbscan_40,0.833333333,5,6,0,0,1
2,1.333333333,4,3,cluster_minilm_hdbscan_40,0.5,4,8,2,2,1
3,0,0,1,cluster_minilm_hdbscan_40,0.857142857,6,7,0,0,1
4,3.5,7,2,cluster_minilm_hdbscan_40,1.714285714,12,7,0,0,1
5,0.333333333,1,3,cluster_minilm_hdbscan_40,0.454545455,5,11,0,0,1
6,5,5,1,cluster_minilm_hdbscan_40,1.166666667,7,6,0,0,1
7,2,4,2,cluster_minilm_hdbscan_40,1.714285714,24,14,3,3,1
8,4.5,9,2,cluster_minilm_hdbscan_40,1.444444444,13,9,0,0,1
9,2,4,2,cluster_minilm_hdbscan_40,1.4,7,5,0,0,1
10,0.5,1,2,cluster_minilm_hdbscan_40,3.6,18,5,0,0,1
11,0.75,3,4,cluster_minilm_hdbscan_40,1.571428571,11,7,5,5,1
12,,0,0,cluster_minilm_hdbscan_40,0.6875,11,16,5,5,1
13,0.666666667,2,3,cluster_minilm_hdbscan_40,3,27,9,0,0,1
14,1.5,3,2,cluster_minilm_hdbscan_40,1,8,8,0,0,1
15,1.666666667,5,3,cluster_minilm_hdbscan_40,1.333333333,8,6,0,0,1
-1,1,2,2,cluster_minilm_hdbscan_45,1,12,12,,,
0,1,4,4,cluster_minilm_hdbscan_45,0.833333333,5,6,0,0,1
1,1.25,5,4,cluster_minilm_hdbscan_45,0.5,4,8,0,0,1
2,0.75,3,4,cluster_minilm_hdbscan_45,0.857142857,6,7,0,0,1
3,1.666666667,5,3,cluster_minilm_hdbscan_45,0.8,4,5,0,0,1
4,2,6,3,cluster_minilm_hdbscan_45,0.7,7,10,0,0,1
5,4,8,2,cluster_minilm_hdbscan_45,1.444444444,13,9,0,0,1
6,3.5,7,2,cluster_minilm_hdbscan_45,1.5625,25,16,4,4,1
7,1,1,1,cluster_minilm_hdbscan_45,3.6,18,5,0,0,1
8,0,0,2,cluster_minilm_hdbscan_45,1.4,7,5,0,0,1
9,0.666666667,2,3,cluster_minilm_hdbscan_45,1.571428571,11,7,0,0,1
10,0.333333333,1,3,cluster_minilm_hdbscan_45,3,27,9,0,0,1
11,0.666666667,2,3,cluster_minilm_hdbscan_45,0.88,22,25,5,5,1
12,2,6,3,cluster_minilm_hdbscan_45,1,8,8,0,0,1
13,1.5,3,2,cluster_minilm_hdbscan_45,1.333333333,8,6,0,0,1
-1,1.666666667,5,3,cluster_minilm_hdbscan_50,1.444444444,13,9,,,
0,1,4,4,cluster_minilm_hdbscan_50,0.777777778,7,9,2,2,1
1,2.666666667,8,3,cluster_minilm_hdbscan_50,0.857142857,6,7,0,0,1
2,7,14,2,cluster_minilm_hdbscan_50,1.384615385,18,13,0,0,1
3,1,2,2,cluster_minilm_hdbscan_50,0.857142857,6,7,0,0,1
4,0.5,1,2,cluster_minilm_hdbscan_50,1.444444444,13,9,0,0,1
5,1.333333333,4,3,cluster_minilm_hdbscan_50,0.777777778,7,9,0,0,1
6,1.5,3,2,cluster_minilm_hdbscan_50,3.6,18,5,0,0,1
7,3.333333333,10,3,cluster_minilm_hdbscan_50,1.4,7,5,0,0,1
8,0.75,3,4,cluster_minilm_hdbscan_50,0.8,8,10,0,0,1
9,1,2,2,cluster_minilm_hdbscan_50,1.5,24,16,4,4,1
-1,0.5,1,2,cluster_minilm_hdbscan_55,2.666666667,16,6,,,
0,1.25,5,4,cluster_minilm_hdbscan_55,0.833333333,5,6,0,0,1
1,1,3,3,cluster_minilm_hdbscan_55,0.75,6,8,0,0,1
2,0.5,1,2,cluster_minilm_hdbscan_55,1,7,7,0,0,1
3,0,0,2,cluster_minilm_hdbscan_55,1.444444444,13,9,0,0,1
4,2,4,2,cluster_minilm_hdbscan_55,2.333333333,14,6,0,0,1
5,2,6,3,cluster_minilm_hdbscan_55,0.75,6,8,0,0,1
6,4.5,9,2,cluster_minilm_hdbscan_55,1.5625,25,16,4,4,1
7,1,2,2,cluster_minilm_hdbscan_55,0.8,8,10,0,0,1
-1,1,3,3,cluster_minilm_hdbscan_60,2.2,11,5,,,
0,1.25,5,4,cluster_minilm_hdbscan_60,0.833333333,5,6,0,0,1
1,0.5,3,6,cluster_minilm_hdbscan_60,0.75,6,8,0,0,1
2,2.5,5,2,cluster_minilm_hdbscan_60,1.444444444,13,9,0,0,1
3,4,4,1,cluster_minilm_hdbscan_60,1.714285714,24,14,4,4,1
4,0.666666667,2,3,cluster_minilm_hdbscan_60,2.333333333,14,6,0,0,1
5,2,6,3,cluster_minilm_hdbscan_60,1,7,7,0,0,1
6,0.666666667,2,3,cluster_minilm_hdbscan_60,0.7,7,10,0,0,1
7,0.75,3,4,cluster_minilm_hdbscan_60,1.285714286,9,7,0,0,1
0,0,0,1,cluster_minilm_kmeans_10,1.75,14,8,0,0,1
1,1.5,3,2,cluster_minilm_kmeans_10,0.772727273,17,22,5,5,1
2,1,3,3,cluster_minilm_kmeans_10,2.5,20,8,0,0,1
3,1,3,3,cluster_minilm_kmeans_10,2,10,5,0,0,1
4,1.75,7,4,cluster_minilm_kmeans_10,0.888888889,8,9,0,0,1
5,2.5,5,2,cluster_minilm_kmeans_10,0.833333333,5,6,0,0,1
6,1,2,2,cluster_minilm_kmeans_10,1.625,13,8,0,0,1
7,1,4,4,cluster_minilm_kmeans_10,0.833333333,5,6,3,3,1
8,0.25,1,4,cluster_minilm_kmeans_10,0.785714286,22,28,0,0,1
9,0.333333333,1,3,cluster_minilm_kmeans_10,0.857142857,6,7,0,0,1
0,2,6,3,cluster_minilm_kmeans_15,1.111111111,10,9,5,5,1
1,1.333333333,4,3,cluster_minilm_kmeans_15,0.777777778,7,9,5,5,1
2,3,9,3,cluster_minilm_kmeans_15,2.25,18,8,0,0,1
3,0.5,1,2,cluster_minilm_kmeans_15,2,14,7,0,0,1
4,3.5,7,2,cluster_minilm_kmeans_15,0.888888889,8,9,0,0,1
5,0.5,1,2,cluster_minilm_kmeans_15,1.625,13,8,3,3,1
6,2.333333333,7,3,cluster_minilm_kmeans_15,1.4375,23,16,0,0,1
7,2,6,3,cluster_minilm_kmeans_15,3.8,19,5,0,0,1
8,,0,0,cluster_minilm_kmeans_15,0.96,24,25,0,0,1
9,0.666666667,2,3,cluster_minilm_kmeans_15,1.428571429,10,7,0,0,1
10,3,9,3,cluster_minilm_kmeans_15,1.125,9,8,0,0,1
11,0,0,1,cluster_minilm_kmeans_15,0.666666667,4,6,0,0,1
12,1.5,3,2,cluster_minilm_kmeans_15,1.5,12,8,0,0,1
13,0,0,2,cluster_minilm_kmeans_15,1,6,6,0,0,1
14,0,0,2,cluster_minilm_kmeans_15,1.428571429,10,7,0,0,1
0,0.833333333,5,6,cluster_minilm_kmeans_20,1.111111111,10,9,6,6,1
1,2.25,9,4,cluster_minilm_kmeans_20,0.9,9,10,0,0,1
2,1,2,2,cluster_minilm_kmeans_20,0.714285714,5,7,0,0,1
3,1.25,5,4,cluster_minilm_kmeans_20,2,14,7,0,0,1
4,0,0,3,cluster_minilm_kmeans_20,1,8,8,0,0,1
5,0.666666667,2,3,cluster_minilm_kmeans_20,2,12,6,0,0,1
6,0.666666667,2,3,cluster_minilm_kmeans_20,1.5625,25,16,15,15,1
7,1.5,3,2,cluster_minilm_kmeans_20,3,18,6,0,0,1
8,,0,0,cluster_minilm_kmeans_20,0.96,24,25,0,0,1
9,5,10,2,cluster_minilm_kmeans_20,1.5,12,8,0,0,1
10,3.666666667,11,3,cluster_minilm_kmeans_20,1.444444444,13,9,0,0,1
11,1,2,2,cluster_minilm_kmeans_20,0.916666667,11,12,0,0,1
12,0,0,2,cluster_minilm_kmeans_20,2.571428571,18,7,0,0,1
13,0.833333333,5,6,cluster_minilm_kmeans_20,1,6,6,0,0,1
14,1.5,3,2,cluster_minilm_kmeans_20,1.428571429,10,7,10,10,1
15,0.5,1,2,cluster_minilm_kmeans_20,1,5,5,0,0,1
16,2.25,9,4,cluster_minilm_kmeans_20,1.625,13,8,5,5,1
17,2.5,10,4,cluster_minilm_kmeans_20,3.333333333,20,6,0,0,1
18,2,4,2,cluster_minilm_kmeans_20,0.875,7,8,0,0,1
19,3,9,3,cluster_minilm_kmeans_20,1.5,12,8,0,0,1
-1,4.333333333,13,3,cluster_mpnet_hdbscan_100,1.75,7,4,,,
0,3.5,7,2,cluster_mpnet_hdbscan_100,0.857142857,6,7,4,4,1
1,1,3,3,cluster_mpnet_hdbscan_100,0.875,7,8,0,0,1
-1,1.5,3,2,cluster_mpnet_hdbscan_2,0.9,9,10,,,
0,2.666666667,8,3,cluster_mpnet_hdbscan_2,1.583333333,19,12,0,0,1
1,2,4,2,cluster_mpnet_hdbscan_2,0.833333333,5,6,0,0,1
2,0.666666667,2,3,cluster_mpnet_hdbscan_2,0.25,2,8,0,0,1
3,0.5,1,2,cluster_mpnet_hdbscan_2,0.25,1,4,0,0,1
4,0,0,2,cluster_mpnet_hdbscan_2,1.090909091,12,11,0,0,1
5,2,4,2,cluster_mpnet_hdbscan_2,1,6,6,4,4,1
6,1,2,2,cluster_mpnet_hdbscan_2,3.384615385,44,13,0,0,1
7,1,2,2,cluster_mpnet_hdbscan_2,1,8,8,0,0,1
8,1,2,2,cluster_mpnet_hdbscan_2,0.4375,7,16,0,0,1
9,3.5,7,2,cluster_mpnet_hdbscan_2,0.75,6,8,0,0,1
10,1,2,2,cluster_mpnet_hdbscan_2,0.857142857,6,7,5,5,1
11,1,2,2,cluster_mpnet_hdbscan_2,1.25,5,4,0,0,1
12,6,12,2,cluster_mpnet_hdbscan_2,2.5,10,4,0,0,1
13,0.666666667,2,3,cluster_mpnet_hdbscan_2,0.636363636,7,11,0,0,1
14,1,1,1,cluster_mpnet_hdbscan_2,0.666666667,4,6,0,0,1
15,1.333333333,4,3,cluster_mpnet_hdbscan_2,3.142857143,22,7,0,0,1
16,1.333333333,4,3,cluster_mpnet_hdbscan_2,1.6,8,5,5,5,1
17,0,0,2,cluster_mpnet_hdbscan_2,1.375,11,8,0,0,1
18,0.666666667,2,3,cluster_mpnet_hdbscan_2,0.75,3,4,0,0,1
19,1,3,3,cluster_mpnet_hdbscan_2,6.6,33,5,0,0,1
20,3.333333333,10,3,cluster_mpnet_hdbscan_2,1.727272727,19,11,0,0,1
21,1.333333333,4,3,cluster_mpnet_hdbscan_2,1.125,9,8,0,0,1
22,1.666666667,5,3,cluster_mpnet_hdbscan_2,1,14,14,0,0,1
23,0,0,1,cluster_mpnet_hdbscan_2,1.888888889,17,9,0,0,1
24,3,6,2,cluster_mpnet_hdbscan_2,1.25,15,12,0,0,1
25,1,2,2,cluster_mpnet_hdbscan_2,0.8,4,5,0,0,1
26,1,4,4,cluster_mpnet_hdbscan_2,1,13,13,4,4,1
27,1.5,3,2,cluster_mpnet_hdbscan_2,1.25,5,4,0,0,1
28,1,2,2,cluster_mpnet_hdbscan_2,2.125,17,8,0,0,1
29,3.5,7,2,cluster_mpnet_hdbscan_2,1.6,8,5,10,10,1
30,1,2,2,cluster_mpnet_hdbscan_2,6.333333333,19,3,0,0,1
31,0.5,2,4,cluster_mpnet_hdbscan_2,2.5,10,4,0,0,1
32,1.666666667,5,3,cluster_mpnet_hdbscan_2,1.875,15,8,3,3,1
33,2,4,2,cluster_mpnet_hdbscan_2,1.428571429,10,7,0,0,1
34,5.666666667,17,3,cluster_mpnet_hdbscan_2,1.333333333,12,9,5,5,1
35,0,0,2,cluster_mpnet_hdbscan_2,2.2,22,10,0,0,1
36,1,1,1,cluster_mpnet_hdbscan_2,1,6,6,0,0,1
37,0.666666667,2,3,cluster_mpnet_hdbscan_2,1,4,4,5,5,1
38,1.333333333,4,3,cluster_mpnet_hdbscan_2,0.833333333,5,6,0,0,1
39,3,6,2,cluster_mpnet_hdbscan_2,0.692307692,9,13,0,0,1
40,0.666666667,2,3,cluster_mpnet_hdbscan_2,1.666666667,5,3,0,0,1
41,2,2,1,cluster_mpnet_hdbscan_2,2.75,11,4,0,0,1
42,1.666666667,5,3,cluster_mpnet_hdbscan_2,1.25,10,8,0,0,1
43,0.5,1,2,cluster_mpnet_hdbscan_2,1.5,18,12,4,4,1
44,2,2,1,cluster_mpnet_hdbscan_2,0.583333333,7,12,3,3,1
45,0,0,2,cluster_mpnet_hdbscan_2,0.444444444,4,9,0,0,1
46,2.5,5,2,cluster_mpnet_hdbscan_2,1,4,4,0,0,1
47,2,4,2,cluster_mpnet_hdbscan_2,1,13,13,5,5,1
48,0.666666667,2,3,cluster_mpnet_hdbscan_2,0.666666667,8,12,0,0,1
49,1,2,2,cluster_mpnet_hdbscan_2,1.625,13,8,0,0,1
50,3,3,1,cluster_mpnet_hdbscan_2,2.888888889,26,9,10,10,1
51,1,1,1,cluster_mpnet_hdbscan_2,0.666666667,6,9,0,0,1
52,0,0,2,cluster_mpnet_hdbscan_2,0.727272727,8,11,0,0,1
53,1,1,1,cluster_mpnet_hdbscan_2,0.714285714,5,7,0,0,1
54,3.5,7,2,cluster_mpnet_hdbscan_2,1.428571429,10,7,0,0,1
55,5.333333333,16,3,cluster_mpnet_hdbscan_2,1,2,2,0,0,1
56,1.5,3,2,cluster_mpnet_hdbscan_2,0.75,6,8,5,5,1
57,1.5,3,2,cluster_mpnet_hdbscan_2,0.571428571,12,21,0,0,1
58,1,2,2,cluster_mpnet_hdbscan_2,1.326923077,69,52,0,0,1
59,3.5,7,2,cluster_mpnet_hdbscan_2,0.75,9,12,0,0,1
60,0,0,1,cluster_mpnet_hdbscan_2,0.8,8,10,0,0,1
61,0.666666667,2,3,cluster_mpnet_hdbscan_2,1.222222222,11,9,0,0,1
62,1,3,3,cluster_mpnet_hdbscan_2,5.4,27,5,0,0,1
63,1,2,2,cluster_mpnet_hdbscan_2,1.2,6,5,6,6,1
64,2.5,5,2,cluster_mpnet_hdbscan_2,1.363636364,15,11,0,0,1
65,1,2,2,cluster_mpnet_hdbscan_2,0.625,5,8,1,1,1
66,1,2,2,cluster_mpnet_hdbscan_2,0.25,2,8,0,0,1
67,1.333333333,4,3,cluster_mpnet_hdbscan_2,1,7,7,0,0,1
68,0.666666667,2,3,cluster_mpnet_hdbscan_2,0.5,6,12,5,5,1
69,0.5,1,2,cluster_mpnet_hdbscan_2,1.2,6,5,0,0,1
70,0,0,2,cluster_mpnet_hdbscan_2,0.666666667,4,6,0,0,1
71,0.333333333,1,3,cluster_mpnet_hdbscan_2,0.733333333,11,15,0,0,1
72,4,4,1,cluster_mpnet_hdbscan_2,1,6,6,0,0,1
73,2,4,2,cluster_mpnet_hdbscan_2,2,12,6,0,0,1
74,1,2,2,cluster_mpnet_hdbscan_2,3.666666667,11,3,6,6,1
75,0.666666667,2,3,cluster_mpnet_hdbscan_2,1.875,15,8,8,8,1
76,0.666666667,2,3,cluster_mpnet_hdbscan_2,1,9,9,0,0,1
77,1,3,3,cluster_mpnet_hdbscan_2,0.6,3,5,0,0,1
78,1.5,3,2,cluster_mpnet_hdbscan_2,1,5,5,0,0,1
79,0.5,1,2,cluster_mpnet_hdbscan_2,10,20,2,0,0,1
80,1.5,3,2,cluster_mpnet_hdbscan_2,1.4,21,15,10,10,1
81,1,2,2,cluster_mpnet_hdbscan_2,1,9,9,0,0,1
82,1,1,1,cluster_mpnet_hdbscan_2,1.4,7,5,1,1,1
83,0.666666667,2,3,cluster_mpnet_hdbscan_2,0.5,3,6,0,0,1
84,1,3,3,cluster_mpnet_hdbscan_2,1.142857143,8,7,0,0,1
85,0.5,1,2,cluster_mpnet_hdbscan_2,1,13,13,0,0,1
86,0.5,1,2,cluster_mpnet_hdbscan_2,0.833333333,5,6,5,5,1
87,0.5,1,2,cluster_mpnet_hdbscan_2,0.857142857,6,7,0,0,1
88,2.333333333,7,3,cluster_mpnet_hdbscan_2,1.222222222,11,9,5,5,1
89,1.333333333,4,3,cluster_mpnet_hdbscan_2,1.076923077,14,13,0,0,1
90,0.2,1,5,cluster_mpnet_hdbscan_2,1.666666667,15,9,0,0,1
91,0.333333333,1,3,cluster_mpnet_hdbscan_2,1.142857143,8,7,4,4,1
92,10,10,1,cluster_mpnet_hdbscan_2,1.7,17,10,0,0,1
93,1.333333333,4,3,cluster_mpnet_hdbscan_2,2.090909091,23,11,0,0,1
94,3,6,2,cluster_mpnet_hdbscan_2,0.857142857,12,14,0,0,1
95,0.666666667,2,3,cluster_mpnet_hdbscan_2,0.714285714,5,7,2,2,1
96,4.5,9,2,cluster_mpnet_hdbscan_2,1.375,11,8,8,8,1
97,2,2,1,cluster_mpnet_hdbscan_2,1.875,15,8,0,0,1
98,0,0,2,cluster_mpnet_hdbscan_2,0.555555556,5,9,0,0,1
99,1,2,2,cluster_mpnet_hdbscan_2,0.666666667,2,3,0,0,1
100,0.5,1,2,cluster_mpnet_hdbscan_2,1.4,35,25,5,5,1
101,0,0,2,cluster_mpnet_hdbscan_2,1.230769231,16,13,0,0,1
102,0.5,1,2,cluster_mpnet_hdbscan_2,0.583333333,7,12,0,0,1
103,0.5,1,2,cluster_mpnet_hdbscan_2,0.333333333,4,12,0,0,1
104,3,9,3,cluster_mpnet_hdbscan_2,1.590909091,35,22,5,5,1
105,1,2,2,cluster_mpnet_hdbscan_2,1.615384615,21,13,4,4,1
106,2,4,2,cluster_mpnet_hdbscan_2,1.333333333,12,9,0,0,1
107,0.5,1,2,cluster_mpnet_hdbscan_2,1.8125,29,16,5,5,1
108,2.5,5,2,cluster_mpnet_hdbscan_2,2,18,9,5,5,1
109,1,2,2,cluster_mpnet_hdbscan_2,2,32,16,0,0,1
110,1.5,6,4,cluster_mpnet_hdbscan_2,1.636363636,18,11,0,0,1
111,1,1,1,cluster_mpnet_hdbscan_2,1.5,9,6,0,0,1
112,1,2,2,cluster_mpnet_hdbscan_2,0.875,7,8,0,0,1
113,0.5,1,2,cluster_mpnet_hdbscan_2,0.428571429,3,7,0,0,1
114,1.5,3,2,cluster_mpnet_hdbscan_2,2.333333333,21,9,0,0,1
115,1.5,3,2,cluster_mpnet_hdbscan_2,1,9,9,5,5,1
116,0.666666667,2,3,cluster_mpnet_hdbscan_2,0.416666667,5,12,0,0,1
117,0.333333333,1,3,cluster_mpnet_hdbscan_2,1,16,16,0,0,1
118,1,3,3,cluster_mpnet_hdbscan_2,0.625,5,8,0,0,1
119,1,3,3,cluster_mpnet_hdbscan_2,1.1,11,10,0,0,1
120,1,2,2,cluster_mpnet_hdbscan_2,1,13,13,0,0,1
121,2,4,2,cluster_mpnet_hdbscan_2,1,5,5,0,0,1
122,2,6,3,cluster_mpnet_hdbscan_2,1.666666667,10,6,0,0,1
123,0.666666667,2,3,cluster_mpnet_hdbscan_2,0.875,7,8,0,0,1
124,0.5,2,4,cluster_mpnet_hdbscan_2,0.375,3,8,0,0,1
125,2,6,3,cluster_mpnet_hdbscan_2,3,12,4,0,0,1
126,0,0,1,cluster_mpnet_hdbscan_2,0,0,4,5,5,1
127,0.5,1,2,cluster_mpnet_hdbscan_2,0.75,6,8,5,5,1
128,4,4,1,cluster_mpnet_hdbscan_2,1.166666667,7,6,0,0,1
129,4,4,1,cluster_mpnet_hdbscan_2,2.5,5,2,0,0,1
130,0.5,1,2,cluster_mpnet_hdbscan_2,0.857142857,6,7,0,0,1
131,1,4,4,cluster_mpnet_hdbscan_2,2.2,11,5,4,4,1
132,0,0,1,cluster_mpnet_hdbscan_2,3,18,6,0,0,1
133,2.5,5,2,cluster_mpnet_hdbscan_2,0.714285714,5,7,0,0,1
134,2,6,3,cluster_mpnet_hdbscan_2,1,7,7,3,3,1
135,3,6,2,cluster_mpnet_hdbscan_2,1.333333333,4,3,4,4,1
136,0.25,1,4,cluster_mpnet_hdbscan_2,0.666666667,2,3,0,0,1
137,0.5,1,2,cluster_mpnet_hdbscan_2,1.75,7,4,5,5,1
138,0,0,2,cluster_mpnet_hdbscan_2,0.8,8,10,0,0,1
139,0.333333333,1,3,cluster_mpnet_hdbscan_2,1.636363636,36,22,15,15,1
140,2,6,3,cluster_mpnet_hdbscan_2,2.5,15,6,0,0,1
141,1.666666667,5,3,cluster_mpnet_hdbscan_2,1.428571429,10,7,5,5,1
142,0.333333333,1,3,cluster_mpnet_hdbscan_2,0.666666667,8,12,5,5,1
143,2,2,1,cluster_mpnet_hdbscan_2,0.75,3,4,3,3,1
144,2.5,5,2,cluster_mpnet_hdbscan_2,1.25,5,4,0,0,1
145,0.5,1,2,cluster_mpnet_hdbscan_2,0.625,5,8,0,0,1
146,1.666666667,5,3,cluster_mpnet_hdbscan_2,2.333333333,7,3,6,6,1
147,0.5,1,2,cluster_mpnet_hdbscan_2,1.333333333,4,3,0,0,1
148,4,8,2,cluster_mpnet_hdbscan_2,1,5,5,4,4,1
149,1,2,2,cluster_mpnet_hdbscan_2,2.333333333,14,6,9,9,1
150,0.5,1,2,cluster_mpnet_hdbscan_2,5.666666667,17,3,12,12,1
151,0.5,1,2,cluster_mpnet_hdbscan_2,0.909090909,10,11,0,0,1
152,0.5,1,2,cluster_mpnet_hdbscan_2,0.444444444,4,9,10,10,1
153,2.5,5,2,cluster_mpnet_hdbscan_2,1,5,5,0,0,1
154,0.75,3,4,cluster_mpnet_hdbscan_2,0.6,6,10,0,0,1
155,2,4,2,cluster_mpnet_hdbscan_2,3,18,6,0,0,1
156,1,3,3,cluster_mpnet_hdbscan_2,0.666666667,4,6,0,0,1
157,15,15,1,cluster_mpnet_hdbscan_2,1.8,18,10,5,5,1
158,2.666666667,8,3,cluster_mpnet_hdbscan_2,1,4,4,0,0,1
159,0.666666667,2,3,cluster_mpnet_hdbscan_2,1.428571429,10,7,0,0,1
160,3.5,7,2,cluster_mpnet_hdbscan_2,1.285714286,9,7,0,0,1
161,0.5,1,2,cluster_mpnet_hdbscan_2,1,1,1,2,2,1
162,0,0,2,cluster_mpnet_hdbscan_2,2.25,9,4,1,1,1
163,0,0,3,cluster_mpnet_hdbscan_2,,0,0,2,2,1
164,0.5,1,2,cluster_mpnet_hdbscan_2,0.285714286,2,7,0,0,1
165,1,2,2,cluster_mpnet_hdbscan_2,4.5,18,4,0,0,1
166,0,0,1,cluster_mpnet_hdbscan_2,0.333333333,1,3,0,0,1
167,1,1,1,cluster_mpnet_hdbscan_2,2.5,5,2,0,0,1
168,2.5,10,4,cluster_mpnet_hdbscan_2,1.5,9,6,3,3,1
169,2,8,4,cluster_mpnet_hdbscan_2,2,10,5,0,0,1
170,1.333333333,4,3,cluster_mpnet_hdbscan_2,1.166666667,7,6,0,0,1
171,0.666666667,2,3,cluster_mpnet_hdbscan_2,3.125,25,8,0,0,1
172,1.5,3,2,cluster_mpnet_hdbscan_2,1.6,8,5,0,0,1
173,1,2,2,cluster_mpnet_hdbscan_2,1.333333333,12,9,0,0,1
174,0.5,1,2,cluster_mpnet_hdbscan_2,1,6,6,0,0,1
175,0.5,1,2,cluster_mpnet_hdbscan_2,0.5,4,8,0,0,1
176,0.25,1,4,cluster_mpnet_hdbscan_2,0.2,1,5,0,0,1
177,0,0,2,cluster_mpnet_hdbscan_2,0.5,2,4,2,2,1
178,1,3,3,cluster_mpnet_hdbscan_2,1.142857143,8,7,0,0,1
179,1.333333333,4,3,cluster_mpnet_hdbscan_2,1.142857143,8,7,0,0,1
180,0.5,1,2,cluster_mpnet_hdbscan_2,0.5,4,8,0,0,1
181,0.5,1,2,cluster_mpnet_hdbscan_2,1.727272727,19,11,0,0,1
182,0.666666667,2,3,cluster_mpnet_hdbscan_2,0.857142857,6,7,0,0,1
183,1,2,2,cluster_mpnet_hdbscan_2,0,0,1,0,0,1
184,2.666666667,8,3,cluster_mpnet_hdbscan_2,1,14,14,0,0,1
185,0,0,2,cluster_mpnet_hdbscan_2,1.736842105,33,19,0,0,1
186,3,6,2,cluster_mpnet_hdbscan_2,7.5,15,2,0,0,1
187,1.5,3,2,cluster_mpnet_hdbscan_2,1,8,8,0,0,1
188,1.5,3,2,cluster_mpnet_hdbscan_2,1.111111111,10,9,10,10,1
189,1,2,2,cluster_mpnet_hdbscan_2,2.5,10,4,0,0,1
190,0,0,1,cluster_mpnet_hdbscan_2,3.833333333,23,6,0,0,1
191,2.5,5,2,cluster_mpnet_hdbscan_2,2,8,4,10,10,1
192,1,1,1,cluster_mpnet_hdbscan_2,0.8,12,15,0,0,1
193,0.666666667,2,3,cluster_mpnet_hdbscan_2,1,8,8,0,0,1
194,1.5,3,2,cluster_mpnet_hdbscan_2,2,12,6,0,0,1
195,1,2,2,cluster_mpnet_hdbscan_2,1.166666667,7,6,0,0,1
196,5.333333333,16,3,cluster_mpnet_hdbscan_2,1.857142857,13,7,0,0,1
197,0.5,1,2,cluster_mpnet_hdbscan_2,1,9,9,0,0,1
198,1.5,3,2,cluster_mpnet_hdbscan_2,2,8,4,0,0,1
199,0.5,1,2,cluster_mpnet_hdbscan_2,1.5,6,4,0,0,1
200,0.5,1,2,cluster_mpnet_hdbscan_2,1.666666667,15,9,4,4,1
201,0.5,1,2,cluster_mpnet_hdbscan_2,1.222222222,11,9,0,0,1
202,1,3,3,cluster_mpnet_hdbscan_2,2,22,11,0,0,1
203,1.5,3,2,cluster_mpnet_hdbscan_2,1.8,9,5,3,3,1
204,8,16,2,cluster_mpnet_hdbscan_2,1,11,11,0,0,1
205,2,6,3,cluster_mpnet_hdbscan_2,0.333333333,2,6,0,0,1
206,0.333333333,1,3,cluster_mpnet_hdbscan_2,0.875,7,8,0,0,1
207,0.666666667,2,3,cluster_mpnet_hdbscan_2,1,23,23,0,0,1
208,1,2,2,cluster_mpnet_hdbscan_2,0.833333333,5,6,0,0,1
209,0.5,1,2,cluster_mpnet_hdbscan_2,0.5,4,8,3,3,1
210,1,2,2,cluster_mpnet_hdbscan_2,2.571428571,18,7,0,0,1
211,1,2,2,cluster_mpnet_hdbscan_2,0.666666667,2,3,0,0,1
212,0.5,1,2,cluster_mpnet_hdbscan_2,2,16,8,0,0,1
213,2.333333333,7,3,cluster_mpnet_hdbscan_2,2,16,8,0,0,1
214,1,2,2,cluster_mpnet_hdbscan_2,0.875,7,8,0,0,1
215,1,3,3,cluster_mpnet_hdbscan_2,1.25,5,4,0,0,1
216,0.5,1,2,cluster_mpnet_hdbscan_2,1.25,10,8,0,0,1
217,0.333333333,1,3,cluster_mpnet_hdbscan_2,0.625,5,8,0,0,1
218,1,1,1,cluster_mpnet_hdbscan_2,1.875,15,8,5,5,1
219,0.5,1,2,cluster_mpnet_hdbscan_2,2.5,5,2,0,0,1
220,1.5,6,4,cluster_mpnet_hdbscan_2,1.555555556,14,9,0,0,1
221,0,0,3,cluster_mpnet_hdbscan_2,1.8,9,5,0,0,1
222,2.666666667,8,3,cluster_mpnet_hdbscan_2,1,4,4,0,0,1
223,0.5,1,2,cluster_mpnet_hdbscan_2,0.25,2,8,0,0,1
224,1.666666667,5,3,cluster_mpnet_hdbscan_2,1.125,9,8,0,0,1
225,1,2,2,cluster_mpnet_hdbscan_2,1,7,7,6,6,1
226,2.5,5,2,cluster_mpnet_hdbscan_2,1.285714286,9,7,0,0,1
227,0,0,2,cluster_mpnet_hdbscan_2,1.25,10,8,0,0,1
228,1,2,2,cluster_mpnet_hdbscan_2,0.714285714,5,7,0,0,1
229,1.5,3,2,cluster_mpnet_hdbscan_2,1.833333333,11,6,0,0,1
230,4.5,9,2,cluster_mpnet_hdbscan_2,1.833333333,11,6,0,0,1
231,0,0,3,cluster_mpnet_hdbscan_2,1,11,11,0,0,1
232,2,4,2,cluster_mpnet_hdbscan_2,0.625,5,8,0,0,1
233,0.333333333,1,3,cluster_mpnet_hdbscan_2,2,20,10,0,0,1
234,0.5,1,2,cluster_mpnet_hdbscan_2,0.916666667,11,12,0,0,1
235,2.5,5,2,cluster_mpnet_hdbscan_2,1.071428571,15,14,0,0,1
236,1.25,5,4,cluster_mpnet_hdbscan_2,0.9,9,10,0,0,1
237,2,4,2,cluster_mpnet_hdbscan_2,1.2,6,5,0,0,1
238,2,4,2,cluster_mpnet_hdbscan_2,0.818181818,9,11,0,0,1
239,2,6,3,cluster_mpnet_hdbscan_2,1.833333333,22,12,0,0,1
240,1.5,3,2,cluster_mpnet_hdbscan_2,0.833333333,5,6,0,0,1
241,0.5,1,2,cluster_mpnet_hdbscan_2,1.909090909,21,11,0,0,1
242,1.5,3,2,cluster_mpnet_hdbscan_2,0.4,2,5,0,0,1
243,0.5,1,2,cluster_mpnet_hdbscan_2,2,12,6,0,0,1
244,0,0,3,cluster_mpnet_hdbscan_2,0.6,3,5,0,0,1
245,1.5,3,2,cluster_mpnet_hdbscan_2,1,12,12,0,0,1
246,1.333333333,4,3,cluster_mpnet_hdbscan_2,2,28,14,0,0,1
247,3.5,7,2,cluster_mpnet_hdbscan_2,1.428571429,10,7,0,0,1
248,1.666666667,5,3,cluster_mpnet_hdbscan_2,0.692307692,9,13,0,0,1
249,0.333333333,1,3,cluster_mpnet_hdbscan_2,0.476190476,10,21,0,0,1
250,2.333333333,7,3,cluster_mpnet_hdbscan_2,1.2,6,5,0,0,1
251,6.5,13,2,cluster_mpnet_hdbscan_2,0.5,5,10,0,0,1
252,1,2,2,cluster_mpnet_hdbscan_2,0.875,7,8,5,5,1
253,3,6,2,cluster_mpnet_hdbscan_2,1.5,9,6,0,0,1
254,1,2,2,cluster_mpnet_hdbscan_2,0.714285714,5,7,0,0,1
255,0.5,1,2,cluster_mpnet_hdbscan_2,1.4,14,10,0,0,1
256,0.666666667,2,3,cluster_mpnet_hdbscan_2,1.5,9,6,0,0,1
257,1.333333333,4,3,cluster_mpnet_hdbscan_2,0.375,3,8,0,0,1
258,2,4,2,cluster_mpnet_hdbscan_2,1.25,10,8,0,0,1
259,1,3,3,cluster_mpnet_hdbscan_2,1.545454545,17,11,0,0,1
260,1.5,3,2,cluster_mpnet_hdbscan_2,0.5,2,4,0,0,1
261,3,6,2,cluster_mpnet_hdbscan_2,3.4,17,5,0,0,1
262,2,6,3,cluster_mpnet_hdbscan_2,1.285714286,9,7,0,0,1
263,2,2,1,cluster_mpnet_hdbscan_2,1.333333333,16,12,0,0,1
264,0,0,2,cluster_mpnet_hdbscan_2,0.25,3,12,0,0,1
265,1.5,3,2,cluster_mpnet_hdbscan_2,1,7,7,0,0,1
266,0.5,1,2,cluster_mpnet_hdbscan_2,1.142857143,16,14,5,5,1
267,1.333333333,4,3,cluster_mpnet_hdbscan_2,1.333333333,8,6,0,0,1
268,0.333333333,1,3,cluster_mpnet_hdbscan_2,1.2,12,10,0,0,1
269,3,6,2,cluster_mpnet_hdbscan_2,0.1,1,10,0,0,1
270,2,6,3,cluster_mpnet_hdbscan_2,1.75,14,8,0,0,1
271,3,6,2,cluster_mpnet_hdbscan_2,1.6,8,5,0,0,1
272,2,2,1,cluster_mpnet_hdbscan_2,0.714285714,5,7,0,0,1
273,1,3,3,cluster_mpnet_hdbscan_2,0.555555556,5,9,0,0,1
274,1,2,2,cluster_mpnet_hdbscan_2,1.125,18,16,0,0,1
275,0.5,1,2,cluster_mpnet_hdbscan_2,0.5,2,4,0,0,1
276,2,6,3,cluster_mpnet_hdbscan_2,1.166666667,7,6,0,0,1
277,0.666666667,2,3,cluster_mpnet_hdbscan_2,1.333333333,16,12,0,0,1
278,0,0,3,cluster_mpnet_hdbscan_2,4,12,3,0,0,1
279,4.5,9,2,cluster_mpnet_hdbscan_2,1.333333333,12,9,3,3,1
280,0,0,2,cluster_mpnet_hdbscan_2,0.5,3,6,0,0,1
281,1.5,3,2,cluster_mpnet_hdbscan_2,0.75,3,4,5,5,1
282,6.5,13,2,cluster_mpnet_hdbscan_2,1.111111111,10,9,0,0,1
283,0.666666667,2,3,cluster_mpnet_hdbscan_2,0.8,4,5,0,0,1
284,1,3,3,cluster_mpnet_hdbscan_2,1.125,9,8,3,3,1
285,0.5,1,2,cluster_mpnet_hdbscan_2,0.8,4,5,0,0,1
286,0.666666667,2,3,cluster_mpnet_hdbscan_2,1.625,13,8,0,0,1
287,1,2,2,cluster_mpnet_hdbscan_2,0.714285714,5,7,0,0,1
288,0.5,1,2,cluster_mpnet_hdbscan_2,0.25,2,8,0,0,1
289,3,6,2,cluster_mpnet_hdbscan_2,1.4,7,5,0,0,1
290,3,9,3,cluster_mpnet_hdbscan_2,1.125,9,8,0,0,1
291,6,6,1,cluster_mpnet_hdbscan_2,4,12,3,10,10,1
292,1,1,1,cluster_mpnet_hdbscan_2,1,5,5,0,0,1
293,0,0,2,cluster_mpnet_hdbscan_2,0.857142857,6,7,0,0,1
294,0.5,1,2,cluster_mpnet_hdbscan_2,2,20,10,0,0,1
295,1.666666667,5,3,cluster_mpnet_hdbscan_2,1.571428571,11,7,0,0,1
296,2.5,5,2,cluster_mpnet_hdbscan_2,2.375,19,8,8,8,1
297,1,1,1,cluster_mpnet_hdbscan_2,0.166666667,1,6,0,0,1
298,0.5,1,2,cluster_mpnet_hdbscan_2,0.909090909,10,11,0,0,1
299,1.666666667,5,3,cluster_mpnet_hdbscan_2,1.333333333,8,6,0,0,1
300,0.5,1,2,cluster_mpnet_hdbscan_2,1.666666667,5,3,0,0,1
301,0.5,1,2,cluster_mpnet_hdbscan_2,2.125,17,8,5,5,1
302,1,2,2,cluster_mpnet_hdbscan_2,0.571428571,4,7,0,0,1
303,4,4,1,cluster_mpnet_hdbscan_2,1.333333333,8,6,0,0,1
304,1.5,3,2,cluster_mpnet_hdbscan_2,1.333333333,12,9,0,0,1
305,2,2,1,cluster_mpnet_hdbscan_2,0.666666667,4,6,0,0,1
306,0.666666667,2,3,cluster_mpnet_hdbscan_2,0.4,2,5,0,0,1
307,1.666666667,5,3,cluster_mpnet_hdbscan_2,0.444444444,4,9,0,0,1
308,0.666666667,2,3,cluster_mpnet_hdbscan_2,0.888888889,8,9,0,0,1
309,0.666666667,2,3,cluster_mpnet_hdbscan_2,1.928571429,27,14,0,0,1
310,2.5,5,2,cluster_mpnet_hdbscan_2,5.6,28,5,0,0,1
311,1.5,3,2,cluster_mpnet_hdbscan_2,1.285714286,9,7,0,0,1
312,0.5,1,2,cluster_mpnet_hdbscan_2,0.75,3,4,0,0,1
313,0.5,1,2,cluster_mpnet_hdbscan_2,1.333333333,12,9,4,4,1
314,1,3,3,cluster_mpnet_hdbscan_2,1.833333333,11,6,0,0,1
315,0.5,1,2,cluster_mpnet_hdbscan_2,1.647058824,28,17,0,0,1
316,0,0,2,cluster_mpnet_hdbscan_2,0.666666667,6,9,0,0,1
317,1,3,3,cluster_mpnet_hdbscan_2,1.375,11,8,0,0,1
318,2.5,5,2,cluster_mpnet_hdbscan_2,1.888888889,17,9,0,0,1
319,0.5,1,2,cluster_mpnet_hdbscan_2,1,8,8,0,0,1
320,0.333333333,1,3,cluster_mpnet_hdbscan_2,0.5,4,8,0,0,1
321,1,3,3,cluster_mpnet_hdbscan_2,1.142857143,8,7,0,0,1
322,1.5,3,2,cluster_mpnet_hdbscan_2,1.5,9,6,0,0,1
323,0.333333333,1,3,cluster_mpnet_hdbscan_2,1.75,7,4,0,0,1
324,2,4,2,cluster_mpnet_hdbscan_2,1.75,14,8,0,0,1
325,4,8,2,cluster_mpnet_hdbscan_2,1.5,15,10,4,4,1
326,1.5,3,2,cluster_mpnet_hdbscan_2,1,6,6,0,0,1
327,0,0,2,cluster_mpnet_hdbscan_2,1,8,8,0,0,1
328,1.5,3,2,cluster_mpnet_hdbscan_2,0.625,5,8,0,0,1
329,1.5,3,2,cluster_mpnet_hdbscan_2,0.714285714,5,7,5,5,1
330,1,2,2,cluster_mpnet_hdbscan_2,0.8,4,5,0,0,1
331,1,2,2,cluster_mpnet_hdbscan_2,1.4,7,5,0,0,1
332,1,3,3,cluster_mpnet_hdbscan_2,0.428571429,3,7,0,0,1
333,0.666666667,2,3,cluster_mpnet_hdbscan_2,1.5,6,4,0,0,1
334,1,2,2,cluster_mpnet_hdbscan_2,1,8,8,0,0,1
335,0.5,1,2,cluster_mpnet_hdbscan_2,0.857142857,6,7,0,0,1
336,1,3,3,cluster_mpnet_hdbscan_2,1.333333333,8,6,0,0,1
337,0,0,1,cluster_mpnet_hdbscan_2,1,6,6,0,0,1
338,1,3,3,cluster_mpnet_hdbscan_2,0.714285714,5,7,1,1,1
339,1,2,2,cluster_mpnet_hdbscan_2,0.8,4,5,3,3,1
340,3,6,2,cluster_mpnet_hdbscan_2,1.75,7,4,1,1,1
341,1,4,4,cluster_mpnet_hdbscan_2,1.1,11,10,0,0,1
342,1,3,3,cluster_mpnet_hdbscan_2,1,8,8,5,5,1
343,2,4,2,cluster_mpnet_hdbscan_2,1.8,9,5,0,0,1
344,0.5,1,2,cluster_mpnet_hdbscan_2,0.6,3,5,0,0,1
345,1.5,6,4,cluster_mpnet_hdbscan_2,1,5,5,0,0,1
346,4,4,1,cluster_mpnet_hdbscan_2,1.409090909,31,22,0,0,1
347,2.5,5,2,cluster_mpnet_hdbscan_2,1.571428571,11,7,10,10,1
348,0.5,1,2,cluster_mpnet_hdbscan_2,0.944444444,17,18,5,5,1
349,1,3,3,cluster_mpnet_hdbscan_2,1.2,12,10,0,0,1
350,3.666666667,11,3,cluster_mpnet_hdbscan_2,3.5,21,6,0,0,1
351,0,0,2,cluster_mpnet_hdbscan_2,0.533333333,8,15,0,0,1
352,0.666666667,2,3,cluster_mpnet_hdbscan_2,1.5,12,8,15,15,1
353,0.5,1,2,cluster_mpnet_hdbscan_2,1.25,10,8,0,0,1
354,0.666666667,2,3,cluster_mpnet_hdbscan_2,1.0625,17,16,0,0,1
355,0.333333333,1,3,cluster_mpnet_hdbscan_2,0.666666667,4,6,0,0,1
356,0,0,2,cluster_mpnet_hdbscan_2,1.952380952,41,21,0,0,1
357,0,0,2,cluster_mpnet_hdbscan_2,1,13,13,0,0,1
358,0.75,3,4,cluster_mpnet_hdbscan_2,1.125,9,8,0,0,1
359,0.5,1,2,cluster_mpnet_hdbscan_2,0.714285714,5,7,2,2,1
360,1.5,3,2,cluster_mpnet_hdbscan_2,1.285714286,9,7,0,0,1
361,2,4,2,cluster_mpnet_hdbscan_2,0,0,4,0,0,1
362,1,3,3,cluster_mpnet_hdbscan_2,1.166666667,7,6,0,0,1
363,0.5,1,2,cluster_mpnet_hdbscan_2,1.142857143,8,7,0,0,1
364,2.333333333,7,3,cluster_mpnet_hdbscan_2,1.571428571,11,7,0,0,1
365,4,8,2,cluster_mpnet_hdbscan_2,1,22,22,0,0,1
366,1,1,1,cluster_mpnet_hdbscan_2,1.6,8,5,0,0,1
367,0.5,1,2,cluster_mpnet_hdbscan_2,2.4,12,5,0,0,1
368,0.5,1,2,cluster_mpnet_hdbscan_2,0.6,6,10,2,2,1
369,0,0,3,cluster_mpnet_hdbscan_2,1.428571429,10,7,0,0,1
370,1.5,3,2,cluster_mpnet_hdbscan_2,0.8,8,10,0,0,1
371,0.5,1,2,cluster_mpnet_hdbscan_2,0.5,1,2,5,5,1
372,2.5,5,2,cluster_mpnet_hdbscan_2,1.333333333,8,6,0,0,1
373,3,6,2,cluster_mpnet_hdbscan_2,1.2,6,5,0,0,1
374,1,2,2,cluster_mpnet_hdbscan_2,0.428571429,3,7,0,0,1
375,1.333333333,4,3,cluster_mpnet_hdbscan_2,0.777777778,7,9,0,0,1
376,2,4,2,cluster_mpnet_hdbscan_2,2.125,17,8,0,0,1
377,0,0,2,cluster_mpnet_hdbscan_2,1.5,9,6,0,0,1
378,2,4,2,cluster_mpnet_hdbscan_2,4,16,4,0,0,1
379,2,4,2,cluster_mpnet_hdbscan_2,1.111111111,10,9,0,0,1
380,0.5,1,2,cluster_mpnet_hdbscan_2,0.6,6,10,0,0,1
381,3,3,1,cluster_mpnet_hdbscan_2,0.428571429,3,7,2,2,1
382,1.5,3,2,cluster_mpnet_hdbscan_2,1.125,9,8,4,4,1
383,0.5,1,2,cluster_mpnet_hdbscan_2,0.5,5,10,0,0,1
384,1.5,3,2,cluster_mpnet_hdbscan_2,2.125,17,8,1,1,1
385,0.333333333,1,3,cluster_mpnet_hdbscan_2,0.9,9,10,0,0,1
386,2,4,2,cluster_mpnet_hdbscan_2,3.25,13,4,0,0,1
387,3.25,13,4,cluster_mpnet_hdbscan_2,2.333333333,7,3,0,0,1
388,0,0,1,cluster_mpnet_hdbscan_2,2.8,14,5,0,0,1
389,1.5,3,2,cluster_mpnet_hdbscan_2,0.2,1,5,0,0,1
390,0.333333333,1,3,cluster_mpnet_hdbscan_2,0.5,3,6,0,0,1
391,1,1,1,cluster_mpnet_hdbscan_2,2.25,9,4,0,0,1
392,2.5,5,2,cluster_mpnet_hdbscan_2,0.571428571,4,7,0,0,1
393,0.666666667,2,3,cluster_mpnet_hdbscan_2,1.375,11,8,0,0,1
394,2.5,5,2,cluster_mpnet_hdbscan_2,0.714285714,5,7,0,0,1
395,0,0,1,cluster_mpnet_hdbscan_2,1.1,11,10,0,0,1
396,2.666666667,8,3,cluster_mpnet_hdbscan_2,0.5,2,4,0,0,1
397,4,4,1,cluster_mpnet_hdbscan_2,0.75,3,4,0,0,1
398,0,0,1,cluster_mpnet_hdbscan_2,1.833333333,11,6,0,0,1
399,3,6,2,cluster_mpnet_hdbscan_2,1.714285714,12,7,0,0,1
400,1.5,3,2,cluster_mpnet_hdbscan_2,0.714285714,5,7,3,3,1
401,0.5,1,2,cluster_mpnet_hdbscan_2,2,14,7,0,0,1
402,2,2,1,cluster_mpnet_hdbscan_2,4,20,5,0,0,1
403,0.333333333,1,3,cluster_mpnet_hdbscan_2,0.25,3,12,0,0,1
404,1,2,2,cluster_mpnet_hdbscan_2,1.333333333,4,3,0,0,1
405,1.666666667,5,3,cluster_mpnet_hdbscan_2,0.545454545,6,11,0,0,1
406,0.666666667,2,3,cluster_mpnet_hdbscan_2,0.875,7,8,0,0,1
407,2,4,2,cluster_mpnet_hdbscan_2,2.333333333,14,6,0,0,1
408,0.333333333,1,3,cluster_mpnet_hdbscan_2,0.714285714,5,7,10,10,1
409,0.666666667,2,3,cluster_mpnet_hdbscan_2,0,0,2,0,0,1
410,1.5,3,2,cluster_mpnet_hdbscan_2,1.166666667,7,6,0,0,1
411,2,8,4,cluster_mpnet_hdbscan_2,2.333333333,14,6,0,0,1
412,0.5,1,2,cluster_mpnet_hdbscan_2,2.4,12,5,8,8,1
413,2,4,2,cluster_mpnet_hdbscan_2,1.6,8,5,0,0,1
414,2,4,2,cluster_mpnet_hdbscan_2,1,6,6,4,4,1
415,0.5,1,2,cluster_mpnet_hdbscan_2,0.444444444,4,9,0,0,1
416,1.5,3,2,cluster_mpnet_hdbscan_2,0.857142857,6,7,0,0,1
417,3.5,7,2,cluster_mpnet_hdbscan_2,0.9,9,10,0,0,1
418,0,0,3,cluster_mpnet_hdbscan_2,1,9,9,0,0,1
419,1.5,3,2,cluster_mpnet_hdbscan_2,0.833333333,5,6,0,0,1
420,4.666666667,14,3,cluster_mpnet_hdbscan_2,0.833333333,5,6,0,0,1
421,1,2,2,cluster_mpnet_hdbscan_2,0.75,3,4,0,0,1
422,1,3,3,cluster_mpnet_hdbscan_2,1.5,12,8,6,6,1
423,0,0,3,cluster_mpnet_hdbscan_2,0.6,6,10,0,0,1
424,1.5,3,2,cluster_mpnet_hdbscan_2,1.375,11,8,0,0,1
425,1,2,2,cluster_mpnet_hdbscan_2,0.375,3,8,0,0,1
426,12,12,1,cluster_mpnet_hdbscan_2,2.75,22,8,0,0,1
427,9,9,1,cluster_mpnet_hdbscan_2,0.8,4,5,0,0,1
428,0.5,1,2,cluster_mpnet_hdbscan_2,0.5,4,8,0,0,1
429,1,2,2,cluster_mpnet_hdbscan_2,1.533333333,23,15,0,0,1
430,1,3,3,cluster_mpnet_hdbscan_2,0.875,7,8,0,0,1
431,2,6,3,cluster_mpnet_hdbscan_2,2.5,10,4,0,0,1
432,0.5,1,2,cluster_mpnet_hdbscan_2,1,3,3,5,5,1
433,0.5,1,2,cluster_mpnet_hdbscan_2,1.2,6,5,0,0,1
434,1,1,1,cluster_mpnet_hdbscan_2,1.857142857,13,7,0,0,1
435,0.5,1,2,cluster_mpnet_hdbscan_2,0.25,3,12,0,0,1
436,0,0,1,cluster_mpnet_hdbscan_2,1.181818182,13,11,4,4,1
437,2.5,5,2,cluster_mpnet_hdbscan_2,1.5,6,4,0,0,1
438,1,3,3,cluster_mpnet_hdbscan_2,1.333333333,8,6,1,1,1
439,0.5,1,2,cluster_mpnet_hdbscan_2,0.909090909,10,11,0,0,1
440,0.333333333,1,3,cluster_mpnet_hdbscan_2,0.875,7,8,4,4,1
441,1,1,1,cluster_mpnet_hdbscan_2,1.2,6,5,4,4,1
442,0.333333333,1,3,cluster_mpnet_hdbscan_2,0.625,5,8,5,5,1
443,3,6,2,cluster_mpnet_hdbscan_2,1.571428571,11,7,0,0,1
444,1,1,1,cluster_mpnet_hdbscan_2,1,5,5,2,2,1
445,0.5,1,2,cluster_mpnet_hdbscan_2,0.272727273,3,11,0,0,1
446,1,4,4,cluster_mpnet_hdbscan_2,1.25,20,16,0,0,1
447,0.666666667,2,3,cluster_mpnet_hdbscan_2,0.7,7,10,0,0,1
448,0.5,1,2,cluster_mpnet_hdbscan_2,1.25,5,4,0,0,1
449,2,4,2,cluster_mpnet_hdbscan_2,1.6,8,5,0,0,1
450,1,3,3,cluster_mpnet_hdbscan_2,1,7,7,0,0,1
451,0.666666667,2,3,cluster_mpnet_hdbscan_2,1.25,5,4,0,0,1
452,0.333333333,1,3,cluster_mpnet_hdbscan_2,1.428571429,10,7,0,0,1
453,1.5,9,6,cluster_mpnet_hdbscan_2,0.666666667,4,6,0,0,1
454,0.5,1,2,cluster_mpnet_hdbscan_2,1.230769231,16,13,0,0,1
455,1,3,3,cluster_mpnet_hdbscan_2,1.461538462,19,13,0,0,1
456,0.666666667,2,3,cluster_mpnet_hdbscan_2,0.5625,9,16,0,0,1
457,0,0,2,cluster_mpnet_hdbscan_2,1.2,6,5,0,0,1
458,1.333333333,4,3,cluster_mpnet_hdbscan_2,0.875,7,8,0,0,1
459,3.5,7,2,cluster_mpnet_hdbscan_2,2.25,18,8,3,3,1
460,0.666666667,2,3,cluster_mpnet_hdbscan_2,0.333333333,4,12,5,5,1
461,0,0,1,cluster_mpnet_hdbscan_2,0.629032258,39,62,0,0,1
462,1,2,2,cluster_mpnet_hdbscan_2,0.6,3,5,3,3,1
463,1,2,2,cluster_mpnet_hdbscan_2,1.166666667,7,6,3,3,1
464,0.5,1,2,cluster_mpnet_hdbscan_2,1.533333333,23,15,5,5,1
465,1,1,1,cluster_mpnet_hdbscan_2,2.777777778,25,9,0,0,1
466,2.333333333,7,3,cluster_mpnet_hdbscan_2,1.875,15,8,5,5,1
467,1.5,3,2,cluster_mpnet_hdbscan_2,1.444444444,13,9,0,0,1
468,0,0,2,cluster_mpnet_hdbscan_2,0.666666667,8,12,0,0,1
469,1.333333333,4,3,cluster_mpnet_hdbscan_2,1,11,11,0,0,1
470,1,2,2,cluster_mpnet_hdbscan_2,0.5,3,6,0,0,1
471,0.5,1,2,cluster_mpnet_hdbscan_2,0.714285714,5,7,0,0,1
472,0,0,2,cluster_mpnet_hdbscan_2,1.833333333,11,6,0,0,1
473,1.5,3,2,cluster_mpnet_hdbscan_2,1.333333333,16,12,0,0,1
474,0,0,2,cluster_mpnet_hdbscan_2,2.333333333,21,9,5,5,1
475,0.5,1,2,cluster_mpnet_hdbscan_2,0.4,4,10,0,0,1
476,1,3,3,cluster_mpnet_hdbscan_2,0.714285714,5,7,0,0,1
477,0.5,1,2,cluster_mpnet_hdbscan_2,0.875,7,8,0,0,1
478,0.5,1,2,cluster_mpnet_hdbscan_2,0.5,3,6,0,0,1
479,0.666666667,2,3,cluster_mpnet_hdbscan_2,0.5,3,6,0,0,1
480,1.333333333,4,3,cluster_mpnet_hdbscan_2,1.5,24,16,0,0,1
481,1,2,2,cluster_mpnet_hdbscan_2,1.333333333,8,6,10,10,1
482,2,6,3,cluster_mpnet_hdbscan_2,2.833333333,17,6,10,10,1
483,1,2,2,cluster_mpnet_hdbscan_2,0.5,4,8,0,0,1
484,0.5,1,2,cluster_mpnet_hdbscan_2,0.461538462,6,13,0,0,1
485,1,2,2,cluster_mpnet_hdbscan_2,1.25,15,12,0,0,1
486,0,0,2,cluster_mpnet_hdbscan_2,0.909090909,10,11,0,0,1
487,0.5,1,2,cluster_mpnet_hdbscan_2,0.2,1,5,0,0,1
488,1,2,2,cluster_mpnet_hdbscan_2,1,6,6,0,0,1
489,0,0,3,cluster_mpnet_hdbscan_2,2,12,6,0,0,1
490,1.666666667,5,3,cluster_mpnet_hdbscan_2,0.666666667,4,6,0,0,1
491,1.333333333,4,3,cluster_mpnet_hdbscan_2,0.833333333,5,6,0,0,1
492,0.333333333,1,3,cluster_mpnet_hdbscan_2,0.333333333,2,6,0,0,1
493,2.5,5,2,cluster_mpnet_hdbscan_2,2.111111111,19,9,0,0,1
494,3,6,2,cluster_mpnet_hdbscan_2,1,8,8,0,0,1
495,0.666666667,2,3,cluster_mpnet_hdbscan_2,2,8,4,0,0,1
496,0,0,2,cluster_mpnet_hdbscan_2,1,15,15,0,0,1
497,0.5,1,2,cluster_mpnet_hdbscan_2,1.8,9,5,1,1,1
498,0.5,2,4,cluster_mpnet_hdbscan_2,0.5,4,8,4,4,1
499,1.25,5,4,cluster_mpnet_hdbscan_2,1.285714286,9,7,0,0,1
500,0.5,1,2,cluster_mpnet_hdbscan_2,0.916666667,11,12,0,0,1
501,1,2,2,cluster_mpnet_hdbscan_2,0.636363636,7,11,0,0,1
502,0.5,1,2,cluster_mpnet_hdbscan_2,0.6,9,15,0,0,1
503,0.666666667,2,3,cluster_mpnet_hdbscan_2,0.777777778,7,9,0,0,1
504,2,2,1,cluster_mpnet_hdbscan_2,0.681818182,15,22,5,5,1
505,1.5,3,2,cluster_mpnet_hdbscan_2,0.8,4,5,3,3,1
506,1,2,2,cluster_mpnet_hdbscan_2,0.833333333,5,6,3,3,1
507,1.5,3,2,cluster_mpnet_hdbscan_2,1,31,31,0,0,1
508,2.5,5,2,cluster_mpnet_hdbscan_2,0.923076923,24,26,0,0,1
509,0.5,1,2,cluster_mpnet_hdbscan_2,1.333333333,8,6,0,0,1
510,2,2,1,cluster_mpnet_hdbscan_2,0.333333333,1,3,0,0,1
511,0,0,2,cluster_mpnet_hdbscan_2,0.857142857,6,7,2,2,1
512,0.666666667,2,3,cluster_mpnet_hdbscan_2,0.333333333,2,6,0,0,1
513,1,3,3,cluster_mpnet_hdbscan_2,0.333333333,3,9,0,0,1
514,2.5,5,2,cluster_mpnet_hdbscan_2,2.625,21,8,0,0,1
515,2.5,5,2,cluster_mpnet_hdbscan_2,2.3,23,10,0,0,1
516,0.666666667,2,3,cluster_mpnet_hdbscan_2,1,15,15,10,10,1
517,2,6,3,cluster_mpnet_hdbscan_2,1.523809524,32,21,0,0,1
518,0,0,3,cluster_mpnet_hdbscan_2,0.88,22,25,4,4,1
519,0.5,1,2,cluster_mpnet_hdbscan_2,1.5,9,6,0,0,1
520,0.5,1,2,cluster_mpnet_hdbscan_2,1.555555556,14,9,0,0,1
521,0,0,2,cluster_mpnet_hdbscan_2,1.545454545,17,11,1,1,1
522,1,2,2,cluster_mpnet_hdbscan_2,1.181818182,13,11,0,0,1
523,1,3,3,cluster_mpnet_hdbscan_2,1.5625,25,16,10,10,1
524,1,3,3,cluster_mpnet_hdbscan_2,0.7,7,10,10,10,1
525,0.5,2,4,cluster_mpnet_hdbscan_2,0.529411765,9,17,0,0,1
526,0,0,1,cluster_mpnet_hdbscan_2,0.5,3,6,0,0,1
527,0.666666667,2,3,cluster_mpnet_hdbscan_2,0.444444444,4,9,0,0,1
528,1.5,3,2,cluster_mpnet_hdbscan_2,0.75,12,16,0,0,1
529,0.666666667,2,3,cluster_mpnet_hdbscan_2,1.181818182,13,11,0,0,1
530,0.25,1,4,cluster_mpnet_hdbscan_2,0.611111111,11,18,0,0,1
531,2,6,3,cluster_mpnet_hdbscan_2,1.3,13,10,0,0,1
532,0,0,2,cluster_mpnet_hdbscan_2,0.909090909,10,11,0,0,1
533,0.666666667,2,3,cluster_mpnet_hdbscan_2,1.222222222,22,18,0,0,1
534,1,2,2,cluster_mpnet_hdbscan_2,0.96,24,25,4,4,1
535,0,0,1,cluster_mpnet_hdbscan_2,0.863636364,19,22,0,0,1
536,2.5,5,2,cluster_mpnet_hdbscan_2,0.765957447,36,47,5,5,1
537,0.666666667,2,3,cluster_mpnet_hdbscan_2,1.166666667,7,6,0,0,1
538,0.333333333,1,3,cluster_mpnet_hdbscan_2,1.038461538,27,26,4,4,1
-1,1,3,3,cluster_mpnet_hdbscan_30,0.666666667,6,9,,,
0,5,10,2,cluster_mpnet_hdbscan_30,0.857142857,6,7,4,4,1
1,0.333333333,1,3,cluster_mpnet_hdbscan_30,1.333333333,28,21,0,0,1
2,0.666666667,2,3,cluster_mpnet_hdbscan_30,1.076923077,14,13,0,0,1
3,1.333333333,4,3,cluster_mpnet_hdbscan_30,0.833333333,5,6,0,0,1
4,3.333333333,10,3,cluster_mpnet_hdbscan_30,0.642857143,9,14,0,0,1
5,2,4,2,cluster_mpnet_hdbscan_30,1.111111111,10,9,0,0,1
6,1,3,3,cluster_mpnet_hdbscan_30,2.125,17,8,0,0,1
7,2.5,5,2,cluster_mpnet_hdbscan_30,1.666666667,10,6,0,0,1
8,4.5,9,2,cluster_mpnet_hdbscan_30,0.875,7,8,0,0,1
9,1,2,2,cluster_mpnet_hdbscan_30,1.222222222,11,9,0,0,1
10,2,2,1,cluster_mpnet_hdbscan_30,1,8,8,0,0,1
11,12,12,1,cluster_mpnet_hdbscan_30,1,10,10,1,1,1
12,1,2,2,cluster_mpnet_hdbscan_30,3.6,18,5,2,2,1
13,,0,0,cluster_mpnet_hdbscan_30,0.923076923,12,13,15,15,1
14,1.666666667,5,3,cluster_mpnet_hdbscan_30,0.777777778,7,9,3,3,1
-1,1,2,2,cluster_mpnet_hdbscan_35,0.666666667,6,9,,,
0,5,10,2,cluster_mpnet_hdbscan_35,0.857142857,6,7,4,4,1
1,1.666666667,5,3,cluster_mpnet_hdbscan_35,1.1875,19,16,0,0,1
2,1.333333333,4,3,cluster_mpnet_hdbscan_35,0.833333333,5,6,0,0,1
3,0.5,1,2,cluster_mpnet_hdbscan_35,2.125,17,8,0,0,1
4,2.5,5,2,cluster_mpnet_hdbscan_35,1.666666667,10,6,0,0,1
5,3,6,2,cluster_mpnet_hdbscan_35,0.642857143,9,14,0,0,1
6,2.5,5,2,cluster_mpnet_hdbscan_35,1.111111111,10,9,0,0,1
7,1,2,2,cluster_mpnet_hdbscan_35,1,8,8,0,0,1
8,2,6,3,cluster_mpnet_hdbscan_35,1.222222222,11,9,0,0,1
9,0.5,1,2,cluster_mpnet_hdbscan_35,0.875,7,8,0,0,1
10,1,2,2,cluster_mpnet_hdbscan_35,1,10,10,2,2,1
11,0.5,1,2,cluster_mpnet_hdbscan_35,0.444444444,4,9,0,0,1
12,,0,0,cluster_mpnet_hdbscan_35,0.923076923,12,13,15,15,1
13,0.333333333,1,3,cluster_mpnet_hdbscan_35,3.6,18,5,0,0,1
14,0.5,1,2,cluster_mpnet_hdbscan_35,0.888888889,8,9,0,0,1
-1,0.5,1,2,cluster_mpnet_hdbscan_40,1.428571429,10,7,,,
0,1,3,3,cluster_mpnet_hdbscan_40,0.857142857,6,7,6,6,1
1,2,4,2,cluster_mpnet_hdbscan_40,1.1875,19,16,0,0,1
2,1.666666667,5,3,cluster_mpnet_hdbscan_40,0.833333333,5,6,0,0,1
3,1,1,1,cluster_mpnet_hdbscan_40,1.666666667,10,6,0,0,1
4,1,2,2,cluster_mpnet_hdbscan_40,0.923076923,12,13,5,5,1
5,2,2,1,cluster_mpnet_hdbscan_40,0.875,7,8,0,0,1
6,1.666666667,5,3,cluster_mpnet_hdbscan_40,1.666666667,10,6,0,0,1
7,5,10,2,cluster_mpnet_hdbscan_40,1.222222222,11,9,0,0,1
8,1,3,3,cluster_mpnet_hdbscan_40,2.4,12,5,2,2,1
9,0,0,2,cluster_mpnet_hdbscan_40,3.6,18,5,0,0,1
10,,0,0,cluster_mpnet_hdbscan_40,0.923076923,12,13,4,4,1
11,1.666666667,5,3,cluster_mpnet_hdbscan_40,1,9,9,0,0,1
-1,0.5,1,2,cluster_mpnet_hdbscan_45,2.142857143,15,7,,,
0,1.25,5,4,cluster_mpnet_hdbscan_45,0.857142857,6,7,6,6,1
1,2,4,2,cluster_mpnet_hdbscan_45,1.1875,19,16,0,0,1
2,1,3,3,cluster_mpnet_hdbscan_45,0.833333333,5,6,0,0,1
3,0.666666667,2,3,cluster_mpnet_hdbscan_45,0.923076923,12,13,6,6,1
4,1,1,1,cluster_mpnet_hdbscan_45,1.666666667,10,6,0,0,1
5,1.333333333,4,3,cluster_mpnet_hdbscan_45,1.272727273,14,11,0,0,1
6,2.333333333,7,3,cluster_mpnet_hdbscan_45,3.625,29,8,0,0,1
-1,0,0,2,cluster_mpnet_hdbscan_50,1.625,13,8,,,
0,2,4,2,cluster_mpnet_hdbscan_50,0.857142857,6,7,4,4,1
1,0.666666667,2,3,cluster_mpnet_hdbscan_50,1.1875,19,16,0,0,1
2,1.666666667,5,3,cluster_mpnet_hdbscan_50,0.833333333,5,6,0,0,1
3,0.666666667,2,3,cluster_mpnet_hdbscan_50,0.923076923,12,13,0,0,1
4,1.5,3,2,cluster_mpnet_hdbscan_50,1.272727273,14,11,0,0,1
5,6.5,13,2,cluster_mpnet_hdbscan_50,3.625,29,8,0,0,1
6,3.5,7,2,cluster_mpnet_hdbscan_50,1.666666667,10,6,0,0,1
7,1.5,3,2,cluster_mpnet_hdbscan_50,0.875,7,8,0,0,1
-1,1.333333333,4,3,cluster_mpnet_hdbscan_55,1.444444444,13,9,,,
0,1.333333333,4,3,cluster_mpnet_hdbscan_55,0.857142857,6,7,6,6,1
1,3.666666667,11,3,cluster_mpnet_hdbscan_55,1.1875,19,16,0,0,1
2,0.666666667,2,3,cluster_mpnet_hdbscan_55,0.833333333,5,6,0,0,1
3,2.5,5,2,cluster_mpnet_hdbscan_55,1.666666667,10,6,0,0,1
4,0.5,2,4,cluster_mpnet_hdbscan_55,3.625,29,8,0,0,1
5,1.666666667,5,3,cluster_mpnet_hdbscan_55,0.833333333,10,12,0,0,1
-1,9,9,1,cluster_mpnet_hdbscan_60,1.75,14,8,,,
0,1,2,2,cluster_mpnet_hdbscan_60,0.857142857,6,7,6,6,1
1,2,4,2,cluster_mpnet_hdbscan_60,1.1875,19,16,0,0,1
2,3,6,2,cluster_mpnet_hdbscan_60,1.666666667,10,6,0,0,1
3,1.666666667,5,3,cluster_mpnet_hdbscan_60,0.833333333,5,6,0,0,1
4,3.333333333,10,3,cluster_mpnet_hdbscan_60,3.625,29,8,0,0,1
5,2,6,3,cluster_mpnet_hdbscan_60,0.833333333,10,12,0,0,1
0,1,2,2,cluster_mpnet_kmeans_10,2.142857143,15,7,0,0,1
1,0.666666667,2,3,cluster_mpnet_kmeans_10,1.076923077,14,13,0,0,1
2,0.5,1,2,cluster_mpnet_kmeans_10,1.3,13,10,0,0,1
3,2.5,10,4,cluster_mpnet_kmeans_10,1,6,6,0,0,1
4,5,10,2,cluster_mpnet_kmeans_10,2,8,4,1,1,1
5,8.5,17,2,cluster_mpnet_kmeans_10,0.857142857,6,7,0,0,1
6,1.666666667,5,3,cluster_mpnet_kmeans_10,0.75,6,8,0,0,1
7,0.666666667,2,3,cluster_mpnet_kmeans_10,1.571428571,11,7,0,0,1
8,1.333333333,4,3,cluster_mpnet_kmeans_10,0.769230769,10,13,0,0,1
9,2,6,3,cluster_mpnet_kmeans_10,0.833333333,5,6,0,0,1
0,1,2,2,cluster_mpnet_kmeans_15,1.625,13,8,2,2,1
1,2,6,3,cluster_mpnet_kmeans_15,1.666666667,10,6,0,0,1
2,1,4,4,cluster_mpnet_kmeans_15,1.090909091,12,11,0,0,1
3,1.75,7,4,cluster_mpnet_kmeans_15,0.833333333,5,6,0,0,1
4,0.6,3,5,cluster_mpnet_kmeans_15,1,6,6,0,0,1
5,1,2,2,cluster_mpnet_kmeans_15,3.625,29,8,0,0,1
6,1,2,2,cluster_mpnet_kmeans_15,0.7,7,10,0,0,1
7,2.666666667,8,3,cluster_mpnet_kmeans_15,1.25,10,8,0,0,1
8,1,3,3,cluster_mpnet_kmeans_15,2,14,7,2,2,1
9,1,4,4,cluster_mpnet_kmeans_15,1.833333333,11,6,9,9,1
10,1.666666667,5,3,cluster_mpnet_kmeans_15,0.857142857,6,7,0,0,1
11,0.5,1,2,cluster_mpnet_kmeans_15,1,14,14,0,0,1
12,1.333333333,4,3,cluster_mpnet_kmeans_15,1.461538462,19,13,0,0,1
13,0,0,2,cluster_mpnet_kmeans_15,0.933333333,14,15,0,0,1
14,1.666666667,5,3,cluster_mpnet_kmeans_15,0.875,7,8,0,0,1
0,2,2,1,cluster_mpnet_kmeans_20,1.625,13,8,0,0,1
1,0,0,1,cluster_mpnet_kmeans_20,1.714285714,12,7,0,0,1
2,1.75,7,4,cluster_mpnet_kmeans_20,0.923076923,12,13,0,0,1
3,3,9,3,cluster_mpnet_kmeans_20,1.166666667,7,6,0,0,1
4,0.666666667,2,3,cluster_mpnet_kmeans_20,0.416666667,5,12,0,0,1
5,1.666666667,5,3,cluster_mpnet_kmeans_20,1.428571429,10,7,4,4,1
6,4.666666667,14,3,cluster_mpnet_kmeans_20,0.75,9,12,0,0,1
7,2.5,5,2,cluster_mpnet_kmeans_20,0.714285714,5,7,0,0,1
8,1.666666667,5,3,cluster_mpnet_kmeans_20,2.666666667,16,6,2,2,1
9,2.5,5,2,cluster_mpnet_kmeans_20,0.857142857,6,7,4,4,1
10,0.333333333,1,3,cluster_mpnet_kmeans_20,0.857142857,6,7,0,0,1
11,1.5,3,2,cluster_mpnet_kmeans_20,1.142857143,8,7,0,0,1
12,1.5,6,4,cluster_mpnet_kmeans_20,1.583333333,19,12,0,0,1
13,1,1,1,cluster_mpnet_kmeans_20,0.615384615,8,13,0,0,1
14,2,4,2,cluster_mpnet_kmeans_20,1.176470588,20,17,0,0,1
15,2.5,5,2,cluster_mpnet_kmeans_20,1.875,15,8,0,0,1
16,6,12,2,cluster_mpnet_kmeans_20,1.875,15,8,0,0,1
17,1,3,3,cluster_mpnet_kmeans_20,1.666666667,10,6,0,0,1
18,5,15,3,cluster_mpnet_kmeans_20,0.875,7,8,0,0,1
19,2.5,10,4,cluster_mpnet_kmeans_20,0.75,6,8,5,5,1
-1,0.75,3,4,cluster_paraphrase_hdbscan_100,1.777777778,16,9,,,
0,3.5,7,2,cluster_paraphrase_hdbscan_100,0.583333333,7,12,0,0,1
1,0.833333333,5,6,cluster_paraphrase_hdbscan_100,0.2,1,5,0,0,1
2,1,5,5,cluster_paraphrase_hdbscan_100,0.692307692,9,13,0,0,1
-1,1,2,2,cluster_paraphrase_hdbscan_2,1.777777778,16,9,,,
0,0.333333333,1,3,cluster_paraphrase_hdbscan_2,0.5,1,2,0,0,1
1,0.6,3,5,cluster_paraphrase_hdbscan_2,4.5,18,4,0,0,1
2,1.333333333,4,3,cluster_paraphrase_hdbscan_2,1.583333333,19,12,0,0,1
3,0.5,1,2,cluster_paraphrase_hdbscan_2,1.6,8,5,0,0,1
4,1.5,3,2,cluster_paraphrase_hdbscan_2,1.4,7,5,0,0,1
5,0,0,1,cluster_paraphrase_hdbscan_2,0.545454545,6,11,0,0,1
6,0,0,3,cluster_paraphrase_hdbscan_2,0.777777778,14,18,0,0,1
7,1.666666667,5,3,cluster_paraphrase_hdbscan_2,1.2,12,10,0,0,1
8,0.666666667,2,3,cluster_paraphrase_hdbscan_2,0.9,9,10,0,0,1
9,0.5,1,2,cluster_paraphrase_hdbscan_2,0.333333333,5,15,0,0,1
10,0.333333333,1,3,cluster_paraphrase_hdbscan_2,0,0,1,0,0,1
11,0.666666667,2,3,cluster_paraphrase_hdbscan_2,1.071428571,15,14,0,0,1
12,0.5,1,2,cluster_paraphrase_hdbscan_2,0.714285714,5,7,0,0,1
13,1,3,3,cluster_paraphrase_hdbscan_2,1.095238095,23,21,0,0,1
14,1.666666667,5,3,cluster_paraphrase_hdbscan_2,1.166666667,7,6,0,0,1
15,1,3,3,cluster_paraphrase_hdbscan_2,0.857142857,6,7,0,0,1
16,1.666666667,5,3,cluster_paraphrase_hdbscan_2,0.75,6,8,0,0,1
17,1,2,2,cluster_paraphrase_hdbscan_2,0.428571429,6,14,0,0,1
18,0.333333333,1,3,cluster_paraphrase_hdbscan_2,1,10,10,0,0,1
19,1,2,2,cluster_paraphrase_hdbscan_2,0.461538462,6,13,0,0,1
20,1,2,2,cluster_paraphrase_hdbscan_2,1.25,10,8,0,0,1
21,1,2,2,cluster_paraphrase_hdbscan_2,1.8,9,5,0,0,1
22,0.5,1,2,cluster_paraphrase_hdbscan_2,1,4,4,0,0,1
23,0.333333333,1,3,cluster_paraphrase_hdbscan_2,0.666666667,2,3,15,15,1
24,0.5,1,2,cluster_paraphrase_hdbscan_2,0.888888889,8,9,0,0,1
25,1.666666667,5,3,cluster_paraphrase_hdbscan_2,1.111111111,10,9,0,0,1
26,0.5,1,2,cluster_paraphrase_hdbscan_2,1.2,6,5,0,0,1
27,3,6,2,cluster_paraphrase_hdbscan_2,0.8,4,5,0,0,1
28,1.666666667,5,3,cluster_paraphrase_hdbscan_2,2,14,7,0,0,1
29,0.5,1,2,cluster_paraphrase_hdbscan_2,0.727272727,8,11,0,0,1
30,1,2,2,cluster_paraphrase_hdbscan_2,0.722222222,26,36,0,0,1
31,0.666666667,2,3,cluster_paraphrase_hdbscan_2,0.826086957,19,23,0,0,1
32,0.666666667,2,3,cluster_paraphrase_hdbscan_2,1.555555556,14,9,0,0,1
33,2.333333333,7,3,cluster_paraphrase_hdbscan_2,1,10,10,0,0,1
34,0.5,1,2,cluster_paraphrase_hdbscan_2,1.857142857,26,14,0,0,1
35,0.666666667,2,3,cluster_paraphrase_hdbscan_2,0.727272727,8,11,0,0,1
36,0.666666667,2,3,cluster_paraphrase_hdbscan_2,1.666666667,5,3,0,0,1
37,0,0,1,cluster_paraphrase_hdbscan_2,1.818181818,20,11,0,0,1
38,0.75,3,4,cluster_paraphrase_hdbscan_2,1.666666667,10,6,14,14,1
39,1.5,3,2,cluster_paraphrase_hdbscan_2,2.25,9,4,4,4,1
40,4,8,2,cluster_paraphrase_hdbscan_2,1.642857143,23,14,0,0,1
41,0,0,2,cluster_paraphrase_hdbscan_2,0.714285714,5,7,0,0,1
42,1,3,3,cluster_paraphrase_hdbscan_2,0.941176471,16,17,2,2,1
43,2,2,1,cluster_paraphrase_hdbscan_2,1.583333333,19,12,0,0,1
44,1.5,3,2,cluster_paraphrase_hdbscan_2,1.166666667,7,6,0,0,1
45,1,2,2,cluster_paraphrase_hdbscan_2,0.75,3,4,0,0,1
46,3,6,2,cluster_paraphrase_hdbscan_2,1.5,15,10,0,0,1
47,1,2,2,cluster_paraphrase_hdbscan_2,2.125,17,8,0,0,1
48,1,2,2,cluster_paraphrase_hdbscan_2,1,17,17,0,0,1
49,2,4,2,cluster_paraphrase_hdbscan_2,1.6,8,5,0,0,1
50,1.5,3,2,cluster_paraphrase_hdbscan_2,1.166666667,7,6,0,0,1
51,1.5,3,2,cluster_paraphrase_hdbscan_2,1,6,6,0,0,1
52,0.666666667,2,3,cluster_paraphrase_hdbscan_2,0.25,2,8,5,5,1
53,0.666666667,2,3,cluster_paraphrase_hdbscan_2,0.75,6,8,0,0,1
54,1.5,3,2,cluster_paraphrase_hdbscan_2,1.428571429,10,7,0,0,1
55,1.333333333,4,3,cluster_paraphrase_hdbscan_2,1.75,14,8,0,0,1
56,3.5,7,2,cluster_paraphrase_hdbscan_2,2,16,8,4,4,1
57,2,4,2,cluster_paraphrase_hdbscan_2,1.375,11,8,0,0,1
58,0.5,1,2,cluster_paraphrase_hdbscan_2,1,7,7,4,4,1
59,1,1,1,cluster_paraphrase_hdbscan_2,5.666666667,17,3,0,0,1
60,0.5,1,2,cluster_paraphrase_hdbscan_2,1.172413793,34,29,0,0,1
61,1,3,3,cluster_paraphrase_hdbscan_2,1.92,48,25,0,0,1
62,0.333333333,1,3,cluster_paraphrase_hdbscan_2,0.916666667,11,12,0,0,1
63,1,1,1,cluster_paraphrase_hdbscan_2,4,32,8,0,0,1
64,1.5,3,2,cluster_paraphrase_hdbscan_2,1.428571429,10,7,0,0,1
65,0.5,1,2,cluster_paraphrase_hdbscan_2,0.571428571,4,7,0,0,1
66,1,2,2,cluster_paraphrase_hdbscan_2,0.666666667,6,9,0,0,1
67,1,1,1,cluster_paraphrase_hdbscan_2,0.6,3,5,0,0,1
68,1.333333333,4,3,cluster_paraphrase_hdbscan_2,1.384615385,36,26,0,0,1
69,1,2,2,cluster_paraphrase_hdbscan_2,0.6,6,10,0,0,1
70,0.666666667,2,3,cluster_paraphrase_hdbscan_2,0.333333333,2,6,1,1,1
71,9,9,1,cluster_paraphrase_hdbscan_2,5,20,4,0,0,1
72,1,3,3,cluster_paraphrase_hdbscan_2,0.5,4,8,4,4,1
73,2,4,2,cluster_paraphrase_hdbscan_2,2.2,11,5,0,0,1
74,1,3,3,cluster_paraphrase_hdbscan_2,1.416666667,17,12,0,0,1
75,1,2,2,cluster_paraphrase_hdbscan_2,0.5,4,8,0,0,1
76,0,0,1,cluster_paraphrase_hdbscan_2,1.666666667,5,3,4,4,1
77,1,3,3,cluster_paraphrase_hdbscan_2,1,6,6,0,0,1
78,0.666666667,2,3,cluster_paraphrase_hdbscan_2,0.857142857,6,7,0,0,1
79,0,0,2,cluster_paraphrase_hdbscan_2,0.875,7,8,0,0,1
80,0.333333333,1,3,cluster_paraphrase_hdbscan_2,1.136363636,25,22,0,0,1
81,1,3,3,cluster_paraphrase_hdbscan_2,0.666666667,10,15,0,0,1
82,0,0,1,cluster_paraphrase_hdbscan_2,1.25,5,4,6,6,1
83,4,8,2,cluster_paraphrase_hdbscan_2,0.882352941,15,17,0,0,1
84,0,0,1,cluster_paraphrase_hdbscan_2,2.285714286,16,7,0,0,1
85,2,2,1,cluster_paraphrase_hdbscan_2,0.5,4,8,0,0,1
86,2,4,2,cluster_paraphrase_hdbscan_2,2,8,4,0,0,1
87,0.333333333,1,3,cluster_paraphrase_hdbscan_2,1.090909091,12,11,0,0,1
88,0,0,2,cluster_paraphrase_hdbscan_2,0.5,5,10,0,0,1
89,1,2,2,cluster_paraphrase_hdbscan_2,0,0,1,5,5,1
90,2,6,3,cluster_paraphrase_hdbscan_2,0.571428571,4,7,0,0,1
91,0.5,1,2,cluster_paraphrase_hdbscan_2,0.9,9,10,0,0,1
92,1,2,2,cluster_paraphrase_hdbscan_2,0.5,2,4,3,3,1
93,4,8,2,cluster_paraphrase_hdbscan_2,0.444444444,4,9,0,0,1
94,0.5,1,2,cluster_paraphrase_hdbscan_2,1,8,8,0,0,1
95,1.5,3,2,cluster_paraphrase_hdbscan_2,1.4,21,15,5,5,1
96,2,6,3,cluster_paraphrase_hdbscan_2,4,12,3,8,8,1
97,0.666666667,2,3,cluster_paraphrase_hdbscan_2,1.083333333,13,12,10,10,1
98,0,0,2,cluster_paraphrase_hdbscan_2,0.75,6,8,6,6,1
99,2,4,2,cluster_paraphrase_hdbscan_2,0.6,3,5,4,4,1
100,3,3,1,cluster_paraphrase_hdbscan_2,1,8,8,0,0,1
101,0.5,2,4,cluster_paraphrase_hdbscan_2,1.318181818,29,22,0,0,1
102,0,0,2,cluster_paraphrase_hdbscan_2,0,0,5,0,0,1
103,0,0,2,cluster_paraphrase_hdbscan_2,0.25,1,4,0,0,1
104,0.333333333,1,3,cluster_paraphrase_hdbscan_2,1,5,5,2,2,1
105,1,2,2,cluster_paraphrase_hdbscan_2,2.833333333,17,6,4,4,1
106,0.5,1,2,cluster_paraphrase_hdbscan_2,1,5,5,2,2,1
107,2,4,2,cluster_paraphrase_hdbscan_2,1.125,9,8,0,0,1
108,2,4,2,cluster_paraphrase_hdbscan_2,1.5,12,8,0,0,1
109,1,1,1,cluster_paraphrase_hdbscan_2,0.75,3,4,0,0,1
110,1.75,7,4,cluster_paraphrase_hdbscan_2,1.8,9,5,0,0,1
111,0.25,1,4,cluster_paraphrase_hdbscan_2,0.875,7,8,10,10,1
112,1,2,2,cluster_paraphrase_hdbscan_2,1,6,6,0,0,1
113,0.5,1,2,cluster_paraphrase_hdbscan_2,1.375,11,8,3,3,1
114,1,2,2,cluster_paraphrase_hdbscan_2,0.666666667,4,6,5,5,1
115,1,2,2,cluster_paraphrase_hdbscan_2,0.333333333,1,3,0,0,1
116,2.5,5,2,cluster_paraphrase_hdbscan_2,1.285714286,9,7,0,0,1
117,2,4,2,cluster_paraphrase_hdbscan_2,1.2,12,10,10,10,1
118,0.333333333,1,3,cluster_paraphrase_hdbscan_2,0.875,7,8,0,0,1
119,0.5,1,2,cluster_paraphrase_hdbscan_2,1.285714286,9,7,0,0,1
120,1,2,2,cluster_paraphrase_hdbscan_2,2.5,25,10,0,0,1
121,1,3,3,cluster_paraphrase_hdbscan_2,1,9,9,8,8,1
122,2,4,2,cluster_paraphrase_hdbscan_2,1,9,9,0,0,1
123,0.75,3,4,cluster_paraphrase_hdbscan_2,0.8,4,5,0,0,1
124,1,1,1,cluster_paraphrase_hdbscan_2,1.25,5,4,0,0,1
125,0.333333333,1,3,cluster_paraphrase_hdbscan_2,0.5,2,4,3,3,1
126,1.5,3,2,cluster_paraphrase_hdbscan_2,0.833333333,5,6,0,0,1
127,1,3,3,cluster_paraphrase_hdbscan_2,1,7,7,0,0,1
128,1.333333333,4,3,cluster_paraphrase_hdbscan_2,2,10,5,0,0,1
129,3,3,1,cluster_paraphrase_hdbscan_2,0.636363636,7,11,0,0,1
130,1,3,3,cluster_paraphrase_hdbscan_2,0.909090909,20,22,0,0,1
131,0.5,1,2,cluster_paraphrase_hdbscan_2,0.692307692,9,13,0,0,1
132,0,0,3,cluster_paraphrase_hdbscan_2,0.875,7,8,0,0,1
133,1,2,2,cluster_paraphrase_hdbscan_2,1.230769231,16,13,4,4,1
134,2,4,2,cluster_paraphrase_hdbscan_2,0.75,9,12,0,0,1
135,1,2,2,cluster_paraphrase_hdbscan_2,1.25,5,4,2,2,1
136,1,3,3,cluster_paraphrase_hdbscan_2,2.333333333,14,6,15,15,1
137,1,2,2,cluster_paraphrase_hdbscan_2,2,14,7,5,5,1
138,0.5,1,2,cluster_paraphrase_hdbscan_2,0.333333333,3,9,0,0,1
139,2.5,5,2,cluster_paraphrase_hdbscan_2,1.714285714,12,7,0,0,1
140,3.5,7,2,cluster_paraphrase_hdbscan_2,1.375,11,8,0,0,1
141,1.666666667,5,3,cluster_paraphrase_hdbscan_2,1.714285714,12,7,0,0,1
142,0.5,1,2,cluster_paraphrase_hdbscan_2,1,5,5,0,0,1
143,1.333333333,4,3,cluster_paraphrase_hdbscan_2,1.555555556,14,9,0,0,1
144,0.666666667,2,3,cluster_paraphrase_hdbscan_2,2.777777778,50,18,0,0,1
145,1,1,1,cluster_paraphrase_hdbscan_2,1.571428571,11,7,0,0,1
146,0.5,1,2,cluster_paraphrase_hdbscan_2,1.6,16,10,0,0,1
147,4,4,1,cluster_paraphrase_hdbscan_2,3.75,15,4,0,0,1
148,0,0,2,cluster_paraphrase_hdbscan_2,0.875,14,16,0,0,1
149,1,2,2,cluster_paraphrase_hdbscan_2,0.8,4,5,0,0,1
150,1,3,3,cluster_paraphrase_hdbscan_2,1.571428571,11,7,3,3,1
151,2.5,5,2,cluster_paraphrase_hdbscan_2,1.875,15,8,0,0,1
152,1,3,3,cluster_paraphrase_hdbscan_2,0.833333333,5,6,0,0,1
153,0,0,2,cluster_paraphrase_hdbscan_2,0.804878049,33,41,0,0,1
154,1.5,3,2,cluster_paraphrase_hdbscan_2,3.333333333,20,6,10,10,1
155,3.333333333,10,3,cluster_paraphrase_hdbscan_2,2.285714286,16,7,4,4,1
156,0.75,3,4,cluster_paraphrase_hdbscan_2,1.058823529,18,17,0,0,1
157,2.25,9,4,cluster_paraphrase_hdbscan_2,1.526315789,29,19,0,0,1
158,0,0,3,cluster_paraphrase_hdbscan_2,0.928571429,26,28,0,0,1
159,3,9,3,cluster_paraphrase_hdbscan_2,1.25,10,8,5,5,1
160,1.5,3,2,cluster_paraphrase_hdbscan_2,0.666666667,2,3,0,0,1
161,2.5,5,2,cluster_paraphrase_hdbscan_2,0.75,3,4,0,0,1
162,1.5,3,2,cluster_paraphrase_hdbscan_2,1.045454545,23,22,0,0,1
163,0.5,1,2,cluster_paraphrase_hdbscan_2,1.466666667,22,15,0,0,1
164,3.666666667,11,3,cluster_paraphrase_hdbscan_2,1.166666667,14,12,5,5,1
165,1.5,3,2,cluster_paraphrase_hdbscan_2,0.5,3,6,0,0,1
166,0.5,1,2,cluster_paraphrase_hdbscan_2,2.285714286,16,7,0,0,1
167,1.666666667,5,3,cluster_paraphrase_hdbscan_2,0.833333333,20,24,0,0,1
168,2.5,5,2,cluster_paraphrase_hdbscan_2,1.357142857,19,14,0,0,1
169,1,2,2,cluster_paraphrase_hdbscan_2,0.727272727,8,11,5,5,1
170,1,3,3,cluster_paraphrase_hdbscan_2,1.384615385,18,13,0,0,1
171,0,0,1,cluster_paraphrase_hdbscan_2,1.7,17,10,0,0,1
172,1,2,2,cluster_paraphrase_hdbscan_2,1.166666667,7,6,0,0,1
173,2,4,2,cluster_paraphrase_hdbscan_2,2.25,9,4,0,0,1
174,2.333333333,7,3,cluster_paraphrase_hdbscan_2,1,8,8,0,0,1
175,0.5,1,2,cluster_paraphrase_hdbscan_2,1.636363636,18,11,0,0,1
176,0,0,2,cluster_paraphrase_hdbscan_2,1.75,14,8,0,0,1
177,1,3,3,cluster_paraphrase_hdbscan_2,1.5,12,8,0,0,1
178,2.333333333,7,3,cluster_paraphrase_hdbscan_2,1,7,7,0,0,1
179,2,4,2,cluster_paraphrase_hdbscan_2,1.166666667,7,6,0,0,1
180,1.5,3,2,cluster_paraphrase_hdbscan_2,0.6,6,10,5,5,1
181,1,2,2,cluster_paraphrase_hdbscan_2,2.333333333,7,3,0,0,1
182,1,2,2,cluster_paraphrase_hdbscan_2,9,9,1,0,0,1
183,2,4,2,cluster_paraphrase_hdbscan_2,1.4,7,5,0,0,1
184,2.5,5,2,cluster_paraphrase_hdbscan_2,2.066666667,31,15,0,0,1
185,0.5,1,2,cluster_paraphrase_hdbscan_2,1.555555556,14,9,0,0,1
186,1.5,3,2,cluster_paraphrase_hdbscan_2,0.6,6,10,0,0,1
187,2,4,2,cluster_paraphrase_hdbscan_2,2.5,10,4,0,0,1
188,3,6,2,cluster_paraphrase_hdbscan_2,1.375,11,8,0,0,1
189,1,3,3,cluster_paraphrase_hdbscan_2,0.8,8,10,0,0,1
190,0.5,1,2,cluster_paraphrase_hdbscan_2,0.75,6,8,0,0,1
191,0.5,1,2,cluster_paraphrase_hdbscan_2,1.230769231,16,13,0,0,1
192,2,4,2,cluster_paraphrase_hdbscan_2,0.833333333,5,6,5,5,1
193,2.5,5,2,cluster_paraphrase_hdbscan_2,0.333333333,2,6,0,0,1
194,2.5,5,2,cluster_paraphrase_hdbscan_2,1.444444444,13,9,0,0,1
195,2.5,5,2,cluster_paraphrase_hdbscan_2,4.4,22,5,0,0,1
196,2,6,3,cluster_paraphrase_hdbscan_2,3.25,13,4,5,5,1
197,1.666666667,5,3,cluster_paraphrase_hdbscan_2,2.666666667,8,3,0,0,1
198,3,6,2,cluster_paraphrase_hdbscan_2,1,11,11,0,0,1
199,1,2,2,cluster_paraphrase_hdbscan_2,1,3,3,0,0,1
200,1.5,3,2,cluster_paraphrase_hdbscan_2,1.5,9,6,0,0,1
201,0,0,3,cluster_paraphrase_hdbscan_2,0.5,5,10,0,0,1
202,0.333333333,1,3,cluster_paraphrase_hdbscan_2,1.375,11,8,0,0,1
203,1,1,1,cluster_paraphrase_hdbscan_2,0.8,4,5,0,0,1
204,1,2,2,cluster_paraphrase_hdbscan_2,2.333333333,7,3,0,0,1
205,1.333333333,4,3,cluster_paraphrase_hdbscan_2,1.6,8,5,0,0,1
206,0.333333333,1,3,cluster_paraphrase_hdbscan_2,0.9,9,10,0,0,1
207,1,2,2,cluster_paraphrase_hdbscan_2,1.222222222,11,9,5,5,1
208,0,0,2,cluster_paraphrase_hdbscan_2,0.5,4,8,0,0,1
209,1,3,3,cluster_paraphrase_hdbscan_2,1.111111111,10,9,0,0,1
210,0.5,1,2,cluster_paraphrase_hdbscan_2,7,14,2,0,0,1
211,0.5,1,2,cluster_paraphrase_hdbscan_2,1.875,15,8,10,10,1
212,0.5,1,2,cluster_paraphrase_hdbscan_2,0.666666667,6,9,0,0,1
213,1,2,2,cluster_paraphrase_hdbscan_2,0.923076923,12,13,0,0,1
214,1,2,2,cluster_paraphrase_hdbscan_2,1.909090909,21,11,0,0,1
215,0.5,1,2,cluster_paraphrase_hdbscan_2,2.272727273,25,11,8,8,1
216,0.5,1,2,cluster_paraphrase_hdbscan_2,0.8,4,5,0,0,1
217,1,2,2,cluster_paraphrase_hdbscan_2,2.090909091,23,11,0,0,1
218,2.666666667,8,3,cluster_paraphrase_hdbscan_2,3.166666667,19,6,0,0,1
219,2,4,2,cluster_paraphrase_hdbscan_2,1.25,5,4,0,0,1
220,0.5,1,2,cluster_paraphrase_hdbscan_2,4,16,4,0,0,1
221,0.5,1,2,cluster_paraphrase_hdbscan_2,0.666666667,4,6,0,0,1
222,0.5,1,2,cluster_paraphrase_hdbscan_2,0.714285714,5,7,0,0,1
223,1.333333333,4,3,cluster_paraphrase_hdbscan_2,3,27,9,0,0,1
224,1,2,2,cluster_paraphrase_hdbscan_2,1.375,11,8,0,0,1
225,1.25,5,4,cluster_paraphrase_hdbscan_2,1.375,11,8,0,0,1
226,1,1,1,cluster_paraphrase_hdbscan_2,1.363636364,15,11,0,0,1
227,1,2,2,cluster_paraphrase_hdbscan_2,4,12,3,0,0,1
228,1.25,5,4,cluster_paraphrase_hdbscan_2,1.222222222,11,9,7,7,1
229,0,0,1,cluster_paraphrase_hdbscan_2,0.5,1,2,0,0,1
230,1.5,3,2,cluster_paraphrase_hdbscan_2,1,8,8,4,4,1
231,1,1,1,cluster_paraphrase_hdbscan_2,0.888888889,8,9,0,0,1
232,1,2,2,cluster_paraphrase_hdbscan_2,0.857142857,6,7,10,10,1
233,0,0,2,cluster_paraphrase_hdbscan_2,0.4,4,10,0,0,1
234,0.333333333,1,3,cluster_paraphrase_hdbscan_2,1.4,7,5,0,0,1
235,1,2,2,cluster_paraphrase_hdbscan_2,0.625,10,16,0,0,1
236,1,3,3,cluster_paraphrase_hdbscan_2,1.8,9,5,0,0,1
237,0,0,2,cluster_paraphrase_hdbscan_2,2.833333333,17,6,0,0,1
238,1,2,2,cluster_paraphrase_hdbscan_2,0.857142857,6,7,0,0,1
239,2,4,2,cluster_paraphrase_hdbscan_2,2.285714286,16,7,0,0,1
240,3.666666667,11,3,cluster_paraphrase_hdbscan_2,1.142857143,8,7,0,0,1
241,3.5,7,2,cluster_paraphrase_hdbscan_2,1.090909091,12,11,10,10,1
242,3,9,3,cluster_paraphrase_hdbscan_2,2.2,11,5,0,0,1
243,0.333333333,1,3,cluster_paraphrase_hdbscan_2,0.571428571,4,7,0,0,1
244,0.5,2,4,cluster_paraphrase_hdbscan_2,0.5,4,8,0,0,1
245,2.5,5,2,cluster_paraphrase_hdbscan_2,1.75,14,8,4,4,1
246,4,8,2,cluster_paraphrase_hdbscan_2,1.555555556,14,9,0,0,1
247,1.5,3,2,cluster_paraphrase_hdbscan_2,2.555555556,23,9,5,5,1
248,1,1,1,cluster_paraphrase_hdbscan_2,0.909090909,10,11,8,8,1
249,1,1,1,cluster_paraphrase_hdbscan_2,1.333333333,12,9,0,0,1
250,1.666666667,5,3,cluster_paraphrase_hdbscan_2,1.142857143,8,7,0,0,1
251,3.666666667,11,3,cluster_paraphrase_hdbscan_2,1.714285714,12,7,4,4,1
252,3.5,7,2,cluster_paraphrase_hdbscan_2,1.285714286,9,7,0,0,1
253,2.666666667,8,3,cluster_paraphrase_hdbscan_2,1,3,3,0,0,1
254,1,1,1,cluster_paraphrase_hdbscan_2,0.5,4,8,0,0,1
255,0,0,1,cluster_paraphrase_hdbscan_2,0.625,5,8,0,0,1
256,1,2,2,cluster_paraphrase_hdbscan_2,0.777777778,7,9,1,1,1
257,3,6,2,cluster_paraphrase_hdbscan_2,1.857142857,13,7,0,0,1
258,3,6,2,cluster_paraphrase_hdbscan_2,1.5,9,6,8,8,1
259,1,3,3,cluster_paraphrase_hdbscan_2,0.375,3,8,0,0,1
260,2.5,5,2,cluster_paraphrase_hdbscan_2,2.9,29,10,0,0,1
261,3.5,7,2,cluster_paraphrase_hdbscan_2,1.571428571,11,7,0,0,1
262,0.5,1,2,cluster_paraphrase_hdbscan_2,0.75,3,4,0,0,1
263,1,2,2,cluster_paraphrase_hdbscan_2,2.375,19,8,0,0,1
264,0.666666667,2,3,cluster_paraphrase_hdbscan_2,1.181818182,13,11,0,0,1
265,0,0,2,cluster_paraphrase_hdbscan_2,1.538461538,20,13,0,0,1
266,0.333333333,1,3,cluster_paraphrase_hdbscan_2,1.142857143,8,7,1,1,1
267,1.333333333,4,3,cluster_paraphrase_hdbscan_2,1.666666667,15,9,0,0,1
268,0.75,3,4,cluster_paraphrase_hdbscan_2,0.888888889,8,9,0,0,1
269,1.5,3,2,cluster_paraphrase_hdbscan_2,1,3,3,5,5,1
270,2,4,2,cluster_paraphrase_hdbscan_2,0.941176471,16,17,0,0,1
271,2,4,2,cluster_paraphrase_hdbscan_2,1,13,13,0,0,1
272,6.5,13,2,cluster_paraphrase_hdbscan_2,1.714285714,12,7,15,15,1
273,0,0,2,cluster_paraphrase_hdbscan_2,0.576923077,15,26,0,0,1
274,0,0,2,cluster_paraphrase_hdbscan_2,1.125,9,8,0,0,1
275,1,2,2,cluster_paraphrase_hdbscan_2,2.75,11,4,25,25,1
276,0,0,2,cluster_paraphrase_hdbscan_2,0,0,4,0,0,1
277,0.5,1,2,cluster_paraphrase_hdbscan_2,0.333333333,2,6,0,0,1
278,1.5,3,2,cluster_paraphrase_hdbscan_2,0.8,4,5,0,0,1
279,0.333333333,1,3,cluster_paraphrase_hdbscan_2,0.5,3,6,0,0,1
280,0.75,3,4,cluster_paraphrase_hdbscan_2,0.8,8,10,0,0,1
281,1,3,3,cluster_paraphrase_hdbscan_2,2,12,6,5,5,1
282,0.5,1,2,cluster_paraphrase_hdbscan_2,0.4,2,5,0,0,1
283,0,0,3,cluster_paraphrase_hdbscan_2,0.25,2,8,0,0,1
284,1.25,5,4,cluster_paraphrase_hdbscan_2,1.454545455,16,11,0,0,1
285,1,1,1,cluster_paraphrase_hdbscan_2,0.285714286,2,7,3,3,1
286,0.5,1,2,cluster_paraphrase_hdbscan_2,1.333333333,8,6,0,0,1
287,4,8,2,cluster_paraphrase_hdbscan_2,1,10,10,0,0,1
288,2.5,5,2,cluster_paraphrase_hdbscan_2,0.5,2,4,0,0,1
289,0.666666667,2,3,cluster_paraphrase_hdbscan_2,0.5,3,6,0,0,1
290,6.5,13,2,cluster_paraphrase_hdbscan_2,0.8,4,5,4,4,1
291,1,2,2,cluster_paraphrase_hdbscan_2,4,8,2,4,4,1
292,1,2,2,cluster_paraphrase_hdbscan_2,1.4,7,5,0,0,1
293,1,3,3,cluster_paraphrase_hdbscan_2,1.875,15,8,0,0,1
294,6.5,13,2,cluster_paraphrase_hdbscan_2,6.25,25,4,0,0,1
295,1,2,2,cluster_paraphrase_hdbscan_2,1.285714286,9,7,0,0,1
296,1.5,3,2,cluster_paraphrase_hdbscan_2,1.5,6,4,0,0,1
297,0,0,2,cluster_paraphrase_hdbscan_2,1,6,6,0,0,1
298,0.5,1,2,cluster_paraphrase_hdbscan_2,2,14,7,0,0,1
299,0,0,1,cluster_paraphrase_hdbscan_2,0.5,2,4,0,0,1
300,0.5,1,2,cluster_paraphrase_hdbscan_2,0.285714286,2,7,0,0,1
301,1,2,2,cluster_paraphrase_hdbscan_2,2.428571429,17,7,0,0,1
302,1,3,3,cluster_paraphrase_hdbscan_2,0.777777778,7,9,9,9,1
303,1,1,1,cluster_paraphrase_hdbscan_2,1.333333333,4,3,0,0,1
304,1.333333333,4,3,cluster_paraphrase_hdbscan_2,1.571428571,11,7,5,5,1
305,6.5,13,2,cluster_paraphrase_hdbscan_2,2.75,11,4,3,3,1
306,0.5,1,2,cluster_paraphrase_hdbscan_2,0.666666667,4,6,0,0,1
307,1,2,2,cluster_paraphrase_hdbscan_2,0.928571429,13,14,0,0,1
308,0.75,3,4,cluster_paraphrase_hdbscan_2,0.384615385,5,13,0,0,1
309,0,0,1,cluster_paraphrase_hdbscan_2,0.571428571,4,7,0,0,1
310,1.333333333,4,3,cluster_paraphrase_hdbscan_2,0.5,2,4,0,0,1
311,2,4,2,cluster_paraphrase_hdbscan_2,1.4,7,5,0,0,1
312,0.333333333,1,3,cluster_paraphrase_hdbscan_2,1.083333333,13,12,0,0,1
313,1,1,1,cluster_paraphrase_hdbscan_2,1,16,16,0,0,1
314,1,3,3,cluster_paraphrase_hdbscan_2,0.6,3,5,0,0,1
315,3,6,2,cluster_paraphrase_hdbscan_2,1.777777778,16,9,5,5,1
316,1,2,2,cluster_paraphrase_hdbscan_2,1.8,9,5,0,0,1
317,2,2,1,cluster_paraphrase_hdbscan_2,0.75,3,4,0,0,1
318,1.333333333,4,3,cluster_paraphrase_hdbscan_2,1.1,11,10,0,0,1
319,2,2,1,cluster_paraphrase_hdbscan_2,1,12,12,4,4,1
320,0,0,3,cluster_paraphrase_hdbscan_2,0.888888889,8,9,0,0,1
321,0.666666667,2,3,cluster_paraphrase_hdbscan_2,1.142857143,8,7,0,0,1
322,0.5,1,2,cluster_paraphrase_hdbscan_2,3.2,16,5,4,4,1
323,2.333333333,7,3,cluster_paraphrase_hdbscan_2,0.875,7,8,0,0,1
324,0,0,3,cluster_paraphrase_hdbscan_2,0.25,1,4,0,0,1
325,0.666666667,2,3,cluster_paraphrase_hdbscan_2,0.4,4,10,0,0,1
326,1.5,3,2,cluster_paraphrase_hdbscan_2,1.125,9,8,4,4,1
327,1,2,2,cluster_paraphrase_hdbscan_2,1.2,12,10,0,0,1
328,1,2,2,cluster_paraphrase_hdbscan_2,1.307692308,17,13,1,1,1
329,0.5,1,2,cluster_paraphrase_hdbscan_2,1.142857143,8,7,0,0,1
330,0.5,1,2,cluster_paraphrase_hdbscan_2,0.2,1,5,0,0,1
331,0.5,1,2,cluster_paraphrase_hdbscan_2,1,6,6,0,0,1
332,1,2,2,cluster_paraphrase_hdbscan_2,1.090909091,12,11,0,0,1
333,1,2,2,cluster_paraphrase_hdbscan_2,1,7,7,10,10,1
334,1.666666667,5,3,cluster_paraphrase_hdbscan_2,0.571428571,4,7,0,0,1
335,0.5,1,2,cluster_paraphrase_hdbscan_2,0.833333333,5,6,3,3,1
336,0.5,1,2,cluster_paraphrase_hdbscan_2,1.142857143,8,7,0,0,1
337,3,6,2,cluster_paraphrase_hdbscan_2,1,6,6,0,0,1
338,0.5,1,2,cluster_paraphrase_hdbscan_2,0.428571429,3,7,5,5,1
339,0.5,1,2,cluster_paraphrase_hdbscan_2,0.75,3,4,0,0,1
340,0,0,3,cluster_paraphrase_hdbscan_2,0.857142857,6,7,0,0,1
341,2,2,1,cluster_paraphrase_hdbscan_2,1.8,9,5,0,0,1
342,2,2,1,cluster_paraphrase_hdbscan_2,0.75,3,4,0,0,1
343,1,2,2,cluster_paraphrase_hdbscan_2,1.571428571,11,7,0,0,1
344,1,2,2,cluster_paraphrase_hdbscan_2,1.230769231,16,13,0,0,1
345,0,0,2,cluster_paraphrase_hdbscan_2,1.166666667,7,6,0,0,1
346,0,0,1,cluster_paraphrase_hdbscan_2,0.25,1,4,0,0,1
347,2.666666667,8,3,cluster_paraphrase_hdbscan_2,1.636363636,18,11,5,5,1
348,3.5,7,2,cluster_paraphrase_hdbscan_2,1.166666667,7,6,0,0,1
349,5.5,11,2,cluster_paraphrase_hdbscan_2,2,38,19,0,0,1
350,0,0,2,cluster_paraphrase_hdbscan_2,1.75,14,8,0,0,1
351,1.25,5,4,cluster_paraphrase_hdbscan_2,0.714285714,5,7,0,0,1
352,2,4,2,cluster_paraphrase_hdbscan_2,2,10,5,5,5,1
353,0,0,1,cluster_paraphrase_hdbscan_2,1.5,9,6,0,0,1
354,1,2,2,cluster_paraphrase_hdbscan_2,1,6,6,0,0,1
355,0,0,2,cluster_paraphrase_hdbscan_2,0.5,3,6,2,2,1
356,1,3,3,cluster_paraphrase_hdbscan_2,0.444444444,4,9,0,0,1
357,0.666666667,2,3,cluster_paraphrase_hdbscan_2,1.038461538,27,26,0,0,1
358,0.5,1,2,cluster_paraphrase_hdbscan_2,2,26,13,0,0,1
359,1,1,1,cluster_paraphrase_hdbscan_2,0.9,9,10,0,0,1
360,1,2,2,cluster_paraphrase_hdbscan_2,2.333333333,14,6,0,0,1
361,0.5,1,2,cluster_paraphrase_hdbscan_2,0.909090909,10,11,2,2,1
362,1,3,3,cluster_paraphrase_hdbscan_2,1.125,9,8,0,0,1
363,1,3,3,cluster_paraphrase_hdbscan_2,0.6,3,5,0,0,1
364,1.5,3,2,cluster_paraphrase_hdbscan_2,0.4,2,5,0,0,1
365,0.5,1,2,cluster_paraphrase_hdbscan_2,0.2,1,5,0,0,1
366,1.5,3,2,cluster_paraphrase_hdbscan_2,0.428571429,3,7,0,0,1
367,1.25,5,4,cluster_paraphrase_hdbscan_2,0.714285714,5,7,0,0,1
368,0.5,1,2,cluster_paraphrase_hdbscan_2,0.75,3,4,0,0,1
369,2.5,5,2,cluster_paraphrase_hdbscan_2,2,8,4,0,0,1
370,0,0,3,cluster_paraphrase_hdbscan_2,1.454545455,16,11,10,10,1
371,2,2,1,cluster_paraphrase_hdbscan_2,1.4,7,5,0,0,1
372,2.333333333,7,3,cluster_paraphrase_hdbscan_2,0.9,18,20,0,0,1
373,0.333333333,1,3,cluster_paraphrase_hdbscan_2,0.714285714,5,7,0,0,1
374,1,3,3,cluster_paraphrase_hdbscan_2,1,6,6,0,0,1
375,0,0,3,cluster_paraphrase_hdbscan_2,1.428571429,10,7,0,0,1
376,0.5,1,2,cluster_paraphrase_hdbscan_2,1.8,9,5,0,0,1
377,2.333333333,7,3,cluster_paraphrase_hdbscan_2,1.285714286,9,7,0,0,1
378,1,2,2,cluster_paraphrase_hdbscan_2,1.555555556,14,9,0,0,1
379,0.5,1,2,cluster_paraphrase_hdbscan_2,3,6,2,0,0,1
380,1.5,3,2,cluster_paraphrase_hdbscan_2,2.333333333,21,9,0,0,1
381,1.5,3,2,cluster_paraphrase_hdbscan_2,1.5,3,2,0,0,1
382,0.666666667,2,3,cluster_paraphrase_hdbscan_2,0.833333333,5,6,0,0,1
383,4.5,9,2,cluster_paraphrase_hdbscan_2,2.333333333,21,9,0,0,1
384,0.5,1,2,cluster_paraphrase_hdbscan_2,0.4,2,5,0,0,1
385,0.5,2,4,cluster_paraphrase_hdbscan_2,0.428571429,3,7,3,3,1
386,4.5,9,2,cluster_paraphrase_hdbscan_2,2.75,11,4,0,0,1
387,0.5,1,2,cluster_paraphrase_hdbscan_2,0.857142857,6,7,0,0,1
388,0.333333333,1,3,cluster_paraphrase_hdbscan_2,2,14,7,4,4,1
389,2,4,2,cluster_paraphrase_hdbscan_2,3.8,19,5,0,0,1
390,0.5,1,2,cluster_paraphrase_hdbscan_2,1.777777778,16,9,0,0,1
391,0.5,1,2,cluster_paraphrase_hdbscan_2,0.875,7,8,0,0,1
392,2.5,5,2,cluster_paraphrase_hdbscan_2,1.222222222,11,9,0,0,1
393,0.333333333,1,3,cluster_paraphrase_hdbscan_2,1.615384615,21,13,0,0,1
394,2,6,3,cluster_paraphrase_hdbscan_2,1.375,11,8,0,0,1
395,2,2,1,cluster_paraphrase_hdbscan_2,0.25,2,8,0,0,1
396,2,6,3,cluster_paraphrase_hdbscan_2,0.5,4,8,6,6,1
397,0.666666667,2,3,cluster_paraphrase_hdbscan_2,1.470588235,25,17,0,0,1
398,0,0,3,cluster_paraphrase_hdbscan_2,0.666666667,6,9,0,0,1
399,21.5,43,2,cluster_paraphrase_hdbscan_2,0,0,1,5,5,1
400,3,3,1,cluster_paraphrase_hdbscan_2,0.444444444,4,9,0,0,1
401,0.5,1,2,cluster_paraphrase_hdbscan_2,1,7,7,5,5,1
402,3.5,7,2,cluster_paraphrase_hdbscan_2,1.2,6,5,0,0,1
403,2.666666667,8,3,cluster_paraphrase_hdbscan_2,0.571428571,4,7,0,0,1
404,1,2,2,cluster_paraphrase_hdbscan_2,1.4,14,10,0,0,1
405,0,0,2,cluster_paraphrase_hdbscan_2,1,6,6,0,0,1
406,1,2,2,cluster_paraphrase_hdbscan_2,2.111111111,19,9,0,0,1
407,0.666666667,2,3,cluster_paraphrase_hdbscan_2,2,12,6,15,15,1
408,1.333333333,4,3,cluster_paraphrase_hdbscan_2,1,6,6,6,6,1
409,0.5,1,2,cluster_paraphrase_hdbscan_2,0.25,1,4,0,0,1
410,1.666666667,5,3,cluster_paraphrase_hdbscan_2,1,8,8,0,0,1
411,4,4,1,cluster_paraphrase_hdbscan_2,0.25,2,8,0,0,1
412,1,3,3,cluster_paraphrase_hdbscan_2,0.625,5,8,5,5,1
413,1.333333333,4,3,cluster_paraphrase_hdbscan_2,0.75,3,4,0,0,1
414,0,0,2,cluster_paraphrase_hdbscan_2,1,5,5,0,0,1
415,1,3,3,cluster_paraphrase_hdbscan_2,1.5,12,8,5,5,1
416,1,2,2,cluster_paraphrase_hdbscan_2,0.571428571,4,7,0,0,1
417,0,0,2,cluster_paraphrase_hdbscan_2,0,0,1,0,0,1
418,0,0,1,cluster_paraphrase_hdbscan_2,2.5,10,4,6,6,1
419,0,0,3,cluster_paraphrase_hdbscan_2,2,2,1,0,0,1
420,1.5,3,2,cluster_paraphrase_hdbscan_2,1.333333333,4,3,0,0,1
421,0,0,3,cluster_paraphrase_hdbscan_2,0,0,5,0,0,1
422,1,2,2,cluster_paraphrase_hdbscan_2,0.6,3,5,4,4,1
423,0.5,1,2,cluster_paraphrase_hdbscan_2,0.857142857,6,7,0,0,1
424,1,2,2,cluster_paraphrase_hdbscan_2,1,3,3,0,0,1
425,1,2,2,cluster_paraphrase_hdbscan_2,1.166666667,7,6,0,0,1
426,3.5,7,2,cluster_paraphrase_hdbscan_2,0.857142857,6,7,0,0,1
427,2.5,5,2,cluster_paraphrase_hdbscan_2,2.333333333,14,6,0,0,1
428,0.333333333,1,3,cluster_paraphrase_hdbscan_2,0.333333333,1,3,0,0,1
429,0,0,1,cluster_paraphrase_hdbscan_2,0.125,1,8,0,0,1
430,1,2,2,cluster_paraphrase_hdbscan_2,1.071428571,15,14,0,0,1
431,1.5,3,2,cluster_paraphrase_hdbscan_2,0.857142857,6,7,2,2,1
432,1.666666667,5,3,cluster_paraphrase_hdbscan_2,1.5,6,4,0,0,1
433,1.5,3,2,cluster_paraphrase_hdbscan_2,1,6,6,0,0,1
434,0.5,1,2,cluster_paraphrase_hdbscan_2,3.25,13,4,5,5,1
435,2,2,1,cluster_paraphrase_hdbscan_2,0.666666667,10,15,0,0,1
436,0.5,1,2,cluster_paraphrase_hdbscan_2,1.333333333,8,6,0,0,1
437,2.666666667,8,3,cluster_paraphrase_hdbscan_2,7,14,2,0,0,1
438,0.5,1,2,cluster_paraphrase_hdbscan_2,1.363636364,15,11,0,0,1
439,0.333333333,1,3,cluster_paraphrase_hdbscan_2,0.571428571,4,7,5,5,1
440,0.5,1,2,cluster_paraphrase_hdbscan_2,1,6,6,0,0,1
441,1.5,3,2,cluster_paraphrase_hdbscan_2,1,8,8,2,2,1
442,0.5,1,2,cluster_paraphrase_hdbscan_2,0.5,2,4,0,0,1
443,1,2,2,cluster_paraphrase_hdbscan_2,0.666666667,6,9,0,0,1
444,0,0,3,cluster_paraphrase_hdbscan_2,0.2,1,5,0,0,1
445,1,2,2,cluster_paraphrase_hdbscan_2,1.5,3,2,4,4,1
446,1.5,3,2,cluster_paraphrase_hdbscan_2,1.8,9,5,2,2,1
447,1,3,3,cluster_paraphrase_hdbscan_2,0.75,3,4,4,4,1
448,2.333333333,7,3,cluster_paraphrase_hdbscan_2,2.25,9,4,4,4,1
449,3,6,2,cluster_paraphrase_hdbscan_2,1.571428571,11,7,0,0,1
450,0,0,1,cluster_paraphrase_hdbscan_2,0.25,2,8,0,0,1
451,3.5,7,2,cluster_paraphrase_hdbscan_2,1.909090909,21,11,0,0,1
452,0,0,1,cluster_paraphrase_hdbscan_2,2,6,3,1,1,1
453,4,8,2,cluster_paraphrase_hdbscan_2,0.833333333,5,6,0,0,1
454,0,0,2,cluster_paraphrase_hdbscan_2,1.454545455,16,11,5,5,1
455,3.5,7,2,cluster_paraphrase_hdbscan_2,1.7,17,10,10,10,1
456,1,2,2,cluster_paraphrase_hdbscan_2,0.6,3,5,0,0,1
457,0.5,1,2,cluster_paraphrase_hdbscan_2,1.294117647,22,17,0,0,1
458,3,3,1,cluster_paraphrase_hdbscan_2,1.333333333,8,6,0,0,1
459,0.333333333,1,3,cluster_paraphrase_hdbscan_2,0.875,7,8,0,0,1
460,0.5,1,2,cluster_paraphrase_hdbscan_2,0.529411765,9,17,0,0,1
461,0.5,1,2,cluster_paraphrase_hdbscan_2,1.3,13,10,5,5,1
462,1,2,2,cluster_paraphrase_hdbscan_2,0.8,4,5,0,0,1
463,1,4,4,cluster_paraphrase_hdbscan_2,0.571428571,4,7,2,2,1
464,0.666666667,2,3,cluster_paraphrase_hdbscan_2,0.1,1,10,0,0,1
465,2.5,5,2,cluster_paraphrase_hdbscan_2,0.5,2,4,0,0,1
466,1,2,2,cluster_paraphrase_hdbscan_2,0.714285714,5,7,0,0,1
467,0.5,1,2,cluster_paraphrase_hdbscan_2,0.625,5,8,0,0,1
468,0.333333333,1,3,cluster_paraphrase_hdbscan_2,0.6,3,5,0,0,1
469,2,4,2,cluster_paraphrase_hdbscan_2,0.75,6,8,0,0,1
470,0,0,1,cluster_paraphrase_hdbscan_2,1.6,8,5,0,0,1
471,3,3,1,cluster_paraphrase_hdbscan_2,0.875,21,24,5,5,1
472,4,8,2,cluster_paraphrase_hdbscan_2,1.3,13,10,0,0,1
473,0,0,2,cluster_paraphrase_hdbscan_2,0.882352941,15,17,0,0,1
474,0.5,1,2,cluster_paraphrase_hdbscan_2,0.416666667,5,12,0,0,1
475,1,2,2,cluster_paraphrase_hdbscan_2,1.423076923,37,26,0,0,1
476,1,2,2,cluster_paraphrase_hdbscan_2,1.142857143,8,7,0,0,1
477,2.5,5,2,cluster_paraphrase_hdbscan_2,1,2,2,0,0,1
478,0.5,1,2,cluster_paraphrase_hdbscan_2,1.043478261,24,23,0,0,1
479,1,2,2,cluster_paraphrase_hdbscan_2,1.692307692,22,13,0,0,1
480,1,2,2,cluster_paraphrase_hdbscan_2,0.846153846,11,13,8,8,1
481,1,2,2,cluster_paraphrase_hdbscan_2,0.454545455,10,22,0,0,1
482,0.333333333,1,3,cluster_paraphrase_hdbscan_2,0.5,6,12,0,0,1
483,3,6,2,cluster_paraphrase_hdbscan_2,1.384615385,18,13,0,0,1
484,1,4,4,cluster_paraphrase_hdbscan_2,1.148148148,31,27,4,4,1
485,0.25,1,4,cluster_paraphrase_hdbscan_2,0.62962963,17,27,0,0,1
486,2.5,5,2,cluster_paraphrase_hdbscan_2,1.333333333,8,6,0,0,1
487,2,2,1,cluster_paraphrase_hdbscan_2,1,9,9,0,0,1
488,0,0,3,cluster_paraphrase_hdbscan_2,0.375,3,8,2,2,1
489,0.5,1,2,cluster_paraphrase_hdbscan_2,0.666666667,4,6,0,0,1
490,2.5,5,2,cluster_paraphrase_hdbscan_2,1.666666667,10,6,3,3,1
491,0.5,1,2,cluster_paraphrase_hdbscan_2,0,0,3,0,0,1
492,2.5,5,2,cluster_paraphrase_hdbscan_2,2,12,6,0,0,1
493,1.5,3,2,cluster_paraphrase_hdbscan_2,0.777777778,7,9,0,0,1
494,0.666666667,2,3,cluster_paraphrase_hdbscan_2,1.142857143,8,7,4,4,1
495,0.666666667,2,3,cluster_paraphrase_hdbscan_2,0.666666667,16,24,12,12,1
496,1.5,3,2,cluster_paraphrase_hdbscan_2,1.142857143,8,7,0,0,1
497,0.666666667,2,3,cluster_paraphrase_hdbscan_2,0.833333333,10,12,0,0,1
498,3,6,2,cluster_paraphrase_hdbscan_2,0.5,2,4,0,0,1
499,1.5,3,2,cluster_paraphrase_hdbscan_2,1.25,15,12,0,0,1
500,0.5,1,2,cluster_paraphrase_hdbscan_2,1.5,9,6,0,0,1
501,1.5,3,2,cluster_paraphrase_hdbscan_2,1,6,6,0,0,1
502,2,4,2,cluster_paraphrase_hdbscan_2,1.6,8,5,0,0,1
503,3,9,3,cluster_paraphrase_hdbscan_2,2.857142857,20,7,1,1,1
504,1,2,2,cluster_paraphrase_hdbscan_2,1,5,5,0,0,1
505,2.5,5,2,cluster_paraphrase_hdbscan_2,0.25,1,4,0,0,1
506,0,0,2,cluster_paraphrase_hdbscan_2,0.666666667,4,6,0,0,1
507,0,0,2,cluster_paraphrase_hdbscan_2,1.090909091,12,11,0,0,1
508,1.5,3,2,cluster_paraphrase_hdbscan_2,1.5,12,8,0,0,1
509,0,0,2,cluster_paraphrase_hdbscan_2,1,22,22,0,0,1
510,0.5,1,2,cluster_paraphrase_hdbscan_2,0.615384615,8,13,0,0,1
511,4,8,2,cluster_paraphrase_hdbscan_2,0,0,8,0,0,1
512,1,2,2,cluster_paraphrase_hdbscan_2,0.642857143,9,14,0,0,1
513,0.5,1,2,cluster_paraphrase_hdbscan_2,0.428571429,3,7,0,0,1
514,1.5,3,2,cluster_paraphrase_hdbscan_2,1.5,12,8,0,0,1
515,1,3,3,cluster_paraphrase_hdbscan_2,0.75,9,12,0,0,1
516,3,3,1,cluster_paraphrase_hdbscan_2,0.714285714,10,14,0,0,1
517,0.333333333,1,3,cluster_paraphrase_hdbscan_2,0.375,3,8,0,0,1
518,0.5,2,4,cluster_paraphrase_hdbscan_2,0.736842105,14,19,0,0,1
519,2.5,5,2,cluster_paraphrase_hdbscan_2,1,7,7,0,0,1
520,1,2,2,cluster_paraphrase_hdbscan_2,1.833333333,11,6,1,1,1
521,1.5,3,2,cluster_paraphrase_hdbscan_2,0.928571429,13,14,0,0,1
522,0.5,1,2,cluster_paraphrase_hdbscan_2,0.777777778,14,18,0,0,1
523,1,2,2,cluster_paraphrase_hdbscan_2,2,12,6,0,0,1
524,0.666666667,2,3,cluster_paraphrase_hdbscan_2,0.555555556,5,9,0,0,1
525,1,2,2,cluster_paraphrase_hdbscan_2,1.384615385,18,13,0,0,1
526,2.5,5,2,cluster_paraphrase_hdbscan_2,1.333333333,8,6,0,0,1
527,2,2,1,cluster_paraphrase_hdbscan_2,1.375,11,8,0,0,1
528,2,4,2,cluster_paraphrase_hdbscan_2,1.166666667,7,6,0,0,1
529,1,2,2,cluster_paraphrase_hdbscan_2,1.3,13,10,0,0,1
530,0.5,1,2,cluster_paraphrase_hdbscan_2,0.857142857,42,49,5,5,1
531,5,5,1,cluster_paraphrase_hdbscan_2,2,12,6,0,0,1
532,1.333333333,4,3,cluster_paraphrase_hdbscan_2,0.875,14,16,0,0,1
533,2.5,5,2,cluster_paraphrase_hdbscan_2,1.090909091,36,33,0,0,1
534,2,4,2,cluster_paraphrase_hdbscan_2,0.754716981,40,53,0,0,1
535,1,2,2,cluster_paraphrase_hdbscan_2,1,4,4,0,0,1
536,5,10,2,cluster_paraphrase_hdbscan_2,2.714285714,19,7,2,2,1
537,1,1,1,cluster_paraphrase_hdbscan_2,1,6,6,1,1,1
538,2.5,5,2,cluster_paraphrase_hdbscan_2,1.125,9,8,0,0,1
539,1,3,3,cluster_paraphrase_hdbscan_2,0.8,4,5,0,0,1
540,0.333333333,1,3,cluster_paraphrase_hdbscan_2,0.333333333,2,6,1,1,1
541,0.666666667,2,3,cluster_paraphrase_hdbscan_2,1,8,8,0,0,1
-1,2.5,5,2,cluster_paraphrase_hdbscan_30,1.875,15,8,,,
0,0.6,3,5,cluster_paraphrase_hdbscan_30,4.5,18,4,0,0,1
1,1.333333333,4,3,cluster_paraphrase_hdbscan_30,0.666666667,6,9,0,0,1
-1,0.5,1,2,cluster_paraphrase_hdbscan_35,2,14,7,,,
0,1.5,6,4,cluster_paraphrase_hdbscan_35,4.5,18,4,0,0,1
1,1.5,3,2,cluster_paraphrase_hdbscan_35,0.666666667,6,9,0,0,1
-1,1.5,3,2,cluster_paraphrase_hdbscan_40,1.625,13,8,,,
0,1,2,2,cluster_paraphrase_hdbscan_40,0.5,4,8,5,5,1
1,2,4,2,cluster_paraphrase_hdbscan_40,1.090909091,12,11,0,0,1
2,1,3,3,cluster_paraphrase_hdbscan_40,1.25,10,8,0,0,1
3,0.666666667,2,3,cluster_paraphrase_hdbscan_40,0.875,7,8,0,0,1
4,0,0,2,cluster_paraphrase_hdbscan_40,1.1,22,20,0,0,1
5,,0,0,cluster_paraphrase_hdbscan_40,0.590909091,13,22,2,2,1
6,1.75,7,4,cluster_paraphrase_hdbscan_40,0.888888889,8,9,0,0,1
7,2.5,5,2,cluster_paraphrase_hdbscan_40,2,14,7,0,0,1
8,0,0,3,cluster_paraphrase_hdbscan_40,1.571428571,11,7,5,5,1
9,0,0,1,cluster_paraphrase_hdbscan_40,1.375,11,8,0,0,1
10,1,2,2,cluster_paraphrase_hdbscan_40,0.888888889,8,9,0,0,1
11,1.333333333,4,3,cluster_paraphrase_hdbscan_40,0.714285714,5,7,0,0,1
-1,2,6,3,cluster_paraphrase_hdbscan_45,1.5,9,6,,,
0,0.5,2,4,cluster_paraphrase_hdbscan_45,0.5,4,8,5,5,1
1,1,3,3,cluster_paraphrase_hdbscan_45,1.090909091,12,11,0,0,1
2,1,4,4,cluster_paraphrase_hdbscan_45,1,8,8,0,0,1
3,1,3,3,cluster_paraphrase_hdbscan_45,0.7,7,10,0,0,1
4,2.5,5,2,cluster_paraphrase_hdbscan_45,1.571428571,11,7,0,0,1
5,2.25,9,4,cluster_paraphrase_hdbscan_45,0.888888889,8,9,0,0,1
6,1.75,7,4,cluster_paraphrase_hdbscan_45,0.2,1,5,0,0,1
-1,3.333333333,10,3,cluster_paraphrase_hdbscan_50,1.333333333,12,9,,,
0,0.333333333,1,3,cluster_paraphrase_hdbscan_50,0.5,4,8,5,5,1
1,1.333333333,4,3,cluster_paraphrase_hdbscan_50,1.090909091,12,11,0,0,1
2,1.2,6,5,cluster_paraphrase_hdbscan_50,0.714285714,10,14,0,0,1
3,3.666666667,11,3,cluster_paraphrase_hdbscan_50,0.888888889,8,9,0,0,1
4,1.666666667,5,3,cluster_paraphrase_hdbscan_50,0.2,1,5,0,0,1
5,0.333333333,1,3,cluster_paraphrase_hdbscan_50,0.571428571,12,21,2,2,1
6,1,2,2,cluster_paraphrase_hdbscan_50,1.666666667,10,6,0,0,1
-1,2,4,2,cluster_paraphrase_hdbscan_55,1,9,9,,,
0,2,4,2,cluster_paraphrase_hdbscan_55,0.5,4,8,5,5,1
1,2.666666667,8,3,cluster_paraphrase_hdbscan_55,0.714285714,10,14,0,0,1
2,1.333333333,4,3,cluster_paraphrase_hdbscan_55,1.090909091,12,11,0,0,1
3,2.666666667,8,3,cluster_paraphrase_hdbscan_55,0.2,1,5,0,0,1
4,3.333333333,10,3,cluster_paraphrase_hdbscan_55,0.888888889,8,9,0,0,1
5,0,0,1,cluster_paraphrase_hdbscan_55,1.666666667,10,6,0,0,1
6,0.666666667,2,3,cluster_paraphrase_hdbscan_55,0.590909091,13,22,2,2,1
-1,0.5,1,2,cluster_paraphrase_hdbscan_60,1.428571429,10,7,,,
0,1,2,2,cluster_paraphrase_hdbscan_60,0.5,4,8,5,5,1
1,0.333333333,1,3,cluster_paraphrase_hdbscan_60,0.2,1,5,0,0,1
2,0,0,2,cluster_paraphrase_hdbscan_60,0.714285714,10,14,0,0,1
3,2,4,2,cluster_paraphrase_hdbscan_60,1.090909091,12,11,0,0,1
4,5.333333333,16,3,cluster_paraphrase_hdbscan_60,1,9,9,0,0,1
5,1.5,3,2,cluster_paraphrase_hdbscan_60,1.1,11,10,0,0,1
0,4.5,9,2,cluster_paraphrase_kmeans_10,1.333333333,8,6,0,0,1
1,5.5,11,2,cluster_paraphrase_kmeans_10,1.0625,17,16,0,0,1
2,1.666666667,5,3,cluster_paraphrase_kmeans_10,0.555555556,5,9,0,0,1
3,0.75,3,4,cluster_paraphrase_kmeans_10,2.166666667,13,6,0,0,1
4,1,2,2,cluster_paraphrase_kmeans_10,1.3125,21,16,0,0,1
5,0.666666667,2,3,cluster_paraphrase_kmeans_10,0.833333333,5,6,12,12,1
6,0,0,1,cluster_paraphrase_kmeans_10,1.090909091,12,11,0,0,1
7,1,2,2,cluster_paraphrase_kmeans_10,1.666666667,10,6,0,0,1
8,0.333333333,1,3,cluster_paraphrase_kmeans_10,1.3125,21,16,0,0,1
9,1,3,3,cluster_paraphrase_kmeans_10,1.5,9,6,0,0,1
0,1.5,6,4,cluster_paraphrase_kmeans_15,1.6,8,5,0,0,1
1,0.5,1,2,cluster_paraphrase_kmeans_15,1.111111111,10,9,0,0,1
2,0.666666667,2,3,cluster_paraphrase_kmeans_15,0.545454545,6,11,0,0,1
3,1,2,2,cluster_paraphrase_kmeans_15,2.166666667,13,6,0,0,1
4,2,4,2,cluster_paraphrase_kmeans_15,1.3125,21,16,4,4,1
5,0.857142857,6,7,cluster_paraphrase_kmeans_15,0.333333333,1,3,1,1,1
6,7,21,3,cluster_paraphrase_kmeans_15,0.666666667,6,9,4,4,1
7,1,3,3,cluster_paraphrase_kmeans_15,1.666666667,10,6,0,0,1
8,,0,0,cluster_paraphrase_kmeans_15,1.3125,21,16,0,0,1
9,1.5,3,2,cluster_paraphrase_kmeans_15,1.833333333,11,6,0,0,1
10,1,3,3,cluster_paraphrase_kmeans_15,1.5,12,8,0,0,1
11,0.666666667,2,3,cluster_paraphrase_kmeans_15,0.75,6,8,0,0,1
12,2.5,5,2,cluster_paraphrase_kmeans_15,1.090909091,12,11,0,0,1
13,4,8,2,cluster_paraphrase_kmeans_15,1.428571429,10,7,8,8,1
14,0.75,3,4,cluster_paraphrase_kmeans_15,2.6,13,5,10,10,1
0,5.333333333,16,3,cluster_paraphrase_kmeans_20,2.166666667,13,6,0,0,1
1,3,3,1,cluster_paraphrase_kmeans_20,0.846153846,11,13,0,0,1
2,2,6,3,cluster_paraphrase_kmeans_20,0.888888889,8,9,0,0,1
3,0.6,3,5,cluster_paraphrase_kmeans_20,0.777777778,7,9,0,0,1
4,,0,0,cluster_paraphrase_kmeans_20,0.944444444,17,18,0,0,1
5,0.5,2,4,cluster_paraphrase_kmeans_20,0.4,2,5,0,0,1
6,0.5,2,4,cluster_paraphrase_kmeans_20,0.833333333,5,6,4,4,1
7,1,2,2,cluster_paraphrase_kmeans_20,0.857142857,6,7,5,5,1
8,0.5,2,4,cluster_paraphrase_kmeans_20,1,12,12,0,0,1
9,1,3,3,cluster_paraphrase_kmeans_20,1.333333333,8,6,0,0,1
10,0.666666667,2,3,cluster_paraphrase_kmeans_20,1.111111111,10,9,20,20,1
11,0.5,1,2,cluster_paraphrase_kmeans_20,1,6,6,0,0,1
12,1,2,2,cluster_paraphrase_kmeans_20,2.111111111,19,9,0,0,1
13,0.666666667,2,3,cluster_paraphrase_kmeans_20,0.625,5,8,0,0,1
14,1,3,3,cluster_paraphrase_kmeans_20,2.6,13,5,0,0,1
15,1,4,4,cluster_paraphrase_kmeans_20,1.285714286,9,7,0,0,1
16,1.5,3,2,cluster_paraphrase_kmeans_20,0.666666667,6,9,0,0,1
17,2.5,5,2,cluster_paraphrase_kmeans_20,1.090909091,12,11,8,8,1
18,1.666666667,5,3,cluster_paraphrase_kmeans_20,1.625,13,8,6,6,1
19,0.333333333,1,3,cluster_paraphrase_kmeans_20,1.5,12,8,0,0,1
-1,1,2,2,cluster_t5_hdbscan_100,1.25,20,16,,,
0,0,0,3,cluster_t5_hdbscan_100,1.333333333,24,18,0,0,1
1,3.5,7,2,cluster_t5_hdbscan_100,0.666666667,6,9,0,0,1
-1,3,6,2,cluster_t5_hdbscan_2,0.666666667,8,12,,,
0,2,4,2,cluster_t5_hdbscan_2,1.583333333,19,12,0,0,1
1,0.5,1,2,cluster_t5_hdbscan_2,1.285714286,9,7,0,0,1
2,1.5,3,2,cluster_t5_hdbscan_2,10.75,43,4,8,8,1
3,0.5,1,2,cluster_t5_hdbscan_2,1,5,5,0,0,1
4,0,0,2,cluster_t5_hdbscan_2,0.5,4,8,0,0,1
5,0.666666667,2,3,cluster_t5_hdbscan_2,0.714285714,5,7,0,0,1
6,0,0,3,cluster_t5_hdbscan_2,0.25,2,8,6,6,1
7,4,8,2,cluster_t5_hdbscan_2,0.888888889,8,9,4,4,1
8,0.5,1,2,cluster_t5_hdbscan_2,0.222222222,2,9,4,4,1
9,2.5,5,2,cluster_t5_hdbscan_2,1.333333333,8,6,0,0,1
10,0.5,1,2,cluster_t5_hdbscan_2,3,3,1,0,0,1
11,2,2,1,cluster_t5_hdbscan_2,1.222222222,11,9,0,0,1
12,2.5,5,2,cluster_t5_hdbscan_2,1.25,5,4,4,4,1
13,1,2,2,cluster_t5_hdbscan_2,1.25,10,8,0,0,1
14,1.5,3,2,cluster_t5_hdbscan_2,1,4,4,0,0,1
15,0.5,1,2,cluster_t5_hdbscan_2,0.857142857,6,7,0,0,1
16,1,2,2,cluster_t5_hdbscan_2,0.4,2,5,0,0,1
17,2.333333333,7,3,cluster_t5_hdbscan_2,1.285714286,9,7,0,0,1
18,1,1,1,cluster_t5_hdbscan_2,2.2,11,5,0,0,1
19,1,2,2,cluster_t5_hdbscan_2,1.428571429,10,7,0,0,1
20,0.5,1,2,cluster_t5_hdbscan_2,0.5,2,4,0,0,1
21,4.5,9,2,cluster_t5_hdbscan_2,1,9,9,0,0,1
22,0,0,3,cluster_t5_hdbscan_2,0.5,3,6,0,0,1
23,1,2,2,cluster_t5_hdbscan_2,3.666666667,11,3,0,0,1
24,3,9,3,cluster_t5_hdbscan_2,2.5,10,4,0,0,1
25,0.5,2,4,cluster_t5_hdbscan_2,2,6,3,0,0,1
26,1,3,3,cluster_t5_hdbscan_2,3,15,5,15,15,1
27,1,3,3,cluster_t5_hdbscan_2,0.954545455,21,22,15,15,1
28,0.5,1,2,cluster_t5_hdbscan_2,1.666666667,10,6,0,0,1
29,0.5,1,2,cluster_t5_hdbscan_2,0.722222222,13,18,0,0,1
30,1,2,2,cluster_t5_hdbscan_2,2.166666667,13,6,0,0,1
31,2,6,3,cluster_t5_hdbscan_2,2.166666667,13,6,0,0,1
32,0,0,1,cluster_t5_hdbscan_2,1,4,4,0,0,1
33,2,4,2,cluster_t5_hdbscan_2,1.25,10,8,0,0,1
34,1.5,3,2,cluster_t5_hdbscan_2,1.25,5,4,5,5,1
35,1.5,3,2,cluster_t5_hdbscan_2,0.625,5,8,0,0,1
36,1,3,3,cluster_t5_hdbscan_2,0.75,6,8,0,0,1
37,0.666666667,2,3,cluster_t5_hdbscan_2,2,12,6,0,0,1
38,1,1,1,cluster_t5_hdbscan_2,0.571428571,4,7,0,0,1
39,0.5,1,2,cluster_t5_hdbscan_2,0.4,2,5,0,0,1
40,2,4,2,cluster_t5_hdbscan_2,1,8,8,0,0,1
41,1,2,2,cluster_t5_hdbscan_2,1.5,9,6,0,0,1
42,1.333333333,4,3,cluster_t5_hdbscan_2,1.5,9,6,4,4,1
43,0,0,2,cluster_t5_hdbscan_2,0.428571429,3,7,0,0,1
44,1.5,3,2,cluster_t5_hdbscan_2,0.666666667,6,9,0,0,1
45,0.5,1,2,cluster_t5_hdbscan_2,0.75,6,8,4,4,1
46,0.5,1,2,cluster_t5_hdbscan_2,0,0,7,0,0,1
47,1.5,3,2,cluster_t5_hdbscan_2,1,8,8,0,0,1
48,1.333333333,4,3,cluster_t5_hdbscan_2,0.6,3,5,0,0,1
49,3,6,2,cluster_t5_hdbscan_2,0.714285714,5,7,0,0,1
50,4,8,2,cluster_t5_hdbscan_2,2.875,23,8,0,0,1
51,0,0,1,cluster_t5_hdbscan_2,1,9,9,0,0,1
52,1,2,2,cluster_t5_hdbscan_2,1.75,7,4,2,2,1
53,2.5,5,2,cluster_t5_hdbscan_2,1.833333333,11,6,12,12,1
54,1,2,2,cluster_t5_hdbscan_2,1.428571429,20,14,2,2,1
55,2.5,5,2,cluster_t5_hdbscan_2,2,18,9,0,0,1
56,0,0,1,cluster_t5_hdbscan_2,0.666666667,4,6,0,0,1
57,1.5,3,2,cluster_t5_hdbscan_2,2,8,4,5,5,1
58,2,2,1,cluster_t5_hdbscan_2,1.142857143,8,7,0,0,1
59,1.333333333,4,3,cluster_t5_hdbscan_2,1.692307692,22,13,10,10,1
60,1,2,2,cluster_t5_hdbscan_2,0.666666667,6,9,0,0,1
61,12,12,1,cluster_t5_hdbscan_2,3.142857143,22,7,0,0,1
62,0.666666667,2,3,cluster_t5_hdbscan_2,0.714285714,5,7,0,0,1
63,0.6,3,5,cluster_t5_hdbscan_2,0.285714286,2,7,0,0,1
64,6.5,13,2,cluster_t5_hdbscan_2,1.428571429,10,7,0,0,1
65,1,2,2,cluster_t5_hdbscan_2,2.5,15,6,5,5,1
66,0.333333333,1,3,cluster_t5_hdbscan_2,1.375,11,8,0,0,1
67,0.5,1,2,cluster_t5_hdbscan_2,0.666666667,6,9,6,6,1
68,1.5,3,2,cluster_t5_hdbscan_2,0.75,9,12,0,0,1
69,2.5,5,2,cluster_t5_hdbscan_2,2.5,5,2,3,3,1
70,2,4,2,cluster_t5_hdbscan_2,1.875,15,8,5,5,1
71,1.5,3,2,cluster_t5_hdbscan_2,1.714285714,12,7,8,8,1
72,0.333333333,1,3,cluster_t5_hdbscan_2,0.75,3,4,0,0,1
73,1.5,3,2,cluster_t5_hdbscan_2,1.357142857,19,14,0,0,1
74,1,3,3,cluster_t5_hdbscan_2,4.333333333,13,3,4,4,1
75,0,0,2,cluster_t5_hdbscan_2,1.9,19,10,0,0,1
76,5,10,2,cluster_t5_hdbscan_2,1.333333333,8,6,0,0,1
77,0,0,3,cluster_t5_hdbscan_2,0.1,1,10,0,0,1
78,3,6,2,cluster_t5_hdbscan_2,0.947368421,18,19,0,0,1
79,1.5,3,2,cluster_t5_hdbscan_2,1.666666667,15,9,0,0,1
80,2.5,5,2,cluster_t5_hdbscan_2,1,8,8,0,0,1
81,1.5,3,2,cluster_t5_hdbscan_2,1,8,8,5,5,1
82,0.333333333,1,3,cluster_t5_hdbscan_2,1.133333333,17,15,0,0,1
83,2.5,5,2,cluster_t5_hdbscan_2,3,9,3,0,0,1
84,2,4,2,cluster_t5_hdbscan_2,1,9,9,4,4,1
85,6,6,1,cluster_t5_hdbscan_2,1.166666667,7,6,0,0,1
86,2.5,5,2,cluster_t5_hdbscan_2,1.166666667,7,6,0,0,1
87,0.666666667,2,3,cluster_t5_hdbscan_2,0.75,3,4,0,0,1
88,1,1,1,cluster_t5_hdbscan_2,1,6,6,0,0,1
89,1.5,3,2,cluster_t5_hdbscan_2,1.75,14,8,0,0,1
90,0,0,2,cluster_t5_hdbscan_2,1,6,6,0,0,1
91,1.5,3,2,cluster_t5_hdbscan_2,3.142857143,22,7,0,0,1
92,1,2,2,cluster_t5_hdbscan_2,0.625,5,8,0,0,1
93,1,3,3,cluster_t5_hdbscan_2,1.8,9,5,0,0,1
94,3.333333333,10,3,cluster_t5_hdbscan_2,1.4,14,10,0,0,1
95,1,2,2,cluster_t5_hdbscan_2,1,6,6,0,0,1
96,4.5,9,2,cluster_t5_hdbscan_2,2.25,27,12,0,0,1
97,0.666666667,2,3,cluster_t5_hdbscan_2,1.411764706,24,17,0,0,1
98,1.666666667,5,3,cluster_t5_hdbscan_2,1.488372093,64,43,0,0,1
99,2,6,3,cluster_t5_hdbscan_2,0.4,2,5,0,0,1
100,3,6,2,cluster_t5_hdbscan_2,2.230769231,29,13,4,4,1
101,2,6,3,cluster_t5_hdbscan_2,1.6,8,5,0,0,1
102,0,0,2,cluster_t5_hdbscan_2,1.166666667,14,12,5,5,1
103,0.5,1,2,cluster_t5_hdbscan_2,0.555555556,5,9,2,2,1
104,1,2,2,cluster_t5_hdbscan_2,0.75,6,8,0,0,1
105,0.5,1,2,cluster_t5_hdbscan_2,1.5,6,4,0,0,1
106,0.333333333,1,3,cluster_t5_hdbscan_2,1.5,24,16,4,4,1
107,2.333333333,7,3,cluster_t5_hdbscan_2,2.8,14,5,10,10,1
108,1,2,2,cluster_t5_hdbscan_2,1.217391304,28,23,0,0,1
109,0.5,1,2,cluster_t5_hdbscan_2,1,5,5,0,0,1
110,0.333333333,1,3,cluster_t5_hdbscan_2,1.428571429,10,7,2,2,1
111,2,4,2,cluster_t5_hdbscan_2,2.6,13,5,0,0,1
112,0,0,2,cluster_t5_hdbscan_2,1.6875,27,16,0,0,1
113,1.333333333,4,3,cluster_t5_hdbscan_2,0.375,6,16,4,4,1
114,0.666666667,2,3,cluster_t5_hdbscan_2,1.166666667,7,6,0,0,1
115,0,0,1,cluster_t5_hdbscan_2,0.333333333,2,6,0,0,1
116,2,4,2,cluster_t5_hdbscan_2,1.666666667,5,3,0,0,1
117,1,3,3,cluster_t5_hdbscan_2,0.571428571,4,7,0,0,1
118,0.333333333,1,3,cluster_t5_hdbscan_2,3.2,16,5,0,0,1
119,0.5,1,2,cluster_t5_hdbscan_2,0.625,5,8,10,10,1
120,1,3,3,cluster_t5_hdbscan_2,0.777777778,7,9,0,0,1
121,2,4,2,cluster_t5_hdbscan_2,1.2,6,5,0,0,1
122,1,2,2,cluster_t5_hdbscan_2,4,16,4,0,0,1
123,1,2,2,cluster_t5_hdbscan_2,1.444444444,13,9,0,0,1
124,0,0,2,cluster_t5_hdbscan_2,1.172413793,34,29,0,0,1
125,0.5,1,2,cluster_t5_hdbscan_2,0.818181818,9,11,5,5,1
126,4,12,3,cluster_t5_hdbscan_2,1.4,7,5,0,0,1
127,2.2,11,5,cluster_t5_hdbscan_2,2.285714286,16,7,0,0,1
128,1.333333333,4,3,cluster_t5_hdbscan_2,1.125,9,8,0,0,1
129,0.5,1,2,cluster_t5_hdbscan_2,0.5,3,6,0,0,1
130,5.666666667,17,3,cluster_t5_hdbscan_2,6.5,26,4,0,0,1
131,1,3,3,cluster_t5_hdbscan_2,0.666666667,6,9,7,7,1
132,1,2,2,cluster_t5_hdbscan_2,4.4,22,5,15,15,1
133,3,3,1,cluster_t5_hdbscan_2,4.8,24,5,0,0,1
134,1.5,3,2,cluster_t5_hdbscan_2,1,5,5,0,0,1
135,1,1,1,cluster_t5_hdbscan_2,0.857142857,6,7,9,9,1
136,1.666666667,5,3,cluster_t5_hdbscan_2,1.166666667,7,6,0,0,1
137,0,0,1,cluster_t5_hdbscan_2,2,10,5,0,0,1
138,3,6,2,cluster_t5_hdbscan_2,0.9,9,10,0,0,1
139,2.5,5,2,cluster_t5_hdbscan_2,1.111111111,10,9,10,10,1
140,1.333333333,4,3,cluster_t5_hdbscan_2,1,8,8,0,0,1
141,2,4,2,cluster_t5_hdbscan_2,0.714285714,5,7,5,5,1
142,1,2,2,cluster_t5_hdbscan_2,1.5,9,6,5,5,1
143,2.5,5,2,cluster_t5_hdbscan_2,1.2,12,10,0,0,1
144,1,2,2,cluster_t5_hdbscan_2,1.125,9,8,0,0,1
145,4,12,3,cluster_t5_hdbscan_2,1,5,5,0,0,1
146,1,2,2,cluster_t5_hdbscan_2,1.625,13,8,0,0,1
147,1.5,3,2,cluster_t5_hdbscan_2,0.75,3,4,0,0,1
148,0.666666667,2,3,cluster_t5_hdbscan_2,0.375,3,8,0,0,1
149,0.5,1,2,cluster_t5_hdbscan_2,0.5,3,6,0,0,1
150,1,2,2,cluster_t5_hdbscan_2,1.444444444,13,9,0,0,1
151,1,1,1,cluster_t5_hdbscan_2,1.571428571,11,7,0,0,1
152,1.5,3,2,cluster_t5_hdbscan_2,1,3,3,5,5,1
153,0.5,1,2,cluster_t5_hdbscan_2,0.833333333,5,6,0,0,1
154,0.666666667,2,3,cluster_t5_hdbscan_2,0.933333333,14,15,0,0,1
155,0.333333333,1,3,cluster_t5_hdbscan_2,1.3,26,20,10,10,1
156,1.666666667,5,3,cluster_t5_hdbscan_2,1.125,9,8,0,0,1
157,1,1,1,cluster_t5_hdbscan_2,2.5,10,4,0,0,1
158,5,10,2,cluster_t5_hdbscan_2,2.166666667,13,6,5,5,1
159,0,0,2,cluster_t5_hdbscan_2,0,0,3,0,0,1
160,1,2,2,cluster_t5_hdbscan_2,0.666666667,2,3,0,0,1
161,3.5,7,2,cluster_t5_hdbscan_2,2.666666667,16,6,0,0,1
162,1,1,1,cluster_t5_hdbscan_2,1.090909091,12,11,0,0,1
163,1,2,2,cluster_t5_hdbscan_2,1,10,10,0,0,1
164,1,2,2,cluster_t5_hdbscan_2,1,5,5,0,0,1
165,1.5,3,2,cluster_t5_hdbscan_2,1.666666667,10,6,5,5,1
166,2,2,1,cluster_t5_hdbscan_2,1.5,3,2,0,0,1
167,1,2,2,cluster_t5_hdbscan_2,1,20,20,0,0,1
168,0,0,3,cluster_t5_hdbscan_2,0.777777778,7,9,0,0,1
169,0,0,3,cluster_t5_hdbscan_2,0.428571429,3,7,0,0,1
170,1,3,3,cluster_t5_hdbscan_2,1.142857143,8,7,0,0,1
171,2,4,2,cluster_t5_hdbscan_2,1,6,6,4,4,1
172,1,3,3,cluster_t5_hdbscan_2,0.954545455,21,22,0,0,1
173,1,3,3,cluster_t5_hdbscan_2,1,6,6,0,0,1
174,5.5,11,2,cluster_t5_hdbscan_2,1.647058824,28,17,0,0,1
175,3.5,7,2,cluster_t5_hdbscan_2,1.473684211,28,19,4,4,1
176,1.333333333,4,3,cluster_t5_hdbscan_2,1.555555556,42,27,0,0,1
177,0.666666667,2,3,cluster_t5_hdbscan_2,1.769230769,23,13,0,0,1
178,0.5,1,2,cluster_t5_hdbscan_2,1,13,13,0,0,1
179,0,0,2,cluster_t5_hdbscan_2,1.642857143,23,14,0,0,1
180,1.666666667,5,3,cluster_t5_hdbscan_2,1.333333333,4,3,0,0,1
181,1.5,3,2,cluster_t5_hdbscan_2,1.210526316,23,19,0,0,1
182,1,2,2,cluster_t5_hdbscan_2,1.44,36,25,4,4,1
183,3.5,7,2,cluster_t5_hdbscan_2,1.32,33,25,0,0,1
184,1,2,2,cluster_t5_hdbscan_2,2.416666667,29,12,0,0,1
185,1.5,3,2,cluster_t5_hdbscan_2,1,6,6,0,0,1
186,0.5,1,2,cluster_t5_hdbscan_2,0.538461538,7,13,0,0,1
187,1.5,3,2,cluster_t5_hdbscan_2,1,8,8,0,0,1
188,1.5,3,2,cluster_t5_hdbscan_2,0.6,9,15,0,0,1
189,1,2,2,cluster_t5_hdbscan_2,0.833333333,5,6,0,0,1
190,2,6,3,cluster_t5_hdbscan_2,2.166666667,13,6,0,0,1
191,1.8,9,5,cluster_t5_hdbscan_2,0.428571429,3,7,0,0,1
192,0.5,1,2,cluster_t5_hdbscan_2,0.75,6,8,5,5,1
193,0.5,1,2,cluster_t5_hdbscan_2,0.8,12,15,0,0,1
194,0,0,1,cluster_t5_hdbscan_2,1.444444444,39,27,0,0,1
195,1.25,5,4,cluster_t5_hdbscan_2,1.285714286,9,7,0,0,1
196,0,0,2,cluster_t5_hdbscan_2,0.666666667,2,3,0,0,1
197,1.5,3,2,cluster_t5_hdbscan_2,2.75,11,4,0,0,1
198,1,1,1,cluster_t5_hdbscan_2,0.2,1,5,0,0,1
199,6,6,1,cluster_t5_hdbscan_2,1,6,6,0,0,1
200,2,6,3,cluster_t5_hdbscan_2,4.2,21,5,0,0,1
201,0,0,1,cluster_t5_hdbscan_2,1.333333333,12,9,0,0,1
202,1.5,3,2,cluster_t5_hdbscan_2,1.5,9,6,0,0,1
203,2,6,3,cluster_t5_hdbscan_2,2.3125,37,16,0,0,1
204,2,6,3,cluster_t5_hdbscan_2,1.5,9,6,0,0,1
205,3.5,7,2,cluster_t5_hdbscan_2,1.75,7,4,0,0,1
206,2.333333333,7,3,cluster_t5_hdbscan_2,0.928571429,13,14,0,0,1
207,2.333333333,7,3,cluster_t5_hdbscan_2,2,10,5,10,10,1
208,1.5,6,4,cluster_t5_hdbscan_2,0.666666667,6,9,0,0,1
209,1,1,1,cluster_t5_hdbscan_2,0.916666667,11,12,0,0,1
210,0.5,1,2,cluster_t5_hdbscan_2,0.857142857,6,7,0,0,1
211,0.666666667,2,3,cluster_t5_hdbscan_2,0.642857143,9,14,0,0,1
212,2,4,2,cluster_t5_hdbscan_2,0.583333333,7,12,0,0,1
213,1,4,4,cluster_t5_hdbscan_2,1.733333333,26,15,0,0,1
214,0,0,3,cluster_t5_hdbscan_2,0.285714286,2,7,0,0,1
215,2.5,5,2,cluster_t5_hdbscan_2,0.8,12,15,3,3,1
216,1.333333333,4,3,cluster_t5_hdbscan_2,2.083333333,25,12,0,0,1
217,0.666666667,2,3,cluster_t5_hdbscan_2,1.416666667,17,12,0,0,1
218,0.6,3,5,cluster_t5_hdbscan_2,1,9,9,10,10,1
219,1,2,2,cluster_t5_hdbscan_2,0.833333333,10,12,0,0,1
220,1.5,3,2,cluster_t5_hdbscan_2,0.8,4,5,0,0,1
221,1.5,3,2,cluster_t5_hdbscan_2,0.444444444,4,9,0,0,1
222,0.333333333,1,3,cluster_t5_hdbscan_2,0.6,6,10,0,0,1
223,1,2,2,cluster_t5_hdbscan_2,2.666666667,32,12,0,0,1
224,1.5,3,2,cluster_t5_hdbscan_2,1.6,8,5,0,0,1
225,1,2,2,cluster_t5_hdbscan_2,2,20,10,0,0,1
226,0.666666667,2,3,cluster_t5_hdbscan_2,1.166666667,7,6,3,3,1
227,1,2,2,cluster_t5_hdbscan_2,0.416666667,5,12,0,0,1
228,1,3,3,cluster_t5_hdbscan_2,2.833333333,17,6,0,0,1
229,1,2,2,cluster_t5_hdbscan_2,0.846153846,22,26,0,0,1
230,1,1,1,cluster_t5_hdbscan_2,1.263157895,24,19,0,0,1
231,2,6,3,cluster_t5_hdbscan_2,1.555555556,14,9,0,0,1
232,1.666666667,5,3,cluster_t5_hdbscan_2,1.727272727,38,22,0,0,1
233,0.5,1,2,cluster_t5_hdbscan_2,1.3125,21,16,0,0,1
234,0.5,1,2,cluster_t5_hdbscan_2,1.235294118,21,17,0,0,1
235,0.5,1,2,cluster_t5_hdbscan_2,1.533333333,23,15,0,0,1
236,1,2,2,cluster_t5_hdbscan_2,1.666666667,10,6,0,0,1
237,1.5,3,2,cluster_t5_hdbscan_2,1,9,9,0,0,1
238,1,2,2,cluster_t5_hdbscan_2,0.333333333,1,3,0,0,1
239,5,10,2,cluster_t5_hdbscan_2,1.16,29,25,0,0,1
240,0.5,1,2,cluster_t5_hdbscan_2,0.6,9,15,0,0,1
241,0.5,1,2,cluster_t5_hdbscan_2,1.266666667,19,15,0,0,1
242,0.666666667,2,3,cluster_t5_hdbscan_2,2.071428571,29,14,2,2,1
243,2,4,2,cluster_t5_hdbscan_2,0.612903226,19,31,1,1,1
244,1,2,2,cluster_t5_hdbscan_2,0.95,19,20,0,0,1
245,1.5,3,2,cluster_t5_hdbscan_2,0.857142857,6,7,0,0,1
246,0.333333333,1,3,cluster_t5_hdbscan_2,0.142857143,1,7,0,0,1
247,0.5,1,2,cluster_t5_hdbscan_2,0.875,7,8,0,0,1
248,1,3,3,cluster_t5_hdbscan_2,0.833333333,15,18,0,0,1
249,0,0,2,cluster_t5_hdbscan_2,0.8,8,10,0,0,1
250,2.333333333,7,3,cluster_t5_hdbscan_2,1.304347826,30,23,0,0,1
251,0,0,2,cluster_t5_hdbscan_2,1.153846154,15,13,0,0,1
252,2.5,5,2,cluster_t5_hdbscan_2,1.166666667,7,6,0,0,1
253,1,2,2,cluster_t5_hdbscan_2,1.571428571,11,7,0,0,1
254,1.5,3,2,cluster_t5_hdbscan_2,0.833333333,15,18,0,0,1
255,0.333333333,1,3,cluster_t5_hdbscan_2,0.777777778,7,9,16,16,1
256,1.5,3,2,cluster_t5_hdbscan_2,1.05,21,20,0,0,1
257,1,1,1,cluster_t5_hdbscan_2,1.8,18,10,0,0,1
258,1.333333333,4,3,cluster_t5_hdbscan_2,2.555555556,23,9,5,5,1
259,1,2,2,cluster_t5_hdbscan_2,1,5,5,4,4,1
260,1,3,3,cluster_t5_hdbscan_2,0.866666667,13,15,0,0,1
261,1,2,2,cluster_t5_hdbscan_2,1,4,4,0,0,1
262,1,3,3,cluster_t5_hdbscan_2,0.814814815,22,27,5,5,1
263,0,0,2,cluster_t5_hdbscan_2,1,9,9,0,0,1
264,1.666666667,5,3,cluster_t5_hdbscan_2,2.9,29,10,0,0,1
265,2.333333333,7,3,cluster_t5_hdbscan_2,1.142857143,8,7,0,0,1
266,1.5,3,2,cluster_t5_hdbscan_2,1.3125,21,16,0,0,1
267,0.333333333,1,3,cluster_t5_hdbscan_2,1.090909091,12,11,0,0,1
268,1,2,2,cluster_t5_hdbscan_2,0.833333333,5,6,0,0,1
269,1.666666667,5,3,cluster_t5_hdbscan_2,2.8,28,10,0,0,1
270,1.75,7,4,cluster_t5_hdbscan_2,1.8,18,10,0,0,1
271,0.5,1,2,cluster_t5_hdbscan_2,2,8,4,4,4,1
272,0.5,1,2,cluster_t5_hdbscan_2,0.833333333,5,6,0,0,1
273,0.5,1,2,cluster_t5_hdbscan_2,0.578947368,11,19,5,5,1
274,1,2,2,cluster_t5_hdbscan_2,0.714285714,5,7,0,0,1
275,2.5,5,2,cluster_t5_hdbscan_2,0.6,3,5,0,0,1
276,0.333333333,1,3,cluster_t5_hdbscan_2,0.4,2,5,0,0,1
277,0.666666667,2,3,cluster_t5_hdbscan_2,0.5,7,14,0,0,1
278,1,2,2,cluster_t5_hdbscan_2,2.4,12,5,0,0,1
279,2.333333333,7,3,cluster_t5_hdbscan_2,1.857142857,13,7,0,0,1
280,1.666666667,5,3,cluster_t5_hdbscan_2,1.333333333,8,6,0,0,1
281,0.666666667,2,3,cluster_t5_hdbscan_2,1.222222222,11,9,0,0,1
282,1,2,2,cluster_t5_hdbscan_2,0.733333333,22,30,0,0,1
283,0.5,1,2,cluster_t5_hdbscan_2,2.285714286,16,7,0,0,1
284,0,0,2,cluster_t5_hdbscan_2,0.625,5,8,0,0,1
285,0.333333333,1,3,cluster_t5_hdbscan_2,0.333333333,4,12,0,0,1
286,0.333333333,1,3,cluster_t5_hdbscan_2,1.428571429,10,7,15,15,1
287,1,2,2,cluster_t5_hdbscan_2,2,12,6,0,0,1
288,0.666666667,2,3,cluster_t5_hdbscan_2,0.7,7,10,0,0,1
289,1,3,3,cluster_t5_hdbscan_2,0.807692308,21,26,0,0,1
290,2.5,5,2,cluster_t5_hdbscan_2,6,24,4,8,8,1
291,1,3,3,cluster_t5_hdbscan_2,7,21,3,4,4,1
292,1,3,3,cluster_t5_hdbscan_2,0.5,3,6,0,0,1
293,1,3,3,cluster_t5_hdbscan_2,0.75,6,8,8,8,1
294,1,1,1,cluster_t5_hdbscan_2,0.652173913,15,23,0,0,1
295,1,3,3,cluster_t5_hdbscan_2,0.909090909,20,22,0,0,1
296,1,2,2,cluster_t5_hdbscan_2,4.333333333,13,3,0,0,1
297,2,6,3,cluster_t5_hdbscan_2,1.333333333,40,30,5,5,1
298,4.333333333,13,3,cluster_t5_hdbscan_2,4.625,37,8,0,0,1
299,2,6,3,cluster_t5_hdbscan_2,2.8,14,5,0,0,1
300,0.5,1,2,cluster_t5_hdbscan_2,0.8,8,10,0,0,1
301,0,0,2,cluster_t5_hdbscan_2,0.2,1,5,0,0,1
302,4,4,1,cluster_t5_hdbscan_2,1.622641509,86,53,20,20,1
303,0.5,1,2,cluster_t5_hdbscan_2,1.166666667,7,6,0,0,1
304,1,2,2,cluster_t5_hdbscan_2,3,18,6,0,0,1
305,0.666666667,2,3,cluster_t5_hdbscan_2,0.722222222,13,18,0,0,1
306,4,4,1,cluster_t5_hdbscan_2,1.055555556,38,36,0,0,1
307,0,0,2,cluster_t5_hdbscan_2,0.875,7,8,0,0,1
308,0,0,1,cluster_t5_hdbscan_2,0.5,4,8,0,0,1
309,1.666666667,5,3,cluster_t5_hdbscan_2,1.428571429,10,7,0,0,1
310,1,3,3,cluster_t5_hdbscan_2,2.5,10,4,0,0,1
311,0.666666667,2,3,cluster_t5_hdbscan_2,1.5,6,4,0,0,1
312,0.333333333,1,3,cluster_t5_hdbscan_2,0.714285714,5,7,0,0,1
313,0,0,2,cluster_t5_hdbscan_2,0,0,6,1,1,1
314,0.5,1,2,cluster_t5_hdbscan_2,1.6,8,5,0,0,1
315,2.5,5,2,cluster_t5_hdbscan_2,2.5,15,6,6,6,1
316,0.666666667,2,3,cluster_t5_hdbscan_2,0.818181818,9,11,0,0,1
317,1.5,3,2,cluster_t5_hdbscan_2,1.111111111,10,9,0,0,1
318,1.5,3,2,cluster_t5_hdbscan_2,1.666666667,5,3,0,0,1
319,0.666666667,2,3,cluster_t5_hdbscan_2,0.230769231,3,13,5,5,1
320,0.666666667,2,3,cluster_t5_hdbscan_2,0.2,1,5,0,0,1
321,1.333333333,4,3,cluster_t5_hdbscan_2,3.2,16,5,10,10,1
322,1,1,1,cluster_t5_hdbscan_2,0.666666667,2,3,0,0,1
323,1,3,3,cluster_t5_hdbscan_2,0.428571429,3,7,0,0,1
324,2.5,5,2,cluster_t5_hdbscan_2,0.612903226,19,31,4,4,1
325,1,2,2,cluster_t5_hdbscan_2,0.795918367,39,49,0,0,1
326,1.333333333,4,3,cluster_t5_hdbscan_2,0.8,12,15,4,4,1
327,2,4,2,cluster_t5_hdbscan_2,1.166666667,7,6,0,0,1
328,,0,0,cluster_t5_hdbscan_2,1.3,13,10,10,10,1
329,1.5,3,2,cluster_t5_hdbscan_2,0.833333333,5,6,0,0,1
330,1.25,5,4,cluster_t5_hdbscan_2,1.857142857,13,7,0,0,1
331,1,3,3,cluster_t5_hdbscan_2,0.166666667,1,6,0,0,1
332,0,0,2,cluster_t5_hdbscan_2,0.9375,15,16,5,5,1
333,1,2,2,cluster_t5_hdbscan_2,0.75,9,12,6,6,1
334,1,3,3,cluster_t5_hdbscan_2,0.947368421,18,19,0,0,1
335,2,4,2,cluster_t5_hdbscan_2,1.833333333,11,6,0,0,1
336,2,4,2,cluster_t5_hdbscan_2,2.5,10,4,7,7,1
337,0.5,1,2,cluster_t5_hdbscan_2,0.833333333,5,6,0,0,1
338,0.666666667,2,3,cluster_t5_hdbscan_2,1.333333333,8,6,0,0,1
339,1,1,1,cluster_t5_hdbscan_2,0.454545455,5,11,0,0,1
340,0.5,1,2,cluster_t5_hdbscan_2,3.8,19,5,0,0,1
341,0.5,1,2,cluster_t5_hdbscan_2,0.714285714,5,7,0,0,1
342,0,0,2,cluster_t5_hdbscan_2,0.5,3,6,0,0,1
343,2,4,2,cluster_t5_hdbscan_2,1.25,10,8,0,0,1
344,0.5,1,2,cluster_t5_hdbscan_2,0.666666667,4,6,0,0,1
345,0.666666667,2,3,cluster_t5_hdbscan_2,1,8,8,0,0,1
346,1,4,4,cluster_t5_hdbscan_2,1,7,7,0,0,1
347,2.666666667,8,3,cluster_t5_hdbscan_2,0.833333333,5,6,0,0,1
348,2,4,2,cluster_t5_hdbscan_2,0.5,5,10,0,0,1
349,1,2,2,cluster_t5_hdbscan_2,0.428571429,3,7,0,0,1
350,1.5,3,2,cluster_t5_hdbscan_2,1.454545455,16,11,0,0,1
351,2.5,5,2,cluster_t5_hdbscan_2,2.2,11,5,0,0,1
352,1,2,2,cluster_t5_hdbscan_2,0.8,4,5,0,0,1
353,0.5,1,2,cluster_t5_hdbscan_2,0.538461538,7,13,0,0,1
354,1,1,1,cluster_t5_hdbscan_2,1,1,1,0,0,1
355,0.5,1,2,cluster_t5_hdbscan_2,2.2,11,5,0,0,1
356,1,1,1,cluster_t5_hdbscan_2,0.5,2,4,0,0,1
357,0.5,1,2,cluster_t5_hdbscan_2,0.2,1,5,0,0,1
358,1,2,2,cluster_t5_hdbscan_2,1,6,6,0,0,1
359,0.333333333,1,3,cluster_t5_hdbscan_2,0.5,2,4,2,2,1
360,1.666666667,5,3,cluster_t5_hdbscan_2,1,6,6,0,0,1
361,3,6,2,cluster_t5_hdbscan_2,1.833333333,11,6,5,5,1
362,1,3,3,cluster_t5_hdbscan_2,0.75,9,12,3,3,1
363,0.666666667,2,3,cluster_t5_hdbscan_2,1.714285714,12,7,0,0,1
364,1,2,2,cluster_t5_hdbscan_2,1.375,11,8,5,5,1
365,1,2,2,cluster_t5_hdbscan_2,0.8,8,10,5,5,1
366,1,2,2,cluster_t5_hdbscan_2,0.857142857,6,7,0,0,1
367,1.5,3,2,cluster_t5_hdbscan_2,1.25,5,4,0,0,1
368,1.5,3,2,cluster_t5_hdbscan_2,1.166666667,7,6,0,0,1
369,2.5,5,2,cluster_t5_hdbscan_2,1.571428571,11,7,0,0,1
370,1.5,3,2,cluster_t5_hdbscan_2,2.4,12,5,11,11,1
371,1,3,3,cluster_t5_hdbscan_2,2,14,7,0,0,1
372,1,2,2,cluster_t5_hdbscan_2,1.666666667,10,6,0,0,1
373,1,2,2,cluster_t5_hdbscan_2,1,6,6,0,0,1
374,3.5,7,2,cluster_t5_hdbscan_2,1.142857143,8,7,0,0,1
375,0.5,1,2,cluster_t5_hdbscan_2,0.333333333,1,3,4,4,1
376,1,2,2,cluster_t5_hdbscan_2,1.285714286,9,7,5,5,1
377,1,2,2,cluster_t5_hdbscan_2,0.8,4,5,0,0,1
378,0,0,2,cluster_t5_hdbscan_2,0.5,4,8,0,0,1
379,1.5,3,2,cluster_t5_hdbscan_2,1.25,5,4,0,0,1
380,0.5,1,2,cluster_t5_hdbscan_2,1.2,6,5,0,0,1
381,3,6,2,cluster_t5_hdbscan_2,0.8,4,5,0,0,1
382,0.5,1,2,cluster_t5_hdbscan_2,1,4,4,0,0,1
383,0,0,1,cluster_t5_hdbscan_2,0.8,4,5,3,3,1
384,1,2,2,cluster_t5_hdbscan_2,2.333333333,7,3,8,8,1
385,1,2,2,cluster_t5_hdbscan_2,1.166666667,7,6,5,5,1
386,4,4,1,cluster_t5_hdbscan_2,0.666666667,2,3,0,0,1
387,1,2,2,cluster_t5_hdbscan_2,3.5,14,4,0,0,1
388,0,0,1,cluster_t5_hdbscan_2,0.8,4,5,0,0,1
389,0,0,2,cluster_t5_hdbscan_2,0.285714286,2,7,0,0,1
390,2,4,2,cluster_t5_hdbscan_2,0.6,3,5,0,0,1
391,2,2,1,cluster_t5_hdbscan_2,0.666666667,6,9,4,4,1
392,0.5,1,2,cluster_t5_hdbscan_2,1.444444444,13,9,0,0,1
393,1.666666667,5,3,cluster_t5_hdbscan_2,1.666666667,5,3,0,0,1
394,0,0,2,cluster_t5_hdbscan_2,1.857142857,13,7,0,0,1
395,2,6,3,cluster_t5_hdbscan_2,4,12,3,0,0,1
396,0,0,2,cluster_t5_hdbscan_2,0,0,1,0,0,1
397,0.5,1,2,cluster_t5_hdbscan_2,0.25,1,4,3,3,1
398,4.5,9,2,cluster_t5_hdbscan_2,0.75,6,8,0,0,1
399,0.5,1,2,cluster_t5_hdbscan_2,0.666666667,2,3,0,0,1
400,3,6,2,cluster_t5_hdbscan_2,2.666666667,8,3,1,1,1
401,3.5,7,2,cluster_t5_hdbscan_2,0.875,7,8,2,2,1
402,1,2,2,cluster_t5_hdbscan_2,0,0,5,0,0,1
403,0,0,3,cluster_t5_hdbscan_2,0,0,3,0,0,1
404,0,0,2,cluster_t5_hdbscan_2,0.25,1,4,1,1,1
405,0.5,1,2,cluster_t5_hdbscan_2,0.666666667,2,3,0,0,1
406,2.5,5,2,cluster_t5_hdbscan_2,0.444444444,4,9,5,5,1
407,0.666666667,2,3,cluster_t5_hdbscan_2,0.285714286,2,7,5,5,1
408,0,0,2,cluster_t5_hdbscan_2,1,6,6,0,0,1
409,0,0,2,cluster_t5_hdbscan_2,0.888888889,8,9,0,0,1
410,2,4,2,cluster_t5_hdbscan_2,1.428571429,10,7,0,0,1
411,2,2,1,cluster_t5_hdbscan_2,2,12,6,0,0,1
412,0.75,3,4,cluster_t5_hdbscan_2,0.571428571,4,7,0,0,1
413,1,3,3,cluster_t5_hdbscan_2,0.6,3,5,5,5,1
414,0,0,3,cluster_t5_hdbscan_2,0,0,7,0,0,1
415,2.75,11,4,cluster_t5_hdbscan_2,0.666666667,4,6,0,0,1
416,0,0,3,cluster_t5_hdbscan_2,0,0,1,0,0,1
417,1.666666667,5,3,cluster_t5_hdbscan_2,2,2,1,3,3,1
418,1,2,2,cluster_t5_hdbscan_2,0.666666667,4,6,0,0,1
419,2,2,1,cluster_t5_hdbscan_2,0.714285714,5,7,0,0,1
420,1,2,2,cluster_t5_hdbscan_2,1.2,6,5,0,0,1
421,2,6,3,cluster_t5_hdbscan_2,1,8,8,0,0,1
422,1.333333333,4,3,cluster_t5_hdbscan_2,1.363636364,15,11,0,0,1
423,0.5,1,2,cluster_t5_hdbscan_2,0.428571429,3,7,0,0,1
424,1.666666667,5,3,cluster_t5_hdbscan_2,1.5,12,8,0,0,1
425,0.5,1,2,cluster_t5_hdbscan_2,1.5,9,6,10,10,1
426,3,6,2,cluster_t5_hdbscan_2,1.5,9,6,0,0,1
427,1.333333333,4,3,cluster_t5_hdbscan_2,0.888888889,8,9,0,0,1
428,2,4,2,cluster_t5_hdbscan_2,2.75,11,4,0,0,1
429,1.333333333,4,3,cluster_t5_hdbscan_2,2,12,6,0,0,1
430,0,0,2,cluster_t5_hdbscan_2,0.25,1,4,0,0,1
431,4,8,2,cluster_t5_hdbscan_2,2.25,18,8,9,9,1
432,4,4,1,cluster_t5_hdbscan_2,1.5,12,8,0,0,1
433,0,0,2,cluster_t5_hdbscan_2,0.777777778,7,9,0,0,1
434,1.5,3,2,cluster_t5_hdbscan_2,1.8,9,5,0,0,1
435,1,3,3,cluster_t5_hdbscan_2,1.142857143,8,7,0,0,1
436,1.5,3,2,cluster_t5_hdbscan_2,1.428571429,10,7,0,0,1
437,0,0,2,cluster_t5_hdbscan_2,1.6,8,5,0,0,1
438,2.5,5,2,cluster_t5_hdbscan_2,1,7,7,0,0,1
439,0.5,1,2,cluster_t5_hdbscan_2,0.8,8,10,10,10,1
440,0.666666667,2,3,cluster_t5_hdbscan_2,0.571428571,4,7,0,0,1
441,1.666666667,5,3,cluster_t5_hdbscan_2,1.75,14,8,0,0,1
442,1,3,3,cluster_t5_hdbscan_2,0.5,3,6,0,0,1
443,0.5,2,4,cluster_t5_hdbscan_2,0.8,4,5,0,0,1
444,0.666666667,2,3,cluster_t5_hdbscan_2,0.75,6,8,0,0,1
445,6,6,1,cluster_t5_hdbscan_2,1.625,13,8,0,0,1
446,1,1,1,cluster_t5_hdbscan_2,0.5,1,2,0,0,1
447,1,2,2,cluster_t5_hdbscan_2,3.25,13,4,0,0,1
448,2,6,3,cluster_t5_hdbscan_2,1.4,7,5,0,0,1
449,1,3,3,cluster_t5_hdbscan_2,1.25,10,8,0,0,1
450,4,8,2,cluster_t5_hdbscan_2,0.833333333,10,12,0,0,1
451,1,3,3,cluster_t5_hdbscan_2,1.166666667,7,6,0,0,1
452,1,1,1,cluster_t5_hdbscan_2,1.166666667,7,6,0,0,1
453,0.5,1,2,cluster_t5_hdbscan_2,1.6,8,5,0,0,1
454,0,0,1,cluster_t5_hdbscan_2,2.4,12,5,0,0,1
455,0,0,3,cluster_t5_hdbscan_2,0.25,1,4,0,0,1
456,2.5,5,2,cluster_t5_hdbscan_2,4.6,23,5,0,0,1
457,2,4,2,cluster_t5_hdbscan_2,1.333333333,4,3,0,0,1
458,0.5,1,2,cluster_t5_hdbscan_2,0.875,7,8,5,5,1
459,3.333333333,10,3,cluster_t5_hdbscan_2,1.714285714,12,7,0,0,1
460,3,6,2,cluster_t5_hdbscan_2,0.375,3,8,0,0,1
461,2.5,5,2,cluster_t5_hdbscan_2,1,8,8,5,5,1
462,2.5,5,2,cluster_t5_hdbscan_2,2.4,12,5,10,10,1
463,0,0,1,cluster_t5_hdbscan_2,0,0,6,5,5,1
464,2.5,5,2,cluster_t5_hdbscan_2,0.625,5,8,0,0,1
465,0.5,1,2,cluster_t5_hdbscan_2,1.5,9,6,0,0,1
466,1.333333333,4,3,cluster_t5_hdbscan_2,0.5,4,8,0,0,1
467,4.333333333,13,3,cluster_t5_hdbscan_2,0.714285714,5,7,0,0,1
468,1.5,3,2,cluster_t5_hdbscan_2,0.833333333,5,6,0,0,1
469,2,6,3,cluster_t5_hdbscan_2,1.75,7,4,0,0,1
470,0,0,2,cluster_t5_hdbscan_2,1.1,11,10,0,0,1
471,0.5,1,2,cluster_t5_hdbscan_2,0.571428571,4,7,10,10,1
472,3,6,2,cluster_t5_hdbscan_2,2,8,4,5,5,1
473,0.5,1,2,cluster_t5_hdbscan_2,0.666666667,2,3,5,5,1
474,1.333333333,4,3,cluster_t5_hdbscan_2,2,12,6,0,0,1
475,2,2,1,cluster_t5_hdbscan_2,0.5,3,6,0,0,1
476,2.5,5,2,cluster_t5_hdbscan_2,1.285714286,9,7,0,0,1
477,0.666666667,2,3,cluster_t5_hdbscan_2,1,8,8,6,6,1
478,0.5,1,2,cluster_t5_hdbscan_2,1.285714286,9,7,0,0,1
479,0.5,1,2,cluster_t5_hdbscan_2,0.5,2,4,0,0,1
480,1.333333333,4,3,cluster_t5_hdbscan_2,1.285714286,9,7,0,0,1
481,0.5,1,2,cluster_t5_hdbscan_2,1.4,7,5,0,0,1
482,3.666666667,11,3,cluster_t5_hdbscan_2,3.4,17,5,0,0,1
483,0,0,1,cluster_t5_hdbscan_2,2.5,15,6,0,0,1
484,2,4,2,cluster_t5_hdbscan_2,2.166666667,13,6,0,0,1
485,1,2,2,cluster_t5_hdbscan_2,0.777777778,7,9,0,0,1
486,2.5,5,2,cluster_t5_hdbscan_2,1.333333333,8,6,0,0,1
487,0,0,2,cluster_t5_hdbscan_2,0.5,3,6,0,0,1
488,0.666666667,2,3,cluster_t5_hdbscan_2,0.75,6,8,0,0,1
489,1.5,3,2,cluster_t5_hdbscan_2,1.111111111,10,9,0,0,1
490,1.5,6,4,cluster_t5_hdbscan_2,1.444444444,13,9,0,0,1
491,1,2,2,cluster_t5_hdbscan_2,1.375,11,8,4,4,1
492,2.5,5,2,cluster_t5_hdbscan_2,2.25,9,4,0,0,1
493,1,1,1,cluster_t5_hdbscan_2,3.333333333,10,3,0,0,1
494,0.333333333,1,3,cluster_t5_hdbscan_2,1.6,8,5,0,0,1
495,0.5,1,2,cluster_t5_hdbscan_2,1.333333333,8,6,0,0,1
496,0.333333333,1,3,cluster_t5_hdbscan_2,0.75,6,8,6,6,1
497,1.333333333,4,3,cluster_t5_hdbscan_2,1.375,11,8,0,0,1
498,2,4,2,cluster_t5_hdbscan_2,2.2,11,5,0,0,1
499,1,3,3,cluster_t5_hdbscan_2,2.25,9,4,0,0,1
500,0,0,1,cluster_t5_hdbscan_2,0.888888889,8,9,0,0,1
501,1,1,1,cluster_t5_hdbscan_2,1,2,2,0,0,1
502,1,2,2,cluster_t5_hdbscan_2,1,7,7,8,8,1
503,0.5,1,2,cluster_t5_hdbscan_2,0.571428571,4,7,0,0,1
504,0.666666667,2,3,cluster_t5_hdbscan_2,0.8,4,5,0,0,1
505,1.333333333,4,3,cluster_t5_hdbscan_2,1.625,13,8,0,0,1
506,1,2,2,cluster_t5_hdbscan_2,0.666666667,4,6,0,0,1
507,0,0,1,cluster_t5_hdbscan_2,0.5,3,6,0,0,1
508,1.666666667,5,3,cluster_t5_hdbscan_2,1.2,6,5,0,0,1
509,1,2,2,cluster_t5_hdbscan_2,1.333333333,8,6,0,0,1
510,2.5,5,2,cluster_t5_hdbscan_2,1.428571429,10,7,1,1,1
511,0,0,2,cluster_t5_hdbscan_2,1.25,5,4,0,0,1
512,0,0,1,cluster_t5_hdbscan_2,3.6,18,5,0,0,1
513,0.333333333,1,3,cluster_t5_hdbscan_2,0.636363636,7,11,3,3,1
514,0.666666667,2,3,cluster_t5_hdbscan_2,0.666666667,4,6,0,0,1
515,1,1,1,cluster_t5_hdbscan_2,1.857142857,13,7,0,0,1
516,1,2,2,cluster_t5_hdbscan_2,0.5,4,8,0,0,1
517,2,2,1,cluster_t5_hdbscan_2,1.5,9,6,0,0,1
518,1,3,3,cluster_t5_hdbscan_2,3.5,7,2,10,10,1
519,0,0,2,cluster_t5_hdbscan_2,1.142857143,8,7,5,5,1
520,0.5,1,2,cluster_t5_hdbscan_2,0.625,5,8,0,0,1
521,0.5,1,2,cluster_t5_hdbscan_2,1.4,7,5,0,0,1
522,1,1,1,cluster_t5_hdbscan_2,1.5,6,4,0,0,1
523,0.5,1,2,cluster_t5_hdbscan_2,1,4,4,0,0,1
524,3.5,7,2,cluster_t5_hdbscan_2,1,7,7,0,0,1
525,1,1,1,cluster_t5_hdbscan_2,1.4,7,5,5,5,1
526,0.5,1,2,cluster_t5_hdbscan_2,0.5,1,2,0,0,1
527,0,0,1,cluster_t5_hdbscan_2,0.571428571,4,7,0,0,1
528,0,0,3,cluster_t5_hdbscan_2,0.666666667,2,3,0,0,1
529,1,3,3,cluster_t5_hdbscan_2,1,3,3,0,0,1
530,1.333333333,4,3,cluster_t5_hdbscan_2,1,4,4,0,0,1
531,0.5,1,2,cluster_t5_hdbscan_2,1,7,7,0,0,1
-1,2.5,5,2,cluster_t5_hdbscan_30,0.75,9,12,,,
0,0.666666667,2,3,cluster_t5_hdbscan_30,1.333333333,24,18,0,0,1
1,1.5,3,2,cluster_t5_hdbscan_30,1,8,8,0,0,1
2,2,6,3,cluster_t5_hdbscan_30,1,6,6,0,0,1
3,0.666666667,2,3,cluster_t5_hdbscan_30,1.75,14,8,0,0,1
4,0.333333333,1,3,cluster_t5_hdbscan_30,0.857142857,6,7,0,0,1
5,1,2,2,cluster_t5_hdbscan_30,1.5,9,6,0,0,1
6,1,3,3,cluster_t5_hdbscan_30,1.666666667,10,6,0,0,1
7,0.333333333,1,3,cluster_t5_hdbscan_30,0.875,7,8,0,0,1
8,0.666666667,2,3,cluster_t5_hdbscan_30,0.75,6,8,2,2,1
9,0.333333333,1,3,cluster_t5_hdbscan_30,1.5,12,8,0,0,1
-1,1,2,2,cluster_t5_hdbscan_35,1.666666667,15,9,,,
0,0.666666667,2,3,cluster_t5_hdbscan_35,1.333333333,24,18,0,0,1
1,6.5,13,2,cluster_t5_hdbscan_35,0.666666667,6,9,0,0,1
-1,0.666666667,2,3,cluster_t5_hdbscan_40,1.666666667,15,9,,,
0,0.666666667,2,3,cluster_t5_hdbscan_40,1.333333333,24,18,0,0,1
1,3,6,2,cluster_t5_hdbscan_40,0.666666667,6,9,0,0,1
-1,1.333333333,4,3,cluster_t5_hdbscan_45,1.6,16,10,,,
0,0.666666667,2,3,cluster_t5_hdbscan_45,1.333333333,24,18,0,0,1
1,3.666666667,11,3,cluster_t5_hdbscan_45,0.666666667,6,9,0,0,1
-1,1,2,2,cluster_t5_hdbscan_50,1,12,12,,,
0,3.666666667,11,3,cluster_t5_hdbscan_50,0.666666667,6,9,0,0,1
1,0.666666667,2,3,cluster_t5_hdbscan_50,1.333333333,24,18,0,0,1
-1,0,0,2,cluster_t5_hdbscan_55,1.25,10,8,,,
0,3.666666667,11,3,cluster_t5_hdbscan_55,0.666666667,6,9,0,0,1
1,0,0,2,cluster_t5_hdbscan_55,1.333333333,24,18,0,0,1
-1,0.666666667,2,3,cluster_t5_hdbscan_60,1,12,12,,,
0,1.5,3,2,cluster_t5_hdbscan_60,1.333333333,24,18,0,0,1
1,3.5,7,2,cluster_t5_hdbscan_60,0.666666667,6,9,0,0,1
0,2,6,3,cluster_t5_kmeans_10,2,12,6,8,8,1
1,0.666666667,2,3,cluster_t5_kmeans_10,2,18,9,0,0,1
2,0.5,1,2,cluster_t5_kmeans_10,0.833333333,5,6,5,5,1
3,0.333333333,1,3,cluster_t5_kmeans_10,0.538461538,7,13,0,0,1
4,0.666666667,2,3,cluster_t5_kmeans_10,0.727272727,8,11,0,0,1
5,1,2,2,cluster_t5_kmeans_10,1.416666667,17,12,11,11,1
6,1.333333333,4,3,cluster_t5_kmeans_10,1.25,10,8,0,0,1
7,1,2,2,cluster_t5_kmeans_10,1.714285714,12,7,2,2,1
8,2.5,5,2,cluster_t5_kmeans_10,1.666666667,10,6,4,4,1
9,0.5,1,2,cluster_t5_kmeans_10,1,9,9,5,5,1
0,0.75,3,4,cluster_t5_kmeans_15,0.875,7,8,0,0,1
1,2,6,3,cluster_t5_kmeans_15,1.555555556,14,9,0,0,1
2,6,6,1,cluster_t5_kmeans_15,0.714285714,5,7,0,0,1
3,,0,0,cluster_t5_kmeans_15,0.785714286,22,28,3,3,1
4,0.666666667,2,3,cluster_t5_kmeans_15,0.857142857,6,7,0,0,1
5,0.333333333,1,3,cluster_t5_kmeans_15,0.7,7,10,0,0,1
6,1,2,2,cluster_t5_kmeans_15,2,10,5,0,0,1
7,2.333333333,7,3,cluster_t5_kmeans_15,1.222222222,11,9,6,6,1
8,0.333333333,1,3,cluster_t5_kmeans_15,2.2,11,5,2,2,1
9,1.666666667,5,3,cluster_t5_kmeans_15,1.181818182,13,11,5,5,1
10,2,4,2,cluster_t5_kmeans_15,0.923076923,12,13,0,0,1
11,1,2,2,cluster_t5_kmeans_15,1.833333333,11,6,0,0,1
12,1.333333333,4,3,cluster_t5_kmeans_15,2.857142857,20,7,10,10,1
13,3,6,2,cluster_t5_kmeans_15,1.25,15,12,0,0,1
14,0.5,1,2,cluster_t5_kmeans_15,1.571428571,11,7,0,0,1
0,1.333333333,4,3,cluster_t5_kmeans_20,4,20,5,0,0,1
1,1.333333333,4,3,cluster_t5_kmeans_20,1.75,14,8,0,0,1
2,2,6,3,cluster_t5_kmeans_20,0.75,6,8,0,0,1
3,,0,0,cluster_t5_kmeans_20,0.785714286,22,28,3,3,1
4,0,0,3,cluster_t5_kmeans_20,1.2,6,5,0,0,1
5,0.75,3,4,cluster_t5_kmeans_20,1,8,8,0,0,1
6,1,3,3,cluster_t5_kmeans_20,1,8,8,0,0,1
7,0.333333333,1,3,cluster_t5_kmeans_20,1.833333333,11,6,5,5,1
8,2.333333333,7,3,cluster_t5_kmeans_20,1.833333333,11,6,5,5,1
9,0.5,1,2,cluster_t5_kmeans_20,1,7,7,0,0,1
10,3,6,2,cluster_t5_kmeans_20,1.590909091,35,22,0,0,1
11,0.666666667,2,3,cluster_t5_kmeans_20,1.714285714,12,7,0,0,1
12,1,2,2,cluster_t5_kmeans_20,1.25,10,8,0,0,1
13,10.5,21,2,cluster_t5_kmeans_20,1.25,15,12,0,0,1
14,2.666666667,8,3,cluster_t5_kmeans_20,1.142857143,8,7,5,5,1
15,2.25,9,4,cluster_t5_kmeans_20,1,7,7,0,0,1
16,2,4,2,cluster_t5_kmeans_20,1.5,12,8,0,0,1
17,3.5,7,2,cluster_t5_kmeans_20,1.714285714,12,7,0,0,1
18,1.666666667,5,3,cluster_t5_kmeans_20,0.428571429,3,7,0,0,1
19,1,2,2,cluster_t5_kmeans_20,2.2,11,5,0,0,1
