cluster_id,summary,original_reviews
-1,micro sd card is fast enough to meet my needs on a galaxy note 3. i bought this card for use with my cell phone about 5 months ago and it worked really well and transfers the data at an affordable rate. no complaints. it recognized it immediate and right after he was able to transfer 20gb of videos music to my,"['great sandisk micro sd card. havent had anyproblems with this one. its fast and it loads good. i approve this', ""great sd card. i use it in a galaxy s3, and have no complaints.its quite fast, and works. i don't know what else to say.you can't go wrong with sandisk."", ""i've always bought sandisk sd cards, and have never been disappointed. this one is no exception. i'm using it in my galaxy s iii and have no problems. transfer speeds are as advertised. great card, great price."", ""i use this card in my smartphone and it works great. it's fast and roomy i got the 16gb version enough to store all the music and video i need. it was immediately recognized by my samsung smartphone when i put it in about 6 months ago and i've had no reason to take it out ever since."", 'the memory sandisk ultra 64gb micro sdxc class 10 uhs it has been working really good and it is fast at loading my content i would really recommend this product to anyone that needs a memory card for their phones, tablets and more.', 'i love this memory card, i use it with my galaxy s 2 smartphone and couldnt be happier, its very fast, when i take photos the phone doesnt stutter like it did with my old memory card, a definive must buy if your a power user and can afford it.', 'great buy for this sandisk 16 gb memory. worked well in my samsung s4 smartphone. i mainly use the extra memory to save photos and music. like the adapter that i use frequently to copies files to my desk top pc.', 'this is a very fast and reliable microsd card. i used this on my galaxy note 2 and loaded movies and family pictures. transfer time is speedy!', ""card works great. it shipped very quickly. it doesn't hold 64gb of data, more like 59gb but either way it gives me all the space i need on my phone for music and pictures."", ""what is there to say? it's a nice big, cheap, effective, micro sd card. i use it in my galaxy note 8.0 for extra storage and it works fine."", 'awesome little sd card, my phone is 32gb but i still wanted more for music and videos and this totally works great, as soon as i put it on my phone read it and also it is fast.. i am happy with my purchase..', 'there are a lot of other reviews on this memory card. my only addition is that it worked perfectly the moment i put it into my s4 no formatting issues, nothing ... it just worked. also nice that it comes with an sd adapter.', 'this card is fast enough to meet my needs on a galaxy note 3. plenty of memory for my pictures and files. no problems', 'i love this card, its way faster than any other micro sd i have ever owned. i can transfer roms like nothing on my galaxy s4. when i had the old microsd that comes with every droid phones, that use to take for ever.high recommend this one.', 'i bought this sd card for use with my cell phone. it worked really well and as far as i could tell, transfers the data at a fast rate. no complaints.', ""i put this in my galaxy note ii and put a bunch of music and pdfs on it. i also used it to save videos and photos. it worked well for about 2 months then, on christmas day today , it said that there was an error reading the card and the card was now blank. my phone no longer recognizes the card and even putting it into its adapter and sticking it in the sdhc reader of my laptop doesn't work.if this is sandisk quality, then i am not impressed. i am going to have to deal with their warranty replacement but i'd rather have a refund than get another card that might fail after 2 months..."", 'i bought this micro sd card for my galaxy note 2 about 5 months ago and its been great. plug and play with no problems. it recognized it immediate and right after i was able to transfer 20gb of videos music to my phone right away. the transfer speed is good and is what i was expecting from reading guides on these type of sd cards. this is a good product and i recommend it to anyone looking for a sd card.', 'not too much to say about the card, other than it works well in my samsung galaxy s4. the price was great for such large storage and i believe you will be very happy with your purchase.', 'this little sd card is pretty amazing. it is really fast and there was no issues when installing it. it even came with an adapter so you can use it as a regular sd card.', 'i have always had good luck with sandisk memory cards. this one is no exception. fast works great in my galaxy s4 and never a problem with any i have purchased.', 'works flawlessly. i dont buy any sd cards unless its from sandisk. never had a problem with them and i know their class speeds are true or under rated compared to other brands.', 'good write performance. it sped up the time to load my pictures as well. this was a good buy. there are lots of manufacturers for memory cards but i feel most confident with sandisk.', 'i love this micro sd card. awesome amount of space and just plain ole reliable. you dont find to many products like that nowadays.', 'got this for my phone and it works great so far. transferred music and pictures super fast from my computer to the card. needed more memory and this is perfect.', 'love this 32gb micro sd card. i put it in my samsung galaxy note phone. i just returned from a 3 day trip where i used it as my camera video recorder. i kept it on hd quality the whole time. no problems at all. the only reason i did not give it a 5 star rating was because it actually only had 29gb of space instead of 32. if that is the norm then please excuse my ignorance!', 'awesome microsd card.. no issues and i have several of these and has performed well in my gopro, sg4 and note 2.', ""hard to review this as the card arrived doa. couldn't write to it at all, and it wouldn't format. i returned it and amazon was great about the credit. i've owned several sandisk memory cards and they have all performed well and i was a little surprised that this one failed out of the box. i'd read a good review of the samsung 64gb micro card and i bought that instead. very pleased with it."", 'class 10 16 gb perfect for my phone. never use anything less than a class 10 in a phone because you will have lag times waiting for the card to respond, for 13 shipped to your front door how can you go wrong? sandisk has been good for me for many years. recommended.', ""i had purchased this card for my wife's phone. she is in love with it as this helped her store all her ebooks, songs, few of her all time 34 to go to 34 movies and her office docs etc. on that new card. the card came, i formated it and installed it. rebooted the phone and it works... phone was able to see new extpned storage and worked right away. its an awesome card fast read and write. highly recommanded for anyone looking to expend their degital storage.chers!"", 'i am very happy with this micro sd. i could tell the difference in the response time in my bb curve as well as my asus tablet. if you want something that can transfer files photos, videos, and music faster this is the micro sd card for you. now i will say this there are faster cards out there but not at this price. this does the trick for my devices. now it you are a professional photographer you might want to go with the ultra 3 micro sd but if you are an everyday user this will work wonders for you device.']"
0,garmin zumo gps has 32 gigabytes in a tiny card. it comes with an adapter so you can use it in my pc with one of the many multi card readers - and it works great for that!,"[""i use this card in my 7 34 igo gps. the gps came with a couple of gb onboard, but that was quickly used up by wince 6 and that gps software. since this device also plays mp3s, i wanted more space.i read the meager documentation that came with the device to see if it could handle a 16gb card. i was pretty sure it would handle an 8gb card, but one never knows with these ever changing specifications. unfortunately, the documentation for this device was meager and written in pidgin english.ok, i'll buy it and give it a try. at worst, i swap out my 8gb card from a different device, which hopefully will handle the 16gb card.well, too make a long story short too late for that, eh? , the 16gb card works just fine. i put a bunch of my mp3s on the card, put it into the device, and sure enough, it recognizes and plays them.so, pretty much a done deal. for the price, for the ease of use, for the name brand, i recommend this little card."", ""purchased this product for a new 7 34 garmin gps. the refresh rate is so much faster than on my wife's similar but smaller 5 34 garmin with class 4 memory."", 'i got this for my handheld gps. it stores data not already stored in the main memory.', ""it feels odd to give 5 stars to something that disappeared into a piece of electronics, but to be fair, it works as promised, and there is nothing wrong with it. i use it to store the digital map for my garmin 810 bike gps computer. the file is about 4gb in size. the map loads quickly in the garmin, and i have not had a problem with entering a bike route or navigating one. i have taken it out twice, a 42 mile ride and a 60 mile ride, and it worked flawlessly both times. 'nuff said."", 'was a really good price on amazon. i will be using this card to expand the memory in a garmin gps unit.', ""i'm using this in a gps system. i've found that they eventually run out of space and can no longer be updated until you insert a micro sd card, so i got it ahead of time in order to avoid that moment of panic when it arrives."", ""i purchased this micro memory card for my gps. when i updated the maps recently, the gps ran out of room and i could no longer put the entire us map in it. this card fits neatly into the gps slot, and adds enough memory for the gps to work. i haven't had this fix in place for long, so don't know about how well it will continue to work. the adapter looks to be handy if i have another use for the card."", ""i purchased this product to install in my garmin gps unit, since it was full and couldn't handle the new map updates. easily and securely installed, this memory card promises to provide a long life to my gps unit."", ""while updating maps for my nuvi 40 i received a message stating i needed more memory to download new versions of maps that i required.this was probably a bit of overkill, but the price was right, so i ordered one. two days later, i installed it and it worked flawlessly with mucho memory left for future needs. will be buying a few more of them for other uses, can't go wrong with this card!!!see ya'"", 'the recent map update on my garmin gps ran it out of memory. maps are getting more and more detailed. i used this to up the memory and got back to the full north america map. it cam with the adapter to fit my pc sd slot too.', ""i got the 16gb card for my garmin gps. the gps's memory could be expanded so that more maps and info could be saved. the memory card works as described. i've used sandisk for many electronics and i have never had a problem. they are sometimes a little more expensive than other brands but i think the little extra is worth it."", 'this is an amazing memory chip card. at less than half the size of a regular postage stamp, this card fits my garmin gps and allows me to take oodles of photos along for viewing. and, it comes with an adapter to allow using it in my pc with one of the many multi card readers. 32 gigabytes in such a tiny card and at a very reasonable price. highly recommended.', 'i needed extra storage in my garmin for additional topo maps and routes, and this card fits the bill. it comes with a standard sdhc adapter, as most microsdhc cards do. plenty of space for extra files on the gps. satisified with the purchase.', ""if there is anyone out there curious if this works on garmin's gpsmap line of handhelds, then yes! all 32gbs are recognized, and i am maxing this baby out with every map i can get my hands on! no issues at all.some forums may have you believe there is a 4gb limitation, but there simply isn't fat32 which is the format of the card, has a 4gb limit on file size, but that's fine as all individual garmin maps are under 4gb"", ""i went to update my garmin gps with the latest maps and it told me that the entire map wouldn't fit us, canada and mexico . it said i could put the maps on an sd card to get the whole map set or else i had to pick only a portion of the lower 48 states it wouldn't even fit the entire us only . t don't understand why as everything fit before.so, i picked up this sd card for the unit and it worked perfect. i now have the entire map set on the gps. i just have to always leave the sd card in the unit which for me, isn't a big deal as i wasn't using the sd card for anything else before."", 'this card works great with my garmin zumo gps unit. i mainly use it to hold vast numbers of songs, and it works great for that. it is fast enough that my nuvo has no difficulty accessing the memory and i note no slowdown in performance of the gps. comes with an adaptor so you can use it in a regular sd card reader. for my needs this one is perfect, hence the five star rating. rjb.', 'needed this to be able to update my garmin with canada and europe maps. did the job and at a great price.', ""bought for garmin gps. works very well. also has adapter for sdhc size memory card to plug into reader if you don't have a micro card reader""]"
1,i bought this for my mp3 player and it works great for moving music around. it came with the adapter for card readers because cheaper ones don't - it's a bonus for me to use it with my old 8 gb micro in my digital camera!,"['i placed this memory card in my bluetooth speaker, i then loaded it up with different genders of music and it plays beatifully.', ""i bought this for my mp3 player and it works great for moving music around. i like the fact it came with the adapter for card readers because cheaper ones don't."", 'i bought this to increase the music capacity of my mp3 player. as a bonus i can use the adapter with my old 8 gb micro in my digital camera.', 'i bought this to use with a portable radio that accepts the micro memory card. the 581 pieces of music i put on it took up less than 4 gig so i have used it with the adapter in a camera as well. it does the job']"
2,this is a great 32 sd card. it works real good for my mp3 and p4 4matic songs.,"[""this card is great. it's really fast compared to common cards even from sandisk, kingston, etc.if you need to copy files to your card in the shortest time, then this is the right one.it 8217 s reliable, never missed a photo or music file.5 stars well deserved."", ""this is a great 32 sd card it works real good for my samsong rush and it hold a lot of pictures a lot of videos a lot mp 3 and mp4 4matic songs this is a good sd card i would recommend it to everybody that's why i gave it 5 stars"", ""the card works as expected. as long as i don't loose my data prematurely this will get 5 stars. overall, recommended.""]"
3,"meenova adapter and nexus media importer i make use of this for extra storage of media files music, audiobooks and movies for my two models. the roku 2 xs recognizes and formatted it and is a great way to store some of the media for streaming but it's not the only option","['in conjunction with the meenova adapter and nexus media importer i make use of this for extra storage of media files music, audiobooks and movies for my two nexus models. i removed it from the package, copied a video file from my laptop and played it on my nexus without any problems or delay.', ""i put it in my new roku 2 xs and it seemed to work that is, it recognized and formatted it. i'm hoping to use my roku for music and video. i suppose that mostly i'll be streaming but i thought i'd give myself the option of locally storing some of the media.""]"
4,"only 29.7gb of usable storage.arrived 20th of june, no problems so far.crystal disk mark seqread 19.1, write 9.3512kread 192, write 0.74Kread 3.0 works as advertised. using this with q10 which supports only 32gg.","['only 29.7gb of usable storage.arrived 20th of june, no problems so far.crystal disk mark seqread 19.1, write 9.3512kread 19.2, write 0.74kread 3.5, write 1.2', 'works as advertised. using this with q10 which supports only 32gb. so far no issues. totally happy with the purchase.', 'what you buy this for is in there. 32 gb fast writing speed etc. happy with product. no issues yet']"
5,i will buy more of these disks the disk keeps up with the data input. it responds to the computer readily. we believe in this products san disk if we need more we do not hesitate to buy another one.,"['for its size, this little disk is absolutely amazing. it does everything as advertised and then some. i will buy more of these disks', ""the disk keeps up with the data input, it's neat and compact, it responds to the computer readily. i really like it. might get another one and i'd recommend it to a friend anytime."", 'nice product very helpfully . we believe in this products san disk if we need more we do not hesitate to buy another one.', 'what can you say about a disk. it is doing the work that it was made to do. i am happy with it.']"
6,"best best productreliableown a fewone isnt enoughgood price i guesswill prob buy more at some point what more cani say. they always work for me. at one time, they were more expensive than other brands.","[""i've used a number of these. just bought some more. they're well rated. they've always worked well for me. good price."", 'best best best productreliableown a fewone isnt enoughgood price i guesswill prob buy more at some point', 'what more can i say. they always work for me. at one time, they were more expensive than other brands. if you look for deals, that is no longer true.']"
7,the nifty drive is a small adapter made from machined aluminum that fits seamlessly into your mac's ssd slot. it is every bit as fast as the internal esodge - and it might be faster than the minidrive air.,"[""i use this in tandem with a niftydrive on my macbook pro. for those of you who don't know, the nifty drive is a small adapter made from machined aluminum that fits seamlessly into your mac's ssd slot. with a 128 gb micro ssd you can add hard drive space very inexpensively. i put my entire dropbox folder over 100 gbs on this thing, and it is every bit as fast as the mac's internal ssd. in fact, i think it might be faster."", 'i was really excited when this came out i have a mac air and a lot of music and film on it so the ability to stick this in my minidrive was great, it was that or buy a 128gb minidrive air which is like 30 more that this and i already had a minidrive. problem is its not very fast, not fast enough, my girlfriend has a new 128gb minidrive and it runs way faster than this in my old adapter and new sandisk 128. its great though 128gb in this little chip glad its out cause now its just a matter of time before they make it better.thanks', 'i bought this to go along with a nifty minidrive pro, and have not been disappointed. it really holds the full 128, and the data transfer speeds are great. i used it to keep all of the media from my itunes library, and have not had any issues with playback or lag. i really recommend this if you want to add a quick 128 to your mbp.']"
8,3 32gb micro memory cards for the kids tablets work in those 2 devices. the 128gbe will try the faster version of those also.,"['bought 3 32gb micro memory cards for the kids tablets. the kids love the extra memory although they do need new tablets now.', 'i bought these for my kids tablets and for their action cameras. they work in those 2 devices. some other devices seem to like the slower cards.', ""i bought these in hopes to replace my standard sandisk 64gb models for quickness. i'm not saying they are lightning fast, but they are definitely faster than the standard version. i bought one for each of my phones and my tablets, they work great. when the 128gb is available, i will try the faster version of those also.""]"
9,i think a really good memory card at good price. just choose the amount of space you want and you're done!,"[""get just about you want in it, plenty of space to keep your best shots and memories. it's the best and the price is very reasonable."", 'i think a really good memory card at good price. i got it and still have s lot of space for all my music and videos.', ""no much to say it is worth every penny! just choose the amount of space you want and you're done!""]"
10,bext buy price quality gives you more memory for your tablets that accept micro sd cards. it even comes with a converter so if he'd like to use it for images or movies...,"['does the job as advertised.if you need extra memory on your phone tablet or whatever device, this is bext buy price quality', 'gives you more memory for your tablets that accept micro sd cards. just that simplethis is very good quality.', ""i bought this for my android device and it works great!it even comes with a converter so if i'd like to use it for images or movies i could!i'd highly recommend this product to anyone needing memory for their phone, android player, camera or anything that uses sd and or micro sd!"", 'a very good product and very useful for my smart phone, adapter works fine.recomended for all th smart phones that can expand to 64 gb', 'es un producto que recomiendo ampliamente solo se instala en el telefono este lo formatea y listo esta en fincion para ser utilizado al 100', 'a great product and a very reasonable price. it has increased the galaxy tab 2 memory and useability without having to deal with other interface cables.', 'very usefull to use in the phone also they come with the adpator to sd i will remomend it', 'one the better names in making computer accessories, this works just fine in my lg optimus g pro, now i have 64gb. i will purchase again']"
11,the sd card is a nice plus and comes in handy for pc transfers.,"['works great in our smart phones. gives us a lot more memory. comes with an adapter if you require the ability to put it directly into your computer with a normal sd slot.', 'fast, great storage. we used this sd card for a new samsung galaxy s5. works like a dream. well formatted and fast. i would recommend this product to anyone who need a high gb sd card. the added on sd adapter is a nice plus and comes in handy for pc transfers.']"
12,"the price isn't bad, but it's a great product if you're looking for the best os for your office. it works well for this task and is quick and easy to use.","['very fast, reliable product. i use it every day in two computers, saving multiple files from one pc and moving them to another as backup.', ""i use this because my office use all window os and i'm the only one with a mac os, so file transfers between computers are easy with this little thing"", ""i use it to hold files from my computer and transfer files from other computers it works good for this task and is quick. i would recommend this plus the price isn't bad.""]"
13,i bought the more expensive micro with adapter rather than full size sd. bought this for canon powershot n because it takes a micro - it fits into the top of the micro disc and then the whole thing fits in my camera.,"['works fine in my sony rx100 using the provided adapter, but who would expect otherwise. bought the more expensive micro with adapter rather than full size sd so that i can move it to other devices that take micro sd.prime shipping arrived in one day.', ""when i needed more video capacity for my canon camera, the sandisk 32 gb micro card with included adapter was exactly the right tool for the job !!i've had several sandisk memory cards in the past, with never a glitch of any kind.highly recommended !"", ""when i opened the micro disc and adapter i did't know what to do with them. i went to utube on installing them, and all became clear. the micro fits into the top of the adapter and then the whole thing fits into my camera. very neat and high powered."", 'bought this for canon powershot n because it takes a micro. i always use ultra or extreme pro sandisk, since they are my preferred brand, and i like them for had video and continuous snapshots. no problems with the card, came with working adapter. happy with this purchase would and probably will buy more.', ""i like this product as it works very well. at first it only showed but when i plugged my camera using this micro sdhc into my laptop and seen that this card had 2 partitions on it, i had to chose the correct one to use, otherwise i couldn't take many pictures or videos.""]"
14,"used them in several camera models d800, nex 5n and hdr as15 all worked great. they seem to be fast and supply the full advertised memory capacity.","['i have a couple of these and have had no problems with them at all. they seem to be fast and supply the full advertised memory capacity.', 'used it in several camera models d800, nex 5n and hdr as15 all worked great with no issues. i am definitely thinking about getting a few more of these since amazon has an unbeatable price.']"
15,samsung gives you the ability to install apps on your galaxy devices. i bought this one and have yet to experience any issues!,"['samsung gives you the ability to install apps on your sd card with galaxy devices. i had a class 4 sd card before and initially blamed the tablet. i thought i was going to have to get it replaced. it was the sd card.i got this sd card and have yet to experience any issues! love this thing!', 'since my samsung s2 could not take the 64gb card, i bought this one. like i expected it works great and no problems so far.']"
16,the 64 gb works great not sure what else to say about it really. it is 64 gigs and it's great if you're looking for a gig or something to do with it.,"['as described, no problems. recommend it.only problem, price is too high. ...i may order the 64 gb as well.', 'its 64 gigs it works great not sure what else to say about it really. not much else to say.']"
17,sandisk is a good brand so i didn't hesitate to purchase it. the chip works great and added more memory for my new lg phone. it is very trust worthy.,"[""have always had good experiences with sandisk products. this was priced well. i have installed it in my wife's cell phone and it was immediately recognized. not quite sure about the features this chip is supposed to have but for the amount of memory it was a good deal extra features or not."", 'it works great and added more memory for my lg phone. sandisk brand is very trust worthy.i recommend it highly.', ""i needed this for my new phone. it works great!sandisk is a good brand so i didn't hesitate to purchase it."", ""i ordered this to use with my new samsung galaxy sii phone. i've used sandisk in the past and have always had great luck with their products. i would definitely recommend this product.""]"
18,the included adapter works great in my samsung galaxy tab 2 10.1. can access instantly both from my tab and by usb cable.,"['works great with my samsung galaxy tab3. transfer speeds are excellent with this card.i would recommend this card to everyone.', 'looking for a good memory card then this is it. its fast and it works flaw less with my samsung tab 3', 'i used this in my samsung galaxy tab 2.0, and transfer rates are pretty good when going straight through usb. it does act a little peppier however when plugged straight into a card reader.', 'this works well and is speedy in both my samsung galaxy s3 and my samsung galaxy tab 2 10.1. the included adapter works great in my pc memory card slot as well.', 'item as described. fits well in my galaxy tab 2. can access instantly both from my tab and from my computer when i plug my tab to laptop by usb cable. i like it!']"
19,"amazon thanks to amazon for showing me what type of memory card i needed. amazon is a great sd card, works great, as expected.","['memory cards best in world. the memory card completely corresponds to the description. i am happy, my smartphone is happy, my tablet is happy. amazon thanks', 'thank you amazon for showing me what type of memory card and adapter that i needed. i love buying everything i need at once to use my electronics purchases.', 'what they charge at retailers for sd cards is ridiculous. i always order via amazon, and never a dissapointment! great sd card, works great, as expected.', 'perfect just what i wanted! i get all my micro sd cards from amazon because sandisk are the best and the best price is here.', 'always happy with my sandisk cards. used this one for my new contour roam. worked like a charm.....awesome quality..thanks amazon!']"
20,this item arrive on time and it stores stuff you need to store. arrived ontime and did everything as expected - it was a nice item!,"['this item arrive on time. upon receiving it i put it in an electronic device and it stores stuff you need to store. nice colors too.', 'arrived on time and did everything as expected.more then enough cap to hold severail hours of recording']"
21,"i bought this to create a bootable sd card so that my nook hd could run pure android instead of the native android. it was easy to install and works great, given that the price was great too!","['i bought this to create a bootable sd card so that my nook hd could run pure android instead of the native nook os. it works beautifully.', ""i bought this to change my nook to android and boot off it. it's fast and reliable for daily use."", ""i used this to turn my nook color into an android. it was incredibly easy to install and works great. i haven't had any problems with it. the read and write speeds are phenomenal, given that i am running an entire operating system off just this card. the price was great too!""]"
22,bought it for memory in the smartphone. so far it does what it is supposed to. remember what i save.,"['bought it for memory in the smartphone. so far it does what it is supposed to. remember what i save..', 'what can i say about a memory card? i purchased it to increase the memory in my phone, it fits as it should, and works as it should.', 'not much to say..bought it to use with my smartphone. it works as expected and allowed me to free up my internal memory.']"
23,"i bought 2 of this, one for a hero3 camera and one galaxy s3 mini. the adapter works excellent, recommended for video shooting.","['i bought 2 of this, one for a hero3 camera and one for a galaxy s3 mini, they both work excelent, recommended for video shooting. very good price!with the adapter you can use it on a sd card reader sdhc compatible', 'for the price these cards provide a good compromise in terms of speed and cost. i use them with iogear usb 3.0 adapters and they work well in that capacity.']"
24,"solid micro sd card with gigantic space.it works. awesomely. lots of room, enough speed and everything that i need portable is going along for the ride. no loss of data for me.","['got extremely solid speeds with it, no slack on my android. solid micro sd card with gigantic space.it works. awesomely.', 'lots of room, enough speed and everything that i need portable is going along for the ride. no loss of data for me.']"
25,amazon sells this card for a great value! no local store even comes close to this price. amazon is the only place you should even think about buying this little powerhouse from. it is not the regular 32 microsd its the high capacity ultra...,"['amazon sells this card for a great value! no local store even comes close to this price. it has plenty of room on it for lots of storage.', 'i shopped several other places for a good deal on a quality memory card and found it at amazon once again', 'this was a great price for this card, and they are not cheap made. save several buying form amazon, the local stores was a lot higher...', 'i have been looking for a 64gb memory card and i found one at our local electronics store but it was over 100. i logged onto amazon.com and found this at a great price. why pay more when you can come to amazon and get it for less.', ""no brainer. this is not the regular 32 micro sd its the high capacity ultra...just go price this baby anywhere else and you'll see that amazon is the only place you should even think about buying this little powerhouse from. no brainer."", 'i was looking for a while for one happy i found this the price was great bestbuy wanted double the price for it ill never buy on bestbuy again only amazon']"
26,"great storage, has not failed yet after about a year of usage. price was not too high either. would recommend gps.","['great storage, has not failed yet after about a year of usage.', 'i love this storage unit. i would buy again definitely. great for pix, videos, docs, or whatever you want to store. i have it in my me173x.', 'does exactly what it is supposed to. plenty of storage for me gps. price was not too high either. would recommend.', 'so fr it been great i need it for my not 0. 2014 table too bad it cost so much but it is what it is', 'great for pictures and music. came in a very secure package and a lot of storage for my files. reasonably priced also.', 'so far so good boosts my table storage big time now i can keep all my pics and music with me all the time price and promptness was awesome', 'excellent storage and small! works well and does everything i need it to plus it came in at a good price.', ""i've heard horror stories about other models but this one is good and it really makes life easier and allows for plenty of storage."", 'what can you say beyond the headline. it works as expected. i would buy more when i need reliable storage.', 'device works exactly as expected. holds a lot of music videos. would recomment to anyone. great product! what else can i say!', ""works as expected! can't complain about it has plenty of storage for pictures and videos! will buy again when needed!"", ""good deal at a great price. it is sturdy and has over 31 gb after its format. i'll be getting another."", 'does what it suppose to do....works great works well. good price. would buy another. good storage for any digital file.', 'this product has served me well for the last two months. it has a lot of storage and it was reasonably priced.', 'good storage', 'works perfectly and has enough storage for many hours of recording.could be the best one out there for the price.recommend this one.', 'great price and works great. if you want more storage at a reasonable price, i would highly recommend this product.', 'best price deal for me getting a good name brand. have not actually used the storage to date. glad to have the storage.', 'this was purchased on a special and the price was right! it works great, plenty of storage space, and the great price sealed the deal!']"
27,"sandisk rmaing the new card,edit has suffered with this card for a year. it doesn't seem any faster or slower than any other microsd card i had - bought cheap imitation on ebay and regretted it as it crashed! nokia pureview 808 card freezes constantly unless you","[""im currently using it for my nokia lumia 810 and my camera, works very well and very fast! but expensiveedit i was really happy with the card until i had to record video on it. it seems that it doesnt write fast and my recordings end up being choppy and unwatchable. i was really disappointed in it, cuz i had to switch back to my phone's storage when recording video."", ""i got this for my brand new nokia lumia 810, but there is some kind of problem, the card is horribly slow, i can't record hd video to it, it studders. i've tried reformatting several times to no avail. i didn't have any of these problems with my old 32gb class 4 sandisk card... there are other people having this problem as well, seems hit or miss. i can't recommend this card at this time for this reason.edit i've contacted sandisk and they are rmaing the card. i'll improve the rating if the new card corrects the problem.edit got the new card, problem still exists...edit i've suffered with this card for a year now, the only problem is that i cannot take video without studders, so i figured maybe software updates would eventually fix the problem. they have not. i have used multiple different camera apps, and the problem still persists."", ""so far, so good. it does what it's supposed to do. doesn't seem any faster or slower than any other micro sd card i had. bought a cheap imitation on ebay and regretted it as it crashed. it really doesn't pay to be cheap with memory. it's all about the reliability, which you get with this product.10 17 update big problem with this sd card if you are a windows phone user does not properly record hd video. video recording to sd card is consistently choppy. pop in another sd card records fine. record to my phone records fine. i've tried formatting it every which way and it isn't working well. go with another brand windows phone users."", ""works just as it should in my lumia 810 no issues at all. the phone is not a particularly speed sensitive application for the card so i cannot comment on how well it works under stress. the phone doesn't complain, music plays nicely from the card, pictures are written to it without delays. the red and gray design looks different and interesting, even though no one will see it."", ""1080p 30fps or 720p 30fps or 24fps using the nokia camera app or regular app doesn't work. well it does but unless you want to see stuttering every 6 7 seconds. it freezes up constantly. very glitchy because its slow. got a 9mbs write 44.9mbs read on mine."", ""used on nokia pureview 808 for video and photographypro was cheap and fastcons will freeze from time to time or disk error message comes in and i would lose things i've either photographed or filmed using my nokia pureview 808. in order to make the microsd work, i have to restart my phone every time. the error message comes and go.07.17.13 updatei returned and exchanged my card with a new one free of charge by amazon who's willing to pay for shipping too. it turns out, my previous microsd ultra class 10 sandisk was a defective card. the new card i receive works well now and no error message pops up on my nokia pureview 808 smartphone. i can now film and take pictures with it without having to worry. thanks amazon.""]"
28,i was looking for a memory card for my phone. this is by far one of the best you can get and the price is unbeatable - it was too good to pass up the deal if he wanted to upgrade my cell phone and have an 8oo dollar card ready to go.,"['i needed to get more space on the sd card in my phone, so naturally! i turned to a product i know for its quality and attention to details. i want to be sure my photos and other data are held in a safe place. for the money, you cannot beat this product and i will buy again.', 'this is exactly what i was looking for to upgrade the memory of my smartphone. good transfer speeds to using sandisk product, and great pricing from amazon.', 'i wanted a memory card for my phone so i started looking around online, this is by far one of the best you can get and the price is un beatable', 'i like to keep track of the 34 daily deals 34 and check them almost daily resulting in me spending more than i should , but this was too good of a deal to pass up. i will be upgrading my cell phone soon, so i knew i would be needing it soon. so, at 30 with an adaptor and in retail packaging i jumped at it and am glad i did!', ""great memory card! got this on one amazon's daily deals at a terrific price! getting ready to upgrade my cell phone and want to have a larger capacity memory card ready to go. this is just what i needed!"", 'with an 8oo dollar phone, i want as most as i can get, and this mem card was the way to go.']"
29,a word of advice if you need to write to these cards often buy something else. don't do what i did format the card then use it windows pc - it cost about 15 less!,"[""if, like me, you are still happily in the stone age with windows xp, your computer will not be able to use this card unless you install windows update kb955704. this update is available from microsoft.com.thanks to dogg94, who pointed this out in customer questions and answers on august 6, 2013. i installed this update and am now able to load gopro's pictures onto my computer. dogg94's answer to the customer question provides the link to the update. amazon did not allow me to post the link here. i don't know why. just go to the microsoft.com updates site and look for kb955704. or go to the indicated question for the link.the product description should have provided this information."", ""this card only lasted two weeks before it began giving read errors. i used it in a dash cam and no matter how many times i formatted, it would only record for about a minute before failing again. i picked up a pny card since and it has worked beautifully. unfortunately, i've been swamped and forgot to return this card before my 30 days. not happy about that!"", ""i bought two of these memory cards for use with my logitech alert 750e outdoor master security camera's. so far, i have found them to be unreliable. i am not entirely certain if this is because of the camera system or the memory card themselves. the camera frequently will report a memory card error that indicates the card has to be reformatted. this is problematic as if the camera had recorded something that was important, the failure of the sd card would be very troublesome indeed."", 'i had this sandisk 32gb class 10 micro sdhc card in a pittasoft blackvue dr500gw hd in car camera dvr. it worked like a champ for 2 months and then died with the dreaded please format the sd card errors. stuck it in my mac mini 2011 and it is unrecognizable. same with windows pc. even the low level hp sd card formatter cannot reformat it. so in the garbage it goes. i have 2 more of these cards in my garmin gps devices and they continue to work so far but they are not being written to continually every day like the blackvue. so a word of advice if you need to write to these cards often buy something else.', ""i didn't format the card 1st and it cost me my video. don't do what i did format the card then use it windows pc i'm not sure if you have to format 1st when using mac. i used a pny sdhc 16gb card and it did just as good as the sandisk and it cost about 15 less, i think that's the better way to go, you're getting the same results just not as long of video time.""]"
30,"lumia 1520 windows phone came with adapter that didn't need to convert. it works great, fast access, immediately recognized by the device - no complaints!","[""added lots of storage space to my new nokia lumia 1520. very nice! the package got here very quickly and i was able to install it easily. the phone recognized it immediately. i did turn off the phone before inserting the sd. it came with an adapter that i didn't need to convert it from micro sd."", 'due to other reviews i was a little hesitant to order this unit. my experience was pain free i installed it and powered on the phone. my lumia 810 wp8 automatically recognized the new memory and prompted me to use it for new pictures, music and videos. hoorary!', 'bought this to add additional memory to my nokia lumia 520 and works great as soon as i popped in the card.', 'i bought this for my lumia 1520 windows phone to supplement the onboard storage capacity. fits fine, works great, fast access, immediately recognized by the device. not much more you can ask of a microsd card.', 'works amazingly in my nokia lumia 2520. highly suggest this item and distributor to everyone, fast service.', ""i bought the memory to my lumia 620 and it works. it's really faster than my previous microsd class 4 . no complaints, i'm very happy with my purchase."", ""a sweet spot for microsdhc's. added a nice bump in memory for my nokia lumia 822. arrived on time and is being used as i write this comment."", 'i bough this to replace an old 1gb card i had in my phone. i am using this in a nokia lumia 822 and it works perfectly.']"
31,card is well constructed and delivers the wright speeds that it promises. works great in my nokia lumia 822 running p8 and it works fine. the transfer speed is a little slower than other memory cards i have used but not by much.,"['card is well constructed and delivers the wright speeds that it promises. works great in my nokia lumina 822 running wp8.', 'i use this for my cell phone lumia 810 and it works fine. the transfer speed is a little slower than other memory cards i have used but not by much.', ""i have this in my wife's nokia lumia 521 and it works really well. the card seems to stream data well and the phone has never behaved oddly with this card"", 'been using this card in my nokia lumia 820 for over a year now. it gives decent speed and works good. no issues at all.']"
32,"the data speeds are kinda slow but i am enjoying the card and thinking of buying a 64gb, nice buy.","['this is a great card. the fps with this card were incredible. i ended up needing more memory, so i bought the sandisk 64 gb card.', 'the data speeds are kinda slow but i am enjoying this card and thinking of buying a 64gb, nice buy.']"
33,"16 gb is the sweetspot for price and size, can't imagine filling it. i bought this in an android 4.2 player, works great.","[""nice memory card. i think 16 gb is the sweetspot for price and size, can't imagine filling it. i only buy class 10 cards just in case a little speed boost is important. i have this in an android 4.2 player, works great."", 'the supplied card with the r8 is 2gb, that only holds about 6 songs. i had to keep deleting projects to make room for new ones. solution get a larger capacity card. it also makes selecting, saving, and deleting projects faster. no problems after 1 month of use.', 'san disk makes good cards however i thing the price is somewhat high.so i got the 32gb for half the price so i will have to download my pictures twice a month instead of once a month', 'i would have gone for the 64gb, but they are still a little pricey. this one works fine for now. i have my entire cd music collection on the one card.']"
34,i used it in my samsung note 10.1 but it is slow writing to it. it does not read and write at the same speed - so far so good he guesses r w tests will be ok.,"[""still don't feel is very fast or is just my phone, i guess i will need to remove it and run some r w tests. still its ok."", 'tested it by storing some apps and taking a few pics and videos.i am not techie enuf to run any specific tests.', 'no problem here. i use it in my samsung note 10.1. it is a little slow writing to it but such are micro sd cards.', 'so far this sandisk ultra is working ok.i ran a few tests on it from within my phone before i began using it and the speed was well within reason.it does not read and write at the same speed.so far so good i guess']"
35,"amazon was the best priced microsd here on the amazon. no errors, no formatting needed.","['what can i say. i got this at a one day sale only on amazon and wow this things worked smoothly. no errors, no formatting needed. i just popped it into my gsiii and it worked like a charm', 'this thing works great. i have it to store pictures and videos and it works perfectly. i put it in and it formatted, and after that, no hassle at all. it was the best priced microsd here on amazon and i am happy with the purchase. i would buy again if i needed to.']"
36,"the speed is read, not write, but you knew that, right? it's very cheap, fast tranfers in the right device and right usb port. hasn't tested the speeds yet but should be more than adequate.","['as advertised, specs match. as long as the device you as using it in can handle it i.e. usb 3.0, not some crapple bs it delivers the advertised speed. p.s. the speed is read, not write, but you knew that, right?', 'i got it and tested it block by block. no issues. i tested the speed in various applications and on my laptop in a good usb3.0 reader got no less than 4meg sec and often a little over 10meg sec. speed will of course vary depending on all the hardware and what you are transferring.', 'well, it does work and glad that it is not fake as you would get if you bought from other online stores at 50 a piece. but their max transfer speed is only at 18mb s not 30 as advertised and i have a very decent desktop with usb3 connector.', ""it's very cheap, fast tranfers in the right device and the right usb port. i haven't tested static, etc resistant stuff. if anything happens, i'll update"", ""arrived fast. works with all my digital devices no issues.haven't tested the speed yet but should be more than adequate for data transfer."", 'decent price on 16 gb. works as it should, no problems. not sure if the speeds actually matter with mobile devices. maybe for transferring media to pc faster actually helps. either way, it works great.', 'as described. took 3 weeks to arrive from china but its the real thing, same as picture. speeds are good, 30mb s read, 10mb s write.']"
37,"recieved this fast, copied over all my stuff which took very little time. now i have plenty of space and speed. reliable! huge storage. already own 2 for my mobile devices.","['recieved this fast, copied over all my stuff which took very little time and now i have plenty of space and speed.', ""very fast, no problem in work. i'm very content with his performance, price and all of my file has enough space for the next year as well."", 'fast! reliable! huge storage. already own 2 for my mobile devices. transfer speeds are awesome. no problems to date. great buy.']"
38,sd card shows only a little more than 29 gb available for my 32. i'll accept without sending it back if it's not 64gbit - but 59.45gB 'not like it really is all that big',"['works fine, but it is becoming very annoying that even with flash devices you buy 16gb but only get 15gb. why not just label it as the exact size?', 'why is you buy a 16gb card and when you install it, you have only 14.8 gb? exactly where does that 1gb i paid for...go to?', ""i couldn't put any files onto the card that were 62 5 gb. a little disappointing since i wanted to store movies on it, but i guess it's a limitation of the microsd hc technology."", ""my sd card showed only a little more than 29 gb available for my 32 gb card. that's the bare minimum i'll accept without sending it back. i'm normally happy with the brand name sd cards i buy on amazon, though. for the price i paid for this particular card, my expectations were higher."", 'works as well as a sd card can i guess, but its not 64gb its 59.45gb not like it really is all that big a deal but i just found it strange.']"
39,the razor maxx hd only supported a 16 gb micro card. it is the first time if you want more storage you might want to order the 32gig card.,"['all though it states 16gig it only has 14.8gig available but i know that happens and expected it, keep this in mind if your wanting more storage you might want to order the 32gig card. it was exactly what i expected and needed so no complaints.', 'i so wanted this to work but discovered when it was in transit that the razor maxx hd only supported a 16 gb micro card. so i ordered the 16 and am totally happy. i am tempted to by this 64gb again and give it a whirl.']"
40,"the adapter came with a little slider switch in write protect mode. sandisk says the slider has no visual indication at all, but it's not the best if you use it!","['only had it a few days, but so far it seems to work fine. one thing to be aware of the adapter came with the little slider switch in write protect mode. i could not write on the memory card from my laptop because of that, and almost embarrassed myself by asking sandisk for support the i realized what the problem was. i give 10 of the blame to sandisk since the slider has no visual indication at all. a little dab of white ink would gave helped. but mostly, it was me anyway, just be aware of this if you use the adapter.', 'first off, companies need to mark these right, they consider 1000mb to be 1 gig, when 1 gig is actually 1024 mb.that means you will end up with 62 gb 60 and in all actuality it will read as 59 gb in your device 62 other then that this card works awesome. i would highly recommend it!one star lost due to them not knowing how to measure data.']"
41,i used this to store all my music pictures and hd video on the limited storage of the surface pro. at the price point of below 60 it works perfectly for my tablet for extra storage for photos.,"['great value, plenty of storage for both my phone tablet! i looked around and this is a really good deal.', 'i use this to store all my music pictures and hd video on the limited storage of the surface pro and it simply works! at the price point of below 60 i think its a steal!', 'nice to have such a large card for very similar pricing as two smaller memory cards. lets me have plenty of room for movies and tv shows on my tablet.', 'id say that this product is a steal! now i am able to expand the storage size of my tablet to add more hd movies!', 'love the large storage space, great when you get a less expensivettablet and make it better than an expensive one.', 'what a great find under 50. it works perfectly for my tablet for extra storage for photos. do buy this.']"
42,"the 64gb microsdxc works well for interactive use. it's endemic to all d cards, and it doesn't have much storage for other cards. the card is not as bad as some other card.","[""reliable and inexpensive. however, it's quite slow, far, far slower than the 64gb samsung pro microsdxc. the samsung works well for interactive use while i would only use this sandisk card for applications where speed isn't important."", 'slow and expensive better options out there', ""it's a pretty cheap card and has a good amount of storage, but it has fairly slow write performance. some competitors' microsd cards offer much faster performance for similar prices."", ""it's a little more than sandisk's slow 16gb microsdhc, but cheaper than some other brands, and it works.writes are a bit slow when the card fills up, but that's endemic to all sd cards, and it's not as bad as some other cards.""]"
43,"android phones still dont make use of the technology for transfer rate. the only thing better doesn't exist yet, just be sure to get a slower bins.","['you do need to have the right equipment to use as very few can access these. only newer and equipment that clearly state can use these will work so be aware.', ""the only thing better doesn't exist yet, just be sure to get the u1 marked model as others are slower bins."", 'the best there is under this category. make sure you research before you buy this card for your phones. lots of android phones still dont make use of the uhs 1 technology for transfer rate. you will still get good transfer rate but not the best.']"
44,"sandisk is a memory card, fast as any other class10 card. cheapo brands do this but not the big guys idiots if it fails then you've lost what's on the card most likely!","['it is a memory card, fast as any other class10 card, and sandisk units rarely lose data. i wish these guys would keep their marketing on the backside leaving some white space on top so we could write things. the cheapo brands do this but not the big guys idiots.', ""you buy a several hundred dollars worth product and then you add up a cheap sd card? what a shame! go for a class 10 sandisk card!! they are very fast and reliable. i use it with my lumix camera and my brother's just bought it for his galaxy s4 mini..."", ""get a fast card for your gadgets, this is a class 10. higher the number the faster the read write it is and sandisk is a well know reputable name. i would avoid the cheap junk as if it fails then you've lost what's on the card most likely!""]"
45,"the 64gb memory card works well and hasn't had any issues with it. the speed is ok, nothing blazing took a few minutes to move 10gg of data, but it has been reliable for me over the past few months.","['far faster than 34 stock 34 memory cards, and plenty of speed to boot.for my usage it is more than enough to cover what i need, sure it may not be the absolute fastest memory card in existence, but at under a dollar a gb, it handles my basic needs with ease.', ""it's a 32gb micro card, it works well and haven't had any issues with it. would recommend if you are considering."", 'got a great price on this 64gb memory card. it works fine. the speed is ok, nothing blazing took a few minutes to move 10gb of data , but it serves my purposes. it has been reliable for me over the past few months.', ""great card, haven't had one crash yet. for 20 you can't go wrong with the 32 gb sandisk memory card.""]"
46,"you can store music, pictures, videos and more on my smartphone. it can be accessed directly with an adapter or indirectly via micro usb to us 2.0, 3.0 - would highly recommend!","['turns my smartphone into an ipod effectively! you can store music, pictures, videos and more on it. it can be accessed directly with an adapter or indirectly via micro usb to usb 2.0, 3.0 . would highly recommend!', 'is there any more i can say? no! i get it less than 30 bucks! you can use it in your cellphone or whatever support it.']"
47,"i needed a micro sd card with more storage for my phone. it holds quite some stuff, but most of my stuff.","[""got this microsdxc for my gopro. i've got more than enough space not to worry about changing my simcard, but more about changing my battery."", 'i needed a micro sd card with more storage for my phone. this was a good price for a lot of space.', 'this micro sd card holds quite a bit of stuff. not all my stuff, but most of my stuff. i like that.', 'this does excatly what i bought it for goes in to my phone and is a nice storage comes with a micro sd to sd converter so it was a nice buy', ""more storage for my phone. easy to insert, it's really small hence micro, so make sure you don't end up losing it before you get it into your phone. i'm really happy with this product and decent price too.""]"
48,a standard type 32 gb card was replaced and this does work remarkably better. the 128 card came out and blow it out of the water - the card works exactly like it is supposed to. i can't wait however for the '128' card to come out.,"['was expecting a better and faster, more efficient product, and was not disappointed. replaced a standard type 32 gb card and this does work remarkably better. pleased with the purchase.', ""works exactly like it is supposed to. i can't wait however for a 128 gb card to come out and blow this out of the water.""]"
49,"gf wanted music on here phone so i got her this, she hasn't put any music. 64 gigs in such a tiny physical space is crazy... makes my phone's capacity huge if you use it in an mp3 player, you will have to convert it to fat 32, but it is not hard there are","['worked well after reformatting. good thing i was able to download the free app on line after reformatting. memory to spare. i like being able to download and snap photos without thinking how much space left in the phone.', ""moved my music library for phone car use.easy to set up and reliable.the drivers didn't like my older laptop so i had to work around it any teen can tell you how to do so with only a slight roll of the eyes."", 'my gf wanted music on here phone so i got her this, she hasnt put any music on her phone yet so i cant say how well or not this works, but the phone recognized it and its been sitting in there for a couple months now.', ""does what it should ... 64 gigs in such a tiny physical space is crazy ... makes my phone's capacity huge. if you use it in an mp3 player, you will have to convert it to fat 32, but it isn't hard there are plenty of free programs out there you can download. so this will work in those devices as well ... sweet."", ""i needed this for my phone. i listen to a lot of music and 32 gb's is not enough. it took me a while to get it to work since my phone is older and not capable of working with ex fat, but once i got that straightened out, it's worked great.""]"
50,good memory card received a surprise after receiving very beautiful packaging. the 32 gig class 10 card was shipped with out original packaging... it works fine.,"['good memory card, a gift given to junior partner, after receiving very beautiful, beautiful packaging, received a big surprise, do not know how to evaluate it.', 'after doing some tests between a generic memory card and this sandisk i am very disappointed. i bought the 32 gig class 10 card.i swore i picked original packaging but it was shipped with out original packaging... i will be returning this card for the following reasons these tests were done using the sd card ports on my pc.my generic class 6 32 gig card has upload speed of 22mb write and a transfer speed of 8.5.my sandisk i just bought, it has an upload speed peaking at 32mb write and a transfer speed of 6.5 to maybe 8.5 if im lucky.the write speed is ok, but why is the transfer speed so much more low. why isnt it at least 10mb if not 12mb if sandisk is typically so modest in their classifications?and whats the deal with the no classification marking on this sd card... i dont see class 10 anywhere on this card....amazon you will be getting this back!', 'sometimes when the price is too low you get less than you paid for. my suspicions were deepened when the package arrived with generic packaging, not the brand label of 34 sandisk ultra. 34 nevertheless, i am satisfied with the product. it works fine. sure beats the price walmart was charging for a 64 gb micro sd card.']"
51,"the lumix camera works fast and great, no complaints, never had any issues, highly recommended, this brand always comes through.","['put in the lumix camera and it works fast and great, no complaints, never had any issues, highly recommended, this brand always comes through .', 'this product has excellent quality! no problems so far. fast reading and data transferring. i love it! taking pictures like crazy without any worries. reliable product indeed.', 'overall good quality item, worked fine from the start with no problems. stores photos quick without a lot of hassle.']"
52,the nikon p700 and d5000 cameras are a pair of these. reads and writes fast.,"['work perfectly in my camera. reads and writes fast.', 'using a pair of these in a nikon p700 and d5000 cameras. the run fast and store pics just fine.']"
53,shipped fast and worked really well! it stores pictures as fast as i can click.,"['shipped fast and worked really well! i use this just in case i have to take a lot of photos! loads fast!', 'it works and it is just as fast as it is supposed, stores pictures as fast as i can click.', 'excellent. got 2 of these but still testing to see if speed is its greatest deal. anyway cheap at the time.', 'works great. plenty of storage and writes fast to my portable camera. arrived on time. product was packed and warped well.']"
54,"micro card that has 64g still blows my mind. it gives me plenty of storage for my music, videos, movies, photos, etc.","['a micro card that has 64g still just blows my mind. i put this card in my galaxy tab and i love it. it gives me plenty of storage for my music, videos, movies, photos, etc. the speed is awesome too. that makes uploading to it that much more enjoyable. i recommend it.', 'this card is high quality and a great price. it is not made for video but works well for photography and most other applications. big enough to hold all your photos and songs. i use it as extra storage for my galaxy tab and works great. i would recommend it.', 'man, this 128 122gb actually is amazing! i had a 64gb card and been transferring my apps to the external card and ran out of memory. with this bad boy, i can move anything i want, load it with tons of music and still have tons of space. highly recommended.']"
55,card is incredibly fast and easy to use if you want to buy it. it's very good for putting it in pc or tablet - and is great for use in computing devices and or tablets.,"['as i just mentioned, it is both fast and efficient. after several months of use in both my laptop and 7 inch galaxy tab 2, it has displayed exceptional speed and no loss of data. i highly recommend this card for use in computing devices and or tablets.', 'i have not utilized the card as much as i had hoped i would, so i cannot comment too much on the speed, but my tablet asus transformer infinity certainly has plenty of space on it now.', ""as advertised. good write and read speeds and works well with new microsoft surface. only complaint is there was a significant price drop after i purchased this card. but that's not amazons fault nor the product."", 'i love this card and it is super fast. great for putting it in a tablet to keep it from slowing up. and it was 15 reg 70 gives me something to brag about too.', 'good buy on this card. was just what i needed for my tablet. super fast spead on this so up loading or down loading from my pc or laptop is fast.', 'i love this card. it provides a massive storage boost for my tablet, and has really fast access speeds. i have never run into loading problems, even with very large video files, and am happy with its performance.', ""i know what my title says, and it's the actual amount on the card, which is really good. other cards that i own have a greater difference per advertised amount. i use it for my lenovo lynx tablet and it works perfectly.""]"
56,"jeez, this thing is fast and it does everything that he wanted it to do.","[""i have zero complaints, this card does exactly what it should. i'm amazed by how inexpensive memory cards continue to get. these things are really useful to throw on your keychain because they're so small.update from 5 stars to 1. dead after 4 months. appears to be a fairly common issue ... let's see how the rma process goes...."", ""i gave it five stars, simply because i am not a tech genius, so i don't know if it is the best or not but jeez, this thing is fast and it does everything that i wanted it to do. i have no complaints so far. i'm a very happy customer and i would definitely recommend this product to someone who is looking at buying an affordable micro sd card.""]"
57,"i use this for expanded storage on my nexus 7 via mini sd usb reader for android. instantly adds more storage for music, movies, tv, etc...","[""using this for expanded storage on my nexus 7 via mini sd usb reader for android and it's working great. instantly adds more storage for music, movies, tv, etc..."", ""for my galaxy note 10.1. this is necessary if you use the tablet as much as i do. don't get a smaller card."", 'if you are going to add more storage to you android tablet, this is the one for you. i recommend this ssd card.', 'the microsd card works wonderfully with my galaxy tab3 and gives me a great deal of extra storage for my media on the tablet', 'i use this microsd card with my android tablet all the time. i store lots of movies and books on it, and it works great. highly recommend it.']"
58,asus tf700 has a good read write performance and it's sandisk!recommended!,"[""what more can i say?i'm using it to double the memory of my asus tf700 from 32 to 64gb and this card has a good read write performance and it's sandisk!recommended."", 'i purchased this card to double my disk space for my ms surface rt. the price was right and i am happy with my purchase. i would recommend this card to anyone needing a 32gb microsd card.', 'i love this micro sd. it enables me to expand the storage space on my acer w3. great price too,']"
59,sandisk class 10 is great when taking pictures or video. it will not freeze because it can move the mbs fast enough - but will say waiting for camera and you will miss the moment. if you can get one on sale they are great!,"['a lot of people want big memory which is fine. but you need to look at speed class. this one is class 10. which is great when your taking pictures or video. it will not freeze because it can move the mb s fast enough. lesser speed cards will freeze or will say waiting for camera and you will miss the moment. its also a sandisk which is a name you can trust when it come to memory cards.', 'sandisk class 10 as far as memory cards to me is the best! as for the price of 20 this card is all you need for advance cameras phones ext. i bought it for my go pro black edition and it worked flawlessly without and buffering error. for my money sandisk is where i would put my money on before any other memory card...', ""class 10 is about the best there is and sandisk hasn't let me down, except that one time when a lock unlock broke off of a 32gig sdhc card i once bought. well, out of about a hundred different memory cards i'de say that ain't a bad run. this works great in my son's wife's touch pad. if you can get one on sale they are great!"", 'sandisk makes the most reliable sd cards. after working in tech support for a company that relied on maps loaded on sd cards, i only recommend sandisk now. class 10 is great, it means you have the fastest card made. the class shows the minimum speeds for data transfer to and from the card. a class 10 will always have at least a minimum transfer of 10mb sec. these are the cards professionals use to record hd video and high quality images.']"
60,card is recognized as 59.5gb as expected. comes with a plastic case with an sd card adapter - i'm able to carry around all of my music if this card fails me in the future!,"['this is just what my s4 wanted! i have so many songs to take around with me that i had to get a bigger card and this one is great! no memory issues any time soon!', 'dont need any extra cards now!', ""so far so good, this card works fine in my lg optimus l9. its been about 5 days, and i've added 20gb's of music on it. i will update if this card fails me in the future."", ""card is recognized as 59.5gb as expected. i'm able to carry around all of my music without having to carry an ipod as well, now. it came with a plastic case with an sd card adapter.""]"
61,"spec.card looks good too, despite some people complaining about sd cards 1 not working fast enough2 some android devices are acting slow3 rooted phones do not boot from the cards.","[""great little card. the only problem i have experienced may not even be related to the card, but android os itself. i experience buffering 'hiccups' pauses when watching a video if i also have my utorrent client in the background downloading. i am not sure if this is limited to the card itself and possibly a faster write speed is needed, or it's the fault of the phone's os. however, i am confident that it's operating within spec.card looks good too.. too bad it's in the case of my phone never to be seen."", 'some people complain about sd cards 1 not working fast enough2 some android devices are acting slow3 rooted phones do not boot from sd cards.this card is fast about 28 mb s, removed all the lag from android device. hdr video recorder have no delays between video recordings which usually happens with most of the cards on the market and all android rooted phones i tried booted and worked.i really recommend this card for price and performance!good luck and enjoy you purchase.']"
62,i bought this one for my smart phone. plug and play! works great. would definitely recommend this card and the seller to my friends.,"['works in all my sd devices. i bought this one for my smart phone. plug and play! works great. would definitely recommend this card and the seller to my friends.', 'great micro sd card! very helpful to store my media files and has no problem for my samsung galaxy note2!!', 'i finally have a micro sd card that i can use to transfer pictures from my computer to my photo printer. works flawlessly.']"
63,"fast recording downing speed. you can take several pictures in sequence. this memory keeps it pace. even at movies it shows its speed - and it's fast fast, if you like to see videos on tablets or phones, you'll end up needing this guy. and this is the fastest.","[""fast recording downing speed. you can't go wrong wit this. it also can be used with my smartphone.i would recommend this to a friend."", 'ultra quick. you can take several pictures in sequence and this memory keeps it pace. even at movies it shows its speed.', ""it's fast fast fast, and big big big. it's exactly what you need to record all of your ill advised shenanigans with your friends."", ""if you like to see videos on tablets or phones, you'll end up needing this guy. and this is the fastest. very good for recording too.""]"
64,"i bought this for my cell phone and it was easy to put in. arrived fast, unpacked easily, installed quickly, operates without problems.","[""i got this for my cell phone and it was easy to put in. i have had not problems with it at all, it's been in my phone for a few months now and it's great having all the extra storage for pictures. i got it on time and it was so easy to remove from the package."", 'purchased this for my phone. it was easy to install and format for my phone. it arrived on time and packaging was appropriate.', 'got here within a couple of days of ordering. easy to install and works great. i wanted extra storage and this was right size for me.', ""arrived fast, unpacked easily, installed quickly, operates without problems. i am happy with the purchase. it's currently installed on my samasun ativ smart pc"", 'it arrived quickly, was easy to install, now, if i can just figure out how to save data onto it from my device...', ""i bought this for my father and he definitely enjoys the extra storage space. who wouldn't. it came in a timely manner and was easy to install.""]"
65,the wife's ssd was full and she dropped in one of these with a near flush mount adaptor also via amazon. she set it up as 'a second drive for her itunes collection',"['purchased this along with the nifty minidrive for use as my time machine backup my macbook air 13 34 . perfect expansion!', ""when the wife's macbook air ssd got full, i dropped in one of these with a near flush mount sd adaptor also via amazon and set it up as a second drive for her itunes collection. now she's got plenty of room for pics of the kid."", 'i use this with a nifty minidrive, ... to extend the built in ssd in my macbook pro. i highly recommend it for anyone needing a speedy flash card.', 'i bought this and the 1 2 size adapter for my macbook pro. it fits right into the sd slot, nice and flush. it has a little handle to use to remove. but i love getting the extra 64 gig of memory and use it all the time.', 'i love this. i am using it to add additional storage space to my mb air together with the minidrive. i may not have comparable speed to an actual ssd but for audio files and photos it is good.']"
66,"l learned that the advertised and actual available memory are two separate things before he bought it. the 64gb card is advertised as 64gig yet in reality is lower, manufactures using false advertising as usual. it actually contains 4gg of flash memory and some kind of hack that causes it to appear as an obama drive.","[""you'll pay 10 more for these anywhere else. i was initially leery of buying another sd card on amazon. 4 years ago i did so, and the card was a fake said it had 32 gigs when plugged into the computer, but you could only load about 11 onto it, and it would say 34 full. 34 apparently there's a way to fool your computer into thinking there's more space than there is, and this is what the fake counterfeit cards will do .not so with this one. it's the real deal, genuine sandisk, and contains as many gb as it says it does. i'm a very pleased customer."", ""than i expected. i don't know if it would kill any manufacturers to actually have a memory card or stick or device to actually have available the advertised capacity. fortunately l learned that the advertised and actual available memory are two separate things before i bought it, always scroll down and read the technical spec of a device or anything before you buy as that way ideally, your actually informed. let the buyer beware, is more appropriate every day as most things are not exactly as they seem. and if it's food and cheap, it's likely cancer causing and don't feed your body and your car in the same place."", ""this card would not show 64 gb until i spent 60 on a card reader that supports sdxc, and after doing that, it is transferring at class 1 speed. i managed to get it formatted in fat32 with 59 gb free for my cowon j3, but it's taking 10 hours to transfer 30 gb to it. i got a refund because this is not the service and quality i paid for. i just hope the music lists on my pmp when i turn it on tomorrow. i have it in the microsdxc slot of the aft pro 57u, which is connected to a syba via vl800 usb 3.0 card. feel free to tell me i am doing it wrong and how to get class 10 speed.update the transfer finished, but the data does not show in my cowon j3, so the early versions that worked are gone. do not buy these for a device that is not sdxc specific because they have changed something in them."", ""there's a lot of counterfeits on these, and i apparently picked up a bum card from memorywhiz. my device shows me there's a 32gb of space there it just is impossible to gain access to it. rather, the sdcard folder is found on my device's internal memory the memory that came with the device . i even downloaded some apps that were supposed to read and write from my sdcard, but they work even when i unmount the card and remove it. so check out these cards thoroughly when you buy them and make sure they're what they say they are. naturally, sandisk isn't going to stand by a counterfeit."", ""i bought two of these 128 gb microsd cards which i formatted to fat32, and i currently have about 62 gb in 35,000 files on each card. i carry one card in my wallet and keep one in a safe deposit off site. i've been through the sandisk literature looking to see if there are any restrictions on their use, other than as ordinary 34 flash memory 34 for file storage. there are no restrictions i could find. what i have found is that these 128 gb cards and a sandisk 64 gb card i bought previously cannot accept 62 gb of data written from a computer without suffering errors. i've had to resort to copying no more than 1 3 gb of data at a time to these cards, stopping, then starting another 1 3 gb until the complete data is copied. the errors actually occur early on, at approximately the 2 to 3 gb point. i have several other 128 gb flash memory sticks the lexar echo series, as well as a hundred other lower capacity flash memory cards, and do not have this overflow error problem with any of those. to repeat, there are no restrictions on the use of these memory cards example can be used only in a camera given by sandisk, and given that the 62 gb of data on each card has been verified as to integrity, they are not defective."", ""don't even waste your time buying this memory card. 64gb is written on it but its actually even less than 3gb that's in it.i have never experienced such deception.i had tried loading my pics and music and other data on it from day one but no matter what i did i won't take more than 3gb of data. i didn't realise till i read other stories of similar memory cards that will state 64gb but would contain a smaller memory capacity often times even less than 10gb.i bought this card for 49.what a big waste!!now i am so scared of buying memory cards on amazon or online elsewhere.i wouldn't dear it again!it was in a sealed sanddisk packet so i was thinking it must be original.alas!it was a big waste!i have lost confidence in buying memory card on amazon."", ""i bought this for a sansa clip , it worked after formatting the card to fat32. can't say much other than i have tons of lossless songs here that were previously on cds. what i don't like in general is that manufacturers lie about real size of cards arguing some technical issue, it's like saying that 2 2 5, when in reality is not, this card like any other card is not 64gb, it's more like 62gb can't remember exact size, don't have card available at hand .2 2 is not 5. this card is advertised as 64gb yet in reality is lower, manufactures using false advertising as usual. this kinds of memory cards are a good example of false advertisement."", 'i made the mistake of buying a supposed 64gig card on ebay and found that it was fake. so, i decided to purposely buy a retail packaged sanddisk card directly from amazon. the card is great, i reformatted it to fat32 for use with my sansa clipzip and hisoundaudio studio v 3rd anniversary. i have not had any problems with the card, works as advertised and the transfer speeds are great when loading files onto the card.', ""the 64gb card i purchased actually contains 4gb of flash memory and some kind of hack that causes it to appear as a 64gb drive in various drives and readers. of course, this took me a while to figure out since i only just got around to copying more than 4gb of data to the card, but with some testing i have nonetheless discovered this to be the case.the card i bought was in amazon frustration free packaging. i don't know if cards purchased that way are less likely to be counterfeit than retail packaged versions, but i suspect that i will stick with manufacturer packaging from now on."", ""while i got this card as a deal of the day on amazon, i would gladly pay 79.99 for it!with that said, there has been some skepticism related to the serial number of the card as it is displayed on amazon. i can confirm that i received a brand new 64 gb card with the serial sdsdqua 064g u46a. the packaging of the card says that it is a class 10 uhs speed class 1. after formatting copying over 20 gb of data from my evo 3d's previous card, i get write speeds of about 9 mb s and read speeds of about 20 mb s. i am fine with this, and can not complain because i don't believe the evo 3d is intended to be compatible with sdxc cards, however it does work just fine."", ""128gb in the size of a fingernail for this price, who'da thunk it?works fine in my sansa clip zip using rockbox software probably fine with original firmware but i haven't tried it .nota bene as with all sdhc xc cards, it comes from the factory formatted to exfat.for rockbox at least, and probably other software, reformatting to fat32 is required.if your device or software supports exfat, you won't care about this caveat.i'm only using it for mp3 bitrates, so i can't comment on speed issues.the dark red printing on the card is hard to read compared to the white on the 64gb cards.awesome! thank you sandisk and amazon.""]"
67,"the adapter itself is not at same level, even though. camera can use it with it.","['using it on a canon 6d. no camplains at all. really fast access. the adapter itself is not at same level, even though. bad connection, had to use a previous adapter that i already had.', 'get it 9.9,so worthful.speed is fine , camera can use it with the adapter. so useful, i love it !', ""with the adapter, i can use this with dslrs and other video capturing items that demand a lot of data transferred faster. it's pretty crucial especially when you can snap off 10 to 15 photos per second to get some really good sequences and every little bit helps when your files are 8mb a piece.""]"
68,"sandisk microsdhc cards have been of varying sizes under 32 gb. they are the largest size i've ever used, but have not been able to re-use a cd card since january 2012 - despite the fact that it's not the color or the design","[""there really isn't much to say about a micro sd card it either works or it doesn't. i bought this to install in my phone and it seems to be working fine. the fit was perfect and the performance is totally satisfactory. i've never had any trouble with sandisk products and this will likely be no exception. it was a great value compared to places i had priced locally."", ""i haven't experienced any issues with this card yet.i got it for a very good price and am very happy with it. my last micro sd card failed on me after a few months of use and i lost everything i had nothing was recoverable... this one, though seems to work perfectly as designed and i haven't had an issue with it yet.five stars because it does what i expect it to do and hasn't failed me."", ""i had been using a no name micro sd card in my phone for a while now. it was made by 3c, but it was 16gb and class 10 for really cheap. it actually didn't give me any problems at all so would buy another one in a heartbeat.anyways, my son wanted more games on his psp my psp actually so i used that 16gb card there with an adapter so i was in the market for a new card.i got this card because i trust the sandisk brand, it was 32gb, and the price was cheaper than most. i plugged it in my phone and have not had a problem at all. i can't tell you anything specifically positive, but that is okay in my book considering it means i don't have anything negative to say either. no news is good news sometimes. everything is smooth and there are no issues. i would buy this card again, recommend it to anybody who needs one, or buy a larger size from them when the time eventually comes."", ""something this small with so much information stored on it freaks me out. but i've had zero problems with it over the past year. the only issue i had is that the adapter that came with it did not work. the microsd card went into it kind of sidways like it was made wrong. luckily i had another adapter lying around, and the sd card itself works perfectly and i've had no issues with data loss or corruption."", 'after using it for a while, i have not issue at all.have been taking pictures, videos, doing a lot of copy paste delete this little 32gb sd card. not like my other sandisk 32gb which only last for about 6 months.a small note. not sure if it is the color or the design, the feel of the card red gray is a little thicker then a regular black sd card. i also need to use little force to get the card out the digital cam. on the bright side, i do not have to worry about dropping the cd card like others since it does not slide out when try getting it out.', ""i've been using it for just over a week and so far i've had no issues...not that i was expecting any as i've used sandisk microsdhc cards before which have worked reliably. these have all been of varying sizes under 32 gb, this being the largest size i've ever used. i've read complaints elsewhere from persons who've had problems with the said brand which, fortunately, have been few.""]"
69,"very good for information or photo storage in a small device, i have 2 so far for different computers and is great. love it planty of space for my pictures and videos and more very small and can be used in other items.","['very good for information or photo storage in a small device, i have 2 so far for different computers and is great.', 'love it planty of space for my pictures and videos and more very small and can be use in other items']"
70,microsd cards are so dang small and the slots are spring loaded. they're so small they are easy to lose if they get any smaller we will start inhaling them by accident when we sneeze or something.,"['these are great little cards and are very fast. the only thing i hate about microsd is that they are so dang small and the slots are spring loaded. i have lost a couple from them shooting across the room.', ""what can i say its a memory card. it remembers what its supposed to. at least it remembers as well or better than i do.only problem i have with these micro sd cards is they're so small they're easy to lose. if these things get any smaller we will start inhaling them by accident when we sneeze or something."", 'now who would have thought one day a memory card would be so small that its so easy to lose.i bought this microsd card to run openbsd on my beagle bone black ...']"
71,you need a phone root if you're using your external card. i'll go there is an option to swap your internal card for external memory - swap it for internal memory.,"[""not as fast as advertised most of the time, actually slowed down my note 3 when i filled it with movies leaving only about 8gb free, switched to a faster card due to that, but it could also be the phones fault. all in all it's a good card with good speed and size for the money."", ""this works on my phone and is amazing, however it seems to transfer pretty slowly. i move a lot of music and movies on and off my phone so it can be annoying. i'm not sure if my phone or this card is the weak link though. i have note 2.anyways, it was cheap and it works, that is all that matters. buy it!!!"", '...then class 6 cards on samsung galaxy note. with class 6 cards i had some minor speed issues, but with this one they are gone.', 'i wished it came with some sort of usb converter so i can transfer files faster to my pc. i am using a samsung galaxy note 2 and file transfer speed is mediocre.', ""i bough it because it said it was fast, but not. i'm only getting 13mb s with an galaxy note ii a very fast an excellent phone."", 'the extra room on my phone is great but ive noticed since installing it that its a lil slow when transferring files from my phone to the card, its not like im sitting there forever but its a noticeable difference between my old card and this one', 'i thought every app could be transferred into the sd card but no. the description said that i would speed up the device a little but i think it got slower, i have samsung device and its not faster at all and not improving it also. i love this sd card i realy do recommend it. but there are some pitty partsnto it. still love it', ""my slr has sd cards that take time for the next click thought this would solve the problem as it says its faster and a way better product but i don't see that happening."", ""i really don't know what to think about this i got it thinking it would solve my memory problems but that's not the case turns out you can only put certain things on this and of course none of the thingsthat are eating up your memory on.your will go there is a way to swap your internal memory for your external card but it's not easy and you have to root your phone""]"
72,i use this in my phone and transfer information back an forth from phone to laptop. came with sd card converter so he was able to transfer data from my old card using my laptop. the extra space available for photos and videos.,"['i use this in my phone and transfer information back an forth from phone to laptop. great for holding lots of items. have no problems with it and will probably get another or larger size', 'great addition to my phone, came with sd card converter so i was able to transfer data from my old card using my laptop. have had no issues and i love all the extra space available for photos and videos.']"
73,sandisk 16gg micro hd is running fine and is not compatible with motorola raza rafael's tv resale. the 64gb microsd card is operating fine - but it will act up if it continues to work up the memory of the phone,"['i just received my card, it is the class 10 64gb with the correct serial sdsdqua 064g a11a. i received it in an unopened sandisk packaging. i am going to use it on my htc rezound, i hope it works. from what i have read, it will work after reformatting the disk. i will update this review if i have any issues using it, if not, my rating will remain unchanged...', ""i purhased this thinking i was getting an amazing deal. the price was right, the product was not. after a few months i am unable to delete or add files, pics or music to this microsd card. i am only using 28gb of space on it. i cannot add anything, nor delete anything, it won't even allow me to format it and start fresh. i am not happy with this product and extremely disappointed. i use my phone a lot and store music and pictures on my phone for various purposes. i would recommend buying another 64gb microsd card. one that is more reliable."", 'i purchased a 64gb samsung sd card to expand the memory of the phone.however, i frequently get a message that the card has been removed or is recovering.sometimes the problem clears itself, other times i have to reboot the phone.it also says mtp application will restart to prepare sd card . it then starts listing the restarting recovering sd card.i eventually replaced it with a sandisk 16gb microsd hd card from walmart and it is operating fine.i have been reading a lot about people having issues with the 64gb sandisk cards and the galaxy s4.i wish i had done more research before wasting 50 on what i thought was a good buy!', ""i have a 4gb and an 8gb micro sd card so i finally had to upgrade since i was getting close to filling up both cards. the micro sd arrived a week before so i do recommend these guys.update so for some reason the sd card wants to be dumb and work and not work with my phone motorola razr m . now i know it's not the phone because it works perfectly fine with the other sd cards i have. i haven't contacted the sellers yet, but probably will soon if it continues to act up.""]"
74,i am using it in my htc evo lte 4g phone hoping that it had uhs 1 capability. it's a class 10 so it saves pictures just as quickly. dont see any difference.,"[""it's a class 10 so it's pretty fast. i am using it in my htc evo lte 4g phone hoping that it had uhs 1 capability. it doesnt seem to so it's just a class 10."", 'i cannot gauge if its better or faster than a class 4 or 6. i use it in my mobile and it saves pictures just as quickly. dont see a difference. but it has advertised capacity and works ok.', 'stil not getting the write speed as i need, but considering the cost capacity speed it is a good card!', ""it's good, i liked it, works perfectly with my minidrive, but it's kind of slow, sometimes it doesn't reach the promised 10mb s."", ""it's a good capacity but the speed is slow that is almost 10m...but it's acceptable to me. i like it."", 'great storage for the price 60 1 per gb . the only draw back is that they are rather slow to write to.', 'it works great, good size good and good price. only giving it 4 stars because it is a 34 little 34 slow to write and read from but it is to be expected from an xc card with speeds up to 10mb s i believe.']"
75,"cheaping out on class 10 cards may result in your video recording devices to become unstable, or worse, corrupt data. if you get more than one like me, you might want to keep track of your videos and your data.","[""i own several video recording devices surveillance, car based dvr systems, etc. , and the sandisk class 10 cards always use class 10 cards when dealing with hd video are the only ones which survive these extreme environments.i have been using sandisk for years, and while i do admit to trying other great brands once in a while, i always come back to sandisk, and will stick with it.many non sandisk brand cards might advertise class 10 as well, but don't achieve the same writing speeds. in fact, cheaping out on these cards may result in your video recording devices to become unstable, or worse, corrupt data.highly recommended!"", ""i bought a bunch of these for many many hours use with hi res video cameras and every one has been fast and flawless.plus, if you get more than one like me, you might want a way to keep track of which is which. notice there is a small blank area in the red to the right of the sandisk name. you can write a number there with a fine tip marker. don't try that on one of those solid black chips!"", ""the scandisk 63 gb sdxc card is a geat value and i get hours of recording hd video with wonderful results. i prefer scandisk because they are reliable. setting up a video shoot with a client, spending hours recording and then calling my client to explain that i bought a cheap, unreliable card that failed... and now i have to reschedule a re shootand the project will have a late delivery... just isn't smart. i must have reliability and scandisk delivers!""]"
76,the size of the disc is so small it is hard to believe so much memory can be stored in so tiny chips. it holds lots of video memory if you want to remember where you place it.,"[""this item is great! i can't believe how small it is. imagine 64gb this size back in the 70's when they had whole buildings full of computers that couldn't pack this much space! great item."", 'it is amazing how much storage they can fit into such a small form factorremember 1.5 mb floppy disks ?heck this thing is soooo small you might lose itits like pinky nail size smalland holds 64 gb ! awesome', 'it does what it is made to do. it is hard to believe so much memory can be stored in such a small chip.', 'holds lots of video memory. small, compact and convenience for travel. due to the small size need to remember where you place it.', ""my computer couldn't tell the difference, or at least not noticeable to me. i needed the extra space. thanks for having a great product with a great price!"", ""a reliable brand name produce giving me lots of storage for music, videos and pictures. it's so tiny. no one in say 1950 would believe what it does."", 'it is amazing how much you can hold on such a tiny disc. technology is amazing and this is way cheaper than in the stores.', ""i can't believe 32gb fits in such a small space. it blows my mind. my first computer only had half a gb for a hard drive and was the size of a book. what is this sorcery!?!"", ""it's unreal that 64 gb of data fit in this small of a memory card. not too long ago this was considered futuristic."", 'i have it more then half of year now and still can not believe how they manage to fit 64gb on that small piece of plastic..', 'it worked for a gopro so what more to say except i wonder how they can fit 64 gigs on such a small chip. amazing.']"
77,"the tiny marvel is so small that you may lose it if you drop it during handling. but with 16 gb capacity, you won't be handling it often. this is just great.","[""this tiny marvel does what it claims. the only possible problem is that it is so small that you may lose it if you happen to drop it during handling. but with 16 gb capacity, you won't be handling it often."", ""it is extremely small. so small in fact, that it could easily get lost. so i recommend that once it's in, you leave it in. but it's a great idea, to allow the camera's, phone's or any other device to be that much smaller. i've only had it for a short while, but so far so good."", ""it was good until i lost it in the house. i think they should put a big ass light on it so i won't loose it."", 'this is just great. but the damned thing is really small. i had one before but i put it down and lost it for good.', 'it worked well that one time i put some files on it. it was easily read by my computer and phone. then i lost it because it was so tiny. oh well!']"
78,sandisk ultra 32 gb microsdhc c10 uhs1 memory card is a great choice. the adapter works perfectly as well as the thumb drives and thumb drive are excellent - the i will post again if any issues arise.,"[""sandisk makes great products and this one's just another of them. i'm using it in a vehicle dash camera to record hd .mov format video and on my shakedown run the camera and the disc worked perfectly together! 32gb of space gives me plenty of room to record, and the class 10 rating means the card is plenty fast enough to keep up and produce crisp and clear video. color was also good."", ""bought both this and a similar transcend premium 300x 32 gb microsdhc class 10 uhs for a couple of g1wh dash cams. both work well with the cameras. the key is you need cards compliant with uhs 1 or better. look for the u with a 1 or a 3 inside it on the card for these cameras. the transcend is rated slightly faster but the cameras seem to like either equally well. when i purchased this transcend and the sandisk were within pennies of each other, so aside from slight price and speed differences, there's not much to recommend one over the other. and so long as you get at least a uhs 1 card, the same can be said for other manufacturers such as g.skill, kingston, or others."", ""i bought this card for my car's windshield mounted 1080p dash camera. when my cam arrived i just inserted a 16gb card that i had on hand. it is a 'type 6' and i didn't realize that it could degrade the cam's performance. after reading in an online forum that 34 any video or photo application will benefit greatly from a 'type 10' memory card 34 , i ordered the sandisk 16gb type 10 micro sd card. wow! what a difference! the stuttering video that i thought was just inherent to the camera itself is now gone. i believe the color rendition is better as well.this card was by far the best price of any supplier. it arrived quickly and solved a problem that i wasn't even sure i had."", 'this is being used in a mobius action camera 1080p hd mini sports cam dash cam daily so the opportunity for failure or problems would be readily apparent. it has really delivered as promised. speed and reliability are great. the adapter works perfectly as well. i have several other sandisk products including sd cards, thumb drives and an ssd and all have been terrific.so far i can highly recommend the sandisk ultra 32 gb microsdhc c10 uhs1 memory card. i will post again if any issues arise.']"
79,dashcam hasn't quit on me and is pleased to have it sorted out for me. so far it's been working well in an extremely demanding capacity - i bought the card for my finevu cr 500hd Dash cam.,"[""i have a dashcam. it didn't come with a memory card so i got this.this card has been working well in a fairly demanding capacity. that's because like the way most drivers use dashcams, i've got mine set to 10 minute loops. that means new data is being written over and over again on this card. so far the card hasn't quit on me and i'm pleased."", 'bought these for my finevu cr 500hd dash cam, my cam cannot take cards greater than 32gb and found this to be the most consistently performing card for my use.i now get almost double the recording content vs. the 16gb card that came with the dash cam. if you need a card with no maintenance and performs with no issues, this is the card to get.', 'i just bought a 1080 p dash cam and i needed the best and fastest memory to get the best quality pictures. i did my homework and as i thought scandisk ultra came out far above everything else out there.if you want the best and fastest memory with the highest quality on the market then get scandisk ultra !']"
80,samsung skyrocket and note 2 android phones are formatted for exfat. android will need the memory card to format it in fat 32. the card works well in both my lg optimus and my galaxy note 10.1 tablet.,"['i have both the samsung skyrocket and note 2 android phones and this card works great. mine came formatted for exfat. android will need it formatted in fat 32. to do this use the format function built into the phone. after the format it works great!', 'the memory card works well in both my lg optimus l9 yes!! as well as my galaxy note 10.1 tablet. the card worked native on the note but i had to reformat it to work with my phone reformatting on the phone itself . it has the correct capacity and seems the correct speed.']"
81,"it works fine in my verizon galaxy s3 but has to be formated to fat32. also works in a canon ixus 80. it may find it, but you will only be able to use 32gb...that's why the phone supports exfat.","['it works fine in my verizon galaxy s3 but has to be formated to fat32. also works in my canon ixus 80.', ""i run this in my samsung galaxy ii. works like a champ and it's really fast. unless your phone supports exfat this is as big as you can go. it might find it, but you will only be able to use 32gb...that's why the file system is called fat32."", 'i bought this for my galaxy s4. you need to reformat it to fat32 32kb cluster size to fully take advantage of it in the phone but once you do it works great. i copied everything from my ipod about 40gb to it and now i can stop carrying 2 devices around.', 'great write speed and lots of space! i bought this for my galaxy s3 and formatted to fat32 and it works great!', 'formated to fat32 using easy partition home edition free on the web and it works on both my samsung galaxy s ii phone and asus tf101 tabletam gonna buy another one so each can have one', 'works great in my compatible device but if you think you can reformat to fat32 and us in an older device only designed for 32gb you will likely experience excess battery drain even if you think it is working fine to start with.', ""i reformatted to fat32, transferred all the files from my old phone, put this in my galaxy s3, and have hardly thought about it since. it's huge and just works reliably."", 'had to format on my computer because i wanted to use with aokp and needed to get fat32, but once done the performance has been excellent', 'i reformatted it in disk utility on my mac so that is fat32. and it works very well in my device nokia n900 .']"
82,the camera came with a 4 g card which he filled in just over an hour at the local kart track. the card is quite capable of any photographic or video need up to full hd not 2k or 4k. it is constantly overwritten every 3 days with the oldest event and it has not failed yet.,"[""it is so hard to imagine that you can have 32 gb is something smaller than a postage stamp, yet here it is.i bought this card to work with my call of duty ghosts tactical camera and it works perfectly. the camera came with a 4 g card which i filled in just over an hour at the local kart track. i missed the last bit of our race due to insufficient capacity. the battery was still going strong so i needed more card for recording my adventures.this card fits the bill nicely.as a uhs speed class 1 roughly equiv class 10 card this sd card is quite capable of any photographic or video need up to full hd not 2k or 4k . i use a similar card in my canon 60d and am able to hold around 700 raw images, and a few hours of hd video.here are some benchmarks for comparison including this card.macbook pro retina ssd430 mb s write323 mb s readgeneric class 6 4gb came with ghost camera 9.8 mb s write21 mb s readsandisk extreme class 10 8gb21 mb s write23 mb s readthis card san disk ultra uhc 112 mb s write45 mb s readwhat does this mean? it means that you should have no trouble recording hd video reliably with this card. your camera will be able to save pictures quickly to this card so it is ready to take the next shot. if you fill the card completely it will take roughly 12 minutes to copy all the data off of the card, assuming the device you are copying to can keep up.the tests were done in the built in sd card drive of the macbook pro using the included sd card adapter.based on my tests, i would say that if you don't really need a micro sd, then you should buy a standard sd card, your performance might be better and the price should be lower. however, if you think you need or might need a micro sd down the road, this is a suitable solution."", ""whether i'm on vacation or just taking photos and videos around the house i don't trust any other memory cards to keep all my memories. i bought this card mainly for my contour roam 2 helmet cam, but i've been using sandisk compact flash cards in my canon dslr and sandisk sd cards in my panasonic hmc40 video camera and i've never had a single problem. they don't fail, i've never had a file corrupted, they've survived x rays at the airport and extreme weather conditions. sometimes i'm tempted with the prices of other memory cards but in the end i go with the sandisk for that warm and fuzzy feeling of knowing all my photos and videos will be perfectly safe."", ""i use a sony camera with fairly high megapixels per picture. i also tend to snap many shots in a row. so the buffering speed of cards like this is important. on a recent trip abroad, during which i took 3000 pictures...sometimes using the panorama function...i never ran into any processing delays. the camera and card let me just keep snapping. cards like this are noticed only if they don't perform. they are otherwise just 34 there, 34 which is a good thing. this one seems to perform. obviously, not a technical evaluation, just a layman's assessment after using this card for a while."", ""this is the minimum speed class you want for video recording. there are faster ones, but this does the job and the value is good. make sure to check and see if the camera you are putting this in can take a card of this capacity. seems odd but some don't use a card of more than 32gb, so check first. also check web sites for firmware updates. many cameras did not take these at first but do now. what more can you say about a commodity like memory, get it and store stuff like crazy. to be fair at 1080p this will hold an insane amount of video and images, more than you are likely to shoot on a 2 week trip, but you can always use the extra space as storage and maybe this format will work in your new 4k camera you will need 65gb then for sure..."", ""if you use one of the larger mp taking camera 12 14 16 etc you need this card. taking photos on those kinds of cameras really chews up the smaller mp cards. don't go on vacation without at least 1 of these babies, or you'll be having to carry lots of cards and probably end up losing one and your memories."", ""i'm using this 32 gb micro sandisk ultra to record 1080p video to a blackbox recorder in my car. i just popped it in and it worked. the adapter that came with it makes it easy to offload video to the macbook. it appears to keep up with 1080p video very well. i've never missed a frame of audio or video. it is constantly overwritten every 3 days with the oldest event and it has not failed yet. been using it for a couple of months now. seller mailed it usps and it arrived in 3 days."", 'this chip holds way more than i would normally need but we were going on a three week trip and potentially taking about a million fotos. if you need a large capacity this card was fast for the writes and reads for all the fotos i took. the largest fotos were in the 10 12 mb range but most were 5 7 mb.and there were at least 15000 shots, some were absolute crap but that is the great thing about digifotos, the film is cheap.i bought mine here for 50.47, and that is still a good price i think for the ability to capture so many fotos and videos and data if you wish .', 'got this micro data card for a digital camera that shoots in hd. it came with a class 4 card but the video clips were blocky. i had a class 6 and tested it in the camera with some improvement and at the advice of youtuber techmoan this guy does the best tech reviews on the web i ordered this class 10 card. it solved the blocky issue and is a great value for the money.']"
83,the 64gb version does not seem as reliable as the lower versions. the storage works for my phone but when you install it into the sd card only reader it doesn't read the car.,"['the 64gb version does not seem as reliable as the lower gb versions. i have had to reformat this card twice .. a real nuisance. when its working .. it does well.', 'works great. only problem is that if i put the card in a multi car reader it does not read the car. has to be put in a sd card only reader to work and be read by computer', ""the storage works for my phone but when you install the storage into the sd adapter, my computer doesn't read the data."", 'i like how this micro sd card is formated.my tablet wont read it though.i dont know whats wrong.']"
84,"the card and a replacement card did not work with my gopro hero 3 black edition. this has issues with goPro, do not use it, so i bought the samsung memory card instead.","[""i can't give that much feedback on this because i ended up returning it. i was looking for the ideal memory mircosd card for a gopro and found a better model. i did end up filming one event on this card, and it did pretty good. it did end up lagging after some time though, just briefly."", 'i was afraid to buy it for so many comments saying it doesn 8217 t work with hero3 at high resolutions video, but it was not my case.', ""not ok with gopro hero 3 black edition. the speed of this card is below other brands' class 10 standard. when i use this card with gopro and pro tune on, it will stop recording after 20 mins or so. i already returned this item and bought the samsung class 10 memory card instead."", ""these have issues with gopro, do not use. the transfer speed is inaccurate, and gopro has even admitted it doesn't support this."", 'some reason this card and a replacement card did not work with my gopro hero 3 .....therefore i could only give the card a 3 instead of a 5......ive also read that many people are having the same problem with all brands of micro sd 64 gb cards.']"
85,64gb cards have been causing problems with the gopro hero 3. it can cause the card to stop recording mid recording if used at the highest resolutions and frame rates.,"['great card but have had some issues with my gopro 3 with this one. maybe a firmware update will help my situation.', ""called gopro they recommended this specific card. they said the 64gb cards have been causing problems. you can run your gopro hero3 with 2x batteries attached to it, and you still won't fill up this card even on hd video .i went on a 2 week surf voyage across hawaii and 2 of these badboys documented my whole trip!"", 'used in gopro as other user reviews indicated the 32 and 64 gb cards did not work well. just buy more of them, i recorded over 1000 photos and 60 minutes of video on each 16gb card.', 'there are a lot of reports about 64gb cards not working in the gopro hero 3. the 32gb works great for me.', 'as the title says, it can cause your gopro hero 3 to stop recording mid recording if used at the highest resolutions and frame rates.']"
86,"nmicro technology was not the same as the first, but at first the card was defective. a quick online chat with sandisk and two weeks later he had 'a new working device'","['card is good. i ordered one before and it performs as one would expect, so i ordered another. it took much longer to attempt get the second one so i wrote and got a refund. seller, nmicro technology, was not the same as the first.', 'i bought this item and at first the card was defective however a quick online chat with sandisk and two weeks later i had a new working device. not much to say other than a great product and company. definitely recommend.']"
87,i bought three of these together with the sd and couldn't find any better pricing than these. it will come in handy and that's the lowest price he've ever seen. thanks for the great product.,"['i purchase three of these and they work great, and were almost half the local price. if you need a reliable high speed micro sd card, this is for you.', ""bought these together with the sd and couldn't found any better pricing than these. just don't know where i will be using it for but it will come in handy and that's lowest price i've ever seen....thanks for the great product .....""]"
88,sundisk memory card stores all my cell contacts and leaves much space to store any apps or programs he wants.,"['i bought this sundisk memory card for my knew cellphone and it is fantastic, it stores all my cell contacts and leave much space to store any apps or programs i want, i recommend it with all my hurt.', 'we need lots of room in the memory card. i think there is plenty in this card and san disk always hss a great product.', 'fast little memory card. affordable, good quality. will be quadrupling my storage space on my device. i never seem to have enough of these', 'i bought this memory card because i love to have a lot space in my fhone o or computer and seems to work very well i love it. i recommend this product!', 'again just what you need to get those shots. you can never have enough memory cards. really glad i was able to get one', 'same as i wrote for all other cards by sandiskgood qualityworks well for long timea must for extra photos and songs in your cellphone']"
89,the phone specs say that it only supports up to 32gb. it has worked perfectly and has 59.7 gg of usable space on this little guy - i have been using it for 3 weeks and it is working perfectly.,"['very satisfied with the speed and the space on this little guy.note you need to format this on a cellphone that can be capable of using micro sd xc or on a card reader that is compatible with sd xc because if you do not do that you will only see it as a 32gb. i got a couple of errors because i had formatted first on a computer with a sd hc reader not xc. but now it is working fine.', 'there is a lot of conflicting info on the we about whether cards larger than 32gb work in this phone. the phone specs say that it only supports up to 32gb. i put it in, formatted it and got 59.7 gb of usable space, which is exactly what you would expect. i have been using it for 3 weeks now and it has worked perfectly. good price too.']"
90,"if price is double, then it goes straight to my shopping cart. otherwise it will remain in my wish list.","['one of the best memory card out there! will look forward to purchasing items again! will get the 64 next...', 'i would recommend this item to anyone looking to upgrade to a 64gb memory card whether for your phone or camera.', 'if price is also double of 64 gb card, then it goes straight to my shopping cart. otherwise it will remain in my wish list.', 'nice deal on the 64gb mirosd card. these are ideal for cellphones and the storage space is immense for those like me that need it. just wish the price was lower for the 128gb ones.']"
91,san disk is a pretty reliable brand as you won't be able to go wrong with it. it's fast for any hd 1080p video recording or dslr camera.,"[""comes with a nice little adapter for your microsdhc so you can use it as a normal size sd card also. pretty neat.considering for the price at 24 for 32gb is pretty reasonable class 10 is fast for any hd 1080p video recording or dslr camera.i bought this for myself to use with the gopro 3. taking picture videos working great as it didn't give anycorrupted files videos pictures yet. its working pretty good. san disk is a pretty reliable brand as you won't be able to go wrong with it."", ""no issues, plug and play.i have not run benchmarks, but i do store all of my camera and video data to the card. this includes a lot of high definition daily roads dashboard cam footage. there's no issues caching all of the temp video files, or storing the ones i opt to save due to the apparently speed and capacity of this card.the only con is the fact i waited so long to buy one.""]"
92,sandisk app test only provides 16mb second speed if used with phones and tablets... but it'll be faster than expected. i would like to give 5 but only adapter is bad on this - he's displeased with losing over 2g of space!,"[""it works, but file writes are a bit slower than expected on a usb3 reader.also, both reads and writes are faster with the card inside the standard size sd adapter 15 mb s vs 10 write 45 mb s vs 22 mb s read on the same card reader. can't figure why..."", ""i get about 3mb s, and the formatted capacity is closer to 27 gb. however the extra storage is very useful, it has some quirks. you can't move anything to the recycle bin. it doesn't work. you have to permanently delete it."", ""it may be that the internal sd slot of the 2012 mac book air is not too fast perhaps? i am very disappointed that i can only achieve 4 9 mb s of write read speed. makes me remember speeds of 5 years ago. again, this may be the computer's fault, but i am not too happy..."", 'i found the write bandwidth of this card is 15mb sec when transferring a steady stream dozens of gigabytes. the included full sized sdcard adapter appears to be slightly faster than my usb adapter. i tested by piping dev urandom through pv onto the card. read bandwidth appears to be 18.1 mb sec.', ""speed squeaks in at a bare minimum of a class 10. good for tablets and smartphones wouldn't recommend it for picture or video camera's"", 'disk works as expected, we rarely fill it up before purging contents.', 'sandisk has the name but in my experience the quality and speed is not there. my lexar lasted longer and outperformed this chip.', 'this ultra micro sd card is faster than the standard micro sd cards. however the adapter provided with the card is not good. data transfer was quicker when used with a different adapter than the one provided with the micro sd card', 'after a small preasure while trying to remove it from a device it got brokenalso, the i o speed is not amazing, even for a class 10', ""it works, fairly fast, definitely not 30mb s fast when copying off of it via a usb 3.0 adapter, and absolutely much slower when writing to it. but that's true about all of these memory cards, it's just some are worse than others."", 'good quality sd memory. the speed suggested is true for the read speed. the write speed is slower, around 15mb s.', ""i've used many others, and this is average. its in my son's android, and i don't really think the application its in right now is a the best way to determine its speed performance. otherwise it does what i want it to.the adapter will come in handy later."", ""i would like to give 5, but only adapter is bad on this. with adapter data transfer rate is very slow. that's why i gave less rating."", ""it isn't as fast as the class10 i used before, and the file structure only allows 29.7g free to put data on. i can see some loss, but i'm very displeased with losing over 2g of space! that's a big waste percentage."", 'had to give it 4 stars because when formatted it only provides 28gb. not as clean as i would have expected a sandisk product to be. especially a class 10 product.', 'it writes according to sandisk app test only with the speed of 16mb second. i have expected a little more than that.', 'slower than expected transfer rates when used with phones and tablets...i had expected higher transfer rates given the data class']"
93,gopro discontinued selling sandisk microsd cards on the website. the hero3 is a 32gb mss card that works perfectly with my hera3 black camera. it can be used to do minor edits right from the card.,"[""there were known issues with sandisk and gopro hero3 cameras. so much so that if you paid attention, you'd see that gopro discontinued selling sandisk microsd cards on gopro's website. good thing too, because gopro was totally over charging customers for microsd cards, and still are!having said all that, i'd like to share with you that the sandisk class 10 32gb microsd card works perfectly with my hero3 black camera.pros immediate recognition of microsd card by my computerimmediate recognition of microsd card by my hero3 and hero3 cameraclass 10 speed allows me to do minor edits right from the microsd card, even through usbclass 10 speed makes file transfers quick and painlesscons had trouble being recognized by my hero3 camera"", 'many have complained that the hero3 requires a high quality msd card. picked up this one for a great price on amazon, and have not had any issues with my camera freezing up or not recording as desired. transfer rates were as advertised. also loaded it at one point with 30 or so xvid movies for my daughters to watch on an asus epad transformer and it worked perfectly. highly recommend.']"
94,"sandisk is the best, really worth buy the top end class 10 microsd card. hawaii we play hard, and the gopro and a lone card have been working flawless at full 1080p60 video. the packaging was done well and shipping was not an issue.","[""i got this for the sports vue 360hd action camera. it works fine. it came with a converter to standard sdhc size format. i used that to transfer files from the video camera to my xp pro pc. it does fine. i left the card in its fat32 format and it works without a hitch. it's very small, so you must exercise care not to set it down or drop it and lose it. i'm happy with this item and would recommend it purchase it again. in fact, i purchased 2."", ""i didn't see this brand listed on the gopro website as one of the recommended cards but i've never had an issue with sandisk before so i gave it a try. it is a uhs1 card so it doesn't ever stop recording due to write errors. for the price, you can't beat the quality that comes with it. it also included a microsd to standard sd card adapter so that you don't need a different card reader if you have one for your old sd cards."", ""shop around, and you will be surprised how good of a deal this is.combine it with something else to get free shipping, and it's a low cost winner.technically speaking it works great, especially for a go pro camera which will benefit greatly from the enhanced storagecapacity.put it in a digital camera, and you won't need to worry about running out of space.just bought my second one, that's how much i like recommend it"", ""i operate a commercial whitewater rafting company and we buy these bulk whilst renting out gopro's and selling the footage along with the card to the customer. we've never had a bunk card or any problems whatsoever over about 40 cards so far. i was advised by my gopro rep to be sure to buy from a name brand 34 like sandisk 34 . the adapter is well appreciated by the customer, not only because most people don t have a port for the micro format, but also because microsd is so ridiculously small that its far too easy to lose.have and will buy again."", 'wow! fast memory card. i bought this for my new gopro hero 3. great performance for full hd video.shipping was fast, and nice communication on shipping and estimated arrival time.the sd card adaptor works perfect in my full sized sd reader built in my laptop.transfer speeds were blazing and read speeds are amazing.sandisk is the best, really worth buy the top end class 10 micro sd card.if you doing hd video this is the card for you. video is demanding, so youneed a sd card that can keep up.in hawaii we play hard, and the gopro and sandisk card have been working flawless at full 1080p60 video.', ""there isn't much more to be said.. first, there is the sandisk name, sandisk quality and sandisk speed. the packaging was done well and shipping was not an issue. as a professional for both video and photography, i've never had a sandisk product fail me. this unit was purchased specifically for my gopro hero 3 black, but could just as easily work in my canon 5d mk iii with an adapter in one of its dual slots.""]"
95,"gopro hero 3 black is a memory card that can store up to 9 hours of video time. the more memory, the better you store.","[""after i ordered my gopro hero 3 black i started searching for a good microsd card and everywhere i looked they wanted like 80for a 64gb and digging around on ebay get's retarded at times then by chance i found this one for 55 ttd and the performance is awesomei tell you all if you are in the market for a gopro hero3 black get this card to go with it you wont be sorry...."", ""you can't go wrong purchasing this memory card. the more memory, the more you can store. it is fast and reliable. on my gopro hero3 cam, one can store up to 9 hours of video time and lots of images. i never keep track because i have so much space. i've been able to store many videos and images on this memory card. i highly recommend the sandisk ultra!""]"
96,"i bought this class 10 sd card for my gopro hero 3 black. others have their hers 3 cameras froze 34, shut down 34 and write files that are not usable if you have a class 10, he recommends it to anyone needing the card.","['i bought this class 10 sd card for my gopro 3 black and it works great! i only recorded with 1080p 60fps with protunes and never had any problems. in the past in my gopro hero2 it was very picky with the sd card that you use. but so far this card works great. i do not trust the transfer speed test because there are so many factors that change the outcome card reader, usb version, hard drives, and etc .', ""i don't like micro sd cards, but it's a necessary evil to save space on the gopro hero 3 . i find that they are too easy to misplace and it's annoying having to keep the empty shell around when i need to transfer the data to my computer via the sd slot. that said, the class 10 speed is nice and i haven't had any real world data rate problems when shooting gopro footage even at the higher frame rates and resolution."", 'has worked flawlessly with my gopro hero 3 black since i placed it in the camera. purchased 2 top have on hand. others have their hero 3 cameras 34 freeze 34 , 34 shut down 34 , or write files that are not usable. i recommend this card to anyone needing a class 10 card that can handle the workload.half second timelapse, 2.7k hd video, 720p 120p video, not a problem for this card.']"
97,"the gopro hero 3 card works flawlessly with the hd tv. it stores and previews the pictures videos to the highest resolution and dh quality. if you download your pictures and videos from the day, you should format it before using it again.","['i have a gopro 3 camera with which the cards 64gb and 32gb editions work perfect.formatting went perfect, movie recording and picture taking without any problem for the last 6 months now.however, i tried to use it in a contour and the contour gps and both cameras are unable to use the cards, i presume these cards do not fit the contour specifications unable to format, no way to record on the card .so make sure the card is compatible for its intended use.', ""i bought this for my gopro and it does great. the only problem i experience with it is, if you download your pictures and videos from the day, you should re format the card before trying to use it again. it seems to get confused where you left off when you re install it. i lost out on getting some pictures and video because of not doing this on the second day of my scuba vacation. when i would start the gopro in video mode, it would record about 6 15 seconds then stop automatically. haven't have anymore problems since re formatting after each night's downloading. the videos, set on 1080 looks great."", ""i got this for my gopro hero3 and so far its working great. the gopro's really eat up the flash memory so i bought 3 of the 32 gb models. i suggest that unless you are going on a particularly long scuba dive or adventure, you should get the 32 gb over the 64 gb cards as it spreads out the risk of any one card failure causing loss of all your videos."", ""don't get ripped off buying the same card direct from gopro, buy it here for less then you can use the money you saved to buy an extra battery since the hero 3 battery life sucks.i have a few of these in the hero 3 black edition and it works great on all recording formats and speeds, even the highest resolution ones that require full use of the card's 10 mb sec rating. they're very fast to copy files off of into the computer as well. i haven't benchmarked them because other reviews already have that information, but they're certainly much faster than the old class 4 cards i use for my hero 2 cameras.i would recommend formatting upon arrival i did have one initial issue with one of these which formatting resolved. it's worked fine since, with numerous uses, so i think it was just a missed qc check at the factory. it hasn't had the heat issue others have mentioned with regard to the few defective ones people have received and has worked flawlessly since so i'm not worried about it at this point."", 'i got this to use in my gopro hero 3 and it fit and worked well. since that camera did not come with a micro sd i was forced to find one and i choose this one because it was the cheapest i could find at the time. this made me a little weary of the product but after receiving and using it i have no complaints. it stores and preview the pictures videos to the highest resolution and hd quality i had to preview them on. i looked at the pictures and videos on my 60 inch tv and it was like watching hd tv.', ""these cards worked flawlessly with the gopro hero 3 . instead of opting for the bigger card, i got two smaller cards to start with. that way i could transfer data to my laptop while still using the other card. if you're wanting to do an un assisted, large record, like a time lapse, or something, opting for the bigger card is smart, but for my usage being able to swap back and forth was invaluable.so far, no hiccups or problems, even with the faster, more beefy shooting settings."", ""i have two of these that i am using with a gopro hero3 and they work great i will be getting more! . while i could do the 64gb, i so far am preferring the 32gb, because the card is about full right when a battery reaches the end of it's life so i can swap a card and battery at the same time and save opening closing the case and swapping parts all of the time. the card is plenty fast, never had any hiccups with that and they have proven to be quite reliable as i have a 3rd card that i have been using in multiple mobile phones htc and bb since 2010 and have never had any problem at all with any of them."", ""i bought this for my gopro hero3 black and it works flawlessly. when capturing in 1080p 60fps it has no problem keeping data and writing. never had any errors or malfunctions. i've even captured using 4k and had no problems. for the people saying this doesn't work i'm guessing the problem isn't with the card but with either your gopro or computer.overall this card works perfectly and is much cheaper on amazon. don't bother buying in stores where they will charge you twice as much."", ""so i got this sd specifically for my gopro black 3 , simply hoping it would work since the gopro manual says 34 use cards up to 64gb 34 and the sandisk says it's good for cell phones and tablets, yet doesn't mention the gopro.well, turns out it works perfect! and although i haven't tried it on other devices, i think if it works flawlessly on the gopro, it will work even better on anything else...so at first i thought maybe since it's only 30mbps there may be frame rate issues with recording even though i knew that shouldn't be the case . well after popping it in, the gopro says 9hr14min 1080p super view video which is insane. i put it on my helmet and took it for a spin. when i came home after spending the day on the bike, the hd quality was spectacular granted it's all thanks to the camera itself , but it was smooth, with zero frame rate issues. the only flaw is the semi long time it takes to copy files to your hard drive as it copies at only 30mbps, but honestly that's really no big deal and totally worth it still.bottom line, this sd plus the gopro 3 is the best camera combination for your money.p.s. it's small, simple, durable, and has no lock feature which i always found to be an annoyance anyway .any questions please feel free to comment, and i will do my best to answer."", 'actually their is an extreme version but the price is about double and since i am not planning to shoot in 2.7 or 4k their was no need to pay more and get no improvement. grabbed 2 of these, one for my father for his great for my gopro hero 3 black edition and both cards worked as expected. works great with 1080p 60fps in the gopro and i imagine it probably would work for 2.7 and maybe it would work with 4k but again not bought with that intent so these perfectly suit our needs.']"
98,"the gopro hero 3 is powered by the usb port. the card should work in the herso 3, so again, maybe if it was a bad card - i somehow got sandisk ultra! the warranty had expired before he tried it in my goPro's'","[""i bought 64gb version of the card to use with gopro hero 3 black edition. it didn't work out. the card worked ok if camera was set to resolution with lower bit rates. e.g. worked fine in 720p with protune on, or 1080p with protune off. however, in 1080p with protune on bitrate is just shy of 6 mb s in this mode much higher then with protune turned off it was nothing but trouble. camera would sometime work, and sometime randomly stop recording for no obvious reason. i first suspected camera, but testing with different sd cards, it ended up being sandisk's card that was at fault. my spare card, an old and cheap 16gb pny also class 10 , worked just fine under same conditions and with same camera settings.once it was obvious it was problem with the card, i found people on gopro's forums that had trouble with this specific card as well well, you always find these only after you figure it out for yourself, right? . anyhow, i did some speed tests with the card by doing simple write of 1gb file full of zeros using unix dd utility to copy 1gb of zeros from dev zero where else would you find that many zeros onto a file on the card. the result was that on average, sandisk's card would manage about 10.2 mb s. just barely above the bar for class 10 card. however, that was average over 1gb. during the write test, the speed was oscillating with many spikes and drops. drops were as low as 7mb s. uh. i thought write speed of class 10 card should never dip below 10 mb s? for comparison, my old cheap class 10 pny card was chugging along at constant 13 mb s under the same test. no spikes and no drops in speed.the card will probably work fine in most devices, as bitrates when recording 1080p video are often low enough and or camera might have huge buffer. but if you want to use it to record video at high bitrates, and your device doesn't have huge buffer to compensate for speed bumps of this card, you may run into trouble. be wary of using it in hero3 in modes that have higher bit rates e.g. 1080p with protune enabled .sandisk's website lists part numbers as sdsdqui 064g with adapter, and sdsdqua 064g without adapter. this conflicts with product description on amazon. while this is likely just amazon not getting product description right again a bit too common thing , it's interesting to note. update apr 20 2013 some numbers from testing the card. the test is extremely simple. write out 1gb of zeros onto the card using standard unix dd command to read 128kb blocks of zeroes from special device dev zero and write it onto the card. 128kb 8192 1gb. dd displays transfer stats once it finishes. while dd was running, i run iostat in second terminal displaying 1 second interval stats as a measure of current speed. this was done on the mac. dd command line can be used as is to repeat test on linux system, however iostat command is different on linux and would need to be modified slightly. i choose 128kb block size, as that seems to be what device drivers merges sequential writes into anyhow. using different block sizes, results are comparable. dd if dev zero of test bs 131072 count 81928192 0 records in8192 0 records out1073741824 bytes transferred in 101.578307 secs 10570582 bytes sec so, 10 mb s and all is good? right? wrong! iostat running in parallel with above dd command recorded this iostat d w 1 disk2disk2kb t tps mb s123.11 76 9.12116.61 185 21.04122.94 49 5.88128.00 41 5.12128.00 89 11.11128.00 134 16.73128.00 69 8.61128.00 61 7.62128.00 99 12.36 ... and so on until dd finishes writing 1gb of zeros to the card ... imo, the last column should never dip under 10mb s for card labeled class 10.for comparison, same test run against samsung pro 64gb micro sd card dd if dev zero of test bs 131072 count 81928192 0 records in8192 0 records out1073741824 bytes transferred in 52.869111 secs 20309436 bytes sec iostat d w 1 disk2disk2kb t tps mb s125.30 138 16.86117.73 157 18.03123.04 150 18.00128.00 159 19.86128.00 156 19.47126.45 160 19.73128.00 150 18.72128.00 154 19.22128.00 153 19.11 ... and so on until dd finishes writing 1gb of zeros to the card ... so, samsung is on average 2x faster, but more importantly it's speed is much more constant. and critically important, it never dips under 10mb s."", ""the gopro seems a bit finicky about card speeds since the last firmware upgrade i applied. the cards i've been using for quite a long time started causing it to randomly report errors and stop recording. i got a couple of these sandisk cards and i've got the hero powered via the usb port so i can fill the cards repeatedly without running out of battery. no errors reported so far, and i've completely filled one card twice and the other three times.i haven't always had the best luck with sandisk but these are working well so far. fingers crossed that they last a while, i use the camera to record off road and 34 brisk 34 dual sport rides."", ""my droid razr runs a little slow, is it because of this card? i can't be sure. what i am sure about is i put this card into my gopro hero 3 black edition and the video i record comes out choppy. so i bought the sandisk extreme pro 16gb version of this card, and the gopro works fine now. sandisk is normally very good, so perhaps i somehow got a bad ultra card. i never returned or exchanged it because the warranty had expired before i tried it in my gopro and knew for sure the card was slow. the sandisk ultra should work in the gopro hero 3 according to the gopro website, so again, perhaps i just got a subpar card...""]"
99,it fits in my phone and stores my pictures well. it comes with a reader that works with my laptop - it is readable and easy to use if you want to read the pictures. i just plug it into my computer and transfer pictures...,"['it went into my phone and stores my pictures well. i just take it out and plug it into my laptop and transfer pictures.', 'it fits in my phone. it holds lots of stuff. it comes with a reader that works in my laptop.']"
100,"super fast sandisk branded card reads fast to the card with my sony dsc tx200v cyber shot. it takes few seconds before i can take another photo... but that is the limitation of the processor of camera, which is a super-fast card that can read fast on the cards with the c","['i love the ultras cause it writes fast to the card with my samsung s3 with not much time in between pics. i also got one for my fuji waterproof camera and it takes a few seconds before i can take another photo but that is the limitation of the processor of the camera, not the card. overall, i love it. my computer can read them fast and videos are played back at real speed', ""this microsd card is perfect, i'm using this on my sony dsc tx200v cyber shot and it works the camera took few second to format card and it was ready to stored pictures and video excellent. the costumer service they help me by replacing my card that broke by sending me a new one and it came super fast the card, i will definitely recommend this card and happy that the costumer service they answer me quick and they werer fast. i will definitely buy from this guys. thanks..."", ""this is an ultra fast sandisk branded sd card that's great for digital cameras, especially for video. i got it for my smartphone, mainly for the 32 gb capacity, and it fills the bill at a very low price with prime shipping. you can't get better quality flash cards than sandisk. i'm still amazed that they can cram such a huge amount of memory on such a tiny chip. one megabyte of data in text from printed out would fill a pickup truck. this chip has 32 thousand megabytes. think about having 32,000 pickup trucks full of text in a chip smaller than your pinky fingernail!""]"
101,"we have 4 of the 32gb cards in our cell phones and love them. they offer plenty of room for pix, music, and videos and are fast to save and load from. when I get my desired tablet pc, I will be getting another one for it!","['we use these in both our cameras when we are traveling. with the 32 gb we do not have to take a bunch of accessories. we also use them in our cell phones.', 'we have 4 of the 32gb cards in our cell phones and love them. they offer plenty of room for pix, music, and videos and are fast to save and load from.. someday, when i get my desired tablet pc, i will be getting another one of these for it!', 'these are such great tiny things and hold so much on my tablet and smartphone. love them so much, i just got a 32 gb one.', 'have more than one of these microsdhc disks and they hold up in my mp3 players, phone, recorder camera etc.']"
102,"sandisk has all my gear including memory for dslr use. if the rate isn't so fast or slow, he's fine.","['i had no issue using this with all of the above devices. it is still working strong and i trust sandisk with all my gear including memory for dslr use. had not malfunctioned throughout many different uses and i trust this brand. although it is more expensive as supposed to other brands, but they are worth extra in my opinion.', ""works fine, as sandisk usually does. i know there's a lot of discussion about transfer rates and so forth, but i'm fine if the rate isn't so fast or slow. i really don't care, long as it holds and keeps the data until i can transfer it. all these cards seem to me to be about the same. sandisk is the big name and so i usually stick with it. but i have other makes that are just as good."", ""sandisk is simply one of the best sdhc microsdhc memory card manufacturer's that i have used for a number of years.i have experienced zero failures, and they are reusable over and over.also their adapters are quite handy to carry when traveling or at the studio. would like to see sdhc cards in the 1 to 5 terabtye in the near future."", ""i've got a number of sandisk brand products. none has ever failed me over the 10 years i've used them. that's saying something these days in electronics.this card is performing well, and keeping up with the data storage devices i am using it for one video recorder, one scanner . somehow, i would expect nothing less, but then again it is good to know that quality is consistent.""]"
103,"i don't get the advertised speed of 30mb s, more like a 200 300kb on my galaxy. it gives me extra storage space, for an iphone it works well if you don’t need to transfer big files - look'slick as unless anyone cares about that, it uhh","[""i do not get the advertised speed of 30mb s, more like a 200 300kb s on my galaxy s4. at least it gives me a lot of extra storage space, for a phone it works nicely if you don't need to transfer big files."", 'transfers fast, look slick as if anyone cares about that , it uh.. transfers fast. and it works? actual capacity is like 31.9 gb. sorry if you desperately needed that last .1gb.', ""what is there to be said it's storing data on my phone. i just got a sony experia z1 and it has such a quick response time i can't even notice. when transferring large zip packs it may take 30 seconds for about a 1gb""]"
104,"i bought two of these for my sons to save their games, songs and whatever else on their dss. it fits in my new samsung note 3 and holds lots of music and data.","['works great in the phone and the wife loves it, we got a second for her mom and she is storing lots of pictures and videos on it', 'i bought this as a gift for a co worker he went from 512 megs to 32 gigs what a difference. although it will take him a while to fill it up, he still enjoys it compared to his old one.', 'bought for my wifes samsung galaxy 3 tab. lots of storage for pictures and music. good product at reasonable price.', ""i bought it for my wife's samsung galaxy siii. i wanted something reliable so she can store music, videos, photos.i do recommend it to family and friends."", 'bought this for my wife to be able to record tv programs on her phone so she can hand it over to the baby while in the car and starts to get fussy. this thing holds a lot. the phone takes a little longer to start up since it has to open up all her media but not by much. great!', 'i ordered this for my son and he loves it. more memory space than the one i have of 32. i plan on getting another one for me because i love to download a lot of videos, music, and take pictures', ""i bought this for my wife's new smartphone, so that she should never run out of space for photographs, or at least it will take her a very long time we'll see how long filling it takes once she gets going"", 'bought two of these for me and my daughters samsung galaxy s3, and they store so much on them. i love my phone even more.', 'i bought one for my note 3 and one for my girlfriend and her s4. she takes a lot of pictures and i have a lot of music on my phone so we both wanted the extra room. the cards read and write quickly also.', ""my wife's 4 gb microsd card failed on her phone. so in order to prevent any issues i got one for her phone and one for my phone. we were able to transfer our photos and music over on to these cards with plenty of room to spare."", 'this was a gift for someone else that needed more memory space on there phone. i hope it works out for them.', 'bought two, one for wife and one for self. great price and fills the bill. great expanded memory for my samsung g iii andoid.', 'bought two, one for me and one for my husband. works great. feels good to have a lot of space on my smart phone to save pictures, movies taken, etc.', 'i bought 2 of these for my 2 sons to save their games, songs and whatever else on their dss. had more space than they will use in quite awhile. it was priced superbly!', 'fits in my new samsung note 3. holds lots of music and data. i like sandisk as a brand and this is no exception. oh, did i mention i bought a second one for my son too.', ""had a 16gb card in my s4 and my wife didn't have a memory card in her s3, so i bought a couple of these for us. i needed a bigger card because i load custom roms and such and she needed one for her media. they work great and have a pretty nice capacity!"", 'i purchased this as a gift for my daughter because she takes a lot of photos stored on her cell and bogs it down. it will be a while now before she needs to clean house again, lol! would also be good for those that need to store everything, you know who you are, now get one...r kmw', 'i bought one for my daughter and one for my daughter in law they inserted them into their phones and transferred their itunes to their galaxy s2 and s3 phones.', 'i bought this for my wife when it was on sale for black friday 2013, and has been coming to good use since. she appreciates the fact that she has extra other than built in storage for her phone to be able to hog on to more pics, music, and games. great deal on a great product.', 'my wife and i both own samsung galaxy s2 skyrockets, and i bought these to replace the cheap cards that we originally used in them. the space is wonderful, and the whole phone seems faster with these cards installed. very happy with this purchase.']"
105,"amazon credited the old sd card to your device before using so it recognizes the device that you are using it in. amazon took care of me right away, and so far this one is working as expected, be sure to format this dcard into your devices before you use it.","['the price is reasonable, quick 2 day delivery with amazon prime, i had to return a 32 gb drive because of malfunction, amazon took care of me right away, credited the old sd card and so far this one is working as expected, be sure to format this sd card to your device before using so it recognizes your device that you are using it in.', 'i am cautiously optimistic but happy because amazon sent my replacement promptly. i ordered a 32gb card and it came broken, so i returned with followed with an email asking for immediate shipping...and it arrived just in time for my trip. i am cautiously optimistic because out of four cards i have purchased from amazon, this is the only one that works so far. but i got refunded for the rest.']"
106,macbook air worked fine for about three months. it still shows up and works fine when mounted in the desktop imac. this micro card still appears and disappears from the laptop finder.,"[""i have a macbook air and was curious if could put a timemachine backup on an sd card. for the experiment picked the sandisk because i've had great luck with their cards in the pastusing a microsd gives me the most options with changing tech going forwardamazon had it for 64 while it was 99 at best buy.well guess what it works great!."", ""there's not much to say about this product, other than it works perfectly as it should. i originally bought this for a tablet that had an expansion slot, but i returned that for another tablet without one. so i thought i didn't have a use for this card anymore, but i was wrong. it turns out that when you put it in it's full size sd card adapter, it even works perfectly in my nikon d90 dslr. up until now i had been using a standard 8gb card, which was fine, but 64gb is even better! i don't do burst shooting, so i can't attest to how quickly it can write, but i noticed no difference in speed between this and the standard card that i had been using."", 'use it with the included adapter as a spare card for my panasonic fz200 lumix camera and as a quick and easy temporary backup drive for my macbook pro laptop which has a standard sd slot . also use it to make a quick transfer of files between the laptop and an imac. works exactly like a full size sd card for these purposes. very fast and reliable data transfers. and the special price from amazon made these cards less costly than the standard 32 gb card at the time.update i have changed the star rating from a 5 to a 4. this micro card worked fine for about three months and then suddenly began to disappear from the laptop finder. it still shows up and works fine when mounted in the desktop imac. but often it will not mount in the laptop. this could be a problem with the laptop and if that turns out to be the case, i will restore this to a 5 star rating.']"
107,"i bought a chip for use in my raspberry pi projects as linux hard drive. it works fine in camera and tablet if you are just streaming music from it, but the higher speed chips are better than any other chip he's tried - some videos that stuttered using other chips were fluid with this one. the price was excellent","[""i really wouldn't know how to rate a chip except to say that it works. it is obviously slower than a usb 3.0 flash drive but it is working well in my asus t100. i use it as my d drive for all data and scripts."", 'a great chip and works fine in my camera and a tablet if you are just streaming music from it, but if you are putting this in in something high demand like a raspberry pi or cubox i the higher speed chips are better.', ""i didn't run any metric software on this chip as some others have done, but i can tell you it's a pretty spicey little guy. everything i store on it via my asus tf300t is accessible faster than any other chip i've tried. some videos that stuttered using other chips are fluid with this one."", 'great chip, bought it for use in my raspberry pi projects as linux hard drive.very fast.real deal.price was excellent.nice to get real chip, instead of cheap nock off, often sold as brand name card.']"
108,the ftc needs to crack down on postage scalpers because they are working in full force these days? i'd say a micro sd card should mail no higher than 1.50 to 3.00 bucks but 8.00s?,"[""in the past, i've bought lots of cf and sd cards and usb keys. years ago, i bought brands randomly until i had a failure with a particularly high priced brand. at the time, these critters were tres chere, so i decided to standardize on wd because i'd never had a failure except for hard drives, but that's a different topic .now that the price per gig is less than i used to pay per meg, i still stick with wd because i'm using these cards over long periods of time and don't want to lose the data.i recognize that this is anecdotal and may or may not be in line with what consumer reports says or others' experience, but by now, i'm a mindless fan and frequently chant roll wide. now, if only they would get rid of the anti shoplifting packaging . . . ."", 'i bought a class 10 samsung and returned it after i found out the speed was actually lower than that class. after buying and using many different brands, i have found that this company makes the fastest, highest quality, memory cards. other companies advertise their cards as being certain classes but they are not up to par. i think 19.99 is a steal best buy sells this product for 39.99. as of 7 11 12 the card i recieved must have been a dud. it is broken and my phones are not able to read it. when i try to use it in the computer it says the card is damaged. i will be returning to amazon.', ""i've noticed something very crooked online...postage scalpers! charging 8 bucks to mail out micro sd cards that usually come in a small envelope? i mean come on! the ftc needs to crack down on these postage scalpers because they are working in full force these days?i'd say a micro sd card should mail no higher than a 1.50 to 3.00 bucks but 8.00s????these crooks are demented! i've just been deleting orders out of my cart will keep doing so till i find one that won't rip me off!great products come from scan disk but buyers beware of these shops who mark these things with high priced postage then mail it out in a small envelope! and yes almost everyone i've ever ordered came in a small envelope btw...shame on you! i think i'll write my congressman about it! for whatever good that'll do? w a 10 rating as they never care what we the people want! never the less, you all should be fined by the ftc for committing highway robbery! end of review hopes this helps others speak out against highway robbery via high postage gauging! as said above i'll keep browsing till i find a good store who won't commit this crime! as my dad likes to say there's no honest people anymore!one final note amazon all of the other online outlets should stop allowing people to charge what they want for postage only allow them to ship it at cost! a.k.a price figuring via what the item actually ships for at the po,fedx or ups!"", ""i've tried other cards going back to when compact flash cards ruled and every single time i wind up coming back to sandisk. why, because they won't certify a card at a certain speed unless it can sustain that speed and every single sandisk product i've ever owned has lasted, and lasted, and lasted. i have quit using sandisk products because it just didn't make sense to keep using them 256mb and 512mb thumbdrives and flash cards... they still work... really slowly... but they still work fine... but what the heck do you use them for? but the only times i have ever had a sandisk fail i could trace the failure back to something other than a fault in the sandisk product soooo... i buy sandisk because i always get my money's worth."", ""i bought two of the 32 gb sandisk ultra microsdhc cards, and both of them were unusable.the first one stopped accepting new data when i had put a bit less than one gig of data onto the card. i couldn't add more files, and i couldn't reformat the card. if i tried to write a new file onto the card, the write operation seemed as if it worked, but the new data couldn't be read back successfully. the files already on the card were still readable, though, so basically, the card had become a 1 gb rom. fortunately, there was no sensitive personal information on the card, so i returned it to amazon.the second one didn't fail the same way, but it was still unusable. if i transferred a bunch of files and then read them back, most of the transferred files had data errors. for example, a 3 minute music file might only be able to have it's first minute of music played back, then the bad data would stop the music player. i ran a write readback test and confirmed that there were data errors on nearly every block tested. i used flash drive tester v114.exe, which is a free download. i ended up buying the equivalent transcend producttranscend information ts32gusdc10 32gb micro sdhc10 flash memory no box or adapterwhich has been performing flawlessly. i have over half of the capacity in use, and i've never seen any sign of data loss or corruption. for usb plug in flash drives, i've had good luck with sandisk products, but my experience with the sandisk microsdhc cards has been terrible."", ""i ordered these cards at a great price during black friday week weekend. i began loading some files music, videos, pics, etc . the first card worked without any problems. the second card started giving me cyclic redundancy errors. at first, i thought it was my hard drive that was failing, and tried to copy the same files to a flash drive which worked just fine. ok, maybe i received a dud, and tried with another card from my purchase. same results, cyclic redundancy error. i started searching online, and found a utility via one of the reviews on amazon called h2testw. ran the test on both cards, and it reported errors. it also reported write speed of only 4mb sec, which is way below advertised speeds. these items were in retail packaging, and i remember reading about the bulk package items being fakes. i guess the retail package cards aren't any better.i should have waited to do the refund because now i have to process the refund seperately. i will test another card to see if i have better luck. i wanted to leave a 1 star, but i gave 2 stars since 1 card worked so far. i have 2 more to test.very dissapointed because i was a fan of the sandisk ultra series for being reliable, but i guess they are cheaping out on quality to increase their profit. i would have been extremely upset if i used these cards for anything important.""]"
109,note pro says 29.71 gb black hole strikes again. i put it in my samsung galaxy note 2 phone and have no idea how ill it could fill it up.,"[""i only had 8 gigs of memory on my note 2 and was running out of room. now i have so much memory space available i don't know what to do with it."", 'for my note pro. note pro says 29.71 gb available...the mysterious 2.29 gb black hole strikes again.', 'i put it in my samsung galaxy note 2 phone and have no idea how ill possibly fill it up']"
110,use it on my phone and have some apps installed don it and the speed is great. haven't had any issues with the brand before and noe still today! put it in a family members android phone - and has had zero issues!,"['bought for my phone and its worked perfectly for quite a while now. great size and great price. cant go wrong with this.', ""so far so good. i use this with my mobil phone and the product run smoothly. no issue as of yet. overall, i'm happy with this product."", 'works great in the phone and it had no issues installing it.great price and works well for the price', 'bought this for my phone and it works without any flaws.', 'very happy, good product and quality, works fine does the job. i use it with my android it is fast and reliable', ""product works as advertised. no issues with install or general use in my mobile phone. it doesn't seem particularly snappy, but that may be more the phone than anything else."", 'i have used this in my smart phone for about 5 months with no problems. i read other reviews on the specifics and decided that this was the best option. i have not had any issues and would recommend this product.', 'work well with my android phone. and came at a good price. no problems whatsoever. i would highly recommend these to anyone.', 'great speeds and reliable so no complaints here! has lasted a few months now in my smartphone which is longer than some other knockoff brands that i have received.', 'had it installed on my cell phone for about 6 months now and it works flawlessly. very pleased with this product.', 'not much to say about this! i ordered it for my motorola electrify smartphone and it works perfectly, no issues at all!', 'no issues in my little cell phones. works as advertised, priced well, no issues. not much more to say, but amazon requires few more words', ""so far i haven't had any issues. it's working and is compatible with my phone. quick shipping. im satisfied with my purchase"", 'installed this in an lg smartphone without incident and it has been working without as hitch ever since. more words cannot express my lack of emotion for it, but they do make the review long enough to qualify.', 'this item was purchased for my smart phone and the sale price was excellent. the item arrived intact and on time and works great.', 'used in new smart phone, seems to be working well so far. three months on the clock. time will tell re durability.', 'just wonderful. perfect for my new phone. does what it is designed to do. fits in fine. works very well.', 'use it on my phone and have some apps installed don it and the speed is great, havent had any issues with the brand before and noe still today!!!', 'put it in a family members android phone and have had zero issues...exactly what you would expect from this type of product', ""had this item for a week or so now and it seems to be working fine. i haven't put it through any kind of stress or anything, just stuck it in my phone and let it do it's thing. so far, so good."", 'i have been using this in my phone for several months. still works great. seems fast however i have not done any real tests.', 'love it. had no problems. i have no snags or hiccups when trying to access any data or writing data on my phone.', 'i bought 2 of these. they arrive before the due date and were in perfect shape. i installed one in an old smart phone and it is working again. good service.', 'love this chip,... bought this for my samsung s4, it works well and fast.... no issues with it, so i bought one for my mom....', 'good price at the time of purchase. used this on my pda cellphone device. has been working without any problems ever since purchased about 8 months now .', ""very good product that i am using with my smart phone. as usual, amazon packageing was acceptable and it didn't take forever to open as some packages seem to take."", 'price was great on amazon and now even better. have the chip in my phone and it appears to work great.....fast and so far no errors have been encountered.', 'i bought three of these for my android phones,mortorola admiral and lg optimus elite. easy installation and works as described.', 'great fit and works great fit right into my phone without any problem just like one i would have gotten from their store but cheaper on here amazon', ""what's not to like, works with my nexus. speed and capacity are fine. no problems. good quality and i'd recommend""]"
111,"the phone didn't recognize it at first, but after formatting it's all good. put it in my phone, and then connected phone galaxy s4 to the computer and dropped music and pictures in the folder and everything was quick and easy!","[""works fine my virgin mobile htc evo v. the phone didn't recognize it at first, but after formatting it's all good."", ""works fine my virgin mobile htc evo v. the phone didn't recognize it at first, but after formatting it's all good."", 'i picked this up as a deal of the day. no issues at all. put it in my phone, and then connected the phone galaxy s4 to the computer and dropped music and pictures in the folder and everything was quick and easy!', 'it works fine in my phone. the phone detected errors when first used and i was worried, but i let the phone reformat it and all is good. excellent for the price.beware it may not work in older devices.']"
112,"if you have a phone, you can't imagine my phone without it. now i've bought 2 more.","[""i big problem i have been having lately is finding a trustworthy source for sd cards. they are manufactured in china and these rip off companies are selling fake cards at a competitive price, but don't be fooled. if the price seems unbelievable that is because you will end up with a card that is not only less capacity then you are paying for, but a lower class and sometimes a faulty card altogether.when it comes to storage, pay the extra cash to get something reliable. like this sandisk ultra 64 gb sdxc class 10 memory card. it is blazaing fast and works well in my htc evo lte android phone.side note this card brings my total phone storage capacity to 158 gb. that is 158 gb that i have full access to. 85 gb of which is synced to the cloud."", ""i had a cheap 8 gb sdhc card that just would not behave itself in my android phone and kept throwing errors and becoming corrupt. i looked into getting the 64 gb sandisk ultra, but read about all the problems on the xda forums that people were having and went with the 32. i wish i had a 64 gb capacity to be honest with the rate at which my sgs3's camera can suck up storage, but it's sufficient, and most important, extremely fast and reliable. i've never had an error and never had to format it. plugged it in and it was ready to go. you get what you pay for."", ""i've wasted time and money trying other company's sd and microsd cards, some work all right, and some died on me, it's not the price that you pay but rather the value that you get. let me tell ya, sandisk makes the best memory cards, period..... i bought one of this card for my samsung galaxy note 2 phone, mostly for movies and music. i usually use anydvd handbrake programs to convert movies large mp4 also playable on my samsung tablet and simply copy and paste movies and musics on this little card. both my phone and tablet read this card without any problem and i cannot imagine my phone without it. now i've bought 2 more....""]"
113,"sandisk chips are pretty good but relatively expensive at times. the seller is selling a fake product ot not. if genuine, the one can be returned and exchanged for another.","[""sandisk chips are pretty good but relatively expensive at times.you'd think that online prices would be more affordable. it can be but you can not tell if the seller is selling a fake product ot not.the one i received was genuine. any of sandisk products can be returned and exchanged for another if genuine so i've not had a problem in exchanges with the company knocks on wood !the 32gb version works well with android tablets but not the 64gb versions so beware. i did read online at other forums that the 64gb version works relatively well, though, with android phones, which is weird.why would it work on the smartphone but not the tablet?prices have dropped so it may have come down in prices at local retail stores so do shop around."", ""as soon as i learned that my nokia lumia 1520 would gladly accept 128gb microsd card, i sought one out. the 119 promo price on amazon had evaporated along with the stock of the rare cards! the price had skyrocketed to nearly 200, and they were out of stock!? i pined. i whined. then, one day, in early may, there it was! back on amazon, for the awesome price point of 119! i pulled the trigger immediately! well, apparently the cards were on backorder, but in was a short wait. four days later, i had my card. after formatting it via the phone, ands changing all my phone settings to save everything to the card, i'm a happy camper. read write speeds are good, and the only really noticible lag is when taking photos, but that has a lot to do with my choosing to take photos with a 5mp low rest version, and a corresponding 16mp raw version,, too. other than that, this drive has allowed me to store 1gb apps games , of which i have many , and tons of pics, and 1080p videos! i'd say, that if your phone accepts 128gb cards, this is a no brainer!""]"
114,so far so good works on my lg motion 4g android phone. reverts back to class 10 on the android device. used it in an android smartphone.,"['so far so good works as described and on my lg motion 4g android smartphone. speed is pretty good too even though it reverts back to class 10 on this phone.', 'used it in an android phone. worked fine and is decently fast. it did not quite reach the rated speeds but came close could just be the controller that i am using .', ""works fine on my android phone..seems fast when transferring from the computer..but with could be faster still..don't know if there is anything faster..so i am happy with it..would recommend""]"
115,"works, was priced right, has adaptor.now i have to fill in more words to meet the minimum requirement.","['works, was priced right, has adaptor.now i have to fill in more words to meet the minimum requirement. e', 'came in fast and managed to get it at a gold box discount, seven more words are required? thats cool i guess.', 'works! and why should i write more..... damn it! eleven more words... finally am done with this, crap!! three more words??', 'this item came on time nice works well they want 12 more words i just dont have then . .', ""no issues it works great in my device. i don't think it would require more words but i'll type them since it's required.""]"
116,sandisk quality worked as expected and delivered on time. have never lost any data on one.,"['usual sandisk quality worked as expected and delivered on time, no problems worked great on my android samsung tablet.', ""exactly as described and works great on our surface pro's. excellent product! have never lost any data on one. tardis""]"
117,sandisk has always been the leader in these flash memory cards. it has never had one fail in 25 yrs - and is well worth the money. she loaded all her books and music on it and still huge amount of space left.,"['i have always trusted the sandisk brand for valuable data. this was ordered for my tablet and again, great size and quality for the price.', 'i purchased this to use with my samsung tablet. it works perfectly and stores a lot of information. i would buy this product again. sandisk knows how to make memory cards that last!', 'bought this for my sons tablet, and it works fine. sandisk has always been the leader in these flash memory cards, and has always been well worth the money.', ""purchased for my new asus tablet tf701t and as always, sandisk is reliable! i've never had one fail in 25 yrs. very pleased."", 'my young kids all filled their tablets with games and needed some space. these worked just fine. i like sandisk. i would buy stock in their company but i am not a gambling man. good ratings on the transfer speed too might i add with it being a class 10.', ""i bought this for my wife's tablet computer. it has worked perfectly so for and i have no reason to believe it won't continue that way. sandisk makes very good products. i've used their products for many years and nothing has ever failed high performance, fair pricing and great reliability."", 'sandisk is a great brand.. never had a complaint. is working fine in my galaxy tab 3 .. would recommend', ""sandisk 16gb sd card. does it's job the way it's supposed to. i use it in my tablet and have zero complaints."", 'sandisk provides dependable storage for my new tablet. sandisk is what i rely on for my phone and computers. has never let me down.', 'works great! my tablet loves it. i always buy sandisk products and have never had a problem with any of them.', 'what can you say about sandisk? they always work and perform the way they are met to do. got this for my samsung tab 10.1 and it works flawlessly.', 'i have always trusted sandisk. this card works great in the samsung galaxy tab 10.1 2. i have been using it for about a month.', 'i bought this for my new galaxy tab and it works flawlessly, nothing to complain about. i always use sandisk products and they have never fail to me. i have one of these 16 gb on almost every device at home, digital cameras, phones and now in a tablet.', ""i've never had any issues with sandisk, i always buy and trust their product. i bought this one for the sansung galaxy note 10.1 and works very nicely. i wife loaded all her books and music on it and still huge amount of space left.""]"
118,the microsd adapter works great as described. it got stuck in a card and it was too loose to make full contact with the card reader. i'd buy it again.,"[""a memory card either works or it doesn't. this was always going to be a one star or five star review no middle ground.the adapter is a nice bonus too, though i don't think i have anything to use it with."", 'everything about it was great, except for the adapter. it was to tight i had to use a tool to take it back out of the adapter causing me to chip it. so my fault i guess, but i also bought a 16gb version and the adapter for that one was fine.', 'the micro sd works great as described. but beware that the micro sd adapters are faulty. the micro sd will get stuck in the adapter. you will have to carefully rip apart the adapter to get the micro sd out thus damaging the apapter.', 'and it got stuck in the adapter they sent with it, had to break that open. it fit in another adapter though', ""card works great, but the adapter was too loose to make full contact with the micro card to facilitate connectivity to the card reader. minor issue since i have several adapters... but it's worth noting."", 'i was a little disappointed since it came without a box. so, where do i leave the adapter while the card is in the camera?', 'i have a problem with the size of these mini cards they are hard to hold on to and get in and out of my drift cameras they get stuck all the time', 'the sd to microsd card adapter that comes with this product is too small. it is impossible to remove the card from the adapter without damaging it.', 'the card does all it promises to do, but i have a gripe the nail ridge near the outer end of the card is not defined enough, which makes it rather difficult to extract the card from a reader or adapter.this is the first microsd card i have that has had this problem.', ""the drawback is all the darned packaging for this tiny card. seriously, it's plug in and you're done, why all the packaging?aside from that, it's working. i'd buy it again.""]"
119,"transfer rates are quick from the phone over usb to the computer. if you need anything else out of it, i'm not sure what to tell you.","['used this in my old phone and it works great. quick with transfer rates and loved it for the short amount of time i used it. will probably use it for something else like a camera or something.', ""i got a new phone and this was part of a dock and battery deal so i pulled the trigger. so far transfers have been fast and successful. it's only been a few months, but it just works."", ""wanted to test some things on an old android phone. this worked perfectly. don't use the phone any more so will now use it for my camera. we'll see."", ""if you need anything else out of it, i'm not sure what to tell you. transfer speeds are quick from the phone over usb to the computer.""]"
120,i've ordered other sd cards before but this one is the best overall. the shipping was excellent fast and reliable. would recommend it to anyone who is looking for a quality product.,"[""i've ordered other sd cards before but this one is the best overall. shipping was excellent fast and reliable. i would recommend it to anyone who is looking for a quality product. thanks again!"", 'i have this sd card for awhile now and i would have to say its awesome. the service was great. the product got to me at a reasonable time. my overall experience is 10 10. thanks.', 'got for my phone and is awesome. the card did short out but once contacting sandisk they had one out to me in a week. super awesome customer service. will buy more sandisk items when needed.', 'ordered for my sons phone and was extremely happy with the card when it arrived. would absolutely order again if needed.']"
121,inexpensive and includes an adaptor card. it fits nicely without the full size sd card sticking out - it all fits well if you want to use it in applications without a micro d slot.,"['i got this to go in my smart phone and it does the job great! inexpensive and it includes an adaptor card so i can use it in applications without a micro sd slot. this expands its versatility.', 'got this to plug into a 1 2 adapter for the raspberry pi. i had to play with the pi case a bit, but it all fits nicely without the full size sd card sticking out.']"
122,"this went into my raspberry pi, and it works great. it comes with a standard sd card adapter so it'll work in your computer or anywhere else you can stick an e-card.","[""i got this while it was on a deep sale here on amazon. i couldn't pass it up. it comes with an standard sd card adapter so it'll work in your computer or anywhere else you can stick an sd card. it hasn't had any faults and does the job."", 'this went into my raspberry pi, and it works great. i have had nothing but success from this little guy. also, it conveniently came with the sd adapter.', 'it is great, works fast, and came with full size sd adapter.it clearly pays off to buy the faster version of the sd', 'works great. adapter makes it easy to load music, ebooks, pictures and movies onto card for use on a phone or tablet.', 'very good product!!! comes with an adaptor to fit regular size card slot.so your good to go for both. i love it', ""this one works just like it's supposed to work. fast response on delivery and the adapter fits the standard memory card reader."", ""no formatting needed. plug it in and it just works.best buy sells this same card for 100. they do price matching if you can't wait for this to be shipped.""]"
123,google has chosen to disable any ability to connect phones to pcs. it does not support uhs1.benchmark test phone 19.4mb read - 9.2ma's writeusb 2.0 18 ml read',"['i purchased this and could not get it to work. then i discovered that sandisk has an app for it. so if you are stressing over this not working in your android device no worries go get the app it will work.', ""i got this for my samsung galaxy s3 when it was on sale. my fairly new internal card reader wasn't able to write to it so i tried 2 different usb adapters and they didn't work either. i installed it in my phone and was able to copy files via usb. it was slow but it worked and is great in the phone."", 'i bought this to upgrade my phone micro sd, works great and lots of storage. i have not been able to test the speed of the transfer as google has chosen to turn against their customers and disable any ability to connect phones to pcs in a normal since.', ""bought this for my galaxy s4, works great but doesn't support uhs1.benchmark test phone 19.4mb s read, 9.2mb s writeusb 2.0 18mb s read, 6.3mb s writeusb 3.0 30.2mb s read, 11.3mb s write""]"
124,"crystaldiskmark 3.0.1 x64 c 2007 2010 hiyohiocrystal dew world. mb s 1,000,000 byte read 512kb 31.584 bssequential write 10.263 ks iops random write 4ka qd 1 3.296 will try","['product is as expected. crystaldiskmark 3.0.1 x64 c 2007 2010 hiyohiyocrystal dew world ... mb s 1,000,000 byte s sata 300 300,000,000 byte s sequential read 32.903 mb ssequential write 10.263 mb srandom read 512kb 31.584 mb srandom write 512kb 5.485 mb srandom read 4kb qd 1 3.296 mb s 804.8 iops random write 4kb qd 1 0.894 mb s 218.1 iops random read 4kb qd 32 3.002 mb s 732.9 iops random write 4kb qd 32 0.617 mb s 150.7 iops test 1000 mb f 0.0 0.0 29.7 gb x5 date 2012 12 12 17 12 51os windows 7 home premium edition sp1 6.1 build 7601 x64', ""16gb kingston class 4 micro sd amazon ' 1 best seller' 4 30 about 5 mb s16gb sandisk ultra class 10 micro sd 2 15 about 10mb sresults from my informal data transfer test. copied a large 1.3gb video file to my two micro sd cards.this sandisk ultra takes about half the time to transfer data. time is money and i'm happy with the results considering the current amazon price is about 11 vs 14 for the sandisk ultra."", 'i have lately purchased two micro sd card one sandisk ultra 64gb microsdxc and 1 sandisk extreme pro microsdhc 16gb. the first one claim 30mb s the second claims 90 95mb s. i 5 tests on my galaxy note 2 and 3 different benchmark test on my computer using usb 3.0 card reader. i can only get 7 8mb s this not even class 10, let alone uhs 1 . i even did real world testing by copy a large set of data 2gb of photo .the result is no different. i do own sandisk extreme sdhc card on my t3i and i do get 65mb s of transfer rate. i strongly recommend consumers to test their premium uhs 1 microsd. i felt very disappointed on sandisk. i will try other brand like samsung, patriot or lexar.', ""i purchased the card in the sandisk packaging, so i am pretty sure it is genuine. i tested it with various programs on the web that apparently can detect whether they are fakes or not. this one turned out to be a real sandisk card. the card came formatted with fat32.i read on the web about these micro sds, and apparently they are not as fast as the full sd card version. i borrowed my brothers sandisk 32gb full sd card to make comparison tests. here are my official unofficial test results using diskbench v2.6.2.0 and h2testw 1.4 test. i will give the results as an overall result, because after testing these cards over and over with speed writes and reads, the results get mixed and varied to a big degree... much larger than i expected, but the numerous tests showed me a general trend. the trend is that the full sd cards do write faster than the microsd card. but, also remember that the microsd had to be put into an adapter to do the test on my pc while the fullsd card was put into the computer reader directly.these are just my averages, but small file writes both sd cards wrote at close to 10mb sec. the microsd was less consistent in the tests and sometimes dropped to 8mb sec.small file reads both sd cards read at close to 20 mb sec at their fastest.large file copies to card microsd wrote at 3.5mb sec while the fullsd wrote at about 4mb seclarge file reads copies from card microsd was 10mb sec while the fullsd read at about 14mb sec.my conclusion my tests were by no means official for this card and showed much variance dependent on file size of the reads and writes, but the fullsd card was faster in many cases, but equal to microsd in most cases. the small file writes and reads showed that they are similar enough. but, my only concern is with large file writes.... is 3.5 mb sec good enough for rapid photography on a high pixel camera? i don't know. i have had no problem using these cards with h264 movie capture for hours. i am surprised that 3.5 mb sec is enough.also, never during the huge file copies to the card did i get any noticeable heating of the card itself, by touch even for an hour. i've noticed that it has been a complaint from many people on the web, some stating that they felt they might burn themselves. i copied files that took more than an hour with no noticeable temperature change, other than, perhaps a couple of degrees. of course, this was on a pc and not installed in a camera.the card performs well for video work, and appears to meet many other tests performed by other people. i never saw a read close to 30 mb sec... they were very consistent at 20 mb sec at the highest performance.i would get the card again, if the price were right.""]"
125,sandisk memory card is rated at 22 to 29 mbps. it's the fastest microsd card in the world - it is the most reliable and reliable card ever.,"['fast, reliable, plenty of size for the money. i ran sandisk memory zone on this and was reading between 22 and 29 mbps. not quite the 30 that it is supposedly rated at, but that is with a lot of apps installed and running off of the device.', 'catch them on sale here on amazon! high speed, qualitty vendor sandisk , high capacity micro sd card. highly recommended to anyone. using in my microsoft surface and windows phone 8.', 'very impressed with the speed of this 32 gb micro sdhc. very good performance for data read and write .', 'got this for use with the dell venue 32gb. with a smaller hard drive space, it was critical for all downloads, videos, photos, etc to be on the microsd. speed is more than adequate. great deal for 20', ""64 gb of fast microsd storage at a great price. what's not to love? works perfectly with my 64gb dell venue pro 8."", 'if you can get this sd card on special or discount, please grab it up!! i currently have this in my surface rt and this has become an instant fast 64g of storage. sandisk makes very reliable products. i would highly recommend.', ""i've used many sandisk memory cards over the years. this one ranks way up there just like all the others. i am using it in a samsung tablet and it does all i want it to do. i cannot comment on speed, since that isn't an issue to me. for storage this is quite the gem. and i bought it 34 pretty cheap 34 .""]"
126,this card is quick and responsive. the price is great! the card has a great design and looks great with the best quality!,"['this card is quick and responsive. i love that it loads much quicker than my other cards. also, the price is great!', 'i am very happy this come very fast, good packed, i usually used but its fantastic so fast with my new cards', 'i choose this card to eliminate worries when i travel far away from home . very quick and look so strong']"
127,"great memory card. using this along with out roku3. it works great. fast transfer rate, good capacity, and reasonable price. you can use it for any thing.","['great memory card. using this along with out roku3. works great. fast transfer rate, good capacity, and reasonable price. what else could you ask for?', 'great deal fast data good price . you can use it for any thing . you dont need card reader , it comes with one already', 'love having the extra storage this card gives me. the transfer speed to the card is slower than i would like but it plays back hd video without a hiccup.', 'i needed more space for media on my venue, and this card works perfectly. reads and writes very fast and holds lots of movies to watch when travelling.', 'i love this card. it is fast...... and enough space to hold more than i will use. i can put movies on there with plenty of space for music, pictures, ect.', 'works great and faster than a conventional memory card. videos, pictures and access run smoother. highly recomnended for those who are in need of great space.', 'super fast card and it has lots of space. great for movies and pictures and music and other stuff. its awesome', ""i formatted this card as ntfs...loaded it up with a bunch of my kids' favorite movie and tv shows. transfers seem to be pretty speedy, even while playing hd content."", 'this is a great little card, no problems thus far! i load this up with movies and then watch away!', 'using the card for videos and music, have already filled it up and it works great playing back my media!', 'good fast access memory card. i use it in my roku player, but it would work equally well in any device that required a micro card.']"
128,"this is a great card with lots of storage for the money. it works great, plug playloads of room for whatever your needs are. don't hesitate in buying this card, it's an extra storage space with the card.","['works great, plug playloads of room for whatever your needs are.i would not hesitate to recommend this product.great card, great price!', ""this a great card with lots of storage for the money. don't hesitate in buying this, it's a steal for the amount of storage you get."", 'a lot of extra storage space with this card. quality brand name. a bit pricey in my opinion. great product overall though.', 'this is a big card for a great price. i remember buying a 2gb cf card for around 200 a while ago!']"
129,motorola triumph music player has not been reliable since i loaded songs on it. he needs to try it on other devices instead of using gs3 or sony instead.,"['i am having some trouble with it in my cell phone motorola triumph music player has not been reliable since i loaded songs on it. not sure if it is the card or my phone and it is not a consistent problem. i need to try it on a few other devices.', ""i bought this to store all my music on my phone, but it doesn't work. the phone has trouble reading from the card, and i keep having to reformat it. buy one from sony or some other company instead, especially if you have a gs3""]"
130,"great card for a great price read and write speeds are on par with what is posted on the specifications detail report. excellent quality, works at high speed and maintains the data faithfully. not much more you could ask for.","['great card for a great price read and write speeds are on par with what is posted on the specifications detail report.', 'brilliant little card good transfer speeds highly recommend to all was exactly what i was looking for at a great price.', ""this card is exactly what it seems to be. it's large, it's fast, and it's priced well. not much more you could ask for."", 'very good price for a card more than necessary. excellent quality, works at high speed and maintaining the data faithfully']"
131,i was in need of this item and couldn't find it at local store. found it here at a fair price and have been using it ever since the first day it arrived. would recommend everyone to purchase this one.,"[""i was in need this item and couldn't find it at local store. impressed me after i received it, it worked like a champ and able to store so many things in this card."", 'love this card. wanted one but the retail prices were just too much. found it here at a fair price and have been using it ever since the first day it arrived. great buy if you need this one.', 'good purchase and i am satisfied with this card. would definitely purchase another one. i would advise everyone to purchase this one.', 'i loved this card. well worth the good size tooif anyone has any questions about this please dont be afraid to ask me.id be more than happy to answer any and all of them.', ""this is a great card that does what it's supposed to do. i will definitely buy again when the need arises.""]"
132,"microsd memory chip is fast but not hyped as aiiigh super speedy. it's flexible to be used in everything from flat memory cards to vids, etc.","[""a good size and good price for a small camera or phone that takes micro sd memory this is fast but not hyped as aiiiigh super speedy because it doesn't need to be it's good for all the standard usages of your average consumer photos, ringtones, games, lightweight video, etc ."", 'and fairly cheap. it is a good microsd fast 64gb memory chip... flexible to be used in everything from just flat memory cards, or cameras, vids, etc...', ""good fast and inexpensive microsd noticeably faster for most tasks than the class 4's that are hanging around. so useful for when you don't have access to your cloud storage."", 'above average speed and perfect for the photographer needing ample file space. can easily be used as a micro or sd card in different format cameras. fair pricing.cons none', 'fast. sleek. small. not really much to say about a microsdhc... most of you buying this knows what they do.', ""it's a fast, affordable cheap microsd card. what more could i say? san disk too, so it's definitely a good brand to buy."", ""this chip is fast solid.there really isn't too much to say about this kind of memory. my most appealing aspect is the fact that it has a much faster access speed than many other sd cards.""]"
133,amazon's write and read speeds are very fast and should be with the class 10. the read and write speeds should not be as high as the grade 10 class if it is a class 10.,"[""perfect price for the 16gb and class 10. i used these in my raspberry pi's they seem to be very fast access and not bogged down."", ""hi guys i have wrote this review three times and unfortunately doesn't go through on amazon's website...lolso, with that said i will tell you that the write and read speeds are very fast and should be with the class 10. great price and fast delivery from amazon!...enjoy!"", 'great price, shipped fast, and well packaged. i have an incredible amount of space in my raspberry pi now! class 10 is the way to go...']"
134,"this is exactly as advertised, which is better than some other memory cards and drives. comes with a standard sd card adapter, too.","['stores thousands of pictures, and it worked perfectly in my lumix camera using an sd adaptor. recommend to anyone who wants a 32 gb micro sd card.', 'this is exactly as advertised, which is better than some other memory cards and drives. if you need a 32 gb microsdhc card, this will definitely work. comes with a standard sd card adapter, too.']"
135,class 10 cards are not much cheaper than a samsung galaxy 2. will buy again this card for my new galaxy's4',"[""very fast! decent price.i use this for my phone, and it does the job. never had any problems, it's a class 10 card so it has plenty of speed for reading and writing. will buy again"", 'bought this for my new galaxy s4 and it works great. class 10 is the way to go especially when slower cards are not much cheaper.', ""not much to say about this. works well with a samsung galaxy s2. haven't tested the read write speeds, but it seems about right for a class 10 card.""]"
136,"the higher the number the better from what i have reseached. the card performs well in my phone, but the speed obtained were well within what the class 10 should realistically accomplish. if you can get good deal on this, you won't be disappointed.","['this product is great my phone doesnt lock up anymore. i was wondering what a class 10 was and i found out that it means it runs faster than the normal black micro sd card most are a class 1 or 2 that your smart phone comes with..this card makes a difference in how fast i can get on the internet to...', ""i don't get the class 10 stuff but the higher the number the better from what i have reseached. i have it for my smart phone and works fine."", ""even though it's a class 10 card, writing data to it still takes a while. however, the card performs well in my phone. if you can get a good deal on this, you won't be disappointed."", ""this card showed up and was formatted and recognized by my android phone with no issues at all. after doing a speed read write test on the card, the speeds obtained were well within what a class 10 should realistically accomplish. great card, great price, and wasn't shipped a junk card in disguise. highly recommended.""]"
137,"if you want to download the information directly to my cell phone, you can download everything into my computer for viewing.","['very small size and huge capacity.just what i was expecting to my cell phone.also, i can use the adapter to download the information directly to my computer.', ""it's fast, its small, its pretty cheap. i put one in a usb reader to use as a thumb drive."", 'disk is very small and it fits into one that fits your computer. so far it has enough room to store my driving time for the day.you then can download everything into your computer for viewing.', 'lots of memory and it come with the adapter that makes it easer to connect to your computer or other devices.', ""didn't realize this was as small as it was, nice speed and great use cross device with the included adapter. lots of storage space for transferring files and films.""]"
138,this came with the adapter to allow the card to be used as a micro card or standard card. it works as needed and runs quickly - i like the class 10 speed!,"['works well, as advertised. i like the class 10 speed. price was right. would recommend this product to others. thank you.', 'this came with the adapter to allow the card to be used as a micro card or a standard card. it is great and because it is class 10 it is also fast!', 'purchased this to use with our compact digital camera. this works as needed and runs quickly. as this is a class 10 it is to be expected. a great buy at a great price.']"
139,"class 10 is necessary and shows noticeable but not significant improvements over class 4 can't go wrong with this card cheap and works great may have to buy another one as a spare. good value for money, but it's not really noticeable anything.","[""excellent, one of the best, can't go wrong with this card, class 10 is necessary and shows noticeable but not significant improvements over class 4"", ""can't go wrong with this class 10 card cheap and works great may have to buy another one as a spare."", 'good value for the money. this is a class ten rated card which has a fast speed and from a good manufacturer.', 'solid performance and great transfer speeds enough said. i strongly recommend this card just for being a class 10 and at a bargain price.', 'pro small, fast, and priced ok. this is basically a class 10 card file access is noticeably faster than a class 4 i was using before.con not really noticed anything.', ""great name brand class 10 card. great price, best on the net at the time i bought this one. it works perfectly and is fast. can't go wrong. spend the extra couple of bucks for the real deal. don't be fooled by a knock off, slow speed, import."", 'great price and holds tons of stuff. the class 10 is way faster then any other card i have purchased', 'this card is a lot faster than my old card which was advertised as a class 10 as well. great to have the extra space too.', 'this card is extremely fast. in order to leverage its full capability your card reader and device must support uhs i. however it is also very fast with class 10 devices.', 'there are lots of cards out there. what me choose this one, was the name brand and that it is a class 10, the best you can get. not a four , a ten.', 'this card has lots of room for everything. a class 10 card for about 20, you can not go wrong.']"
140,the memory card works as one would expect and the card worked as advertized online. this product worked a lot better than ever before. it was able to be used as an online advertising tool for the class 10 adapter.,"['amazing price for this micro sd. brings adapter with it. class 10. great product. i am very happy with this purchase.', 'this is a class 10 adapter, and it lives up to its billing! i currently use it in my android phone.', ""not much to say about this, but it was definitely worth the buy. it comes w a small case to hold both itself and the adapter. for just over 10 you really can't go wrong."", 'the memory card works as one would expect and the adapter card worked also. this product worked as advertized online.']"
141,droid razr maxx upgraded to stock 16gb class 4 card. extra space has made a huge difference in the transfer speeds of the card.,"[""works great in a samsung galaxy s3. formatted straight away, full size there. i can't really tell the speed difference between this one and a slower card it replaced. i guess the io in the phone can't take advantage."", ""i'm not going to give you a detailed speed and what not but this sd card is fast compared to the other ones. you wouldn't really notice the difference in speed unless you're copying a huge file. i use this on my note 2 and i take a butt load of pictures with my phone."", ""i was able to use this microsd card with my samsung galaxy s3. i just had to format it when it was in the phone. the only reason not a 5 star is that it's not as fast as the more expensive versions."", 'i had a regular 32gb card that i used with my blackberry torch 9810. it was slow though. i replaced it with this card and i can definitely see the difference in speed on my z10. very happy with it! the only thing i had to do was to format the card with my blackberry z10 and that was it.', 'only can use 29g after formatted butwhat can you do, i still like it for my psp, works great fast!', ""no, i didn't do any speed tests.card works great in my galaxy siii.would leave it at that but the guidelines required 6 more words."", 'much faster than my other microsd cards, most if which are class 4. in a galaxy s3 now, fast enough not to slow it down when loading files music photos. did not benchmark...', ""transfer speeds from just moving files to my phone as well as rooting and adding various roms was much faster than i'm used to. i haven't done any official benchmarking though."", 'took out my old card a black one from kingston hc and replaced it with this ultra one. when transferring files you can see the difference in speed. about 60 faster transfer rate than the kingston.', ""replaced another brand class 10 32 gb micro sd card for my phone. i didn't know how bad i had it before i put this in and started transferring files. it was so much faster than my previous one. i am pleased.no issues with delivery or description."", ""made a very nice upgrade for my droid razr maxx, replacing the stock 16gb class 4 card. my transfer speeds have improved though not hugely , and the extra space has made a huge difference. with a name like sandisk, i don't worry much about quality or reliability.""]"
142,"mysony pcm m10 is a portable linear linear voice recorder with electret condenser stereo microphones, 96 khz 24 bit, 4gb memory usb high speed port black. it reads and writes files very quickly - not all memory cards are the memory card cards.","['works well in mysony pcm m10 portable linear pcm voice recorder with electret condenser stereo microphones, 96 khz 24 bit, 4gb memory usb high speed port black', ""it's a memory card. what else is there to say. this is a class 10 so it reads and writes files very quickly."", ""hard to say much about a memory card other than it works as expected, since it's class 10 it's fast, since it's 32gb is has plenty of space for music, pictures, and videos."", 'not all memory cards are the same. class 10 means faster transfers. this one is even faster. works as promised.', ""i can't believe how fast this is. i had a class 10, 32gb card by imation and it was nothing like the speeds i get out of this."", ""works with my sansa fuze to give about a million songs okay, that's a slight exaggeration , but enough songs that you can listen to songs without any repeats for about 4 days. speed was fine for my device, but i can't speak to the camera usage. it's class 10, so it should be fast enough for video.""]"
143,the 64gb does exactly what you would expect from a 32gg microsd memory card. plenty of storage and fast access times make this an excellent purchase.,"['fast and lots of storage, not a flimsy card either. fells like its build tough. i would definitely recommend this to a friend. side note, if your device supports it and you can afford it, get the 64gb. youll appreciate never changing out ur card.', 'perfect.get the 32gb.', 'this does exactly what you would expect from a 32gb microsd memory card. plenty of storage and fast access times make this a solid purchase.', 'fast data transfer! this is the standard, the measuring stick for a great 32 gb micro sd card you will not regret getting the brand name instead of getting the cheapos.', 'the sandisk ultra 32 gb is very fast. the quiality is excellent. usefull for all device. not problem. i recomended.']"
144,"class 10 is a 32 gig microsd card that costs less than $$ per gig. it works at class 10, which is saying 'a lot' compared to other 34 classes 10 34 cards, i would highly recommend for anyone that requires memory - especially for this low price.","['enough storage to my dslr.really low price for a class 10 card.u can use several of this and make a linux based ssd.', '32 gig microsd card that costs less than a dollar per gig and is class 10! and even more importantly, it tests at class 10 and operates at class 10, which is saying a lot compared to a lot of other 34 class 10 34 cards.', 'this card does exactly what it should. class 10 performance at a fair price in a microsd format. it should be faster though, and in fact there are options out there now at a nominally higher price that do, including the 34 extreme 34 versions from the same vendor.', 'nothing beats class 10 sdhc, i would highly recommendfor anyone that requires memory, especially for this low price. there is nothing better.', 'i researched online and found that this is a true class 10 micro sd card. manufacturers can use different calculations to be able to list a 34 class 10 34 rating that is, in truth, a lie. this is the real deal.', ""excellent item for the price. class 10 is the way to go if you're uploading or copying files to your computer. i have a 32gb as well and they both work well. no issues.""]"
145,this memory card has thousands of 5 star ratings. good price and it works well - it is a great card for memory cards. i will reserve 5 stars until they blow me away on the price.,"['really the gold standard. i will reserve 5 stars until they blow me away on the price. otherwise, this is an excellent buy.', 'there is a reason why this memory card has thousands of 5 star ratings. good price and it works well.']"
146,astak cm 7200 memory card is the ideal size for all night surveillance. san disk name offers confidence in quality.,"['bought a digital recorder with a memory card slot. this card worked perfectly. no problems and my files have a newhome. definitely worth the price and met expectations for data storage.', 'bought the astak cm 7200...this memory card works great in that with no hesitation for the video..great pice too..no problems. thumbs up!!', 'i bought this micro card to use in a security camera for continuous recording. it works perfectly and is the ideal size for all night surveillance. the san disk name offers confidence in quality.']"
147,adapter also works and allows you to insert the micro card into your computer. the mini is small but holds a lot of memory and fits in the memory - i have yet to find anything bad about these kind of memories if you have to have e-booked equipment.,"['i like the that this is small but holds a lot of memory and fits in the adapter, i have yet to find anything bad about these kind of memory. i have to have this kind as some of electronic equip require use of a mini', 'it works, and puts 64gb in a chip smaller than my thumbnail. the adapter also works and allows you to insert the micro card into your computer. what is not to like?']"
148,microsd card works flawlessly with my digital video recorder. no problems at all with playback. more words needed for official review.,"[""i have no issues with this micro sd. i purchased it for use with a video camera and it does everything i would expect without any problems. wouldn't hesitate to purchase again."", ""i don't have any complaints about this micro sd card. i ordered it for my sony action camera and its so far been doing extreamly well."", 'microsd card works flawlessly with my digital video recorder. no problems at all with playback. more words needed for official review.']"
149,this card holds about 29 gb. it comes with a larger disc case that fits into it if you want to store data on it.,"['this is a nice card. holds about 29 gb. you can store data on it. it is a microsdhc card.', 'great memory card! can be used as a micro sd or regular because it comes with a the larger disc case that it fits into.']"
150,"sandisk brand has been working perfectly for us for about a month. i use these in sansa clip mp3 players, perfect match.","[""well my sister and i got new phones. so i didn't want to use our old memory cards. and from what i could tell this product represented the best combination of speed and price. plus i'm familiar with sandisk brand. they have been working perfectly for us for about a month now and i don't expect that to change."", 'good price and fast enough to load mp3 files from the computer quickly. i use these in sansa clip mp3 players, perfect match.', 'perfect for my sansa clipp mp3 player. plenty fast, and was priced right.']"
151,the card came in record time from the seller and hasn't had any issues with it.,"['it came in a reasonable amount of time and was exactly as i ordered. no pretty lights and no stunning sound. just a reliable memory card that worked and has not failed.', ""i can't complain. the memory card does its job. i recieved the memory card very quickly and i have not had any issues with the card as of yet."", 'extremely happy with this memory card. very fast, and have not had a problem since i bought it almost 6 months ago.', 'very good and quality memory with good functions. i received it in record time from the seller and so far i have not had any issues with the memory card.']"
152,the little micro seems at least as efficient as any other micro that i've ever used. it's an sd card that works fine and is pretty quick.,"[""don't know what exactly to say, but the little micro seems at least as efficient as any other micro that i've ever used."", ""it's an sd card that works fine and is pretty quick. not much else i can say about the product.""]"
153,sandisk microsd card is a micro d. it serves its purpose and it works just so. he would recommend it to others who want to use it if they want it back to the store.,"[""not much to say about his sandisk microsd card. i needed something with more storage and it serves it's purpose."", 'there is not much to say about a micro sd card, but this one seems to work for me. word, word.', 'what can i say its a micro sd. it serves its purpose and it works just so. i would recommend to others']"
154,"the card came formatted with exfat by default. it can't be read by my phone, but the phone is a older model samsung - so that could be the issue. i bought this card to replace the 32gb pc card.","[""i bought this card because i hope to transition from a pc to a smartphone in the near future. for now i use an adapter to run it on the pc. the write times aren't as good as i had hoped, but they're acceptable overall. plenty of storage space for my files, some of my music, pics, that sort of thing. have also run portable applications on it and they seem to perform well for the most part. overall, a solid little card with just enough speed to get the majority of my tasks done.sidenote the card came formatted with exfat by default. the onyl way i could downgrade to fat32 was to use a third party app. for some reason, the card can't be read by my phone, but the phone is an older model samsung, so that could be the issue."", ""the sd card arrived quickly and has worked ever since initial install. i have removed and used in adapter for laptop and put back in without issue. i'm using on droid razr m and always select unmount option in storage section prior to removal to ensure data is not lost. i have no complaints with this item. i bought this card to replace a 32gb card i purchased previously and suddenly stopped working. i paid a little more but some things are well worth it. i put a lot of mp3 files on my device so this card is great.""]"
155,"sandisk has 2.3 gb 32 to 29.7, which works fine in all my stuff. the card is formattable to fat32, thus allowing you to use it with some older hdhc devices. if these things work 30 days, they'll probably work 5 10 years until they are obsolete.","[""got this because you can't beat the price and sandisk has so far always been reliable for me. i own two 32gb uhs 1 cards and a few older 16gb, 8gb, class 4, class 6, etc sandisk microsds not including my standard sds or my usb thumb drives and they have stood up to my tests with only one card i can think of failing, which i was still able to recover all the data from just not write to it anymore and i'm pretty hard on my rewritable media. what more can you say?"", ""i use this for a raspberry pi, in the sd adapter, and it works so far.also appeared to be the genuine part, although the prolific sandisk counterfeiters have gotten really sneaky in recent years.i like getting microsdhc cards because they can be adapted to different device sizes. for example, let's say i buy a used phone or e reader that needs a memory card, and i'm not using my pi i can just take the pi's card, take it out of the adapter, and put it in the other device, rather than pay more money and wait a week for delivery of a new one."", '14000 reviews and counting !! do you need any other justification to buy this one if you are looking for a microsd card?? add to it the reliable name of sandisk and you are left with no doubts to buy this or not!!! also its available at almost half the actual price with amazon i did check the price at local sellers and no one is selling it that cheaper .comes with a decent writing speed good for most shooting recording devices and has a very very long warranty 10 years !!! . the technology may take a leap before this one stops functioning on you.want to use it as a sd card in your camera? no problem. it comes with an adapter with which it can be used in any device that uses a sd card. that makes in two in one card!!!!!', 'i use this for my r4 sdhc dual core for my 3ds xl. it holds about 30 movies currently, and it also holds a number of different emulators plus games, plus it holds about 150 nds games on it as well, and i still have 5gb of storage left for extra stuff. simply incredible how they are able to offer that much storage in such a little package. thank you sandisk for being the foremost leader in memory technology. my hat goes off to you. and they do it all at an affordable price.', ""although it may be overkill for the application, considering its capacity, this appears to work very well for firmware memory for the raspberry pi, and at the price i bought it for on last year's cyber monday, i wish i could buy a few more of them for the same price. i haven't tried it with the rpi overclocked, but it's worked without a glitch at the normal rpi clock rate. i've also used the 32gb version of this in my music player, and it has worked well also."", 'packaging very secure, product is absolutely legitimate sandisk card.29.7 gb available storage. normal for 32gb card amazon comes through again!speed unknown, works fine in all my stuff ..addenda 9 19 13 two received and working perfectly. the loss of 2.3 gb 32 to 29.7 explained by the data added when formatting the chip. seemsto be a legitimate 10 speed. very good microsdhc! the best!', ""i bought this card because i have several devices that use microsd cards, but not all of them are compatible with the newer and higher capacity sdxc standard. for sdhc memory cards, 32gb is the largest size available under that technology standard, so i went with this one from sandisk. that way i didn't have to worry about compatibility issues with any of my devices. i've used sandisk memory products for a number of years along with many other brands, and i've always had good results from them. i'm happy to say that my experience with this card echoes that of 5,000 other amazon users it's been rock steady, reliable with larger file transfers several 2gb movies at a time , and performed as quickly as i'd hoped for a class 10 card in regards to its read write times.aside from the existing reviews and my previous experiences with sandisk products, i also picked up this particular card due to its uhs 1 compliance. i don't currently have any uhs 1 devices that can take advantage of the increased speed, but for the negligible cost difference, it just made sense. standards and technology update so fast these days any future proofing a product can provide to extend its usable life is always appreciated."", 'i ordered this when i saw excellent specs. i thought only the micro chip comes. i was very well surprised when after receiving the parcel found out that it contains also the sd adapter which makes this chip usable in computers,, laptops, etc. btw amazon price beats up the same chip found at costco for about 5 less.copied the content of the older 16 gb micro sd card onto the new one, swapped the chips and here i go... i am using several sandisk memory chips including compact flash cards for my dslr. excellent brand, fast, reliable, does not lse data or have write read errors. perfect!', ""they're nice cards. they're fast, come from a reputable brand, hold 32gb in a card the size of a fingernail, and really don't cost that much anymore. there are several brands of cards you can choose from, but i always liked sandisk. i haven't had issues with their products.also, the red and gray branding on the card makes it a bit easier to spot the card in case you drop it or leave it somewhere."", 'i ended up with two of these after mistakenly purchasing the regular sized sd cards for hikvision security cameras only to find that they needed the micro sd cards instead. they installed and formatted with no issues and are working well in the cameras.the best thing about sandisk is that they have a lifetime warranty with these cards unlike some of the other brands.i purchased these for 45 dollars each and are reasonably priced around that.', 'bought 3 of these cards to use for using in my digital camera. they all worked great and was able to pop right in to either my phone of my tablet as they only take microsd cards. use for regular pictures and hd video without any problems. speed does not seem to be any problem as people who bought other cards from other manufacturers. sandisk is the only card that i recommend using.', ""first off, i've always bought sandisk for the warranty under the reasoning that a lifetime warranty means they must be a little better than the others and sandisk's lesser lines. i have 5 class 6 sd 8gb extreme iii series cards all pushing 5 years old now with zero problems, all of which write nearly twice as fast. not sure what the limitation is, class 10 uhs 1, and 5 year newer tech should blow these away. the 'micro' packaging shouldn't make a difference either. i can only guess it's marketing differentiation.again this card will write at published specs but you may want to check out the sony sr32uya tqmn of the same capacity, it reads and writes faster and is a similar price, though only a one year warranty. i picked it up with a hisense 7 pro tablet awesome and couldn't wait, and they were on sale locally for 26. was a pleasant surprise. came with a sd adapter as well and some file recovery software a link . not a fan of sony web sites support or or documentation for any of their gear the last 15 years but these are commodities now i suppose and you can't expect much any longer. i now kind of think if these things work 30 days, they'll probably work 5 10 years until they are obsolete. fyi the sandisk and sony are both made in china."", ""i bought this specifically for my cowon j3, as it comes with 32gb of internal memory, adding 64gb got me almost to 100gb. that's 3x the original capacity that player has.this card is formattable to fat32, thus allowing you to use it with some of the older sdhc devices. i know not many of the buyers will even consider this ability, but i figured i'd throw it there for those that might be interested.the card is fast, i'd post benchmarks but you can just google for a ton available already. also with 30mb s speeds this wouldn't make a bad camera sd card if you absolutely needed one someday. just stick it in the sd adapter and you're rolling.i tested it with my canon t3i, worked flawlessly, however, not as fast as my other 90mb s card."", ""with most of the world's electronic devices finally standardizing to sd thank you sony for finally adopting this standard , it seems most things we own work on either the microsd or regular sd card. that's why this little package is so handy. you get both in one neat little package and at 64gb, you'll have plenty of space to store most of your programs, files, etc on your device.the class 10 rating ability to move data on off card at the current maximum speed is a must for anyone that doesn't want to sit for vital seconds waiting for data to write to the card. and sandisk has proven themselves over the years as making a quality product. sure, you may occasionally find a dud in their inventory, but they are quick to fix replace it and that is what matters most. buying cheaper cards will land you with a read write error when you can least afford it. don't be the person that loses those important family photos or that document that is due today because of a cheap and defective card.i purchased this particular card for my asus transformer, as it fits nicely into the pad itself and with the optional keyboard attachment which is capable of holding standard sd cards it fits there as well. making this the perfect solution for my extra memory needs and at a much better bargain than most competitors. you can certainly purchase more internal memory on your iproduct or android device most seem to have 16gb or 32gb variants , but why spend the extra cash for 16gb extra, when you can buy far more in an external card?"", ""once you cut and pry your way through sandisk's packaging, you will be rewarded with a nicely made and high performing microsd uhs1 flash memory. it comes formatted to sd.org's standards in fat32, so it's ready to go for most applications. my single gripe about this product is that they have omitted the usual small plastic box that holds the card and adapter. i use those! since i frequently switch cards between uses, and frequently have them in storage, those little boxes are very useful. it's way too easy to lose a microsd.anyway, here are the results from atto disk benchmark settings anticipating digicam use total length 64mb overlapped i o and qd 4 but it never exceeds 1 segment size in kbytes, read write in kbyte secsize write read.5 9904 163431 14555 170332 13454 273244 14194 353378 15065 3985316 14154 4062932 14277 4295764 13212 44291128 17567 44247256 16209 44442512 15391 444421024 17408 444422048 16229 44442 sorry for the ugly table, amazon does not support consecutive spaces, including alt 255, or embedded tabs this is very fast for a microsd. it's not quite up to what sandisk achieves in full size uhs1 sd cards that can write over twice this speed, but those are electronically more complex cards. the micro form factor likely doesn't permit the additional hardware to achieve speeds comparable to the larger cards. note that the read speed is a lot faster than what sandisk promises. note also that you will not achieve these speeds with a usb2 reader. you will need either a usb3 or built in pcie reader to get accurate results. so do not complain to me if you use a usb2 reader and don't achieve these speeds. in any event, you'd be hard pressed to find anything faster.my personal experience with sandisk products is very good. that is, i've never had anything fail on me. given the very reasonable prices of these, i rate them as highly recommended."", 'for some unknown reason i could not find this locally. i needed it for a security camera, which i suppose is an odd application for most people, but i found it on amazon and received it quickly. sandisk products have worked very well for me and i now have a record of who comes and goes from my driveway on this micro disc at my disposal when i need that information.']"
156,sandisk ultra 64 gb microsdxc class 10 is the good one to buy. it transfers file faster than other brand card - the price is very reasonable. i bought two of them when they are on sell.,"['i was impress with the value and quality. i used sandisk ultra 64 gb microsdxc class 10 with my asus 300tf it works great!', 'sandisk is well know brand. the msd ultra 64 gb class 10 is the good one to buy.it transfers file faster than other brand card. i bought two of them when they are on sell.the price is very reasonable. i like it very much.', ""this sandisk ultra 64 gb microsdxc class 10 micro sd card can storage an enormous among of data. and with the class 10 reliability and speed, it's a great buy."", 'brand speaks for itselfrecommend to a size 64 gbprice is a bit highsandisk ultra 64 gb microsdxc class 10 uhs 1 memory card']"
157,the 64gbe version was for the wife - but it was good for her sexy wife.,"['i mean, its obvious lies, this whole 64gb thing.. you get maybe 60 if you are lucky..seems to work ok so far.', 'i love it so far it works as it should the price was good and i am very pleased in fact i bought a 64 gb as well for my phone i bought the 32 gb for my wife', 'worked exactly as advertised, good price, happy with our purchase. will probably wait for the 64gb version to drop a bit in price before i get one for my phone. this one was for the wife.']"
158,"card is made by the leader in flash memory and was a reasonable price and very fast. it has plenty of memory, and cam wouldn't work with out it so it's not really much to talk about other than the fact that it holds info and accesses and stores info very well.","['this card is made by a good company and it works well. its lightning fast and gets the job done. its a memory card so not really much to talk about other than the fact that it holds info and accesses and stores info very fast..', 'this card is great for the money and performs adequately. i recommend this product to anyone who needs a memory card.', ""well what can you say for the card it has plenty of memory and cam wouldn't work with out it so it's a must have thanks"", 'what more can be said? this card is made by the leader in flash memory and was a reasonable price and very fast.']"
159,"scan disk 32 gb microsdhc c10 uhs1 memory card with adapter works fine. sandisk ultra 32gg micro-shdc class 10 memory cards with a memory holder work well for its purpose,pleasedwith product name brand brand.","['sandisk ultra 32 gb microsdhc c10 uhs1 memory card with adapter...sandisk ultra 32 gb microsdhc c10 uhs1 memory card with adapter...works fine.', 'scan disk 32 gb microsdhc c10 uhs 1 memory card with adapter works well for its purpose,pleasedwith product name brand.aaaaaaaa', 'this sandisk ultra 32 gb microsdhc c10 uhs1 memory card with adapter really work like it suppose too, i will ordering another soon.', 'sandisk ultra 32 gb microsdhc class 10 uhs 1 memory card with adapter, exactly what was expected and what was described. could not ask for anything more.', 'the sandisk ultra 32 gb microsdhc c10 uhs1 memory card with adapter handles its job as you would expect from sandisk.', 'sandisk ultra 32gb microsdhc class 10 uhs... item is as described. decent product for its price and quality. it comes with the small sd card and a next size up adapter', ""what can i say it's a sandisk ultra 32gb microsdhc class 10 uhs 1 memory card speed up to 30mb s with adapter...lol it work and is still working well.""]"
160,the sandisk ultra 64 gb microsdxc class 10 uhs 1 memory card is really excellent. it was used as extra storage space for surface rt with a micro-sax c10 adapter to the memory stick duo.,"['i used this sandisk ultra 64 gb microsdxc class 10 uhs 1 memory card 30mb s to expand my surface rt and it is really excellent.', 'using the sandisk ultra 32 gb microsdhc c10 uhs1 memory card with adapter... with my samsung tab 2 7.0 and it performs well.', 'i added 128bg with two san disk ultra 64gb memory cards to my psp with a micro sdxc adapter to the memory stick duo.', 'sandisk ultra 64 gb class 10 used as extra storage space for surface rt. everything worked as expected. well worth the money.', 'the sandisk ultrs 64 gb microsdxc class 10 uhs 1 memory card work good in my ativ smart 500t samsung with adapter']"
161,"this is a nice storage device, works well and comes with an sd card adapter. it'll work well as regular card or micro dd reader.","['this is a nice storage device, works well and comes with a standard size sd card adapter. worth purchasing.austin', ""comes with adaptor and case so it'll work well as a regular sd card or micro sd. works great! affordable price."", 'nice addition for a roku player or tablet. i believe this came with a sd adapter, so you can plug it into an sd card slot on your computer or other sd device.', 'what else does one need, right?and it does come with the adapter in case you want to use it on the sd slot. or put it into a flash drive adapter to use on your usd pc port.great price here!!!', 'comes with the sd card converter, good size for camera memory it reduces your need to change it so often.', ""this actually came with the sd adapter making it a great buy. lots of memory, microsd, sd and cheap. can't go wrong."", 'comes with an sd card adapter. not much i can say about an sd card, but i would recommend it for the price!', 'this is an excellent storage in the minimal space. it come with the adapter, so i am able to read in the regular sd card reader also.']"
162,this card comes with an adapter allowing the card to be read by using regular sized sd card slot.,"[""great card at a great price. hard to believe something so small could hold so much data. i got this to use with my new macbook pro with a 34 reduced profile 34 adaptor. the adaptor didn't fit so well, but works great in my raspberry pi. the card i just use as a normal one for now."", 'this is a really small card, but it holds the data and does the job. it comes with an adapter allowing the card to be used in a laptop or card reader. it has worked well for me so far and has my recommendation.', 'this chip seems to be thinner and lighter than the rest of my mini sd cards. came with an adaptor card so it can be read by using a regular sized sd card slot. or you can just read it while it is in the device.']"
163,the microsd card can range in sizes up to 64gb and at a class 10 to boot. the adapter didn't say it would work with xc but it all worked out great - just put it in my lumia 2520 and it was immediately recognized.,"[""it's hard to believe they can cram 32gigs of memory into a device this tiny and also get good speed out of file transfers to and from it. it's a good thing it comes with an adapter for larger size devices i recommend keeping it in that adapter at all times unless it's inside something like a cell phone which only takes the microsd size. it's way too easy to lose something this small. i hate the industry's mad rush to make everything smaller and smaller with no regard to usability. anyway, the memory card is great outside of that, and since my phone does take microsd, i just keep it plugged in at all times and don't have to worry about it."", 'it is almost unbelievable that these micro sd cards can range in sizes up to 64gb ! and at a class 10 to boot. pun intended.comes with the sd adapter, so it will work in any device that uses and sd or micro sd memory card, just be sure to check whether or not your device can handle the extra memory. some devices with recognize only 8 gb or 16 gb, which means that unless you check with the manufacturer, it is your fault you bought the wrong size memory, and you will not be able to exchange due to your mistake.this card used to cost upwards of 120 not that long ago, and now they are ridiculously cheap, especially for the quality and capacity you are getting.thanks', 'this micro sd card really is 64 gb and class 10. too many bogus devices out there, but this is the real mccoy. tested with 3 different android sd card testers and they all report class 9 10 read write.the only problem is the sd adapter did not work so i had to use another one i had. other than that, this is a great micro sd card at a good price.', ""tried this out today in one of those 'memory stick pro duo dual slot adapters', basically you use two microsd cards in one and then use it for your psp, or camera, or whatever. worked great, two 32 gb cards were just a little cheaper than one of these and i wanted my nephew to upgrade to 128 gb if he wanted. the adapter didn't say it would work with xc and we were worried that the psp would have a problem with it but it all worked out great. he is upgrading to 64 gb from 2 gb, it was a little overwhelming. he has lots more space now and might get another one of these cards to put in the same adapter. i'll update this if anything goes wrong."", 'simply put, this little micro works great. i plugged it into my lumia 2520 and it was immediately recognized. the speed of getting files to and from it seems good. the price is great and i have always been a fan of the sandisk brand. if it does fail in the next couple years which i doubt i will update the review but as of now the device is exactly as advertised.']"
164,surface pro 2's memory is the worst tablet ever. the card has worked flawlessly for about a month now - it didn't seem like that i needed it but it never had any issues with it when he had it.,"[""this memory works great on surface pro 2, no problems at all, transfer rates are acceptable. before the surface pro 2's firmware update, the memory was disconnecting itself, i had to take it off and put it on again, but after the firmware update, i have no problems, the memory always stay there."", 'got this card for my surface rt, which, btw is the worst tablet ever. no problems gets and it recognized it as soon as i put it in.', 'no problems with the card what so ever. bought it for a new tablet just plugged it in and started to move files to it in a second.', ""awesome! worked well with the surface 2 tablet.i later return the surface 2 tablet , since it didn't seem like that i needed it but i made sure to take out the memory card never had any issues with it though when i had it."", 'i screwed up and orignally order wrong card. so i needed this card quickly for a trip. ordered it and it arrived and put it in tablet andloaded it with files. it has worked flawlessly for about a month now.thanks']"
165,comes with adapter for a standard size card slot. installed in samsung mini tab 2 - perfect for the tablet i bought it for.,"['works just fine. came with an adapter for a standard size card slot. installed in a samsung mini tab 2.', 'this works much better than any sd card i had in the past i have class 4 off brand cards and it is perfect for the tablet that i bought it for.', 'i got this for my new android tablet and it works perfectly. the microsd to sd adapter is great. it allows me to plug it into my computer into the regular sized sd card port to transfer files much quicker than if i were to plug the tablet into my computer over usb.']"
166,"i can't prove it, still works, never had an error by reading or writing, so 4 stars for you!","['holds a lot of memory. slides right into my car cam with no problem and easy to get out as well', ""i still think i have sometimes problem reading with the memory, but i can't prove it, still works, never had an error by reading or writing, so 4 stars for you!""]"
167,card takes a standard sd card and then it must go into the adapter to be put into it. the card is plugged into my computer to copy the pictures off if it stops it.,"[""i bought this to put in my olympus pen e pm1 camera which takes a standard sd card. therefore it must go into the adapter to be put into the camera. unfortunately there is something touchy about this. sometimes i turn the camera on and get a card error. sometimes i can pop the card out and back in and it'll work. this past weekend i couldn't get it to work at all. i'm guessing it's the camera. or maybe the adapter? when i plugged the card and adapter into my computer to copy the pictures off, it worked perfectly. so i'm not sure what the problem is. i make sure to always carry a spare normal sd card with my camera in case this one stops working."", 'i bought this card and it worked ok, at first. after about three weeks i noticed that some images were not showing up, a week later it began to loose everything. my note 2 was failing to recognize it, inserted into the adapter and my comp could see it but not read all the files. multiple formats by either the comp or note 2 did not fix the problem, even tried some tools that i used for my dslr, still no go.this could just be a batch problem as the card looks legit and was fast in the beginning.', ""i first tried putting it in my camera, without formatting. it just said 34 insert another card 34 . i put it into my linux computer, and it output lots of errors in the syslog, and fsck wouldn't work at all, just error'ed out, so i couldn't even format it.my windows computer couldn't recognize it either, though it tried to format it. my phone didn't give any errors, but i wasn't able to really test it there. i do wonder if just the mini to standard adapter is the problem, since my phone has a mini slot, and everywhere else that i tried it needed the adapter...exchanging for a different brand, and i'll see what happens.""]"
168,the card was instantly corrupted because it's formatted with a filing system that he doesn't support. there have been no corruption or data loss - there are no data losses or corruption in the cards if you have any s3 files backed up by cyanogen mod rom. i'm not sure,"[""when i first got this card, it worked perfectly in my galaxy s3 phone. then, i rooted the phone and installed the cyanogen mod rom to gain additional features not available from my carrier. the card was instantly corrupted by that rom, because it's formatted with a filing system the rom doesn't support. fortunately there was nothing on the card i couldn't replace.i ended up having to use a third party utility to format the card with a filing system supported by both windows and the rom.once properly formatted, there have been no corruption or data loss issues and the card has performed well.if you are using a stock galaxy s3 rom, you'll have no problem at all. you'll find the card roomy and fast."", 'i was a bit apprehensive about getting this sd card as i had heard that it was not compatible with my galaxy s iii. i did see one review that said it worked just fine on his s iii, so i took the gamble. i got the sd, immediately reformatted it, which was recommended by a galaxy representative i do this all of the time anyway to get any 34 bloatware 34 off of the card! , plugged it into my phone, and it worked just fine! i would definately recommend this sd card!!']"
169,hasn't failed on me yet knock on wood it functions...it's a memory card. it does what it suppose to do and i haven’t had any problems. nothing interesting to write.,"[""it is a memory card. it works and gets the job done. hasn't failed on me yet knock on wood"", ""it functions...it's a memory card, not sure what else to post. it works great and i haven't had any issues. great price too."", ""hard to rate a memory hard in very many words. this memory card does what it suppose to do and i haven't had any problems."", 'nothing interesting to write. it works just fine and holds a lot of info for such a little card. thanks.', ""works perfectly. nothing else to say as it's just a memory card and it holds the pictures and videos i put on it. i would not say anything, but again, you need 20 word minimum."", ""it works as intended. don't notice the difference from other memory cards. only typing this to meet minimum words required"", 'not much to say, it is a memory card and does the job well. no problems at all with this card']"
170,"the memory card is an excellent condition and work as described. it's fast and compatible good quality perfect perfect holds stuff, and can't tel you much about it. if you need anything further for a review then i am sorry.","['the memory card is an excellent condition and work as described. dependable and easy to use. an excellent choice for the enthusiast who requires more storage.', ""what can i say it's a memory card okay it is fast and compatible good quality perfect perfect perfect perfect"", 'holds stuff, and if you need anything further for a review then i am sorry. if you dont know that this is a memory card and hold stuff then i would recommend checking out something by fisher price.', ""it's a memory card, what can you say? it was a good value, and has held up its end of the deal."", ""it's a memory card. it holds info. 62gigs. can't say more. lower cost would be good, but it works just as it should."", ""it's a memory card. it works. what else do i need to say. i'll be using it in a data logging project soon."", ""it stores data and does a good job at it. what else can you say about something that has become so common place in today's world?"", 'what can you say. it is a memory card and it works. the price was good for the size of card.', ""can't tel you much about it. its a memory card and i can't compare it to other products out there."", ""what can i say, it's a memory card."", ""it's a memory card. you take pics, the card stores them. if this is too complex a concept, ask someone for help..."", 'hard to know what to say exactly about a memory card except that it does what it should at a good price. storage case is sturdy enough.', ""not much to say about the memory card. it's doing its job as expected. bought mainly because it can store a lot information."", 'the last i heard this memory card works great. i gave it as a christmas gift. the person i gave it to says it works great.', 'and does what is says it will. what else can really be said about memory cards?? they either work or not.', ""what can i say, it's a memory card. good price for a nice performing card i'd definitely buy again.""]"
171,read and write speeds seem good and am happy with this card so far. transfers to it are faster than the transfer to the internal storage.,"['i had issues getting other cards to be recognized by the nvidia shield. no issues with this one. read and write speeds seem good and am happy with this card so far.', ""popped this into my nvidia shield for extra storage. it was recognized instantly and was easy to transfer files over.i haven't had it for too long to comment about failures in some of the reviews, but will update accordingly. so far recommended!"", 'popped it in my nvidia shield and it worked instantly. transfers to it are faster than the transfers to the internal storage.', 'i used this sd card on my nvidia shield and works as advertised very quick transfer speeds.']"
172,samsung 64gig card was used to replace the existing transcend microsdhc card in her phone. he found that only a few pieces of my equipment can access it - some older firmware devices don't recognize 64 gb dd. it took me over two hours to copy my photos and music onto the card,"['i was better off with my 32gig card. this thing was nothing but problems. the phone does not see it half the time and it is slow. the phone keeps asking to re format it. i got it to see the card after a reboot. it is still slow.i will be buying the samsung 64gig card for my samsung galaxy note 1. i have seen good things from samsung.', 'i used this to replace the existing transcend microsdhc card in my phone. i find that only a few pieces of my equipment can access it apparently some older firmware devices do not recognize 64 gb sd. one trick i found i was able to format this in my tablet, then move it into my phone. initially, my phone reported it as a corrupt sd. other than that, i have had no issues with it it is reliable and stable, but not lightning fast. it took me over two hours to copy my photos and music onto it.', ""i am using the 64 gb card in a galaxy note ii phone and have had the card working perfectly from march to october. the speeds were fast and it always worked flawlessly.then one day i decided to protect my data prior to going to europe by encryping the card in the phone.the encryption process went properly and took about 3 hours as my card was filled with about 18 gb of mostly image files .however, the phone then slowed down considerably and it took up to 10 second to decrypt the card every time i woke the phone up the screen. needless to say i didn't like that and decided to return the card back to decrypted state. i did the procedure of decrypting it back and when it was done, the card became urneadable. attempting to format it in the phone as well as in the computer with various utilities programs did not help. the card showed those old folders being present despite multiple formats but i could neither access the files nor permanent write to the card. the phone could save pictures to the card while it's powered on but after restaring the phone, the newly taken pictures were gone .i contacted sandisk who graciously exchange the card which now work great again. i give the card 4 stars just because i don't know whether the experienced problem was due to the card or the phone. the sandisk has shown itself to have great customer service and i really appreciate them exchanging the card. i will definitely not encrypt it anymore. when card works, it works super fast and reliably.""]"
173,the 64gb memory card works with the nl1520. it works great! i bought the card in my new sony hdr as15 action camcorder with no problems.,"['this works with the nl1520. no video stuttering like with the 64gb. blah blah blah blah to fill in the rest.', 'i placed the sandisk ultra 32 gb microsdhc c10 uhs1 memory card without the adapter in my samsung hmx w200 camcorder and it works great!', 'i am amazed that i can buy 32 gb of nonvolatile memory for so little! used it in my new sony hdr as15 action camcorder with no problems.', 'i bought this 64gb memory card for my mini camcorder. now i have unlimited picture and video taking capabilities. no more packing extra memory cards for me.', 'best card for an 808 26. gives you 2.5 charge cycles worth of recording without having to dump memory. but ya 32gig is better!']"
174,the microsd card adapter comes with it is in quite good quality too. writing and read files were very fast even on a slow usb 2.0 interface - the card is tight in the adapters!,"[""it reaches read speed of about 24mb s and write speed of about 18mb s at optimal situation.other than the speed, everything is fine. i'd like to say the color is quite a good thing, because microsd could be so small that you put it away for a few seconds it will easily disappear. with the bright read and light grey color, it is much easier to find, because it will not blend into common background.also, the quality looks good, not like some of the microsd cards, this is a unibody design that you cannot tell from appearance that where is the circuits. the sd card adapter come with it is in quite good quality too.in summery, good design, good quality, not too satisfying speed. it will be a judgement call to say if it worth it or not. but to me i can totally go with it."", 'the micro sd card was extremely fast. writing and read files were very fast even on a slow usb 2.0 interface. mechanically, the card is tight in the adapter. needs a screw driver to get it back out of the adapter. tried on another two adapters with the same results, tight fit. if user plan to use this as a normal size sd card, it is an excellent card. if one plan to switch between 34 phone 34 micro sd card and camera normal size sd card , then the tight fit might be a problem. vender service was excellent. shipment was faster than expected. would buy it again even with the tight fit. it was an excellent value for a very fast card camera can shoot burst mode without slowing down to write to card .', ""from what i've seen, this memory seems to have the best stats for transfer speeds and whatnot, but i'll let you do that research on your own, as far as the rest is concerned.pros the packaging was plenty to protect the product.came with the adapter to the full size sd card most of them do, but this is definitely nice the price beat those that i could find locally.cons none really that i can think of.""]"
175,"the sandisk ultra microsdhc card ia actually priced lower than other class 10 cards from pny and polaroid. the card is a great memory card for tablets, and has seen no lag in saving data - but it is an excellent value if you want to use the rapid photo taking modes","[""pay attention to your application and what class your card is! class 4 or unclassed may be cheaper but it may not give you the performance you want. don't be pennywise and poundfoolish... this was purchased to go into one of the newer mk808 version tv streamer dongles and those take class 10. for the price this was a good value.i have been using sandisk xd and sd regular and micro for 8 years now and always found them to be a consistent and high grade storage card. i can recommend this brand."", 'cameras are getting smaller and smaller at the same time their resolution is getting better and better. in order to take full advantage of your pixels, your files get larger and larger ultimately rendering small sized picture cards less handy. most cameras now let you take a mini movie which also eats up space quite quickly.this sandisk card gives you the ability to store considerably more information in a neat small footprint. if you do want to go with this card make sure it is compatible with your equipment. not every camera takes every card so you have to do some due diligence.', ""i don't want to write a review for each of the 8, 16, 32, and 64 gb sandisk microsdhc class 10 cards. they're all 5 stars. they're extremely fast, and as class 10s, have allowed my canon sx50's shutter to speed up because it transfers information so quickly with the camera's very small processor. they also allow a burst mode of 9 13 fps which is amazing for a non dslr.these cards are also very reliable. i've had no read write failures in the two years that i've been using them.the one 34 negative 34 is that they're so small and can be dropped easily when getting them out of the adapter. still, if you've been working with computers since there was a gerbil running the power for your pc, you have to marvel at how anything this small can hold more than 30,000 high def 6 gb photos on a 64 gb card that is smaller than your pinky nail."", ""ok, this won't be a technical review or a rating of measured speeds. it is simply a review from a consumer point of view. i have bought a couple of these microsdxc memory cards for tablets, and have seen no lag in saving data. i also use them for digital cameras, and have been very happy with the record time it's instant. you can get into the mb s on various cards, but usually, the difference is not something that anyone would notice or see. for the price, this is an excellent memory card, and i would highly recommend it."", ""i bought these for my elph 520 more for speed than space. i wanted to use the rapid photo taking modes on the camera and wanted to ensure the sd card was not the limit at all. the uhs 1 cards are supposed to be faster than normal class 10 cards. so far i've had no hiccups or issues taking super high speed video footage and rapid fire images."", ""it's fast. works as described. plenty of space left free now. fast transfer speeds if used with compatible card reader. would recommend.this product features amazon frustration free packaging, which is recyclable. it comes without excess outer packaging materials such as hard plastic clamshell casings, plastic bindings, or wire ties. the packaging is designed to be opened without the use of a box cutter or knife, and it will protect your product just as well as traditional packaging.as of this writing, the sandisk ultra microsdhc card ia actually priced lower than other class 10 cards from pny and polaroid. this makes the sandisk the best value especially if you need honest class 10 performance across all platforms.""]"
176,"gbsbnar bought the microsd card to use as expanded storage in her asus transformer book t100 but it was unstable. the card was able to do a full format on that but when put back into the tablet, the problems continued. it has endured three updates and is subject to everyday life all the time","[""ordered this from amazon and was expecting it to work perfectly like my other 32gb sandisk in my galaxy s4 . however, i was really disappointed that upon placing it in my note 10.1 2014 edition the card become unrecognizable. i tried reformatting on the computer, on the phone, and yet, no prevail. it could be the firmware or current update of android, but the point is that, if other companies can make a card that works, why not do the same? maybe i got a bad batch, who knows...i went ahead and ordered the g.skill microsd card and now it's working perfectly. i'm s"", 'i bought this to use as expanded storage in my asus transformer book t100 but it was unstable and i have had to return it. although the tablet would see the card when it was first inserted there would be errors trying to copy files onto it and then windows would indicate that it needed formatting. if i tried a quick format then everything seemed to be ok but the instability would return as soon as i tried to copy data to the card. if i tried a full format it always failed.i gave it two starts because it seemed to work using the supplied sd adapter in a windows 7 laptop. i was able to do a full format on that but, when i put it back into the tablet, the problems continued. the tablet is compatible with sdxc cards and, when i tried a different micro sd card in the tablet, it worked fine so i assume it was a problem with this card.', ""it appears that the 32gb sandisk ultra micro sd card i purchased from amazon was defective. i installed it in my samsung tablet, but could not successfully transfer files using either a usb cable or wifi. the file transfer would appear to start, but then would slow down and hang completely. it did this on every one of multiple attempts, with different file types, and numbers of files ranging from many to just a single file. i tried loading files onto the card directly from my pc, but then the tablet would not see them. i tried reformatting the card both in my pc and in the tablet, but still got the same result. after a few tries, the tablet would appear to format the card but then tell me that the card was blank unformatted. i did an a b a with an old 8gb sandisk micro sd card that i had laying around. it worked perfectly formating, transferring files, reading and writing files everthing worked. i put the 32gb sandisk ultra card back in the tablet, but had the same problems again. i concluded that the sandisk ultra card was defective and returned it. i'm still using the old 8gb card without a hiccup.the good thing was that amazon's return policy was quick and painless."", 'got this card in early january for my samsung tab2 10.1 tablet. within a couple of weeks, it was loading music files incorrectly onto the card. i did not know what was wrong, but finally thought i would format card again to see if that would correct the problem. card would not quick format or format slowly. as always, amazon is taking care of the problem and i will have replacement card within 24 hours! hope the replacement is more reliable. i am just writing it off as a fluke, as i have never had a problem with a sandisk product in the past.2 14 13 when i called amazon they replaced it to my door within 24 hours! replacement works fine. now that is great service!', ""be sure you've updated your drivers. one of my laptops said this was only 32gb, but i updated the drivers for my card reader and it then showed up as 64gb sdxc.works in acer iconia a700 after formatting as fat32. you can't do that natively in windows, but there are tools out there that work.great item, great price, and arrived three days before anything else i ordered on the same day. great seller."", ""works but there is a trick to it. so i purchase a lenovo yoga 10 tablet and installed the card and it told me the card was damaged, i put the card in my pc and it worked fine, i even reformatted it in the pc, still no luck. called lenovo and they walked me through formatting it again in the pc and still didn't work but there was an option in the android software that is a status screen pull down from the top of the screen and that gave me a choice to let me format it in the tablet and after it completed it i was good to go, it mounted and i downloaded my 318 songs on it and it is working like a charm. only thing i can think of is that android doesn't like the way sandisk formats their cards. i think if everyone knew about this there would be a lot less returns."", ""i have not had many problems with what i have bought over the years, but when i do i will make sure to warn others. i loaded a handful of videos from my pc and then installed this in my android tablet for a trip. corrupted. nothing worked and sometimes it can be seen, other times it doesn't even show up. the tablet wants to format it, which it has never been able to do successfully, and needless to say it is too small to even be a paperweight. the sd adapter that it came with was also junk and upon the first time i went to use it, it simply didn't feel right so i used my trusty lexar micro sd to usb that came with my lexar 32gb micro sd card.i would have expected more and unfortunately as it stands many people have success with them working and equally those that do not. i have even formatted it to see if it made any difference and there was none. and of course my window of return is gone so unless the seller stands behind it it is going in the trash. i knew i should have gone with what i had purchased before as i have three of them working perfectly for over a year. moreover what is even a bigger disappointment is that our camera that uses a standard sd card and it is a no name with no identifying marks has worked for two years without a problem.i do know problems arise, but..... when the cost of a product goes up and up and the quality control goes down i am not going to be the one accepting those terms. if you're looking for a good card, search amazon for this one lsdmi32gbsbnar. this is the lexar and i have thousands of pictures, video clips, and it has even endured three updates to my phone plus i carry my phone everyday so it is subject to everyday life all the time, it has been tough stuff.""]"
177,thesandisk extreme 64 gb microsdxc memory card bulk package is the best dang card i've ever used. the card is a good way to go if your hardware isn't uhs 1 compatible. it's basically like the phone has another hard drive.,"['i keep growing with these things as they grow in capacity and speed. this device, however, stands out above all the others microsd cards i have used. i experienced an incredible and noticeable difference in speed between this and thesandisk 32gb microsdhc memory card bulk package i have used in my phone for the last two years. besides doubling the capacity from 32gb, i am enjoying the benefit of the speed this thing brings with it and adds to my phone. the price was really right for this too. i can only imagine what thesandisk extreme 64 gb microsdxc class 10 uhs i memory card with adapter sdsdqx 064g u46a is like. i was not yet willing to pay the price for it to find out.', ""there are things that i would like to say about the sand disk ultra.it is the best dang sd card i've ever used. all rights so let's be honest i just put this in my phone so that i would have extra storage for photos and videoshowever it is really good because it just sits in my phone and i don't have to do anything about it.seriously i can access everything by just connecting my phone to usb so it is essentially like the phone has another hard drive."", ""i bought this to expand storage in my samsung galaxy reverb. i was getting 8 10 mb s transfer speed while transferring mp3s on my commodity sd card reader kodak brand, 10 15 at any supermarket electronics section . it is worth noting that uhs 1 cards basically revert to class 10 if your hardware isn't uhs 1 compatible.i've been using the card for a month or so and have never had trouble with it no read errors, no mount errors, no bad sectors.i got mine on a black friday sale, so the value was great. do some price shopping if the price is good, you can't go wrong with this if you want a big micro sd card. as usual, sandisk is a good way to go.""]"
178,i bought this card specifically to run cyanogenmod 10 to my old nook color. it's ok to buy it for my sandisk or other quality name brand memory card if you want to use it in one item.,"['i bought this card specifically to run cyanogenmod 10 to my old nook nook color to breathe some life back into the device that i never use anymore. this card works great to run cm10 with the nook thanks to its speed. a quick overclock of the processor via cm10 and the tablet is dare i say 34 peppy 34 . i highly recommend this card for any application where speed is crucial.', ""i purchased this for a cheap android tablet. i figured i'd try a cheap tablet first, and if i decided i wanted to go with an android tablet, i'd get something good later. but either way, the memory card will be used in one item or another, so i wanted to get a good one. like any other sandisk product i've purchased, this card is top notch. comes with the in my opinion, necessary sd card adapter. class 10 speed really makes a difference when you have the card filled with music movies apps."", ""bought it for my tablet. its worth it to pay a couple bucks more for quality instead of trying to seek out the rock bottom priced bargain sometimes. there's a lot of counterfeit cards out there but you don't have to worry about being suckered like that when you buy a sandisk or other quality name brand memory card.""]"
179,"i bought the 16gb microsdhc class 10 card for asus memopad hd 7 tablet. the faster the card is, the quicker the device will the ultra class10 is lightning fast - it can write to memory pictures as fast as you can take them, loading music is almost instantaneous and a 5 minute","['product supplied as described 16gb micro sdhc class 10 card with adapter. i purchased this to use in my samsung galaxy tablet and it works perfectly. it is easy to identify from other micro flash cards you may have because of its red grey color. this is a great memory solution for your stored media for any device!', 'this is the latest version of the microsd cards class 10. i purchased it for asus memopad hd 7 tablet which i use mostly to play movies for my son. since all of our movies are in hd i wanted to ensure i have a fast storage card so movies can play smoothly.this is also very important when taking pictures or videos. the faster the sd card is, the faster the device will process and store the picture and release the camera for the next picture.. with android 4.2 jellybean, google introduced burst picture taking which allow you to long press the shutter and the camera will take several pictures in a row. this is great if you are trying to shoot something in motion. a fast sd card is essential for this feature to work properly.', ""this provides plenty of storage capacity for your tablet and mobile devices i've put this into all my cellphones and android tablets. after twelve months of use, downloading music, videos, apps there is plenty of room left.the class 10 version is also great for phone tablet cameras as well for a stand alone camera yes i still use a digital camera so yesterday . this is a must for hd action video camera recorder as well. the price continues to drop so it is very affordable now unless your device can take the 64gb version i'd go with the higher capacity for video recording devices."", 'never used a micro sd card before, theyre a lot smaller than i thought, smaller than my finger nail. i wrote 150 songs to it from my laptop in about a minute. wrote a 750mb movie in under 3 minutes. glad i bought the class 10 card. the agptek 10 tablet reads from it instantly with no loading. the mobilemate microsd usb reader works well with it', 'i needed some new sd cards for my new tablets. after researching i bought the sandisk ultra 32 gb microsdhc class 10. it is way better than the almost same price sandisk ultra without class10!! the ultra class10 is lightning fast. you can see the difference when you copy large files, you will note that read and write procedures are much faster, whether you use it in camera, smart phone or tablet. the price is also ok. only drawback i noted was that the recognized capacity is not 32gb but 29,71gb in my asus memo pad. other than that i am extremly pleased with this micro sd.', ""i have 2 of these scandisk ultra 32gb class 10 microsdhc cards. one for my acer iconia a100 android tablet and one for my linux laptop to move files around. i've formatted both differently to make them fit best for their hosting operating system and both are working great. no issues and great performance.i can stream 1080p movies from these cards without hiccups.i also used one of these cards in my 1080p camera and had no issue whatsoever keeping up with writing speed.great card."", 'i bought this memory card because of the sandisk reputation and the class 10 speed, i use this for my samsung galaxy tablet, the class 10 speed is really impressive! the memory card can write to memory pictures as fast as you can take them, loading music is almost instantaneous and a 5 minute music video loads in about 4 seconds! i highly recommend this for any tablet or smartphone with expandable memory class 10 speed with sandisk reliability, worth every penny!']"
180,"i bought this to add storage to my 16gb gs4. the transfer speeds are great, the microsd works great with my phone - it gives me the memory he needs to store videos and photos instead of using it from her phone. if you have a samsung galaxy phone you can use this as","['i bought this to add storage to my 16gb gs4, which only ended up having around 10gb on arrival. the transfer speeds are great, i was able to copy my entire music library over in minutes!', 'i have a samsung galaxy s3 phone and the microsd works great with my phone, it gives me the memory that i need to store videos and photos instead of using the memory from my phone']"
181,"8 gb class 10 sandisk microsd card updated. a performance gain with this updated card - if you're looking for an upgrade, it's definitely worth it.","[""i've gotten four of these for both of my nikon d7000's and have had little bit of an issue with the adapter cards being out of spec and sticking in the nikon camera sd slots, and one of my card readers. sure enough, i sanded one down carefully and it fit perfectly.performance wise, these things scream over regular class 10 or class 6 cards and perform nearly excellent. i cant complain other than i wish they were faster, but i'm not getting that for a while at 23 per card."", ""i tested it in several uhs 1 compliant devices and found the write speed at 11 12 mbyte second. sounds fine for a class 10 card but this is not what i was paying for. i don't expect it to run anywhere close to uhs 1 interface speed 104 mb s but it should be close to 30 mb s as the manufacturer advertised. i have a lot more choices if i am only looking for a class 10 card.indeed, microsd cards are usually slower than full size sd card. they use the same flash controller so the reason is really microsd cards use slower nand flash. manufacturers know you are not going to use microsd cards in high speed slrs so they get to sell you lower quality nand at a premium. my advice to you the photography enthusiasts is to buy full size sd cards rather than microsd cards with adaptors.that said, the compatibility is great. it works great with my tablets, pcs, gpss and phones. that is what i like about sandisk. they do thorough compatibility tests before product release."", ""i bought three of these and all three worked upon initial installation with no formatting. using my notebook computer's built in sd card reader, i saw transfer speeds between 6 mb writing and 14 mb reading. this was doing a simple copy past of all files on my old card that i had saved to my computer. these speeds are much slower than the stated maximum by the card manufacturer, but would be expected with over 12,000 small files like my example. the read write times were close to 50 faster than those of my old 8 gb class 10 sandisk micro sd card, so there is definitely a performance gain with this updated card.all things considered, 16 gb of storage on a class 10 card from the leading manufacturer, and at 15 is a steal. i highly recommend this card.""]"
182,gfr204sd usb device couldn't get more than 8 mb s average write speed. the cheaper transcend has average 40 faster write speeds - compared to a class 10 memory card with 1.4 mm sec.,"['it works but the actual r w speeds are 18 8 mb s, not even class 10. it should be marketed as sandisk basic , not sandisk ultra , unless they mean ultra slow. now is 2014 and there is no excuse for such slow card from sandisk. update i have redone the test with notepro 12.2 instead of using non uhs i pc and the latest results are 32 8.6mb s. since the read speed hits 30, i believe the device is dhs i ready. still underwhelmed by the write speed though.', ""couldn't wait to test it when i got home. yes, the capacity is 128gb but shows less due to binary code. i managed to stuff 53 hi def movies on to this. that is just insane. speed is pretty good too. i managed 17mb sec write and 45mb sec read using a usb3.0 reader. this is for files 64kb or bigger. it slows down substantially with smaller files typical for sd cards and thumb drives.great warranty and only a small premium over 2 x 64gb cards.no regrets highly recommended if you can get it at a decent price."", ""i haven't done any formal benchmarks, but the device seems pretty slow. i haven't seen any real performance boost vs. my old card even on bulk file copies. i have another 8gb samsung card that may be a knockoff that performs noticeably better than this card.i'm using it anyway. i don't really have the time to return it or anything."", ""the description on the amazon page calls this a class 10 card with uhs 1 performance. and while technically correct, full hd 1080p recording . you would expect more performance in the sequential write speeds. it actually doesn't even hit the class 10 speed unless you round up 9.951 mb s . i have 2 of these cards and they both report the same speed. my kingston 8gb sdhc class 4 writes at 11.854 mb s. now keep in mind the sandisk beats the other cards in the random reads and writes. so maybe the design for those faster random reads and writes causes the sequential writes to run slower than expected. here is the test for the san disk followed by the kingston crystaldiskmark 3.0.2 c 2007 2013 hiyohiyocrystal dew world ... sandisk ultra 16gb class 10 micro sdhc uhs i speed? mb s 1,000,000 byte s sata 300 300,000,000 byte s sequential read 20.651 mb ssequential write 9.951 mb srandom read 512kb 20.191 mb srandom write 512kb 2.628 mb srandom read 4kb qd 1 3.656 mb s 892.5 iops random write 4kb qd 1 1.665 mb s 406.4 iops random read 4kb qd 32 3.293 mb s 803.9 iops random write 4kb qd 32 1.618 mb s 395.0 iops test 1000 mb f 0.0 0.0 14.8 gb x1 date 2013 03 26 21 28 09os windows 7 home premium edition sp1 6.1 build 7601 x64 crystaldiskmark 3.0.2 x64 c 2007 2013 hiyohiyocrystal dew world ... kingston 8gb sdhc class 4 mb s 1,000,000 byte s sata 300 300,000,000 byte s sequential read 20.287 mb ssequential write 11.854 mb srandom read 512kb 19.925 mb srandom write 512kb 1.728 mb srandom read 4kb qd 1 3.747 mb s 914.7 iops random write 4kb qd 1 0.017 mb s 4.2 iops random read 4kb qd 32 3.684 mb s 899.5 iops random write 4kb qd 32 0.017 mb s 4.3 iops test 1000 mb f 53.3 4047.8 7592.0 mb x1 date 2013 03 27 10 48 56os windows 7 home premium edition sp1 6.1 build 7601 x64"", ""the advertisement calls this card a class 10 card however i was not able to get class 10 speeds with this card. sd cards seem to be much faster at read write then microsd cards. i get about 10mb s write speed when copying a file to my sd card through my phone usb cable. i get the same transfer rate when in an adapter. these small memory cards seem to be very limited on their write speed. also, this card did heat up some when transferring to it for a long period of time continuously but not too bad...just warm. the read speeds seem to cap out at about 18mb s but i did see 25mb s on small files. one thing to note, and this may be by design for this particular card but, this card is super fast when transferring small files but slow at big files so you'll see slower write speeds the longer you write to it with larger files whereas smaller files zip along one at a time at that 10mb s. i was getting 8.6mb s when writing a 4.6gb movie file to this card. all in all, this is an excellent card and beyond worth the money for what you get. i love it for my evo 4g lte and my previous phone the evo 4g. the only reason i gave it 4 stars is because it did not perform as advertised at 30mb s. however, if you are thinking of getting this memory card for an android phone and don't want to pay big bucks, this is your card. stop reading and buy it, i'm glad i did."", ""i was working with a three of these cards using the included adapter, and thought they were slower than they should be. i just bought a full size sandisk ultra 16gb class 10 all the same specs except size theoretically for a different project, and it writes over twice as fast on the same computer! the write speed on this card is between 7 and 10 mb s, the read seems to be 35mb s, compared to the full size card with write speed of 22 to 25mb s and a read speed of 42mb s this is from an imaging program, not a benchmark program, so it's not checking different sizes of transfer and the like . compare that with a transcend 4 gb class 4 card, the write speed is nearly identical 7 to 9mb s , while the read speed on the class four is 12 to 13mb s, significantly slower, as expected.the read speed is good, but the write speed is abysmal! if it says class 10 , it should be somewhat close to the class 10 spec.i'm returning them."", 'i would not recommend this card if your looking for real class 10 write speeds. the most i could get is 9mb s from this card but for the most part it was about 7 8mb s. i even did a slow format to exfat in windows 7 with no improvements. i copied over music, pics and movies to test it out ranging from a couple of mb to over a gb. the read speeds were pretty good at around 21mb s though. i popped in a 32gb class 10 transcend sd card and it consistently got 16 18mb s write speeds and 24mb s read speeds. so in conclusion i think this card is not really a class 10. too bad i read all the negative 1 star reviews after the fact but i will be sending this one back.', ""of late, sandisk appears to have lost their way a little with their flash storage products. it's almost a universal truth that all of their usb flash drives are hopelessly slow while they're usually reliable, transfer rates of 4mb sec or less are worthless when filling a 32gb drive. fortunately, their ultra line of sd cards still appears to buck this trend.formatted as ntfs and used in anelago mobile nano ii reader, i see write speeds on a 64 bit linux machine at a consistent 15 16mb sec when copying large 1gb or larger files to this card, which more than lives up to its class 10 billing. reads appear to run at about 19 20mb sec.i can't comment on reliability as i've only had the card a few days, but everything i've copied so far for testing has made it onto the card and off again with no corruption whatsoever the md5 checksum of every file i've transferred matches the source. that's more than can be said for the supertalent pico usb drive that this sd card and reader are intended to replace, which has never been quite right it's always occasionally randomly corrupted files of larger than 100mb or so, and the probability of 1gb or greater files surviving was near zero .32gb appears to be the sweet spot at the moment smaller cards don't cost that much less, and larger cards are beyond the sdhc spec and into sdxc territory, which isn't yet universal in terms of device compatibility not to mention they cost far more than double for 64gb .for what i paid for this around thanksgiving not part of any explicit sale, but definitely a lower price than appears usual as far as camelcamelcamel is concerned i'm extremely satisfied.edit i should also mention that the included mechanical full size sd adaptor is one of the worst i've ever encountered. there's a lot of friction when the microsd card is inserted, and it's a right bugger to get it out of the adaptor again. thankfully i have a few other such adaptors lying around should i ever need one this one's going in the bin."", 'this is called 34 class 10 34 , so i ordered it, figuring it would have useable speed. i plugged it in to copy about 9gb of program installation files. i was totally dumbfounded that it took about 3 hours to copy those files onto this 34 ultra 34 34 class 10 34 sdxc card. 9gb on my super slow, super cheap plastic school kid usb thumb drive takes less than 10 minutes. so then i tested it on various known computers with typical raw and jpg picture files. read speeds ranged from 15 25mb s, while write speeds ranged from 4 8mb sec for big files, and below 1mb sec for small files. this is what i would call largely unusable. very disappointing.', 'although amazon claim it is a c10 ultra fast memory card, it actually has much slower write speed than other c10 microsd card it only scores about 60 of the normal speed . for example, i have tested it against my old maxell c10 hc microsd card. the test was done by writing the same 3035mb random data from dram to empty microsd card through a usb3 card reader. the resulting time was the average value from 3 tests of each device sandisk ultra 32gb c10 uhs1 5m50.816s means 8.7mb smaxell c10 hc 3m38.787s means 13.9mb sthe speed is completely unacceptable for a class 10 claim 13 lower than 10mb s, the lowest boundary of class 10 device , even the over advertisement of sd card speeds are common claiming 30mb s for actual 12 15mb s . it is almost a scam. some class 6 card will beat this class 10 card.', 'with a usb 3.0 card reader, crystaldiskmark shows blazing fast 47mb s read but disappointingly slow 13mb s write speed. so you can pretty much forget about reliable 1080p video recording.update it is correct that write speed great than 10mb s is enough for 1080p recording. i need to clarify that the card is very slow when uhs 1 is not enabled. the read write speeds drop to 13.3 7.9 mb s. for devices that are a few years old such as canon t2i which does not support uhs, 1080p recording may not be reliable. this card is classified as class 10, it should support sustained write speed of at least 10mb s without uhs. it fails my test, as observed by other reviewers as well.', 'both of these items arrived on time and tested out at 9.8mb s write and 19.8 mb s read using h2testw.exe. 500 mb file size . i would have given them 5 stars if the write speed was just a bit faster.', 'in real life use copying compressed files to and from the card it clocks in at barely over half the advertised speeds about 16mb s read and about 7.5mb s write, as averaged between testing on several sd slots some usb connected, some pcie connected on several computers, plus a just released smartphone. very unimpressed by the 34 up to 34 marketing of sd card vendors and makers.the actual raw size is also about 59.5gb, which i find fascinating for a flash device, which is only ever manufactured with powers of two components. 1kb 1,024b', ""i bought two of these at different times. both of them had the retail packaging with the android on them and the model number matched the packaging.the first one was 32gb. i tested this out with dd on my built in sd card reader on my mbp and on a gfr204sd usb device and couldn't get more than 8 mb s average write speed. would bounce up and down between 6 and 10. the class speed is supposed to be the minimum, not the maximum. r w off the hdd was above 20, so that wasn't the bottleneck. neither is uhs compliant, but i should at least be able to get the class 10 rating out of this. read 30 mb s is pretty accurate.the second one 64gb i tested by just watching activity monitor to see if it was in the ballpark. bounced between 8 and 10 copying from a hard drive or a ram disk. sounds like probably class 10. read speed to ram disk was about 24 mb s."", ""i will start by saying i do not really understand the whole 34 class 34 rating system of these cards. this is described as class 10, which to my minor research, is pretty fast at uploading and downloading data. and it seems to me to work just fine. didn't take very long to upload some hd movies i had on my computer that i wanted on my phone. my thought with buying this was simply this.... why short change myself? ill just buy the biggest capacity and the alleged 'fastest' and by happy. and i am."", 'used the h2testw software to check the read write speed and got write 9.8mb s and read 16.6mb s. i have no complains.or, should i have no complains?warning only 1000 of 15185 mbyte tested.test finished without errors.you can now delete the test files .h2w or verify them again.writing speed 8.98 mbyte sreading speed 16.4 mbyte sh2testw v1.4compared to the 4x cardwarning only 1000 of 14737 mbyte tested.test finished without errors.you can now delete the test files .h2w or verify them again.writing speed 4.39 mbyte sreading speed 16.4 mbyte sh2testw v1.4', ""i have tested dozens of sdhc and micro sdhc cards. one disturbing trend i noticed is that the speed class rating for micro sdhc is typically inflated. for example, a 'class 10' rating means the card must deliver a sequential write speed of at least 10mb s. but somehow, a class 10 microsdhc cards is always slower than a class 10 sdhc card from the same manufacturer. case in point thepny 32 gb microsdhc card p sdu32g10 efs2 claims to be 'class 10', yet it can only write at 8.6mb s maximum, while the full sizepny p sdhc16g10achieved 13.4mb s according to crystaldiskmark v3.01.thissandisk ultra 32 gb microsdhc class 10 uhs 1 card sdsdqua 032g u46a , however, proves to be the exception. it achieved a sequential write speed of over 10mb s according to two different benchmark programs 11.8mb s in crystaldiskmark , 10.6mb s in h2testw v1.4 . this is faster than all my other microsdhc cards, including two 'class 10' cards frompnyandpolaroid.a closer look at the file transfer speed using flash memory toolkit revealed another nice surprise for writing small files, this sandisk ultra microsdhc card performed just as well as its full size counterpart, thesandisk ultra sdhc sdsdu 032g affp . in contrast, all my other class 10 microsdhc cards perform poorly while writing smaller files. see the benchmark results i uploaded to 'customer images' for details.when you use a memory card in a digital camera to record hd video, it needs to store a huge video file each session. that means its sequential write speed is most critical. when used in a tablet or a smart phone, however, the card's random write speed for small files is more important. that's why in such applications, the sandisk microsdhc will perform faster than the pny and polaroid cards, even though they are also rated as 'class 10'. bottom line as of this writing, the sandisk ultra microsdhc card ia actually priced lower than other class 10 cards from pny and polaroid. this makes the sandisk the best value especially if you need honest class 10 performance across all platforms. side notes do not confuse this sandisk ultra card withsandisk mobile ultra microsdhc sdsdqy 032g u46a . the latter is rated for class 6 only. the size of this '32gb' card is 29.7gb according to my computer. this is actually normal because computer people count one gig as 2 to the power 30 , which is 7.3 larger than one billion. so 29.7gb translates to 31.9 billion bytes, which is '32gb' according to marketing people. update on feb 4, 2013 1. amazon combined the sandisk ultra 32gb and 64gb cards on the same product page. please beware that your intended appliance must be compatible with 'sdxc' in order to used the 64gb version. my original review refers to the 32gb 'sdhc' version.2. there are two part numbers for the same card. if you start from the amazon product page and select 'retail packaging', you'll see the part number of sdsdqua 032g u46a. but if you click on 'frustration free package', the part number changes to sdsdqu 032g affp a. update on oct 5, 2013 the sandisk microsdhc card works great in my new samsung galaxy s3, without the need for reformat the default format is fat32 update on dec 26, 2013 my old test results were limited by the card reader and usb 2.0 port used. i re tested the sandisk uhs1 micro card using thetranscend rdf5 card readerconnected to an usb 3.0 port. here are the results from 'crystaldiskmark 3.01 x64' sequential read speed 40.0mb s was 34.8mb s when connected to usb 2.0 port sequential write speed 13.1mb s was 12.6mb s when connected to usb 2.0 port"", ""i would give these a 5th star if the memory had consistent read write times per card.i'm not saying they aren't fast, but they all should stay within the rated speed they've been tested for, especially when in a usb 3.0 card reader! after they have been used several times their speed decreases to below the threshold, of the standard set for these chips."", ""this ultra high speed card is about half the speed of the class 4 card i was using. 10mb s read and 6mb s write is more than a little below where a device with this rating should perform. i could believe if it was the same speed as my old card, maybe my brand new samsung galaxy tab 2 7 doesn't have a uhs1 rated port, but to be half the speed of my class 4 card, this uhs1 thing clearly is penciled on by marketing monkeys and sold without any testing or quality control. i wish i knew how to rate with 0 stars."", ""its going back because it doesn't meet spec.tested with h2testw, write speed is only 9.69 mb s. read speed is good at 18.80 mb s. although sandisk claims up to 30mb s meanwhile, a class 10 32gb transcend sd card i have writes at 15.30 and reads at 18.20.i also have a few class 6 4gb sandisk microsd cards writing at 15.40 and 15.50. reading speed is 18.40 and 18.30.i also have a class 4 kingston card that beats this class 10 sandisk."", ""the description is quite confusing it says at same time class 10, which means that you should not expect write speed higher than 10mb sec, and at the same time, it says uhs 1, which means 30mb sec write speed. the truth, as usually, is somewhere in the middle, but close to lower end. i have a dedicated, high speed pci e cardreader, which i use for chip benchmarking. so, this card showed 12mb sec sequental write speed and 34mb sec sequental read speed. so, uhs 1 is true only for read operations, meaning that if you wanted this card to speed up your digital camera speed photography you've made the wrong choice. just for reference, this cardtranscend 16 gb class 10 microsdhc flash memory card ts16gusdhc10has sequental write speed of 17mb sec and sequental read speed of 24mb sec. as you see, the cheaper transcend has average 40 faster write speeds!"", ""while the class 10 speed is excellent it's amazing when files will initially transfer at 200mb s before settling down to 19 , you do need to use a reader with proper sdxc support, and manually format the card in a good partitioning program, like minitools or easeus. that alone should disqualify it from 5 stars, for lack of user friendliness. but if it weren't for that, the fast, roomy card is a wonder to own."", ""first of all i am not sure if the product i received is a class 10 memory card. the reason why i say this is that the maximum write speed i get on my windows 8 system is 1.4 mb sec. also i have issues with my system recognizing the card and i do frequently receive 'disk cannot be formatted' error.i am totally dissatisfied with this product considering the fact that i have a brand new laptop, do not recommend sandisk please check other brands."", 'used for a digital camera card.read speeds tested acceptable on a laptop using the adapter 11mb s write speeds were atrocious reading 1mb s to 512kb s.the write speeds are not good for a card that needs to write files such as pictures or hd video.i have taken a few photos and tested the video, perhaps the camera is capable of using this card at a better rated speed than the laptop and adapter', 'there is a speed penalty if exfat is used as oppose to ntfs.using atto and formatted as exfat read speed 45mbswrite speed 15mbsusing atto and formatted as ntfs read speed 45mbswrite speed 17mbswith exfat, the write speed actually fluctuates as the transfer size increases. but using ntfs, the speed are consistent.tested on lenovo t530 using built in sd card reader.']"
183,"gs3's have had this memory card for the past few months without any issues. but it has been working perfectly since october 2012, he says 'i don't have any read write problems due to overheating with the card installed in samsung cell phone'","[""i'm using this sd card in my samsung galaxy s3 instead of another one i bought with the same manufacture sandisk 32 gb mobile microsdhc flash memory card sdsdq 032g affp http www.amazon.com gp product b007kfxide ref oh details o04 s00 i02?ie utf8 1 .it's working perfectly since october 2012."", ""i do not know if the gs3's have issues with reading cards of this size but i eventually had to remove this card and purchase a transcend 8gb class 10 card just to check if it was my phone that was the problem. when i got it i opened the packet, and popped it right in. recognized, was able to start using, taking shots and video and they immediately saved to the card without the hangup my old class 2 card used to have. after a couple of days i noticed that i would take a shot and the phone would give me an error that it could not save to the sd card. you would have to reboot to fix. when scrolling through the gallery on the sd card it would freeze and the app would crash. i moved what i could, formatted the card but the same thing kept happening.since installing the new transcend 8gb card i've had no such issues. maybe its just my phone but i think there have been enough complaints from gs3 owners to be a little skeptical about this card on their phones."", ""i've had this memory card in my s3 for the past few months without any issues. the only problem i've had with this was when i initially copied the 30gb of data from my old card to this card. i had this connected to my laptop using a microsd usb adapter and the copies kept failing. i figured out that the card was overheating when writing a lot of data. i was able to copy the data by pointing a small desk fan towards the card adapter during the file copy process. that being said, i don't have any read write problems due to overheating with the card installed in my phone. i've copied over a couple of gigs of movies to watch on some trips with the card installed in the phone without any failures. it may be that heat issue only occurs after pushing 62 3gb of data at a time. the largest movie i copied to the phone was 2gb. most of the other movies are just over a gig.the only prep work for use in my phone was the initial format when it was first installed. the card was recognized prior to the formatting but i had seen where others had read write issues so the format was a preemptive move."", 'using this in my samsung g3 cell phone as a memory card and expansion. it works ok for now, allthough not the card but the phone itself does have a slight issue with reading massive sd cards at this high compacity. i hope that samsung will release a software or firmware update to resolve the issue with reading the card on boot up of the phone sometimes. i have found that simply restarting the phone usually resolves the issue with reading the card. or any other error messages. overall minus the slight issues it works great.']"
184,the phone shows total space on the card as 59.45gb. sandisk is affordable and works well!,"[""simply put the card works well in my note 3, gives me the extra space needed and to date has worked flawlessly. i upgraded from a 64gb sandisk to the 128gb with no issues. plenty of space available now in my phone and i can keep movies and music local. some people have scoffed online about using such a large card but the reality of it is that you don't always have data service and when that time comes, such as when you're on a plane, its nice to have access to some movies and music that you've kept on local storage.so far its worked in my note 3 and sg4."", ""just got this 128gb micro sd card and put it in my samsung note 3, replacing a 64gb sandisk card before. the storage under settings show 119gb free space! it was as easy as 1 2 3.testing it using sd card reader on my laptop, i get around 45mb s read, and close to 30mbs write. that's above the advertised throughput.so far i populated around 100gb of video files, and after a week of 3 4 hours of playing videos from the sd card, there has been absolutely no glitches, no hanging, and no errors!"", ""i bought this card for my new samsung galaxy note 3, didn't have to do anything but put the card in the phone, no formatting needed. transferred all of my pictures and a few videos along with about 15 gb of music everything loaded very quickly and i still have a ton of memory left to store whatever i want or need to. bought this on amazon at a much better price than i could find anywhere else. i ordered this with amazons frustration free packaging, just pull the tab on the package and the card is in your hand in less than ten seconds. recommend for anyone who wants a fast card and a lot of memory."", ""i bought this memory card for my new samsung galaxy note 3 from t mobile, and it works perfectly. turn off the phone, take off the back cover, insert the card, and reassemble. simple as that, and when i turned the phone on and checked storage, there was the external microsd card. the phone shows total space on the card as 59.45gb, but i think that's a function of the phone using some space for its housekeeping and not a shortcoming of the card itself.like the title indicates, no hassles with this memory card. it just does what it's supposed to do."", 'i ordered this card for my samsung note 3. i had to properly format it for my phone which was easy. i transferred all of my pictures and music from my old card and it works like a charm. i picked this card as it is the max the phone allows. this card was a very good price and i got it next day during the christmas rush even though i used my free 2 days shipping.i would buy another if i had another device to use it in.i would buy again!as usual, sandisk is affordable and works well!']"
185,sandisk is the best manufacturer for usb and microsd cards. the brand has never let me down and is well built.,"[""as usual sandisk is the best manufacturer for usb and micro sd cards. i'm using this one for my gopro hero 3 black edition and it works really good. i also compared the specs with other micro sd brands and saw that this one is the best among other micro sd cards"", ""great card, great price...can't really beat sandisk. the brand has never let me down and is well built. i use this on a mobius action camera and it works wonders. it also has worked well on my gopro hero3 silver.""]"
186,"sd card is the greatest item ever, she is rating this product as follows. would it have been the same product if she bought this at the retail store?","[""i ordered this memory card because, obviously i needed more space on my phone. one of the reasons why i prefer android to apple products is it is way easier to upgrade storage space with android. my memory card arrived when i expected it to and now i have more than enough space on my galaxy s4....... i once gave this product a five star and everything before this sentence is the review from when i was satisfied with it. but now i'm having problems. i can't delete stuff of of the sd card. i tried formatting it on both my phone and my computer but nothing well delete so now i'm giving it a two star."", ""first of all i am not rating this product as a 5 star like it the greatest item ever, i am rating this product as follows, would it have been the same product if i bought this at the retail store, was it worth the money saved to buy it online, and am i happy with the product i got in the mail. if all those are a yes for me then i will give it 5 stars. i am not just rating it 5 stars cause its the best product of its class, that is for each person to decide. i will also be updating the reviews as i see fit if i decover something in the future. thank you for taking the time to read my review.i have has a sandisk sd card for 2 years with my phone and it has lasted through the tough times and high heat. i bought this to add movies to my daugther's galaxy note 2 10.1 tablet, no changes are needed to format it just plug and play. buy this product with any of the new samsung tablets or note 2 and it will just work""]"
187,sandisk ultra 16 gb microsdhc class work the best in my dashcams. it works perfectly in cameras mounted on an offroad race car - the card that solved the problem was the cheap wrong type d card!,"['bought this for use in my dash camera upgrade.working very well and faster than the 4 gb card that came with the camera. also will work in my other digital cameras.', 'i got this item for my dash cam which is in my convertible. the dash cam is recording at all times when i am driving my car so i needed a lot of memory. this card does the job for me and this brand name is fantastic, no problems, and works as it ought to!', ""i bought this memory card for my dashcam and it works perfectly. i have no problems with it's write speed or resolution of video. you can trust sandisk for a quality product as i have many in use and have had no failures yet."", 'i use this for a dash mounted camera for my company car. it is constantly recording and erasing old videos when the card is full. it has been used for nearly 2 years, including cold winters and hot summers, and has never messed up.', ""i bought this memory card to use in my dash cam, and i'm very happy with how it turned out.it does what it's supposed to and that's it. no complaints."", 'good with low pricethankssandisk ulttra i used it for my dash cam. and its works. i can record unto 32g but as user i regularly formatting 1or 2 times amonths to keep memory in a good conditionthanks', 'i purchased this as a recommendation to use with a ls300w dashcam. like most dashcams, there is constant high definition writing to the sd card because of needed looping. this works as expected. reliable and fast.', ""can't go wrong with this item. have purchased none other than sandisk for use with my dash camera."", ""it works great i'm using it for my car dash cam and i purchased 3 different cards and this is the only one that was actually fast enough for it to read and write."", 'the card arrived promptly and has worked flawlessly in a dashcam. would recommend purchase to others if they need this kind of card.', 'works just fine in my video camera in the car. and i saved over 15 bucks over best buy which always tries to rip you off .', ""this card works very well with my dashcam so far and i have no reason to expect it won't continue to do so."", 'purchased to use in a dash cam system. works perfectly. no skips or corruption of files on the recorder. highly reccomended.', 'sandisk ultra 16 gb microsdhc class work the best in my dash cams... i bought a mobile micro sd reader to use to read the small cards and it too work great ..', 'i have used this to store recorded video information from a dash camera. i have had no problems so far.', 'works great with my dash cam. 32gb for 20? yeah i would say this is a win! works in my phone and digital camera as well.', 'these cards have worked flawlessly in cameras mounted on an offroad race car. they capture hd video without stutter. i highly recommend them for this purpose.', 'i have come to trust the sandisk brand for file storage and was not disappointed with this card. it has held up to months of constant file writing and re writing with use in a dash cam that loop records. i recommend this card to anyone.', 'i am very pleased with this memory card, i use it in a dash cam in my car. the quality of videos turn out great and i have no compatibility issues with any equipment i may use for playback.', '... got this to use in the cobra dashcam. the cam came with a card but it was very small and seemed to have one or two glitches on playback.the sandisk card is big, no glitches, and is a great price! ... mark', ""using this for a dash camera we purchased for the car. it's doing the job recording the audio and video just fine."", 'got this to go with my little e prance dash cam. had to reformat it to work with camera, but works fine now. cost half as much as camera.', 'the ability of something so small to hold so much information is somewhat overwhelming but true.i use this one in my dod dashcam and it works great. highly recommend to all.', ""does it's expected job. i use it in a dash cam video in my car and the quality is perfect."", 'this is the card that solved the problem with three dash cams that would not operate properly, the problem was the cheap wrong type sd card, use this card and it works!!!', 'i use mine inside a dash camera which records continuously while the car is being driven. no problems so far. having the sd adapter included is nice.', 'works great with both models of dashcam i purchased.the blackvue dr400g hd and dr500gw hd.32gb works wonders for a constantly on dash cam,', 'purchased for use in a dash camera. have been using for 2.5 months now without any issues. not sure what else to say about it, hopefully i get a couple years worth of use out of it.', 'it has worked perfectly for last few weeks. i am using it in a garmin dash cam system. it has replaced the original 4gig chip originally supplied with the unit. i have been using sandisk chips for over ten years with absolutely no issues. this is top of the food chain for sd micro chips.', 'i used this on my dashcam that records 720p continuous for 12 hours without fail. also used this on my zoom h1.']"
188,"both cards run very hot after copying over 4gb of files. both have been reliable with only a few issues of reading them, both times in the thumb drive adapter, so that may have be at fault and not the card itself.","[""my card got so hot it almost melted. crazy! but you card somewhere else, i know i wii! i'm not taking the chance of ruining one of my devices. no thanks"", ""if your card gets hot enough to be painful, it is defective and you need to contact sandisk!from my experience, the larger micro sds run hot on format and writing, but not to the pain threshold!i purchased one of these cards to use in a camera and android tablet. great read speed but write speed was okay. used card for about two weeks and then all my files disappeared! tried to format the card and three different computers with xp, windows, and linux couldn't format it. the camera and tablet couldn't format it. i rma'd it and got another because sandisk is a good brand. i did notice that when formatting or writing the card it got hot, very hot.second card didn't last 24 hours and had the exact same symptoms as the first card. write a file or format it resulted in the card getting hot enough to reach the pain threshold. i called up sandisk and while explaining this was the second card i'd received with the exact same symptoms, when i mentioned it getting hot, they immediately issued me an rma. they said they were told to issue an rma the moment they heard a card ran hot.smaller sandisk micro sd's or regular sd's i have or use don't do this. i think sandisk has an issue with this card.the last 4 digits of the part number refer to the date code and origin of the card. both cards had different date and origin codes."", ""yeah. ultra hot. i could not get any of my devices to recognize this card. when i finally was, using a usd reader, i tried to format it. it wouldn't format and burned my fingers when i removed it. others have also posted this. maybe they are not all bad, but many are. perhaps they are counterfeit, i don't know. but the hassle of having to return it isn't worth the 10 you may save."", 'i purchased 2 of these, 1 for my htc incredible phone and the other for use in a key chain storage device. both of these cards run very very hot. after copying over 4gb of files, it was almost scalding to the touch. but both have been reliable with only a few issues of reading them, both times in the thumb drive adapter, so that may have been at fault and not the card itself.']"
189,sd card adapter came in handy and we were able to use the card in my father's nikon d3200. it has also been used in a small digital camera with the camera’s proprietary adaptor.,"[""i got this to use in my mother's digital camcorder. it offered good value and with the adapter it insures that the card can be used anywhere. my mom was very happy with the extra capacity this card provided her to film my niece and nephew."", ""the sd card adapter came in handy and we were able to use the card in my father in law's nikon d3200."", ""excellent card that i use primarily in my carcam. has also been used, and been compatible, in a small digital camera with the camera's proprietary adaptor.""]"
190,"the card let's you take hd video straight onto it. great for cameras, the pictures take nothing to record and the next shot is quick and easy. it will hold a lot of stills and videos with sdhc.","[""i am not using it to shoot continuous hd video or anything, i just wanted a fast one so it wouldn't take so long to copy movies and large files onto it. it works very well for a great price."", 'so far have not had any problems with the card. our movies have been great. beautiful color. very clear and bright pictures.', ""this cards holds everything i can think to out on it. i have barely filled it up. it works fast, there is no lag when accessing it. the card let's you take hd video straight onto it."", 'this sdhc is fast. great for cameras, the pictures take nothing to record and the next shot is quick and easy. i use it with raspberry pi, that needs fast media. works perfectly.', 'perfect for hd video production. this will hold a lot of stills and videos with a reasonable write speed no complaints...', 'works fine for recording hd video. copying movies off is fast.', ""awesome, just awesome. great speed also. i use this in a nikon dslr, taking 24mp pictures, and this thing rips though them like nothing. i haven't had any heat issues at all or data loss."", 'i use it for hd video recording, it work very well, no frame lost since i use this card. i have no measured the actual transfer rate, but it looks to be very fast when reading the movies from the sd, and i have no frame lost since i use this card.', ""good fast and reliable sdhc for the price can't beat it! been using this for video and photos no issues at all.""]"
191,"60d camera works great, no delay in photograph shots and no visible lag effects with video. will re purchase. this is an excellent product. the'set it and forget it' item. solid performance without issues.","['i purchased this to use in my samsung camera and it works great. i take picture and videos with the camera with no issues.', ""bought this for my new samsung digital camera. no complaints. it does what it's supposed to do, and i haven't noticed any problems with quality."", 'i bought this for my canon dslr. it works great, no delay in photograph shots. also, no visible lag effects with video. will re purchase.', 'i used it on my sony as15. been using it for almost a month now and i have yet to encounter any problem', ""i've been using this in my sony tsx300 camera and have had no problems with quality, speed or function. s far it works great. much cheaper here than at best buy"", 'i use this on my galaxy s3 and sony action cam, and it works perfectly, never had any issues with it and i find that for any action cam this is a pretty solid sorage ammount.', ""this is an excellent product. i have no complaints or issues with the card. it's the perfect size for my cameras."", 'only works with cameras having a remote screw. works well with fuji x2. red even makes it just fine but would like black.', 'using card in a sony action cam, records perfect, very happy with card and adapter. no problems. reads and writes good', ""i purchased this product specifically to utilize it for my sony action cam's. the sandisk product works well with it. i have and not problems whatsoever. i would recommend this product for use with the sony action cam or any camera requiring a micro sdhc card."", ""this is a 'set it and forget it' item. solid performance without issues. i forgot it is still in my sony camera, love it"", 'this card has met my every expectation. i use it for still pictures and video streaming in my samsung camera, and thus far no problems at all.', 'bought this and have tested in my canon sx260. videos record quick and replay without any loss.placed in my samsung galaxy tab and works great!nothing bad to report about this sdhc module.', ""bought this for use in my canon 60d camera. works great with no lag. haven't had a problem with it."", 'bought this to use in my canon elph 520hs digital camera. works fine right out of the box. i probably did not need this much capacity, but why worry?', ""i don't really know what to say accept that it does the job i use it with my sony action cam and so far so good""]"
192,the microsdhc card is working great with no problems. it's fast enough to rely your data on any mobile device.,"[""i've used this card for about 3 months now and have not had a bit of trouble. i notice to delay while the phone writes to the memory after taking pictures or shooting full hd video."", ""i got this card for my phone. i was expecting a significant increase in speed. i have not really noticed any great speed improvements. the card is working great with no problems. just get a slower card for your phone, you won't notice the difference."", ""i'm using this card in a phone and so far i have no complaints. access to the card by the camera and other applications seems fast enough."", ""no complaints about this card. it's much faster than what came with my android devices and of course the capacity is nice. i have not experienced any issues indicating any defect."", ""no problems yet, works fine in htc sensation, it seems kinda slow but i'm thinking it's a problem with my phone interface not the card itself"", ""this microsdhc card makes its job pretty well. it is fast enough to rely your data on any mobile device. haven't had any complaints so far."", 'i cannot rate performance because of what i am using it for files on an android . it can keep up with the modest requirements of this device. inserted chip, worked as expected. no formatting, and no issues after a couple months use.']"
193,"i bought this card while it was one sale for 35. it is an sdxc class 10 card, but it took over 8 hours to write a card. the sale is over, of course, and the price was great.","[""i use this memory card in a lenovo thinkpad twist. it uses a pcie realtek memory card reader, which i fine tuned by bypassing lenovo's drivers and use the latest reference ones from realtek directly.in short, i care about bottlenecks that things like a usb card reader adds.i run apps and thousands of files from this card, streaming atop bitlocker to go in windows 8. already i've poured multiples of the 32 gb capacity in reads and writes to this fingernail sized drive, and it has kept going.an unbelievable deal, as i'm normally pretty cheap on these things... but i'm glad i was able to get the best for cheap... for once."", ""bought it while it was one sale for 35.... i love itit has given my surface some wiggle room.don't expect the read and write speed to be super fast. most likely you computer doesn't support the current protocol to transfer at the max speed.overall quality you expect from sandisk though i think the price of this can come down bit more, now that the market is slowly moving away from microsd expansion aside from samsung"", ""the price was great. since this is an sdxc class 10 card,i expected pretty decent write speeds. i copied about 30gb of data from my computer hd to this card and it took over 8 hours.of course, since that was a one time thing, i didn't really mind. it works great in my microsoft surface pro. i just cannot believe that i could find a 64gb micro sdxc card for under 50. the sale is over, of course, and i've not been able to find them this cheap since.i would buy another one if it were comparably priced."", ""high speed class 10 memory works great in my new microsoft surface rt saved my over 80 for an addition 32gb from ms . all of my work for the past decade fits into 32gbs. at 19, it costs less than any other class 10 card in other words, it's the fastest at this price . it's plenty fast for me. but, as reviewer nlee points out, it is very easy to confuse this with much slower class 6 cards so be careful as you compare . this card worked as soon as i plugged it in with no problems. highly recommended. now, some test the transend microsd as faster see first commend for one url , but performance is more likely limited by your reader. sandisk is the most popular for good reasons 1 selling microsdhc card at amazon . now, this also means it is the most popular to counterfeit the likely source of most poor experiences recent sources estimate that millions have been purchased just on ebay and others have confirmed getting fakes through amazon vendors . this comes with a sdhc adapter.some more expensive cards you may want to consider reliability and compatibility issues with others transcend information ts32gusdc10 32gb micro sdhc10 flash memory no box or adapter without adapter samsung 32gb high speed microsdhc memory card with sd adapter with adapter other items i also got for my ms surface rt belkin usb 2.0 4 port ultra mini hubfosmon hdmi to micro hdmi cable 6 feet hde wireless usb presentation remote clicker penvg hydei edition black nylon protective carrying bag with removable shoulder strap for microsoft surface windows rt 10.6 inch cleartype hd display tablet 32gb 64gb plugable usb 2.0 to 10 100 fast ethernet lan wired network adapter for macbook air, chromebook, windows, wii, wii u, linux, and specific android tablets asix ax88772 chipset gogroove dynamix noise isolating earbuds w microphone for google nexus 7 samsung galaxy note 10.1 asus transformer coby kyros kindle fire microsoft surface ipad more incl. cleaning kit""]"
194,"i bought 2 128gb micro sd cards, one for my nokia lumia 1520, and another for a surface pro 2. the card is often on amazon's lightning deals and this is the second one on my laptop - it just stays in there in lieu of an e-book drive.","[""i purchased 2 128gb sd cards, one for my nokia lumia 1520, and another for my surface pro 2, both devices took the card without any issues.as for read write speeds, i am sure there are better options, but this is the only 128gb micro sd card available right now, and sandisk did an amazing job with the product.and currently at 119.99 for how long, i am not sure , it's a great deal, considering a lot of the good sd cards are in the 140 range still.no issues with either card unmounting itself, put them in, transfer files, and you're good."", ""when you buy a memory card, what are you looking for? additional storage, higher transfer rates, and good prices. this card is often on amazon's lightning deals and this is the second one i purchased! i use it in my nokia 808, which is my phone and camera. storing 41mp photos needs a speedy drive, and this one really works wonders! the additional space is also great for storage! the second one i bought for my laptop, it just stays in there in lieu of an ssd because my laptop only has an 80gb internal drive. if it were possible, i would definitely install windows to it, but this laptop will not boot from a memory card.bottom line need space? problem solved, 64gb is currently the max you can get.need faster transfer rates? for a microsd card, it's about as fast as you can get and if you can get faster, it'll cost a lot more cost? well, wait for a lightning deal if it's too much, but the current price really is not bad.5 stars.additionally, the sd adapter works perfectly! including the little lock switch to make it read only if you want."", 'very satisfying purchase.needed to increase the storage capacity of my core i5 samsung series 7 slate pc which was em equipped lwith a 128gb ssd. this 64gb memory card fit the bill perfectly. did my research. cconfirmed a micro sdxc card and 64gb capacity can work in the memory card slot of my windows 7 pro slate device. purchased the memory card at a very attractive price. amazon was offering a daily deal at the same time period i needed the product memory card arrived without delay. packaging was very siimple worry free...for real . plugged sd card in my slate. pc card slot. formatted card to exfat vs ntfs after more research .and i was ready to go. transferred my photos and music from ssd to the sd card. freed up valuable ssd real estate for os use and my slate pc is again humming with lot more ssd space available. plays back music, video photo slideshows smoothly from the card. delivers on function. very satisfied with purchase ..and highly recommended 5 stars no hesitation !...', ""i noticed amazon had the 'ultra' version for only a couple bucks more than the standard black version. and this one comes with an sd adapter in case i ever need it. i haven't bothered to speed test it since i'm using it for the tablet and don't feel like removing it from the tablet just for a test but seems fast enough from my experience so far. definitely faster than the regular black sandisk cards.from my experience with sandisk products, their read write speeds are much faster than they claim in their conservative estimates. it's not worth messing with their standard line if you can get 'ultra', 'extreme', or 'pro' for not much more."", ""do you need memory? this is 32gb of it in a microsdhc package. if that is the format you need and if this is selling at a price you like, then just get it and get on with your day. you've probably got better things, like that old episode of gunsmoke you've been meaning to get to, or a nice walk along a cliff face. possibly even something else. the point is that memory shopping shouldn't take you a long time. you should just do it. the amount of time it's taken you to read this is way more time than one should ever have to invest in considering a memory purchase. have a lovely mid to late morning, whenever that might next occur in your vicinity. cheers.""]"
195,"my device powered off while the card was in use batteries ran out. the device doesn't recognize it. no dice. nothing can read it or fix it... nothing. i've used easeus, zar, and hp usb disk format.","[""a month and a half after purchase... my device powered off while the card was in use batteries ran out . since then, doesn't work. the device doesn't recognize it. doesn't respond to recovery, reformatting, partitioning... nothing. i've used easeus, zar, hp usb disk format, and a couple others. no dice. nothing can read it or fix it."", 'worked once i was able to find a system to format it.second card from sandisk that was sent to me unformatted.they need to get their act together...']"
196,nuff says it stores my video files for my gopro. it gives you 9940 photo and 45m video with sony cam 18mp3 sd card.,"['works good. what can i say about an sd card? it stores my video files for my gopro. nuff said', 'its perfect and easy to use and conect fast to the camera its give you 9940 photo and 45m video with sony cam 18mp']"
197,"this does not work with the samsung galaxy. it worked for a few weeks, then my phone started giving me unexpected unmounted'sd card error messages' the card stops working, its so, so sad.","['this does not appear to work with the samsung galaxy s3. it worked for a few weeks, then my phone started giving me unexpected unmounted sd card error messages. after a bit of searching, people seem to agree that the s3 and sandisk micro sd cards do not work together.', 'i get randomly error messages with my nokia808, disk error and the card stops working, its so, so sad.. i bought a cheap 8gb micro sd class 4 that works better than this']"
198,this doesn't work on the galaxy note 10.1. it is getting detected but it's not being used by the note.,"['dont even bother to try will not show up in finder and will not show up if placed on any reader', 'used on a galaxy note and so far it has been great, fast card and excelent brand, a performance !update may 10 2013, it stopped working! it does not work with my galaxy note or my pc, sadly it is not recognized by any device...', ""i bought it for my new galaxy note and i realized the device didn't recognize it...tried it on other devices, laptops, desktop, macbook didn't work...very disappointed !"", ""this doesn't work on the galaxy note 10.1. it is getting detected however it is not being utilized by the note 10.1."", ""i can't read or write anything on this card on my pc or my gs3. i am pretty sure that i got a dud."", ""unable to read.it says it's blank.it then prompts to format or cancel.i clicked format but unable to format."", 'sandisk told me i needed to send this to them to format it. it will not recognize in any of my items.', ""im using this card on my galaxy note 2 but it's slow, and phone constantly unable to read the card""]"
199,the ultra is a great microsd card - it works well with my mobile phone and tablet pc!,"[""i purchased 2 of these and am very happy with both. good transfer rates. i found my last sd card caused the camera in my phone to delay when taking shots, but this one allows my phone to take pic's very quickly!"", 'so far this has outlasted my 32gb scandisk micro, faster data transfer and my phone seems to breathe, highly recommend the ultra over the regular', 'this microsd card works well with my mobile phone and tablet pc. it was delivered to me in a speedy way than i had ever expected. i love it and would recommend it to my friends.']"
200,this memory card works in both my nook and my canon camera. it was shipped earlier than expected. i would recommend this to anyone whole loves music and movies on the go!,"['this memory card works in both my nook and my canon camera. i chose this disk because it will hold lots of pictures. it was shipped earlier than expected.', ""love it makes my tablet work so much faster,because it take up alot of memory that would be on the internal storage,,free's alot of space, i've got a bunch of music and movies downloaded on this micro card and only using about 1 4 of it memory. thanks i would recommend this,to anyone whole loves music and movies on the go!""]"
201,32 gb microsd card comes with adapter so that you can use it for other purposes.,"[""it's a 128gb microsd card, so there isn't much to say about it. make sure you check that the device you'd like to use this with can handle this much space. it comes with an sd adapter, so if you have an sd port on your computer you can use it there. happily have this plugged into my galaxy s5.pros lots of space durable little buggercons price per gb ratio is bad but considering the tech this is probably as good as it'll get for a while"", ""i like the storage capacity of this little gadget. purchased for use in my smartphone. sandisk has shown itself to be a truly reliable and quality storage device company and should do well in years to come. this 32 gb micro memory card comes with an adapter so that you can use it for other purposes. they tend to be a bit on the pricey side, but you can't beat amazon for pricing. go ahead, get one or two of these, they are a worthwhile investment, and you won't be disappointed.""]"
202,lenovo tablet 2 comes with built in 64mb and a micro sd reader. card came preformated with the exfat file system which is recognized by the asus tf700t tablet and many other android devices.,"[""i was looking for a solution to consolidate all the pictures i had on my lenovo tablet 2 comes with built in 64mb and a micro sd reader where i had a 64gb card full . this was a great find and i have not moved all my files to this 128mb card. i don't see any speed issue but did not do a formal test to check the capacity."", ""i bought this because i needed more storage for asus tf700t tablet and this was the largest capacity microsd card i could find. card came preformated with the exfat file system which is recognized by the asus tf700t tablet and many other android devices. the only reason i take a star off is because i can't attain transfer speeds anywhere near the 30 mb s that sandisk claims i averaged around 8 mb s which is fine for utilizing media on the tablet, but made the initial transfer of 30gb of files onto the card a slow process .""]"
203,"i bought the 64gb microsd card at best buy. it provides all the space you need and for people who need a lot of space videos, quick books, picture editing, games, etc. this card is pretty cheap for how tiny physically and large digitally it is at least in mid 2014, but it's fast at 1 thing","[""i bought the 64gb microsd card at best buy because i needed one for my microsoft surface pro. it provides all the space i need and for people who need a lot of space videos, quick books, picture editing, games, etc. this card is the one for you. if you don't need that much space, consider buying one for cheaper with a little less memory.note be aware that this is a microsdxc format card. while most new computers support this format, many of the older computers do not this includes all but a few tablets and smartphones . before buying this, make sure your computer, tablet, or smartphone is compatible. if it is not, it will not work, period. for others who claim that the card doesn't work no matter what they try, chances are their machine cannot support microsdxc format."", ""i got this to upgrade my surface pro 2's storage and it works nicely, what do i store on it? bunch of mp3's and games on steam.it works well, the games run fine, boot pretty quick, the one issues i had was installing the games, sometimes the card would vanish from the drive and i'd have to pop it in and out to get it to go again, however i feel like that could be software related as nothing like that happened while playing a game.best idea is to install the game on the surface, move the files over manually to the card, 34 tell steam to uninstall the game 34 to erase it from the list, then hit install, point it to the folder on the card, then it'll spot the files, download only a few things and bam, it works.about the card itself, i wouldn't rely on multitasking off this thing, as it's not meant for that as in if you're playing music off this card, do not install a game at the same time. it's fast at 1 thing, not many."", ""this card is pretty cheap for how tiny physically and large digitally it is at least in mid 2014. i got it to extend the storage capacity of my surface pro 3, and it has done just that. i can store files on it so that i don't have to take up precious space that can be dedicated towards programs since the surface pro 3 has a full windows 8 on it. it also doubles as a storage device for my gopro hero 3 black, but i have a faster card for it to prevent the freezing issue. the size of this micro sd card just does a great job in storing data like videos, photos, and music. it fits in most devices that are moving to micro sdxc, such as phones, tablets, and my beloved surface pro 3. i highly recommend this card if you just need to extend the storage of your device. reconsider a faster card if you want to record video straight to it, like with a gopro."", ""i've been using this card on my venue pro 8 without any issues. i used primarily to store photos and videos. the card is reliable but not fast. data transfers on windows range from 15 to 20mb s. that speed is sufficient for most purposes. i got my card at 32 which is s good deal. a faster card can easily double this price."", ""i am primarily using this to supplement storage on my microsoft surface pro and have a small library of movies and tv shows to carry around while i'm on the go. a lot of ultrabooks and the like come with just 128gb of storage and i think this sd card is a great way to store some media while you save room on the hard drive for your program installations etc. the speeds i'm seeing are consistently around the peak that the card is rated for, and work great for playback of my lossless mkv movie files recorded at a high blu ray quality bitrate. i've also tried it with my android smartphone and i'm seeing similarly high peak performance speeds for file transfer and smooth playback of media. it comes with an adapter to convert it to the standard sd card size in use with devices like slr cameras etc. so you'll be covered under almost any circumstance. i only wish i could buy a larger capacity model, but as it stands i think with the amazon sale prices that regularly come for this product it's a great deal."", ""i got this for a microsoft surface. it does exactly what i wanted it to do wish the surface was more user friendly with it though... but, that's another story . one thing to watch out for this will not work in older sdhc compliant devices. i tried it in my d80 and it wouldn't work at all. that's not a problem with the device so much as with the buyer knowing what they are buying."", ""i bought this to expand the limited memory of my dell venue pro. i use it to store mp4 videos and mp3 music and streaming playing both work very well. even the description explicitly says 34 reformat into file system other than exfat may cause instability 34 i'd hope to use it to remap my onedrive fka skydrive folder which requires it being reformatted to ntfs. the warning is correct between windows 8.1, the tablet and the sandisk microsdxc the os became unstable. once i'd reformatted and changed onedrive's location to it i rebooted windows 8.1 and windows 8.1 could not detect the card. i reformatted the card back to exfat and it works as expected."", ""recently i bought a microsoft surface rt tablet and used the 32gb version of this memory card. worked great and i didn't have any problems. so, when i heard that the surface rt could be expanded to 64gb, i immediately looked for a great deal online. behold... amazon offered this card for under 50 and it was prime eligible! woo hoo! to me, it was a 34 no brainer 34 and i quickly ordered this inexpensive upgrade. like its predecessor, it comes with the memory card, an sd card adapter, and a small plastic case. installing the card is super easy on the surface, because you just line it up with the slot and push it in till it clicks! that's it! no formatting required and the card runs quite fast! normally, i buy sandisk extreme memory cards which are faster , but this particular card had no problem running video files or playing music.anyway, if you get this card for your surface rt tablet, don't format it! why? well, the card is already formatted, so why risk messing up your card? just pop it in and enjoy greater space on your surface!note as far as i know, you cannot install surface apps onto the memory card, only media files and documents. still, this card is a great upgrade and i highly recommend it!"", ""using it on my surface pro to add extra storage and is working fine. it's as fast as i would want it to be and was plug and play like a memory card should be.came as exfat which with windows 8 isn't a problem, but if you are using an os that is over a decade old looking at you, xp you may have issues.bitlocker to go works fine with the card as you would expect."", ""i purchased this card for use in a microsoft surface pro tablet for that, it works great. 64gb is a nice capacity, card was cheap and it works just fine.the problem, however, was in transfer speed. it's rated at 34 up to 34 30mb sec which i guess is true.. but mine has never reached anywhere close to that. using 3 different readers the surface pro itself, a higher end desktop pc with built in microsd reader and an external usb 3.0 microsd reader.. in all, it maxed out around 10 12mb sec and on multiple smaller files it maxed out closer to about 5mb sec total . i know it's not the card readers as i have been able to reach speeds of 90mb sec with other faster cards.the card itself does work fine. for that i give it 5 stars. the price is great for the size, for that i give it 5 stars. the transfer speeds are just disappointing though.. taking 5 minutes to transfer an itunes movie file is a long time.. it'll take hours to fill the full card.. if you only load data once, it's not so bad, but if you're always adding deleting moving data, it's slow and will get annoying quickly!"", 'purchased two of these to use in my surface pro. loaded one with 60 gigs of movies and one with 60 gigs of music. small form factor means easy to transport.both work flawlessly in my surface pro.redirected my itunes music to the d drive and therefore using none of my pro storage space for movies or music.plays movies and music perfect to my pro device.....no waits....no slow downs.....just pure streaming from the sandisk to my screen........ happy........of course i have skydive, icloud, and amazon cloud but sometimes you are away from fast wifi or just simply do not want to use any of your processing speed to stream....this enables me to have content available at a whim.', 'this is a good, fast card, with plenty of capacity and it works great for additionals storage in a microsoft surface rt tablet.hint you can add the space to your windows libraries for a more seamless experience in the os by creating a few empty, dummy folders on your c drive, then using the windows disk management console to map those folders to the folders on the card.info on that here ...', ""using in a surface pro's microsd slot. i even reformatted to ntfs which they claim is not recommended in order to set up a virtual disk file on it and 'automount' that virtual disk upon startup so that my music library can be on this win 8 is kind of picky about letting you set up what it considers 'removable' volumes as directories to be auto scanned for libraries, and this is one workaround. amazing to me that something the size of my pinky nail can hold my entire music collection at a nice high bitrate, and still have much more room left over. one star off because its a tiny bit slow to write to but that might not be fair since i'm comparing to full size sd and i did reformat, as i said."", ""using this as mass storage for my lenovo thinkpad tablet 2. have not done actual benchmarks, but i don't notice a difference between this and the on board flash memory. i have my my documents folder redirected to this card, and i have also installed several programs to it. all seem to operate acceptably."", ""i own a first generation microsoft surface pro 128, and it has been a good machine but i was really finding it challenging working within the constraint of 128gb of storage space. i had a 64gb class 10 sdxc card, which worked well but was not going to fit the vmware virtual machine i wanted to run off the sd storage. the virtual machine increases in size with regular use, and the operating system i was running is recommended for at least 40gb of max storage to operate properly. combined with the files i needed to store, and 64gb memory chip was no longer sufficient.the sandisk ultra 128gb microsdxc class 10 memory card was able to handle that with ease, however i have found that the virtual machine ran noticeably faster off the 64gb chip than this one. i've actually ordered a second of these to see if i might have just received a flawed chip. if the replacement chip offers improvement i will revise this review. it provides its main selling point, more storage at a relatively low cost, so far has run reliably in my tablet computer.if storage space is a significant issue for your device and the memory can make use of 128gb sdxc, then i would recommend product.""]"
204,sandisk has a very long 10 lifetime for its ultra brands. it doubled my tablet's storage with no fuss - it is really useful to store and apps to for installation. the performance has been snappy enough for my needs and i bought exactly the same microsdhc ultra 32gb about one year ago.,"[""i just popped it in my sony xperia tablet z . it works. there is no sense that i will ever run out of room. if i was using it for work that might be different, but i could just change with a new micro sd card. i don't know why all tablets don't have a port for one. i feel confident with the sandisk brand. i have never bought a bad sandisk product."", ""well not much to say...its a good mmc and its fast enough and that's about all you can ask for, using for more storage on my tablet.update stopped working after a while, computer said the mmc had an error and after an hour i could not fix, it became locked and would not unlock with any sd adapters i used and because its locked it would not format or erase and wouldn't even read because of the error. it stopped working after amazons very short return policy so i was out of luck with them, luckily sandisk has a very long 10 lifetime for its ultra brands, even though it was a hassle and all through email only i got a replacement and that's why i only took one star off"", ""got a transformer infinity tablet 32 gb which was a decent amount to begin with however i wanted a microsd to double it to have a decent storage size. i decided to go with sandisk since i've never gotten any bad portable storage from them before.microsd is still working fine in my tablet. has my videos i wanna watch on the go when i have my tablet. also useful to store and apps to for installation."", ""i love sandisk storage and got this for my tablet's microsd slot it works flawlessly and doubled my tablet's storage with no fuss. the performance has been snappy enough for my needs and i can copy things into and off of it very easily. since asus tablets are known to slow down if their main storage gets too full, this is really useful for giving me a place to offload things to, like apps that i don't want to download again but want to keep on hand, media files, my ebook collection, more music, etc."", ""i bought exactly the same micro sdhc sandisk ultra 32gb about a year ago and which i'm using daily. this stuff is reliable, it has never gave me any sort of problem. my setup for this card is like a hard drive in a pc where i read write a lot of large amount of data everytime like video files, photos, maps, documents and it has been working flawlessly. not an instance i recall that it failed me and also it is fast. my tablet is my pc now and i'm using it for several hours each day. all of my data are set to be read and written into this external disk. i couldn't be more happier. i had use other brands in the past but somehow it didn't meet my expectations. the new disk i ordered will be my backup copy just in case i lost my tablet.""]"
205,"5 of these cards are fast and very handy due to the small size of the card. the size is my pinkey fingernail, amazing!","['this itty, bitty sd card packs a whole lot of punch!when i saw how small this was, i was blown away.65gb in something the size of my pinkey fingernail, amazing!i have used it on my camera and my phone.i would highly recommend this to anyone.', ""i've now bought 5 of these cards i like them so well. i take a lot of pictures in raw, often times filling one of the 64gb cards up in a day or less. they are fast and very handy due to the small size.""]"
206,the sandisk brand is excellent quality and the amazon price is good. the card fixed all the issues they had in the previous years to the point where all he has to do is stick it in a card in his tablet. i bought this card for my parent's asus transformer tablet - as christmas gift.,"[""i purchased this card for my parent's asus transformer tablet as a christmas gift. it installed with no issues and they love it. i made the mistake of buying a no name sd card for my tablet motorola xoom previously and had to return it as my tablet didn't recognize it. the sandisk brand is excellent quality. i guess it just goes to show you, you get what you pay for. the amazon price is good. never again will buy cheap for a memory card."", ""i inserted the 128gb microsd card and it works great. i didn't even have to format it. my tablet see 119gb which is still good. once i read the reviews about the card it made me think second about it. sandisk fixed all the issues they had in the previous years to the point where all i have to do is stick the card in the slot and the space is available. great job sandisk for listening to people's complaints and fixing issues in the past."", ""there's no way i can give this a bad rating because it does exactly what it's supposed to do andthat's espand the memory. i hve been using scandisk memory cards for a long time and i have never been disappointed. the apps for tablet are automatically downloaded to the memory card and i have had no issues or complaints."", ""my fiance has had this in his tablet for almost a year now without a single issue. i feel that it's one of the best quality memory cards we've ever had. make sure you get the retail packaging and not the 34 frustration free. 34 the retail packaging only requires one quick clip of the scissors and it's worth it to get one that is sealed in a package and not at risk to be damaged.""]"
207,"best memory i have found for consistency and high speed. ideal for any modern application, especially high definition video recording - you can use this memory to record your video. you'll be able to use it with your camera.","['nice product, perfect package and speed of recording. my camera will stay better with this memory. i recommend for all.', 'best memory i have found for consistency and high speed. ideal for any modern application, especially high definition video recording.']"
208,"i tried to format card on windows and on my galaxy s3 and no go. tried everything that possible...have been fighting with this card for 3 days now, no success so far. otherwise just wasted 80 u got this for galaxy note 2. started receiving unexpectedly removed messages. now card is dead and not working.","['worked fine in my samsung s4 for one year. then it stopped allowing writing to the card. would not format even on a pc or with another device. the data is still there but cannot be erased.', 'randomly erases all my data and asks me to format card on my unmodified unrooted sprint galaxy siii ,i dont know how scandisk is selling these,i trusted the brand and it didnt work', ""used it for my samsung galaxy tab 2 10.1 tablet. stopped working after about 10 months without warnings. my tablet now recognizes as blank or un formatted card my computers won't even recognize it at all! i am still trying to recover some priceless photos of my kids since my last backup of the card..."", 'beware guys. i bought one of these from superior electronics outlet and it arrived completly dead. i tried to format it on windows and on my galaxy s3 and no go.i tried everything that possible ....have been fighting with this card for 3 days now, and no success so far. no response from the seller about it.my last hope is amazon refund me. otherwise i just wasted 80 u', 'got this for galaxy note 2. started receiving unexpectedly removed messages. now card is dead and no longer working. this can be googled for known issues. will be contacting amazon for replacement. felt compelled to share.']"
209,"the card is not compatible with my samsung galaxy 10.1. it was immediately recognized, formatted and mounted by the 'fast card' i bought two but they cancelled one for no stock but it still reads about 54 gigs and some of the cards - a 64 gig baby for 19.89 from amazon warehouse deals.","['picked up this memory card at a great price on a gold box deal. reputable name, fast card. however, after several months of trying to get my phone to work with the card, formatted it, partitioned it. 34 mounted 34 the card, 34 unmounted the card, 34 all to no avail. i realized that this memory card is not compatible with my samsung sgh t769 galaxy s 4g . no need to get frustrated and try a sandisk 34 ultra 34 32gb class 10 card in the phone. i replaced this card with a 34 plain 34 sandisk 32gb class 4 card in my phone, it was immediately recognized, formatted and mounted by the samsung phone.ymmv', 'not a good typer or speller here is what i didsince i could not format it on my pc running windows 8 pro or any of my cellphones running android versions of 2.3.1 from republic wireless .on my canon vixia hf m41 dual card camrcorder i formated the card but the thing is, it still read as exfatso i mounted it onto my samsung galaxy 10.1 anyway and it said something about corrupt files or what ever and it asked if i wanted to format and i press ok and yeap it works now it reads about 54 gigs and some. got this 64 gig baby for 19.89 from amazon warehouse deals. i bought two but they cancelled one for no stock but it was still showing stock, oh well all i really needed was one i just got greedy.', 'used this micro sd card in my samsung galaxy tab 2. was watching a video stored on the card while ago when the video quit playing, and the message 34 sorry, this file cannot be played 34 appeared on the screen. checked es file explorer and found that all the apps, movies, music, etc. i had stored on the micro sd card were gone. the card was apparently totally blank. inserted the card in my desktop computer, and the computer said that the card had to be reformatted before it could be used. tried to reformat it to ntfs, ex fat, and fat32. each time the computer said it was unable to complete operation. guess this card is dead after a little over 4 months....', 'i was very excited to buy this card 64 gb for my samsung galaxy note 2 the product arrived promptly and i was able to format it to ex fat and use it right away in my smart phone. however, exactly 10 days later when i removed the card after turning off the phone and inserted it in my desktop, i got an error saying that the card was corrupted and unreadable and that i needed to format it.since i had already got a lot of data on it, including a lot of videos and images of our new born twins, formatting was not a viable option.i tried to get the card working on my pc desktop, mac air laptop and the samsung galaxy note, but to no avail. finally i decided to format it. there too, i kept getting errors and that the computer was unable to format the card. finally i tried full format via my pc got an error again and then right away quick format and that worked so the card is back and working in my note again, but now i wont trust it anymore not after having lost so many irreplaceable images and videos.i am a professional photographer, and use memory cards all the time this has been the worst of the lot !!']"
210,"the card was the deal of the day, meaning special discounted price. comes with an sd adapters and he's using it - and it works well if you're a camera user.","[""this is a great sd card, it's very fast and works well. i have been using it for my gopro with no complaints."", 'i bought this for my camera, which had a 720p video recording option. everything works just fine with the card and its adapter.', 'bought this to use in a contourroam video camera. it was the deal of the day, meaning a special discounted price. also came with hassle free packaging. never a worry with sandisk memory. awesome deal.', ""works well. came with an sd adapter and i'm using it in a portable video camera. captures everything, even 1080p at 30 fps just fine. no rate issues."", 'thanks a lot sandisk good job works with adapter on nikon d800 flawless. non stop 20 min hd 1080p recording', 'i purchased this microsd card to record extended 1080p videos and it has worked flawlessly. camera did not immediately recognize the card, but going into the settings and selecting format solved the problem.']"
211,"gen4 64gb ipod touch, 350 vs 55 makes no sense. galaxy t727 works just as well - but it works a lot better than the giv4 samsung galaxy. it's not the same as the galaxy, but if you're using it, you can","['i had problems using the chip in the reader built into my laptop. it seemed to only want to format up to 32gb. when i plugged it into my phone, i could format at 64 gb but then the laptop reader saw it as empty. when i used a usb reader, then the laptop could read it just fine.i was able to copy the 4gb of data from my old microsd to this chip and have not had any problems with it yet.', ""bought this card for my xperia v. you would have to format it on the phone before it works as exfat file system is not recognized by the phone. phone will format it to fat32 so you would have a limit of 4gb for each file. once formatted to fat32..my laptop sony vaio s13 didn't recognized the card anymore using the adapter, but using an external card reader writer using a sandisk imagemate all in one usb3.0 reader writer the card can be read and reformatted again. also, when connecting the phone via the usb cable to the laptop, the laptop recognizes the fat32 formatted card. lots of storage now for my phone for all those music and videos d"", ""i inserted this into my galaxy note, powered the phone on and went into storage. i pressed on 'mount sd card' it said it didn't understand the filesystem and asked if i wanted to format it. i did and then i saw 59 gigs of free space.works great and got it for 43 bucks off amazon.con it's extremely slow to write to. if i try to write a 3gb file from my pc to the card it takes about 26 minutes 2mb a sec . if i write to the internal sd card on my phone it writes at 10mb a sec. i don't understand why it's that slow. i can accept that it will be slower than an internal sd however i didn't know it would be dog slow. my 32gb samsung micro sd was much faster..."", ""this card runs great on my at t note ii, but it took some work to get exfat working. stock rom, rooted, custom kernel. i can't vouch for an unrooted, bone stock device. however if you use custom kernels and want the benefits of exfat, you have to find an exfat compatible kernel. i didn't realize this and thought the card was working, but after installing a compatible kernel, everything runs great."", ""plug in to the phone shows up sd card, but didn't give me the option to format, plug in to the laptop, same thing. thought it was doa. but later realized that i had to format the card from the flip down menu. now it works perfect. was going to look for a gen4 64gb ipod touch, 350 vs 55 makes no sense. plus the galaxy s2 t727 works just fine as a media player.""]"
212,gopro 3 black and canon t3i have 64gb cards for use in phone and camera. it works great in both without any problems if he had a problem with the speed of the card's',"['this is very good memory for gopro. went with 32gb because my brother, who has two gopro cameras, said he never filled up his 32 so why go for 64? anyway, this is versatile enough to go in phone or camera, i ordered two more.', 'i own both 64 and 32gb cards for use in my phone as well as gopro cameras. they have been reliable and worked well right out of the box with no problems. no complaints at all.', 'i several of these 64gb cards in my gopro 3 black and my canon t3i. works great in both without any issues. transfer speeds are lightning quick as well.', 'i love the 64gb capacity, and it is compatible with my devices. i have one in go pro hero3 and one in a samsung galaxy 7 34 tablet.', ""swapped this into my gopro and put the 32gb card from there into my s4. in both cases i'm completely satisfied with the cards."", ""card is perfect for use in gopro. write's fast and provides for super fast transfers to the computer. price for two of these was the same as one 64gb card so the decision was easy. i'd rather have two cards so that i can swap them out, continue to record and have someone else transfer from the other one."", 'i wait for flash media sales to purchase sd card various sizes . i got the 64gb size for my gopro 3 and it works great. i see no issues with the speed. the price gb was great on these. best of all this has been completely reliable for me. no complaints whatsoever.']"
213,"the meep has adaquate memory like all other handheld devices. but for the low price of this sandisk, why not? amazon fantastic price. this maxes out the memory for that tablet.","[""soooo pleased with this little dude. i actually bought 2 of these a 32gb and a 16gb for 2 meeps that are christmas gifts, which, btw, is about the coolest little tablet for little kids as it does it all books, movies, games, internet, etc all parentally controlled via cloud!!! the meep has adaquate memory to a degree like all other handheld devices, however, if you want to store a lot games movies books on the meep you need an extra memory card and this is the card to buy. this 32gb was bought to go into a meep for the 4 year old and i don't know if she needed a class 10, but for the low price of this sandisk, why not? i highly recommend this little card and the meep it went in both are absolutely worth every penny."", 'i purchased this to increase the memory of my samsung galaxy 10.1 tablet. just placed it into the slot, was instantly recognized and thus saving my internal memory and increasing the memory of my device. price was the best, i went to several sites and price closest was 98. shipped through my prime and got it in 2 days. i have seen no issues with this card and am very happy with the purchase.', ""i purchased this memory card to use to expand the memory of my new surface rt tablet. this memory card appealed to me first because i have always liked sandisk products. second, the price you this particular 64 gb card is a steal. the memory card includes both an adapter for the pc and a clear plastic case. though i've only been using this card for a few weeks, i purchased a similar card earlier this year to use in my smartphone, and so far so good. i highly recommend this item if you need to expand the storage on your tablet."", 'i recommend anybody to get the 64gb scandisk ultra from amazon, if you are looking to expand your tablet or any device memory. this product was delivered on time with simple to open packaging. inserted into my windows 8 tablet and was able to save, edit, and so on with no problem.', 'not much to say about the product , there is no configuration needed.it works out of the box, no need to format it unless if you want to.speed? the tablet processor speed and the card make it impossible for you to see any delay. i am recommand it for anybody that have burchase those 16 gb tablet or phone. specially if you have pictures and musics that you need to keep. the market carries 64 gb and up so make your best judgment and save.', 'it stores stuff like any other memory card. amazon fantastic price. i bought this for my samsun galaxy tablet 3 8.0 and it works perfect. this maxes out the memory for that tablet. tip store all your apps etc on your tablets internal memory and photos, movies, pictures on this card. if you ever run out of space you can keep and extra card or two on hand. if you store apps on this card then you will not be about to use them if you want to change out the card.']"
214,"junk went up 16.99 in one day. it was ponied up by becuse, who bought it for 3 stars. i don't give money to sandisk card.","['no comment bought for a friend. no comment bought for a friend no comment bought for a friend.', ""forget loading this into your cart. a one day pause and this junk went up 16.99, in one day. i don't give money to axxholes."", 'i am only giving this product 3 stars becuse i purchased this one as a replacement for a sandisk micro sd card that kept having problems with. i finally got tired of losing my data and ponied up the 20 odd dollars to just replace the darn thing.']"
215,the card is available and with the promised storage capacity in the 34 my pc 34 folder of the computer. it was immediately recognized and the driver installed - it stays plugged into my tablet non stop and he's been using it for about 3 months without any problems.,"[""i have this regularly plugged into my asus transformer tf300t tablet as extra storage. but with the included adapter i can also plug it into my laptop. so i use it as a sort of 34 sneaker net 34 , allowing me to move 30 gb of data to what ever i am using at the time. it is filled mostly with pictures and movies. the speed of this makes it convenient for transferring large amounts of data. i'll be buying another one of these in the near future."", 'i have a program that allows me to condense the movies i own into about 1gb size. i transferred them to this card and am able to watch movies on my samsung tablet. i also have music and home movies on there. when my husband had surgery recently and waited for hours in the waiting room. i watched funny movies and family movies. it took my mind off things and the time sped by.', ""i packed everything that i wanted to use on my tablet onto this card and only took up about 25gb, but i haven't seen any delays in response times, whatsoever. it's very comforting to know that i have a massive amount of storage space available for downloads, pictures, videos, etc. thank you to the manufacturer and seller for such an exceptional product and price."", 'i bought this card for use with my asus transformer book t 100ta to add external and removable replaceable storage capacity. when inserted into the slot provided it was immediately recognized and the driver installed. the card appears as available and with the promised storage capacity in the 34 my pc 34 folder of the computer. i have been able to move files on and off the card as intended. the product is fine and the price was satisfactory.', 'i have had this card for a couple of days and i am very pleased with it. i bought it for use in my toshiba thrive 7 tablet, mainly for storing movies. i used it with the included adapter in my hp netbook which is where my movies are stored and it worked with no problem. the transfer of 4 movies took about 15 minutes altogether, and they all played perfectly when i put the card back into my thrive. for this price and with prime shipping, there was no way i could pass it up! i will probably be ordering more of these in the future.', 'this is a great addition to a tablet. i store and watch movies on it as well as music and pictures. it does everything it says it does in its description and i have had it for about a year with no issues at all. i cant really think of anything bad to mention at all except that its so much memory in much a small package it could be the easiest way to loose nearly 100 movies in a washing machine and not even notice.', ""i bought this as supplemental storage on my asus transformer tf201 tablet. the card did not need any special formatting to work and just worked upon first installation. it stays plugged into my tablet non stop and i've been using it for about 3 months for additional storage for music and videos without any problems. i don't have any speed benchmarks, but i haven't noticed any slowness in copying or deleting large amounts of data on this device. it does what it's supposed to, so therefore, i give it 5 stars!"", 'i put this in my asus tf700t tablet. there were mixed reports of whether the tablet would support such a large card, as the official limit for this tablet is listed as 32 gb. i have had no problems with this in the tf700t, and leave it in the device all the time. this is a great way to ensure that you have a hefty amount of media available anywhere.', 'i installed this card in a nook tablet and attempted to transfer videos to the card from my windows xp computer some transferred okay, others not. thinking the card was defective i bought another one same card type and installed it with the same result. i have had no problems transferring videos to this card from my windows 7 computer.']"
216,nook hd tablet was compatible with the n2a software. the card has really increased the flexibility of my new tablet without having to root the system and void my warranty. it was exactly the latest in technology!,"['i just recently received a new nook hd tablet as a gift and wanted to increase the storage capacity as well as convert it to an android base system with the n2a software! this card was compatible and has really increased the flexibility of my new nook without having to root the system and void my warranty. i can use my new nook either way. plus the card was at a reasonable price and really the latest in technology!', 'insert it and use it, it is exactly that easy to use. and did i mention it is also very fast? i purchased this for my new nook hd tablet and it gives me a lot of storage space for anything i wish to keep on the tablet, pictures, music, documents, ebooks, anything else i wish to create or copy to the tablet. i am very pleased with the performance and price of this purchase.', 'happily nestled in the memory slot of my nook tablet and performing as promised. now, if only the nook memory slot were easier to access.... all well. the card arrived on time, well packaged, and has been chugging right along for two months now. i would definately recommend it to any lover of video, music, or other space consuming files.', 'i purchased this to increase the storage on my tablet. plugged in and worked immediately and was very affordable. i am not a tech expert but it seems to have no problem saving large video clips and playing them back. there was 1 cheaper than this, but this seemed to have better reviews so i went with this one. it was about half the cost of the cheapest one i could find at the big box store.']"
217,"sandisk ultras is one of the most reliable card manufacturers in my opinion. the card is the fastest class 10 card in the world, but most integrated devices won't win a class of 10 - but it's not the best card manufacturer in europe. i've bought this card for my wife and family members everyone has","[""i bought one of the 32gb for my galaxy s4, and another for my canon t3i. it works no problem in it, detected and formatted out of the box. sandisk is one of the most reliable card manufacturers in my opinion. i've gone through and sold a lot of cheap lesser sd cards throughout the years, and almost all manufacturer has their failures, but to date i haven't had any issues with sandisk. i've bought this same card for my wife and family members everyone has the s4 , and so far there's been no issues. i use mine heavily everyday, new music and movies, and after 6 9 months haven't had any failures.as far as speed goes, using dd on a usb3 card reader i recorded almost 14mb s write speed and 33mb s read speed. making it by far the fastest class 10 card i've had. they do sell 34 extreme 34 versions of this card which are even faster, but most integrated devices won't see the speed increase benefits."", ""seems like a good value, but as yet i've not gotten to actually use mine i bought it for a contour camera without realizing that was apparently known to be incompatible. found that out afterward on contour's forum. the device itself will support microsd up to 64gb but there is something about sandisk ultras that doesn't play nicely. unclear what, exactlyso i'm sure it's great, but you might want to check around to make sure your device will support the thing.""]"
218,the product arrived as scheduled. all is good. arrived very quickly. no issues whatsoever. lots of storage space for music and pictures.,"['all is fine with this memory. it works very well with my smartphone, very fast communication with my pics and videos. good purchase!!! the product arrived on time too.', 'shipped as described, was very easy to add to phone. works perfect for pictures on my cell phone. allows me to do more videos with no worries about memory.', 'purchased for use as add on memory for motorola razr maxx phone. works great. package arrived as scheduled. all is good.', 'arrived very quickly. no issues whatsoever. lots of storage space for music and pictures when used with a phone that is compatible.', 'memory card fit my phone just fine. more memory for more apps. great price as well. item was well packaged and showed up within the time frame given.']"
219,iirc found a free program easeus partition master that will format the card into fat 32. after formatting it it recognized it but it wasn't able to format it correctly - but windows no longer allows you to do it by default. it gives it 4 stars for the initial grief with formatting the cards.,"[""initially when i inserted the card into the samsung galaxy s3 it recognized it but it wasn't able to format it correctly. after doing some research i found a free program easeus partition master ... that will format the card into fat 32 since windows no longer allows you to do it by default. after formatting it into fat 32 the phone recognized the card and it works great now. i hope this helps anyone else that might run into this problem."", ""i purchased this card to be inserted into my new blackberry z10 smartphone. at first the card wasn't recognized, but after formatting from exfat to ntfs i know, i know, the warnings told me that hell would open up and eat me if i did this, but im not scared at all it worked flawlessly. would buy and reformat again"", ""you need to format this card to fat32 before using it in your cell phone, otherwise it will not work. my samsung galaxy s3 kept giving me beef until i did so. it's handy to have a laptop sitting around that has a port that can take this card with its adapter in.luckily i had one such laptop lying around. otherwise, this card works great and holds quite a bit of space. giving it 4 stars for the initial grief with formatting it. iirc i used a tool called fat32 format, but it's on my laptop so i haven't checked.""]"
220,sandisk memory card is enough to record some action while horse riding. it has gopro black edition and is just enough for a zip line tour - but it's not too expensive to use!,"[""have this for a action cam works great so far. can't wait for my zip line tour. was not expensive as you would think for this size of memory card."", 'i use the card with gopro black edition and it is just enough to record some action while horse riding. i have always used sandisk as recording cards and i am happy with the quality i get.']"
221,one is working great in my galaxy s3 synched around 40 songs minute using mediamonkey in mtp mode. the other he sent his old 32gb dhc to the bottom of the camera bag.,"[""i didn't realize what small memory i had on my old phone t mobile my touch 3g slide! i mean the thing was so slow and not accepting downloading stuff anymore! i figured later than the memory might be small. sure it was! i looked up for a sandisk memory card on amazon and ordered one! was surprised it was much cheaper than i had seen in a store! installed it in my phone, worked like a champ! i can still use my phone for different downloads with that much memory!"", ""i bought a pair of these during amazon's cyber monday sale 38.98 ea! . one is working great in my galaxy s3 synched around 40 songs minute using mediamonkey in mtp mode and the other i was going to use with the sd adapter as a backup for my dslr, but after doing a long 1080p video test with no issues, i made it my primary card and sent my old 32gb sdhc to the bottom of the camera bag.""]"
222,use it in sammy tab 2 10.1 formatted in an htc phone. put it back in my tablet and now it has ics on it. so not sure if that matters but it does work on my pc and phone.,"['use it in sammy tab 2, formatted in a htc phone, then put in in the tab 2......', 'did not work when first inserted into my samsung galaxy tab 2 10.1 with ics. put it in my samsung galaxy sii phone which recognized it and formatted it. then placed it back in my tablet and 57gb are available. should note that my phone was not running ics at the time, that was yesterday and now it has ics on it. so not sure if that matters but it does work and i now have a 64gb micro sd card that works in my tablet and pc and phone. so much for the 32gb limit.enjoy!', ""i used this for my samsung galaxy tab 2 7.0 . like the others are saying, it had to be formatted in fat 32. you can put your apps on your sd card with an app called link2sd . you just have to partition the sd card in order to be able to use it. whether you get this card or a smaller one, you need one period for the tab 2 because you can't do much without a wifi connection if you just have the internal memory and you want to download a lot of apps.""]"
223,"sandisk is a top brand and i have no trouble recommending this card. it provides more than enough room for my entire music library, movies, and all of the apps for her phone - and it's easy to find if it will live up to the standard uhs 1 standard, he recommends it","[""this went into my new samsung galaxy light cell phone to store my music files and my cell phone photos. zero problems. these sd cards just work until the don't . sandisk is a top brand and i have no trouble recommending this. look through the many dozens of other recommendations, too. class 10 uhs 1 is one of the fastest protocols available currently."", ""hard to believe that 10 years ago you would have needed a big hard drive to have this much room. i use this card in my samsung y duos smartphone and it provides more than enough room for my entire music library, a bunch of movies, and all of the apps for my phone and i still have more than 3 4 of the space left.works perfectly and i've always had good luck with sandisk products."", ""a great memory card, at a very good price. i recently upgraded to this memory card for use in my cell phone, and it has plenty of space to hold all of my music, videos, and photos. i can download as many songs as i want, and take as many photos at the highest quality as i want, without having to worry about the memory on my phone filling up.i have used sandisk memory cards many times before, and i have always had very good experiences. it is still too early to tell if this card will live up to that standard, but so far, this memory card has worked very well for me.the class 10 rating refers to the speed with which it writes to the card, and i have noticed that it is quicker than my previous micro sd card. as an upgrade and expansion to your smartphone's memory, i highly recommend this card!""]"
224,"i recommend this memory to anyone who needs a good memory for your phone. it works perfect on the phone, he says - just what we needed to replace the memory card in my phone.","['this memory helps me to keep all what i want to keep on my cell phone.it is a good brand and its on the right price.', 'very good product, excellent quality, is the original and it works perfect on the phone. i recommend it to anyone who needs a good memory for your phone.', 'just what we needed to replace the memory card in my phone. this is a dependable brand and a reasonable price']"
225,"if you're looking for a new gnii card, plugged it in and transferred 27 songs to phone in about 20 seconds. the card transfers data at about 15mb read write, which is well below advertised advertised.","[""i can't say that the applications are loading faster, but i can definitely say that videos and music load much faster in my phone now. i didn't have to reformat the card or anything, just transferred all data from old card to this one and popped it in. considering the small price difference, i'd recommend getting a faster card for sure."", ""i'm not a heavy user of data but enough that my pictures and music videos wouldn't fit on the factory 4 gig card. you can never have enough memory as it gets used up quick. it has the advertised memory capacity rating and has improved speed on my smartphone and tablet when moving pictures and videos to different folders. no lag compared to the cheap factory memory card. buy the better card the first time, you won't be regretting it later. would recommend and buy again"", ""this works as expected and is wayyyy faster than my 8gig class 2 card.my old card would slow down my phone as it was close to being full and would take forever to load up everything music files, pictures etc. this card however i've loaded more than 8gb of stuff on there, put everything from my old card and more, it reads and loads up fine, no need to wait. buy this card"", 'i had an old class 4 kingston card in my phone and the thing just dragged when transferring music or photos. i finally decided i had enough with class 4 and went looking for a reliable class 10 card. this sandisk does the trick. now music and photo transfers fly like the wind. i can move over a flac album in about 30 seconds to my droid razr maxx with no interruptions like i had on my class 4 card.', ""i used this upgraded card in my razr maxx hd and have been nothing but pleased with it. i haven't even come close to filling the entire card. i got it mostly because i keep my entire music library on my phone, about 5 gigs of music. it's a class 10 card so you won't see any lag in pulling up files. great card for the price."", ""i love this memory card!! i upgraded the memory on my phone from a 2gb stock card to this and, not only are the transfer rates from card to phone and back way faster, but the capacity is great!! i've now replaced my ipod with this because i can have all of my music on my phone as well as any games and i don't have to use itunes to interface, just drag and drop. oh, and it's waterproof. like my phone. just saying."", ""i have been using the same old 4gb card since i had a motorola slvr. i figured it was time to upgrade, i'm glad i did. the speed of the class 10 is a major difference in my smartphone. from taking pictures faster with less lag in between shots to shuffling through my music without a delay. highly recommend to anyone looking to upgrade. with that being said, beware of fakes! i originally purchased one off of ebay, not paying attention to its location. it came shipped directly from china. it was doa! luckily i managed to get refunded through paypal. didn't have that issue through amazon though!"", ""i've had the card for a month now, and it has given me no issues. the transfer speed is quite good moving data from my old class 4 device to this new one was arduous only due to the slower, older device. any new material that i have to transfer to the phone zips along very fast.now i have just that much more room for movies and music, which is exactly what i needed!"", ""with this card i picked up for 35 amazon's black friday sale, i increased my gnii's storage to 80gb! it transfers data at about 15mb read write, which is well below advertised. however, this is very similar to the speed that my gnii's built in storage transfers data at, so when running large applications off of this sd card i see no difference in speed than running apps off of the phone itself."", ""i snagged this for my cell phone. i upgraded from an old 2gb sd card i've been refusing to replace for the last 4 years. the old card does not specify the class, and it was the cheapest i could get so i have a feeling it was the slowest . anywho, i plugged this card in and transferred 27 songs from my pc to phone in about 20 seconds! on my old card that would have taken around 2 minutes. if you haven't upgraded your card, because you're a cheap miser like me, you are definitely missing out!"", 'this thing definitely improved performance over the standard card. transferring music, videos and pictures seem so much more seemless than they were before. prior to this card, i had a 16gb standard microsd card that just felt like forever transferring data back and fourth from my phone. i recommend this to anyone who uploads a lot of music and videos onto their mobile devices! transfer rates make up for the slightly higher cost!']"
226,"i put this micro sd card in my note, and he has had a seamless experience with it. it is incredibly responsive and extremely fast, it starts instantaneous - it's as simple as it would be when transferring data to my phone itself. the only downside is that it doesn't even more capacity.","['i have it in my phone and it never skips a beat. file transfers are speedy and have not had any corruption issues or memory fade issues as i would expect from the sandisk brand. great card to own. why entrust your precious files to a slightly cheaper piece of crap? if you lose everything can you forgive yourself for not spending the extra couple bucks on a trusted product that goes through good qa?', 'the sandisk ultra 64gb micro card is a great addition to maximize the samsung galaxy iiis, whatever version you got 16gb or 32gb. is a very fast memory at a great price. plenty space for pictures, videos and android applications. good for the 1080 videos that the galaxy iiis use. super fast. if you got the most advanced smartphone in the market as i do, this is the memory to get at the right price.', 'bought this few days after i got my phone and it has great read and write speeds and it seems like taking care of some processing and handling of things within the phone. i changed the settings that every time i take a picture or record a video, it will go automatically to the microsd card. added most of my movies in this tiny card and it works smoothly.', ""this micro sd card is solid and has a great performance. it's really a fast reading sd card, i would say 4 times faster than any previous cards i had in the past. once i placed the card in my phone, and i turned it on, you could see the difference. every application i have in my cell phone that is in my sd card, works really flawlessly. a great product, very solid performance."", ""i had purchased a cheaper cellphone, and the great price on this item made it the perfect accessory alternative to buying a much more expensive phone.class 10 speed means that i don't have to worry about any lag in accessing my files. i have had no issues what so ever with having to format the card. it worked perfectly with my phone samsung axiom right out of the box."", ""this is a very good microsd memory, i use it in an android 4.0 phone, it sees 29.71 gb of space. it was recognize immediately by the phone and it does not freeze when i'm playing a videogame like asphalt 7 . the design is very cool too. i like its speed. i would recommend this memory to any smartphone user."", ""incredible speed, phone recognized it within moments. i was able to transfer all my books music videos and everything onto my phone and have room to spare without having to worry about a fully consumed memory card. arrived a day earlier than i even assumed.pros incredible speed.class 10exactly as orderedtons of storage!cons i'll be serious, nothing wrong at all here."", 'i love this micro sd because i used it as my main memory phone mostly because the galaxy s4 it comes with a 9gb of free space. so i can pretty much just enjoy this ultra 64gb for music, photos and movies but not for apps because my phone is not compatible with moving apps to the sd it stills works for other phones but not this one. i have to say this is one of the fastest micro sd i ever bought recommended a lot.', ""it's a giant, fast micro sd card for your phone. it works and it's reasonably priced. i've swapped this card through the past 3 phones i've owned and it continues to serve me well on the road. you can bring along enough 1080p movies for a 20 hour flight or several of them and still have plenty of room left over.the only downside is that it isn't even more capacity. but really, 64gb is probably overkill."", ""using this in my galaxy s4 and it works fairly well. i've transfered a bunch of files from the pc via a usb 3.0 memory card reader and ya know, it's not blazing fast but it's pretty good for what it is. it's certainly a lot more tolerable than pretty much any other microsd card i've used.that said, you get a minimum write speed that's good enough for 1080p video on a cell phone or other mobile device and will probably lead to faster times between shots if you use it in a camera phone, if for no other reason than it takes less time to write the picture you just took to the disk vs say a cheaper sd card.it's a microsd card, i haven't had any problems. go for it."", ""i put this micro sd card in my note ii phone, and i have had a seamless experience with it. programs that are on the card operate as quickly and flawlessly as those that are on my phone's memory. it will hold dozens of programs, and gives me all the expandibility that i will need unless i start collecting hd movies on my phone! . this card seems to be designed specifically for smartphones, and does its job very well. recommended."", 'this card is awesome. i take a picture on my camera and phone and it is almost instantly ready to take another picture. the transfer between my laptop and phone is very quick as well it almost match my usb 3.0 speed. also i really like the color of the card. it makes the micro sd card look very unique. although if you have verizon you may get confused between the lte card and micro sd card.', ""i've had this card for a couple months now and it is amazing, i use it in my phone so i can put stuff in there rather then use the space on the phone, its extremely responsive and extremely fast as well, i had a sandisk class 4 microsd card and this flies past that easily, usually when i would try playing music it would take a couple seconds to start, but using this it starts instantaneous , it was as if i had stored the music on the phone itself, i dont know what else you might use this card for, but if you are looking for a microsd for your phone, look no further"", ""this is a very capable microsdhc at a very fair price. i popped it in cell phone samsung galaxy s4 and it got mounted without any hassle. i didn't need any type of formatting. read and write speed is quite fast while using while transferring data to my pc. shipping was fast and tracking it was easy. this a product i highly recommend.""]"
227,"altough motorola says the droid razr maxx only supports a 32gbe card. he has read many reports of people using this 64gb card, so i took 'a chance with it'","[""while not quite as fast as i was expecting it to be, it works perfectly and smoothly. i bought this for my new droid razr when we moved to a new carrier. it did take a few minutes for my computer to recognize it, causing me to think the card was bad, but it eventually did recognize it and allowed me to move everything from my previous card to it via the desktop . i also put a few movies on it and so far, watching them on the phone has been flawless and smooth. it's only been in my phone for a few weeks, but i have no complaints what so ever at this point. excellent card."", ""altough motorola says the droid razr maxx only supports a 32gb card, i've read many reports of people using this 64gb card, so i took a chance with it.i formatted it in my phone and started loading music and movies onto the card by connecting my phone to the computer with the usb cable.note i had read to not format the card in the computer because it will only show up as 27gb of memory available i was careful to heed this advice, though did play with it in the computer itself without formatting it, just looking and it does only show up as 27gb . however, in my droid it definitely shows as 64gb well 59 and change so far the card is functioning as it should i have played music, looked at pictures, and watched a little bit of a movie, all stored on the card, and eveerything seems to be working iin blissful droid perfection."", ""i received this on friday, followed the review from another person about formatting the disk before using it, and after the format, it did it's thing! i have a motorola droid razr and have seen a huge improvement. the phone is much faster. the apps open and close much faster. that also goes for the camera. i highly recommend this and worth the price. i haven't placed any music on the it yet except for pictures on my phone. cheers."", 'i get 59.8gb of space on this in my razr maxx. i swapped it in in place of the factory 16gb one and had the system format it. it caused the phone to reboot, but after a reboot i had the full storage space. seems quick enough to load... have not done full file transfer tests but loading 1700 songs onto it took about a half hour.']"
228,"class 10 speed works great in my camera takes videos. the class 4 card is a good buy now, and seems to be better value for the cards. it is shipped fast, great price, exactly as described!","['all i can say is, these are probably the best i could find, fast and furious!if you dont get class 10, you are taking the risk of dropped frames on your hd videos.besides they are pretty too!', 'class 10 speed works great in my camera takes videos. finally the price of these decent sized cards are coming down. well pleased.', 'price was right, shipping quick, class 10 card for hd video in my gopro.hard to rate it since memory cards are pretty much memory cards. nothing jumps out as excellent so that is why 4 of 5.', 'good price good quality, this card works perfectly for my video recorder as well as my canon 500d. the class 10 really bust up the speed when you need to import the photo or video.', 'why worry about the packaging. this was the best i could find at the time for a name brand class 10 micro sdhc card. came with basic packaging and a full sd card to adapt, which is what i needed.works great, speed tests show excellent speed for video recording.', ""picked this up for my sport action camera and it's just what i needed. class 10 and the speeds match up with the rating. came with a sd card adapter which was a nice bonus. been using it for almost 2 months now with formatting after each filming. no lag on any of the video, no problems with card, running strong."", 'this card is great for any device that will accept a micro sdhc. class 10 write speed is a big bonus for recording high definition video! i am very satisfied with this purchase.', 'hopefully these will get cheaper but worth every cent to have more recording time i used 5 of these for christmas work great and you have good eyes !!!', ""if you're using this on a device that records video and photos, this is highly recommended. the class 10 classification means this thing will keep up with what you're recording without skipping a beat. this is perfect for devices such as the gopro cameras."", 'i bought it to use in mysony hdr as15 action video camera black . it works great. the camera worked just fine with a class 4 card, but the offload speed was horrible. this speedy little card has eliminated that problem. came with a sdhc adapter, which was a nice and unexpected bonus.', 'inexpensive, fast and made my videos a bit less choppy during recording hd. a good buy now, and seems to be a better value for the class 10 cards...', 'works great. great for video capture since it is a class 10 rating. works as it should and the shipping was fast as well.', ""got it to use with my go pro. this was cheaper than getting the regular sd ultra card class 10 . the read write speed isn't quite as good as the regular sd ultra card class 10 , but it gets the job done. shipped fast, great price, exactly as described!"", 'great card that is very fast and reliable. it comes with an optional adapter for sd slots. being that this is a class 10 card it transfers data really fast and for video this is a must! great for gopros and other small cameras alike.']"
229,"amazon bulk purchase is cheaper but requires u to wait longer for the shipment. the card formats out to 59 gb and performs perfectly in my samsung galaxy 'ii' card is also new and has a class 10 rating of correct on it - but once the replacement, it worked perfectly!","[""i'm amazed. i ordered this from amazon on tuesday morning, and it arrived with wednesday's mail. very impressive service from amazon!as has already been reported, the card formats out to 59 gb, and it performs perfectly in my samsung galaxy s iii which is also new . using two card readers on a fast pc, i transferred everything from my old 16gb card to the new 64 gb card in less time than it took to walk to the kitchen and get a cup of coffee. so i think the class 10 rating is correct on the card.once i have some experience with the card in the phone, i'll benchmark the card and i'll also benchmark operations such as internally backing up my android phone to the card. then i'll update this review with some accurate numerical data. but in the mean time on first look, the person who said that the s 3 has problems with anything faster than class 6 may not have been correct a full backup of the phone to the card was significantly faster than the backup with the old 16gb class 6 card. again no benchmarks yet but once i have them i'll include them here.right now i'm very happy with this card and i'm really impressed both with the card and with the unbelievably quick service from amazon and i'm in atlanta where shipments like this one often take the full 3 days to arrive ."", 'arrived in manufacturers packaging so it looked authentic. i was still sceptical based on reviews i read from others on amazon, so i called thecustomer service phone number for san disk and they verified it was genuine. you will need a magnifying glass ro see the numbers printed on the back of the card, or alternately you can take a photo of it with your smartphone, i used the galaxy s3 om macro or text setting and then enlarged the photo to read the numbers.very happy with this card fast response, have hundreds of photos and songs on this card and it works great.', ""i've used the 32gb version of this card since i got it in two android phones and no problems with either phone. it gives me all the music, pictures, downloads, etc. storage i'll ever need. as fast as any other card and faster than most. i also love amazon frustration fee packaging. since there are so many fakes with online retailers, buy from a trusted source like amazon."", 'got it exactly what it was displayed and described. bought this directly through amazon at usd 60 only for my samsung captivate glide. all u need to do is to format it with your phone and voila! 59gb to be exact when calc in bytes ! not a big fan for the transfer speed but it does satisfy my desire of putting one in my phone. buying thru amazon bulk purchase is cheaper but requires u to wait longer for the shipment. but for my case it was faster than expected. a very happy customer.', ""when i first got this item, i had some problems with it and for some reason, caused all my data on my android phone to get deleted forcing me to reinstall my custom rom and use my previous sd card until amazon replaced this one. but once i got the replacement, it worked perfectly. i have no issues with it at all now and for the past several months, its able to hold all my apps and data with ease. with the high read write speeds, i don't have any lag and it just works exactly how i hoped it would."", ""this card is great. ive noticed slight improvement in every aspect of my phone. so much space! very pleased. came on time. brand new. easy to open thanks to amazon. and it mentions on the tiny booklet that this thing is temperature resistant. thats a big plus since overuse of smartphones tend to heat em up pretty good. being from texas, the heat out here only makes em hotter. and my last sd seems to have fried. well this is a good buy. if i need another i'd definitly buy again. maybe the black and gold one. it only available in 16gb but its super fast.""]"
230,unes collection of about 28gb would increase pass the 32. the fiio x5 card has sandisk 128 bb of memory and a gg of storage.,"[""it's hard to believe how affordable digital has become. 32 gb in a device one quarter the sie of postage stamp would have been science fiction less than a generation ago.i picked this up for portable music when i didn't want to schlep or risk a phone or ipod. works great with all sd card readers.select with confidence."", ""i'm a music lover and like to carry my entire music collection around with me everywhere i go. that being said it takes up a lot of space, enough to fill a 64gb memory card on its own a lot of the files are flac format. i was a little hesitant to buy the 128gb card when it came out recently because with the 64gb cards the first batch were pretty much defective with resulted in a recall. me, learning of the recall after looking up the issues i was having had to return the card i bought. sandisk took the 64gb card back without hesitation and was actually prepared to do it without the serial number since i couldn't open my phone at the time because the case is screwed on. note to everyone quite a few applications don't fully support ntfs or newer file system formats such as exfat. to use your sd card without issues you have to format it to fat32 which is possible even though its over 32gb. use the 34 fat32format 34 tool made by ridgecrop consultants, there's a gui graphical user interface version available for those unfamiliar with using the command line. after receiving my new card i formatted it to fat32 since i use a lot of applications that aren't the norm and it's easier to use an older file system that is compatible with everything made after 1996. the transfer of files and swapping of cards was seamless, my computer's micro sd card reader recognized it without trouble as well as my phone. so far everything is good and there's been no hiccups. even google play has been crashing less when trying to browse my music collection."", ""i don't know why i bought this but i'm glad i did. 32gb would of been just as good. i bought this considering i have a huge itunes collection of about 28gb and would increase pass the 32gb so i bought the 64. problem is since i have a playstation plus account i bought a sony music unlimited at a reduced price of 12 bucks. which left me having pretty much my entire music catalog in the palm of my hard without me wasting a single gb of memory. i still love the product and does work would definitely recommend."", 'i am using the fiio x5 and my current 64 gb sd card is full. my library is now bigger than 150 gb and this sandisk 128 gb card had a price drop to 100 and with free shipping, it was a no brainer to get it to accommodate all my music files. it worked as advertised and speed can be further improved but then i am limited by the read speed of my player x5. overall, a good product with the big memory space which filled my needs. recommended to buy again if there is a discounted price for this card. else get 2 x 64 gb card, which is still cheaper than a 128 gb sd card.']"
231,"lg optimus g pro bought this card for his iphone. it loaded 30gs of music comparatively fast and never seem to have any problems with skipping or stuttering with slower cards - but the price of those is simply not reasonable. if you're not heavy user, you may not need this much storage space","['a must have for those who listen to a lot of music on the go...wish they made a 128gb model.', ""so, i was looking for a card to put all of my music on for those occasions when i have my phone but don't have my hd zune which by the way is the best music player ever and it's just a low down shame they don't make them any more and this card holds all my tunes with about 4gb to spare. excellent speed for music playback, excellent capacity. would be nice to get it in 128gb, but the price of those is simply not reasonable."", ""i have this in my phone storing the majority of my mp3 collection 400 albums . it loaded 30gs of music comparatively fast. and never seem to have any problems with skipping or stuttering i've had with slower cards. probably would be a solid selection for video i haven't tried it yet and photos save off quickly allowing follow up shots i would have missed before."", ""bought this a few months back for my phone... but after switching phones to one that didn't support extra storage i reformatted and stuck it on my car stereo full of music. even at full capacity it has been there for months now playing without a hitch. music only take about 5 seconds after starting the car to start playing, skipping, fast forwarding or searching all works flawlessly. the stereo is to be given some props here but if the card wasn't up to par it clearly wouldn't be as fast as it is. very glad with the purchase. will buy again if the need ever comes."", ""does anyone really need this much space? hard to say, after about 20gbs of pictures and 40gbs of music, i started to wonder myself, if it was really necessary. but then i realized i had forgotten about adding movies! 50gbs of movies later i can definitely say i don't need this card and really just wanted it for the fun of it, but it is nice to have your entire collection of music in your phone, for someone with a bigger collection then me i'm sure this card would be a god send."", ""i bought this for my lg optimus g pro, to hold my 24 gb music collection it works great. it took a while to transfer all my music, but that can be expected. once i popped this into the phone and started us the music player, it found a cataloged all my music. i don't like the latest default android music player, but that's another story and there are other music players you can download ."", ""i'm a light user. i don't store a lot of media on my phone, and don't play a lot of games or watch a lot videos. i keep my media on here music, photos, docs, etc , and backups. i don't notice much of a lag. any lag i do notice maybe every couple of months i attribute to the phone, not the card. a shutdown and re start usually solves that. great to have, and way more space than i'll ever use. if you're not a heavy user, you may not need this much storage space, but for about 20, why not just get it and know you'll never run out of space."", ""i have a large music collection that i like to play from the phone. this allows me to put a lot more on the phone than i have in the past. i had no compatibility problems with it. plugged it in and it worked. can't get better than that. as far as speed goes, it's as fast as any card i've had in the phone. i have noticed no lag or other issues reading or writing to it in the phone. i don't use it outside of the phone so i can't comment on direct read write speeds."", ""i switched off unlimited data for verizon so i wanted to get something that'll store all my mp3s on my phone easily so when i'm out and about i don't use my data to stream it.this card was great, i put it in my phone, went to phone settings to format microsd and connected it to my pc and loaded all my songs to the sd card with plenty of room left over."", ""okay not limitless but close enough. i have this in a 32gb phone and combined, that's quite a bit of available storage. i have tons of photos, music, and entire seasons of tv shows.it's great to never get a warning about having low storage. i can take the max resolution photo option with my phone and shoot 4k videos without having to worry about running out of space.it's also speedy at transferring files to and from my laptop.""]"
232,"samsung's documentation says it is compatible with a card, but this one is. the galaxy note 10.1 read the card perfectly when installed, and the problem went away - this is my endorsement of the microsd card. i bought this to use on my tablet an asus transformer tf101 to backup some of","[""my android tablet is a toy there is nothing crucial on it. i plan on downloading maps for travel, and need more storage.i rooted my tablet, changed two lines in a control file, and now it sees the external card as the internal card and vice versa . when i save apps and or data to the sd card, everything goes to the 32gb sandisk ultra microsdhc card instead of the puny internal store! woo hoo!disclaimer rooting a device usually voids its warranty. i am not condoning such action, nor am i responsible for the results of such action. the responsibility is yours.the tiny card fit into the tiny slot on my 9 34 screened tablet, and is invisible once installed. but we both know it's there! i couldn't be happier, and until that changes, this is my endorsement of the sdhc card."", ""i was a bit concerned when i first ordered this microsd card. samsung's documentation says it is compatible with an sdhc card, but this one is sdxc. i read a bunch on google about incompatibilities, but they were older forum discussions. i read the sdxc used to be incompatible, but that samsung published an update late last year that allowed the galaxy note 10.1 to work with this card without the need for reformatting to a fat file system. for the price, i thought i didn't have much to lose and would give this a shot.my report the galaxy note 10.1 read the card perfectly when installed. there was a small glitch where the note asked to format the card after i removed it from the tablet and transferred about 25gb of data to the card from my pc while it was in a card reader . all i needed to do was to remove the card again, and reinsert and reboot the tablet, and the problem went away. have been using this for hours doing extensive read writes to the card with no failures. will update if i have any issues, but for now, i am extremely pleased with the performance on this."", ""i bought this for a galaxy note 8.0, and while it functions properly, it is completely useless for my tablet. i can't put movies or books on it, because they are streamed from google play, and i can't put apps on it because that is not allowed. why do they put a ?! micro sd slot on a tablet that can't use it for anything but backups backups i might add that are already in the cloud. amazon did a great job delivering it, which was a bright spot in the realization that i spent 25 dollars on a chip that is going to do a better job cleaning the dirt out of my grout than helping the memory on my tablet."", ""i bought this to use on my tablet an asus transformer tf101 to backup some of my data before i flashed a custom rom. works as expected out of the box no formatting or fiddling needed. it comes with an sd card adapter and a little plastic case for it and the adapter. android and the recovery kernels i've used have no trouble detecting whatever the default filesystem is on it.the one thing i would note if you have an older sd card reader on your computer, it may not be able to read hc or xc micro sd cards. you may want to check if your read supports them.i recommend this to anyone who needs a sd or micro sd card for any purpose. it's cheap, tiny, and has massive storage capacity for it's size, so long as your device supports it.""]"
233,the 64gb microsd is the wave of future storage for any manufacturer. sandisk memory products have been 100 reliable.,"['not a steal at 62 but anything under 1 per gb is a decent price for high end sandisk class 10 memory. the real value was in being assured of authentic sandisk product and a very fast delivery. i would buy again from this seller. the 64gb microsd installed, reformatted to nsfs with no issues, and performs as advertised.', ""microsdxc is the wave of future storage for any manufacturer that has any sense. these little cars can increase the storage capacity of the most basic of devices for far less than buying more expensive models that don't allow external storage. easy to use and with an industry standard that expands up to 2tb in capacity."", ""i have a number of sandisk memory products and they have been 100 reliable. this microsd is no exception. i purchased this memory specifically because it was the largest microsd memory currently available. i am using it for removable data storage on a windows surfacepro2 to free on board ssd drive memory. reviews of the surfacepro2 didn't verify compatibility of the 128gb microsd but the surfacepro2 immediately recognized it and it operates flawlessly."", ""this is the reason why i love non apple products. you can increase memory with microsd's and its so much cheaper. these class 10 sandisks' are amazing. i've bought several from 64gb to 16gb and every single one has lasted. i've had the 64gb for months now and i have no issues. the 16gb i've had for a year and its great. i would highly recommend this product.""]"
234,ipod classic has been permanently replaced by isyncr and rocket player. the app saves me from having to stream it and jeopardize my 2gb verizon limit.,"[""i purchased this to put into my samsung galaxy blaze, mainly to store music. i previously owned an adata 32gb card which died after a couple weeks.the most annoying thing about large storage is copying files to it, especially when the card is slow. a class 4 would take well over 2 hours to fill up, while this one takes just a bit over 45 minutes.using the antutu benchmark suite, this card clocked in at 11.1mb s write and 21.7mb s read.i didn't have to format it or anything, just popped it out of the packaging and threw it right into the sd slot of my phone."", ""my ipod finally bit the dust, so i bought this card to use in my galaxy 4 so i could use it as my new music player. it was very easy to transfer the music and get it playing right away. i can't complain at all, it was nice to be able to expand my storage on my phone enough with this that i didn't have to go buy another ipod. i have a lot of music and this thing holds it all and doesn't slow my phone down at all. no complaints here, i actually bought another one of these for my galaxy tab so i can keep all my music on that too. so it's safe to say i would buy it again."", ""i am using this 64 gb card onsamsung galaxy note ii n7100 unlocked gsm international version white. i coped over 50 gb podcasts music. it took several hours to copy from a 3 year old laptop. after copying, the inbuild samsung's music player recognized all and playing is very smooth. the card looks super fast, no reading. after booting the phone, the music is indexed almost immediately and i can play. i have attached a screenshot which shows only 59 gb is available. the 5 gb seems lot to be missing. i am assuming it is used for storing some index information some restore information."", ""i read some reviews about the product being iffy, and mislabeled, but the one i got was just as advertised. my samsung note ii recognized about 59.8 gigs, and the read write speed is incredible. with the help of this, isyncr and rocket player, i have now permanently replaced my ipod classic. couldn't be happier."", ""i tried to read some articles and reviews on cards, when wanting to store music on my phone for the amazon mp3 app. i found it to be a bit confusing and in the end took a chance and just ordered this one. i couldn't be happier with it. i found an app that automatically moves my amazon mp3 downloads to the card and i'm able to store a ton of music on the phone, saving me from having to stream it and jeopardize my 2gb verizon limit. this was a painless install that i should have done a lot sooner.""]"
235,kingston 32gb did 7ma d. it does 8 9m b and sprint version works just fine on that phone - even though the phone specs say it only holds up to 32 GB s if it's not a 10mb card. i bought the card for putting music library on my phone,"[""works great on my sprint htc evo 4g lte. formatted w fat32 so of course the maximum file size is 4gb meaning no full length hidef movies. however, this isn't a problem i bought the card for putting a music library on my phone.like all class 10 micro sdhc cards, it does not do 10mb s, but it's closer than any other class 10 card i've ever tried. most do 3 4mb s. kingston 32gb did 7mb s. this card does about 8 9mb s.can't wait till 128gb and 256gb cards become available and affordable."", ""i'm using this in a nook hd customized android os . i use it mostly for music, a few docs. it works as expected with no problems. i have several sandisk microsd cards, but this is the only xc card. they have all performed as expected. i have been pleased with both his memory card, as well as the other sandisk cards."", ""bought this to expand my htc sensation. still haven't loaded completely, and still not sure how well the sensation will organize 64gb of music. probably won't replace the ipod, but is an awesome little chip which adds tons of possibility to a otherwise great phone. didn't have any problems with formatting or size limits."", ""plenty of room for all my photos, music and random documents i decide to load onto my phone. it works great with my htc one m8 and apps stored on the sd card run as smooth as they did on the phone itself. file writes were as fast as i expected from an xc i card.the only downside, and this is minor, is the microsd adapter it comes with seems a little cheap. but hey, that's not the reason i bought this card."", ""this card did an amazing job with holding my music on my phone. videos played with ease and everything! highly recommend this card to anyone. the sd card adapter also worked perfectly for me.i use this card on a samsung galaxy s2 epic 4g touch, sprint version . it works just fine on that phone even though the phone specs say it only holds up to 32gb. just put the card in, go to your settings, fine sd and storage, and then scroll to this card and format the card. once formatted, it'll work just as any other sd card.""]"
236,"samsung galaxy note 2 can't read the card, have to be format in fat32. it works in my xperia tablet z, note ii, macbook with a nifty minidrive, and lumia 2520.","['i confirm this works for my note on cm10 nightly. however it did not work upon arrival. it had to be re formatted into fat32. i used a small program fat32format through google. i believe other programs would work too.', 'unerstand that these cards may come in different formats. i had to reformat on a windows xp machine after finding a hp utility via google to get this to work properly in my samsung galaxy note 2.', 'the card works in the above mentioned phones but i did have to format it using another program downloaded for windows. windows will not let you format the card for fat32 which is the format you need to use for the phones to see the card. the also could not format the cards correctly on their own, but once i was able to format them properly, they worked perfectly.', ""samsung galaxy note can't read this card, have to be format in fat32. just google the small program to do the trick. work perfect."", 'i use them in my xperia tablet z, note ii, macbook with a nifty minidrive , and lumia 2520. a word to those who use custom roms on android devices, use a program that will format to fat32, it comes in exfat that has licensing restrictions but that should work with most stock roms.']"
237,no problems with the disk - it does it very well. it doesn't have a problem with it if it's not working properly.,"[""really fast processing speeds and saves crystal clear footage. haven't had any problems with it and don't expect to have any."", 'got this to shoot in hd. it is working really well so far. it is handling hd recording and playback great.', 'it is whats it is. it does it very well. no hiccups with this disk so far. hd recording works well.']"
238,pan tech required me to format it as fat32 - it wouldn't read it any other way. you can search the internet for the formatter which will format the card as a fat 32 using an external card reader.,"[""i used this on my android tablet pantech element and my galaxy s3 phone . the s3 took it without an issue but the pantech required me to format it as fat32.... it wouldn't read it any other way.... you can search the internet for fat32 formatter which will format the card as fat32 using an external card reader within seconds.after doing that, i've been using it for a few weeks now with no problems. very nice. now... just waiting for the 128gb model."", 'works wonderfully. i had this sd for over nine months and it is still working great. i had trouble getting it to recognized at first by my s3.formatting from phone and or generic windows format menu did not resolve this issue so i downloaded easeus partition master and formatted and it has been working like charm ever since.write speed 8.4 mb s default cache speed.read speed 37.9 mb s default cache speed.']"
239,"samsung galaxy 2 7.0 tablet reads the card the same way. you will need to use a partition manager, such as minitool partition wizard, which is free for home use and resize the partition of the bigger drive if you want to save the space.","[""downloaded eraseus and formatted to fat32 with 32k clusters. mounted to either 7 or 10 with no problem, see nada instability. but that's not the coool thing. i actually have two of these. one is in the sd slot, one is in the power port via the samsung sd usb adapter. soooo, my 16g 10 is actually a 145gb 10. i can't imagine what i will actually do with all that, but i have it. maybe run a linux port and web server just because i can . too bad about that external storage limit on ios...."", 'i finally have enough room for everything. i formatted my 64gb sandisk micro sd card using easeus partition master 9.2.1 home edition. i used the fat32 format. my t mobile prism phone read the card giving me 59.47 gb free. my samsung galaxy 2 7.0 tablet read it the same way. i am very happy that any of my devices will read this card when i format it as fat32. there is enough room to hold my my entire cd collection 300 cds , my entire book collection 250 books , and my entire collection of sermons i lost count . i still have 23gb left!!! i am too happy. bottom line, folks, if my cheap android phone will read it, so will everything else. who needs cloud drives and streaming when you can take it with you!!!! thank god for sandisk, i am hoping someone comes up with 128gb soon. hahaha!', ""most mobile devices and tablets that are of any count state that the limit to their sd storage is 32gb...but on a few of those they can and do read sd cards that are in fact larger than this. i would suggest anyone that thinks they need space beyond those stated limits of their device do a quick search on line for their particular make and model cellphone or tablet to see what size sd's others have been successful at using. once you have found out and that you can in fact use such an sd...go and search online for hdd raw copy tool from hdd guru...and it will allow you to make an image of your old sd to apply to the new sd and or even make a backup of one's sd. since the sd drives are different sizes when this image is applied to the larger...you will need to use a partition manager, such as minitool partition wizard which is free for home use and resize the partition of the larger drive. this will allow you to take advantage of the whole drive space. i love the upgrade and added space...can't go wrong with this price for a class 10 sd of this size.""]"
240,the adapter for using the microcard in a pc sim card slot doesn't work. the full size simm adapters are available in three different ppc's and have no luck at all.,"[""i'm not a techie, so i can't do all those great experiments to determine whether or not the transfer speed is as advertised. all i know is, the card works just fine in my galaxy s3. so far, it has worked great, and seems to be pretty speedy.i have san disk cards in quite a few of my tech toys, and they've always performed well. i am confident that this one will do the same."", ""i bought this with the sole intention of putting it in my samsung galaxy s3. i had to use a tool to format the card to fat32, but once i did so, the card worked great. i have been taking advantage of the extra room i have for music, videos, pictures, etc. the sd adapter that comes with this is also handy.the transfer speeds didn't feel like class 10 when connected and transferred files from my computer, but my computer is 5 years old, so it's very possible that it's the problem. other than that, i'm completely satisfied."", 'have only transfered some pictures and music so far. my s3 galazy had no problems recognizing the card...hear a lot of rumors about memory cards not working, having to format first, etc., but this one worked from me right out of the box.the included adapter is also good when i want to use with my computer s for slide shows since microsdhc are not supported by many if any..just to small.', ""got it for my new galaxy s3 and it works like a charm. super fast speed of transfer. very much recommend it. not much else to say really... except store it securely! d you don't want to lose such a tiny thing. comes with an sd adapter, but no case, like the sandisk extreme 16 gb sdhc class 10 uhs 1 card i got, hence the four stars."", ""this little memory card is quite fast and it gives me a ton of expansion storage on my galaxy s3. file transfers from the phone's internal storage or over a usb connection to my pc from the card when it it's in my phone are a lot faster than i anticipated. the included adapter for using the microcard in a pc sim card slot doesn't work. i've tried reading the microcard using the full size sim adapter in three different pc's and had no luck at all. i think the adapter is just junk.""]"
241,"the phone says 32 gb max, but it still recognized and formatted the card. any time it try to use the usb mass storage mode to transfer files, it can be a samsung skyrocket phone.","[""as per other's instructions, i inserted it in a powered off phone and let the phone format it automatic, after a yes no dialog . i removed it from the phone and copied my old card onto it through a card reader on the pc plus about 20 movies and everything is working perfectly. speeds seem outstanding certainly, copying a 3gb hd movie i copied from my blu ray disc took only a few minutes, even over usb 2.0."", 'i put this in my samsung skyrocket phone. even though the phone says 32 gb max, it still recognized and formatted the card. its great to have all of that space.however, any time i try to use the usb mass storage mode to transfer files, it errors out. i thought it was the phone since it was larger than the max spec, but then i tried it in a usb card reader i had. it still errored out trying the same files. finally, i had to put it in the adapter, and stick it in a card reader built into a laptop and transfer the files that way.i think the issue was that using the usb 2.0 the files were writing too fast and faulting out and with the laptop, transferring the files from the wireless network and then to the card, the transfer speed was slow enough that it was successful. took all night to get my stuff on the card though.i use it mostly for pics and video on my phone also, works great. the phone seems to have no trouble accessing anything on the card and it seems plenty fast for it even when recording high def video which i do a lot of for work.', ""the sd slot on my laptop recognized this card immediately. when i put it in my droid razr maxx it recognized the proper amount but the phone required a reformat.since install my phone has had some instability but i haven't had enough time to troubleshoot to determine whether or not it is due to the card. motorola says the phone can handle 32gig cards. some users have reported the 64gig works fine. other users have reported problems with the 64gig card. other than the phone instability the storage on the card seems to be working fine for now.""]"
242,"card is a class card and is very easy to use. it's also fast and certainly faster than stock cards - it is also very fast, certainly quicker than the stock card. if you are looking for the card to be able to play, you can use it as well as the class cards.","[""once i figured out the s3 wasn't liking the exfat file structure and formatted to fat32 it works quite well. i don't know if it's the phone or card and i'm not about to test it elsewhere, but i didn't see the 30mb s speeds. it works good enough for the phone and it's the best option i have for the biggest storage for now.1080p videos with no issues. no problems with read write stability. overall i'm happy i bought it."", ""i had to format it as fat32, you can google for how to do that, but once you do, it works great. i'll never understand why people would ever buy a phone that doesn't have a microsd slot. with this you can fill it up with whatever you want, such as movies, tv shows, music, and share it with whoever you want. just pop it in your phone and you are all set for a long trip, airplane ride, etc. i never need to worry about running out of space when taking full hd videos either."", 'performs as expected. i bought for mi galaxy s3 to increase it storage options, when i need to transfer big files i use a usb adapter since the wifi and mtp conectios speed is far slower than directly connecting the device but that is not the cards problem. its fast reading and writing inside the s3 and when connected to a current generation computer.old computers will read and write at slower speeds, but is still compatible hardware wise. the exfat format can be a hassle.no problems yet hardware wise. i would have preferred an open standard as partition format instead of exfat, but that is microsoft fault not sandisk.is easy to reformat with a usb sd micro sd adapter.', 'works great, my phone detected and let me format it to fat32 with no additional tools. once formatted its 59gb you lose some in the conversion metric from gib to gb. bought it for my motorola droid x first generation phone, i wanted to use it as a media player and it works wonderfully and has lots of storage for my movies, music, games and books. its a class 10 card so its also very fast, certainly faster than the stock card.']"
243,"samsung galaxy tab2 7in tablet has 32gb memory card. it requires you to format in windows computer to get it to work in fat32, ntfs or exfat - but it is not able to use the same software as the v4.04 android xbox cnet or direct a","['bought this card to use with my samsung galaxy tab2 7in tablet, based on others who have reported getting it to work in their galaxy tab 2.bottom line, you gotta reformat this card as fat32 with 32kb sectors to work in the galaxy tab 2, and that requires jumping thru some hoops as win6 vista does not even offer the choice to format as fat32, only as ntfs or exfat, neither of which will work with the galaxy tab 2 android v4.04 you have to use 3rd party software to accomplish this. a free solution is the easeus partition master free software you can download from cnet or direct from easeus. i had a commercial package already installed acronis diskdirector that i used.once fomatted as fat32 with 32kb sectors, the card is recognized and all the space is seen and useable.highly recommended if you need the space. i would assume that this would also make larger microsdxc cards work as welljohn', ""i bought these microsdxc cards for use in my tablet, however, my tablet only recognizes fat32 formatted cards and not the exfat that these cards use. i had suspicions about this based upon other reviewers' experiences. windows computers will not reformat in fat32 beyond the 32 gb limit. i was able to locate a small program that would reformat a drive to fat32 without the 32gb limitation fat32 can accommodate up to a 3 tb drive . i used the windows gui version of fat32format freeware and it quickly reformatted the memory card. now the card works in my tablet."", ""i have read many places that this would not work on android tablets, but have found that the card requires you to format in a windows computer to get it to work. even tablets that are rated to 32gb have been found to read write this card to 64gb. you need to download a free partitioning program, and format using that to fat32. first erase the current partition, then repartition to 64gb, then format. you can't simply use windows to format to fat32 on newer windows computers, and even on older vista, the max it will allow is 32gb at fat32. using the partitioning software bypasses that 32gb limit and formats the whole card so that when you after insert into tablet reads something like 59.4gb formatted space. huge capacity for the money, and a fast card. search internet for formatting 64gb microsd card for android and read up on it."", ""the only problem was in getting it to format to fat32 so that i could use it in myexcellent sansa clip . i actually had to do a low level format and then reformat itto fat32 with third party programs. it comes natively formatted to ex fat which many devices don't read windows only formats fat32 to 32gb . it's easy to format it to ntfs but either buy nothing bigger than 32gb or search the internet for programs and methods to reformat it if you need fat32 and you have the skill and time.otherwise its good stuff but scan disk should provide a reformat program on their website imho?"", 'maybe there is nothing that can be done and it is just the way the technology is at this time, but to me it seems that the 64gb sd cards have very limited uses at this time because they are formatted in whats called exfat32 instead of the standard fat32 to get 64gb from a 32gb card. after receiving my card and inserting it into my new android tablet with, jelly bean, it was recognized and it did show i had 59gb available. i then removed the card from the tablet and inserted it into my computers, a win7 and a vista, and tried to transfer files, photos and videos from my laptop to the card they would not transfer! after some research on the internet it appeared that the card had to be reformatted from the new exfat32 to the standard fat32. all my files were created in win xp and win vista fat32. i also have a win7 machine i recently purchased and can easily move all types of files between all the machines and memory cards and flash drives but could not transfer any files to this card from any computer as long as the card was formatted in exfat32. i had read on the internet about reformatting the cards and it working. my win7 machine does not even have the option to format to standard fat32, it only has nstf and exfat32. my older computers have the older fat32 format option and it took my vista computer with a dual core processor 1 hours to reformat the card to fat32. after reformatting i was able to easily transfer my files, photos, and videos on my xp and vista computers but not the win7 computer. the card works in my tablet and i am able to access and use all the files i transferred to the card in fat32 with my vista computer on the tablet. but after reformatting it now the card only has 27gb of space available, so it was essentially reformatted the 64gb card into a 32gb card. i will keep the card because i have a lot of work into it reformatting and transferring files and hopefully in the future i can reformat it again back to exfat32 if and when exfat32 catches on and an os is made that can seamlessly use files created in both fat32 and exfat32. this seems to be a good card that works well in certain situations but my advice do your research on what you have and how you will use the card because this is not simply a big gb card that can be used for everything in every device, unless all your files, photos, and videos are in, or will be created with, exfat32 there are some real draw backs to this card and you might be better off just buying multiple lower gb cards if you really need this much storage space in a micro sd card. or perhaps cards you already own can be reformatted into exfat32 and double the capacity if your computer has the exfat32 reformat option. i have not tried it but based on my experience the last few days it seems like it would work if exfat32 works for you. i gave 3 stars because it does work, but i feel sandisk not fully explaining how they are getting 64gb out of this card and the possible problems a consumer might have with it is misleading advertising.', ""hi i ordered two card and they arrived the next day, even faster than prime. unfortunatey, this 64gb microsd card is designed to only work with ex fat. if you're an ex fat fan and don't ever plan to change, this is the card for you. i've been able to take all of the previous 64gb microsd cards i've ordered, put them in an adapter and format them in my windows 7 desktop. i'm a ntsf fan and find it to be much more stable in tablets.with other cards that aren't intentionally crippled, i can format the card to ntsf on monday, ex fat on tuesday, fat32 on wednesday. it's ex fat or the highway for sandisk.you can use easeus partition master to format the card to fat32 for devices such as cameras and mp3 players and many, many, many others that don't support ex fat. that being said, you only get one shot. once it's formatted into fat32, attempting to format back to exfat or ntsf hoses the card. i couldn't reformat to ntsf no matter what i tried. once again, don't bother trying to format in your computer, ex fat is the only choice.any card that needs a special utility to format to anything other than ex fat shouldn't be supported. don't buy it! it's designed to fail.shame on you sandisk!update 9 24 12 i spoke with sandisk technical support and they confirmed that sandisk ultra 64gb microsd cards are not compatible with android 4.0 and above. this would be for class 10, sandisk ultra 64 gb microsdxc class 10 uhs 1 memory card 30mb s with adapter sdsdqua 064g u46a as well as sandisk 64gb mobile ultra microsdxc class 10 uhs 1 30mb s memory card with sd adapter new version retail packaging with komputerbay sdxc usb reader.i did not have any success formatting the class 10 card with easeus partition master. sandisk recommended the free utility, hpusbdisk.exe and i successfully downloaded it from softpedia. i was unable to format the card with ntsf but successfully converted one of the cards to fat32 for a friend who wants to use it in a sandisk mp3 player, that of course is not compatible with ex fat.acting on sandisk advice i am returning the unopened class ten cards with the komputerbay reader. i spoke with a patient and gracious tier one tech support person and the party line seems be that consumers only use microsd cards in phones. i don't know what they're thinking cameras, mp3 players, tablets, adapters and so on. anyway it's a known issue.i can confirm that the class 6 64gb microsd card can be formatted in windows7 back and forth to most any format so after returning four class 10 cards, i'm back to class six.it's still unconscionable to deliberately design these cards to be incompatible. i hope sandisk will come up with a solution or recall the cards. buyer beware.update 9 29 12 i received my two replacement class 6, 64gb microsd cards and it took less than five minutes to open the horrible packaging and to perform a quick format to ntsf. done!i gave my friend the class 10 64gb microsd card formatted into fat32 by hpusbdisk.exe and he couldn't read it on his computer. as it turns out, the class 10 cards are not only incompatible with most devices bur also with most usb card readers. another trip across town.i can confirm that the iogear sd microsd mmc card reader writer gfr204sd green gray selling on amazon for 6.99 works. so after countless hours of wasted effort, my friend has a card formatted to fat32 that works with a sandisk mp3 player.once again, sandisk has admitted that these cards are not compatible with androd 4.0 or above, that being 100 of android tablets and a majority of android phones. these cards are intentionally crippled by design.to quote a friend per the sdhc standard, the format is fat32. sdxc 64 gb and larger the spec calls for exfat. microsoft has limited the os to only format larger cards as exfat and will not allow fat32. also, seems they have found a way to also block ntfs. thus far, very few android devices can read exfat because they refuse to pay m for licensing of the exfat file system. to all masochists out there buy this card. to everyone else unsafe at any speed."", ""i own the samsung galaxy tab 2 10.1i bought the 64g microsd card.. please keep in mind i know nothing about computers and i was able to do this. i put it in the device to format...the tablet couldn't read it. would never mount. tried to format it with my computer....and still just wouldnt work..although it would be formatted. remember, i was using all defaults.sent it back, amazon sent me another one. amazingly fast service ...same thing.i called amazon...they knew of no issue why my tablet wouldn't accept the card. i would think that their customer service dept. would stay on top of these posts because i found that this was a huge issue on my third card i did some research. for whatever reason for this sd card to work it must be formatted as a fat 32 not an exfat. but... this is the rub ...windows only allows for formatting either to exfat or ntsf... at first, i thought it was an adult swim reference .....so....that sucks....this means that i can't use this card because i can't format it properly. but wait..there's more....there is a super easy fix....any idiot can do it.....from start to finish took me all of 45 seconds after reading instructions ...and ta duh.....now the micro sd card works fine. thank you amazon for your excellent return policy.. super fast, super easy, super friendly ...but your live customer service should know about this. i can't fault the operator...she was nice..seemed genuinely concerned and tried to make it right ...ok.. no more stalling..here is the address of the youtube video. link to website is in the description. ... ...link to website in description. i used all defaults and worked perfect. or search youtube convert fat32""]"
244,ridgecrop consultants ltd has a program that can be downloaded. he has written an excellent program... whalla!,"[""the only thing is if you use this product on andiod you must format . windows machines don't seem to supot fat32 . winwods machines will open files but the format program on win only formats ntfs and exfat which is limting because andriod uses fat32."", ""whenever i get these cards, the first thing i do is connect it to my windows 7 or 8 computers, and run this program to format it to fat32. here's the link to the free program ... many phones, cameras and tablets, need the card to be in fat32 format, and sadly, it's not an option in windows these days. you can select ntfs or exfat, but no option for fat32 when it comes to this card.using that program, you can format the card, then load it with whatever music or videos, and the card will work fine in your device.the 4 cards i have have never failed me in the past year, recommended"", ""phone does not recognize this card. followed suggestions of other's and formatted card to fat32. you have to have an exfatt reader on your pc. also the format selections on a windows 7 is ntfs or exfat no fat32 so i went to this site ... tried another site and got adware, which my norton blocked couldn't find the utility to do the exfat to fat32 conversion so i deleted all their added programs so beware of some of these sites. cnet is trustworthy though.after i formatted the card to fat32 i put it in phone and the phone recognized the card and shows 59.xx gb. so what the h l i formatted the card in the phone. bad idea. after formatting in the phone, i'm back to the phone not recognizing the card. back to the pc, format to fat32 and now every things hunky dory."", ""64gb is pretty good size, and in a cell phone, it's awesome. however, getting it formatted as fat32 is not the easiest method. by default, windows 7 will not allow anything larger than 32gb to be formatted as fat32. even if you execute a dos command to format to fat32, it will fail. there is a fix though. ridgecrop consultants ltd has a program that can be downloaded. i would suggest that you support this free application by sending the guy a few bucks, as he has truly written a great program that works very well in windows 7. i have used his program, 34 fat32format 34 to successfully format this 64gb microsdxc disk. i then copied all of my contents from my old 12gb disk to this one. i inserted the disk into my phone, and whalla! it works great! very pleased with this purchase.""]"
245,microsd card from sandisk is equal to their reputation. it is fast enough and large enough to store and stream full length movies ripped from our own dvd collection.,"[""this microsd card made for a great upgrade for my galaxy s 3's storage capacity. the card performs efficient read writes and is giving my phone the kind of data storage i never thought i'd have. if anyone is looking for enough storage space on their phone or tablet for a large amount of pictures, video's, apps, or even document files, this may be exactly what you're looking for."", ""this little microsdhc memory card from sandisk is equal to their reputation. it is fast enough and large enough to store and stream full length movies that we've ripped from our own dvd collection. this is a perfect addition to our new smartphones. we bought three of these for our recently purchased smartphones.highly recommended by me.""]"
246,"sd memory is not the density reported. formatted in computer, popped in phone and bingo bango bob's your uncle. phone recognized right away.","['all the horror stories about sd memory not really being the density reported. i loaded two of these things to the max. all data is accessible.', ""formatted in computer, popped in phone and bingo bango bob's your uncle. phone recognized right away and i had music transferred in minutes."", ""what can i say? it works and was formatted for an android already. tho' i'm sure it will work w anything!"", 'out of its storage and into my new phone. recognized, formatted and and available in less than a minute. simple!']"
247,new 32gb microsd card was easy to copy and paste from my computer. re formatted in the phone and copied all data to it and installed.,"['copied all the data from my phone 16gb sdcard to the new 32gb and everything worked fine the first time the card was installed. i had previously done the same with an 8gb to 16gb with same results. it does not increase an speed to the phone as it is controlled by phones operating system,', 'i bought this new 32gb microsd card to replace an old 8gb microsd that had run out of space on my rooted htc inspire. it was easy to copy and paste from my computer and back to the new microsd card.', 'i used this memory card to expand the memory in my smartphone. it worked as expected and was easy to setup. i copied the stuff from my older microsd card to my computer, changed cards, gave it a couple of minutes to initialize, and copied the stuff back... worked great.', ""a no brainer here. copied the data off the old 16gb microsd, swapped the cards, put the data back on, and 'voila!' space constraints relieved!"", 'the card works great. re formatted in the phone and copied all data to it and re installed. works fast and works well.', ""i formatted the card, saved the data from phone's 4 gb card to desktop, dragged and dropped the files from 4gb to 32 gb card. installed 32 gb card in phone. phone works perfectly. win win.and a great deal for the price."", 'moved all my 7.9 gigs of data from one sd card to this one and now i have plenty of room storage on my phone. i downloaded everything to my pc from my 8gig sd card, installed this one and then re loaded my data to this 32gig sd card. no complaints.']"
248,samsung's wife bought a new galaxy'super card to go along with her new phone. the ultra card still adds nearly 59.5gb of i bought the u64 back in feb 2013 not long after its release it was the largest and fastest microsd available at the time. it weighs in,"[""i had been using a 'regular' sandisk 32gb micro sd card that came included with my htc thunderbolt i bought in 2011. the size was decent, but i never realized until upgrading how much i was lacking on the speed.i finally got one of these to replace my old card with my galaxy s3. it is superb. i just recently got a galaxy s4, and again, this card is just about the best expansion you can add to most any phone.with my old microsd card, i had gotten used to just sitting there, zoning out, as i waited patiently for my computer to transfer pictures videos off my card to be backed up to my pc's hard drive, or copying some music files from my pc to my card. with this new card, almost any single file even hundreds of megabytes big is an instant transfer, that transfers too quick to even bring up that 34 moving 34 dialog box in windows 8. on my very big transfers lots of hd video files at once, totaling several gigabytes , i have to wait, but i'm waiting for seconds instead of minutes.combine the excellent speed with the fact that 64gb can hold a ton of data compared to typical storage sizes on phones , and you have a very satisfied customer. now i can procrastinate even longer the occasional transfers of all my pictures and videos to my pc, though i try not to.a lot of phones like my s4 specify 64gb sdxc cards as the maximum they support, so this is about the best you can even get for the moment, unless you want to pay almost double for sandisk's extreme cards. unless you have money to burn, i think these are a much better value and diminishing returns certainly kick in beyond this price point. but perhaps my next phone will support 4k hd video onto 256gb cards and i will yet again need to upgrade my card's capacity and speed... anyway, bottom line on this product awesome."", ""i had no problems transferring stuff over to it including 30 gb of songs. it was much faster than offbrand. i got this in 12 2012.update 8 2013 i got my wife a new samsung galaxy s4. her old phone would only do 720p video and didn't have a nice camera. my wife is really into her photo's, so i was concerned it wouldn't keep up with the fancier camera. after loading my now 33 gb of songs i got even more concerned in wouldn't keep up with the fancy new camera. i bought one of the sandisk 64 gb extreme cards and was amazed at speed difference copying songs. due to prior problems with generic cards, i'll only buy sandisk in future.nothing was wrong with the ultra card, it just didn't seem up to par to fully take advantage of the latest greatest phone technology. she's going to carry the old card in purse in case she fills first one."", ""installed this in my s4 and it was immediately recognized by the phone. i performed a format from the phone just to see what it would do, but it didn't give me any further storage capacity with the card. with card overhead it still adds nearly 59.5gb of storage capacity to my bloated s4.i tested moving existing applications, pictures, music, and other files back and forth between my phone and the card, absolutely no problems. if you're not going to put a lot of music, pictures or applications on your phone, you'll probably be fine with no additional storage. however, if you're going to add any storage capacity to your phone, why not maximize it with a 64gb card for about 50?"", 'i bought this to go along with my new s4 that i purchased and i have to say i am pleasantly surprised at how much 32gb can get you on a phone! i have pushed all of my apps to my sd card which has given me plenty of free room on my phone a major detraction placed on the s4 especially . i do notice that since moving most of my apps to the card, some load times and other features may take an extra second to really get going. this may lead me towards going with more powerful sd cards in the future though i am assured this will work for all of my current needs.', ""product sandisk ultra 64 gb microsdxc class 10 uhs 1 memory card 30mb s with adapter sdsdqu 064g affp arating 5 5 excellent people buy microsd cards with 4 primary criteria in mind 1 storage capacity, 2 price, 3 reliability compatibility availability, and 4 speed. when i bought the u64 back in feb 2013 not long after its release it was the largest and fastest microsd available at the time, and it weighed in at a good price and backed up by sandisk reputation.for me, and my galaxy s3 sch i535, currently with android 4.3 this card has been a delightful slam dunk on all four counts. i was reminded of this today when i slammed 30 gb of mp3's from my pc onto my s3's card. the card handled the massive data dump with grace and aplomb, and i'm now able to use my phone to wirelessly stream my entire music library to my new bluetooth compatible bookshelf stereo.color me very satisfied."", ""got it on sale for an incredible price. the only way i am likely to upgrade from this is if they come out with a 128g size. 64g is not necessary for my use, but at 128 i would be able to use it without worry of running out of space and put my entire mp3 catalog on it as well.update about 4 months after i bought this and installed it in my galaxy s2, it started causing some trouble for my phone. at first i did not realize it was the micro sd card causing the problem, but it would occasionally have a status message saying something like unmount the sd card before removing it to avoid corrupting your data , and eventually it didn't even recognize that there was a card in there at all. i put the old 1gb card back in and it works fine. put the 32gb card into the adapter, and put it into the computer's card reader... nothing. wouldn't read it at all.i do back up my phone occasionally, maybe once a month, but lost everything every photo and video i had taken of my new kitten since i got her because of this. it is very surprising since sandisk is usually quite reliable. my wife has the same card in her phone, we got them around the same time, and hers is still working normally so far.ymmv, but always back up your data regularly more than once a month if you are taking a lot of pictures and video."", 'hello,we have been using sandisk memory cards since the beginning of sd cards. this latest version was recommended for my samsung galaxy 4s phone. with the zillion photos, videos and apps, the original 16 13gb of space was becoming full and not saving due to lack of space. so, the sandisk micro sd card was the answer. pop the back off easily on the phone, slip the mini sd card into the provided slot, make sure it clicks in and put the phone cover back on the unit. it is as simple as that. now, i have 32 gb of extra space and my new phone stores anything i want to store. i constantly make backups to my home computer...very easy the connection simply shows the phone data and the sd card data when connected to the home computer. i transferred my largest photo video file to the sd card. now the original 12gb is open for more instant quality photos and videos. when the original card gets loaded again. 13meg camera takes super quality photos and videos, but also takes up a lot of space.adding a micro sd card is less expensive than ordering a 32gb galaxy4s, but yrmv great productupdate... the original super large file that is on the sd card still shows up on the original gallery screen. it still has the same functions, but my original 16gb shows more room for the next zillion photos, etc.', ""so i recently got a new chinese brand android phone inew i4000 quadcore, 13mp camera, 1gb ram, 16gb internal storage microsd support. also comes with app2sd software support as well.i had an old samsung class 10 32gb and tested that it works with the i4000. but wasn't enough for a power user like me.decided to give it the extra storage boost!with the sandisk 64gb class 10, i now hold within 11gb music collection mp3's at 192 kbps 20gb of graphic novels manga manwhabooks with a manga app reader2gb of apps migrate the core apps from internal storage to external storage 8gb of photos taken with the phone uses microsd as storage for photos 30gb of free space left for downloading movies mp3s and documents on the goi love this little card, its fantastic and a great way to add some serious expandable storage onto any smartphone that supports the storage.fyi, i had to format the sandisk 64gb card using my smartphone i4000 in order for it to set the microsd to fat32. don't use the pc laptop to do the format, it will mess it up.was debating between class 10 sandisk 64gb or class 10 samsung 64gb, i decided to throw my lot in with the 6000 reviews for sandisk with an average customer rating of 4.9 stars. samsung had 4.9 stars but was from 11 people. so lol!highly recommend this to others!"", ""i purchased this after my wife and i bought our samsung galaxy s4 to store all the music, pictures and videos. the s4 camera is capable of capturing 16 megapixels photos so the 16gb microsd that i had will not suffice. as a matter of fact i've already exhausted the remaining space on the card so this 64gb will allow me to take more photos of our son ."", ""i bought this for my samsung galaxy s4 because it had little available memory on board. unfortunately the phone doesn't allow for the user to move apps to the sd card, but that isn't the card's fault, it's the phone's fault. the card itself works great and seems to transfer very quickly, my full 1080p hd videos have no trouble recording directly to the card."", ""this works well in my galaxy s4. i use it for media storage. i did have to reseat it once as i kept getting an error about preparing sd card, but i think that was more about how i put it in my phone than about this media. i think that this is a pretty good value to extend storage on a phone.update i deducted a star because this card has a capacity of 32 billion bytes, but not 32 gb. there is a difference. the storage is actually around 29 gb because 32,000,000,000 1024 1024 1024 29.8 gb. it's still a very good value and i would still recommend it highly, but do understand that you are not getting 32 gb."", ""back when i purchased my samsung galaxy s4, the deciding factor between it and the iphone was the capability of sd card storage, so when the chance came to grab a 32gb card for 20 dollars, i jumped on it. it performs flawlessly, and comes with a standard sized sd card so you can fit the micro into it and access it from your computer.folks, if you purchase an android phone with sd card capabilities, don't go for the 32gb phone and pay up to a hundred dollars more. just grab a micro sd card for less, and thank me in the morning!"", 'i purchased new samsung galaxy s4 phones for my wife and me. we wanted to be able to take pictures and family event videos without constantly worrying about not having space on the phones. the cameras on the galaxy s4 are wonderful, but that means bigger files too. these 34 sandisk ultra 64 gb microsdxc class 10 uhs 1 memory card 34 are fast and we have not even begun to fill them up.', 'i upgraded from my 8 gb sd to this one and it was great to have the extra space.no problems with it.i removed the sd card from my phone and copied the files up to my computer using the adapter that came with the new card. i copied the files to my new 32 gb microsdhc and installed it in my galaxy s4 and it worked great.i liked the color. makes it easier to see on my black desk.', 'transfer speeds are amazing, never corrupts files like my old card and it has tons of space! 64gb is really a bunch, spesh for music lovers like myself, itndelivers on recording capabilties too, does not dissapoint. i get a steady 15mb s transfer which is well over the 6mb s i was getting with my old class 6. higjhly recommemd. i got mine for 41 with prime shipping. and yes they work in the galaxy s3 s4 s2, droid razr xt912 hd maxx maxxhd, wii u, you just have to format it properly. on stock format you get the full 30 mb s transfer speeds, yes. but through your phomes which is only limited to its hardware you get half that. youre only limited to what the hardware can handle. thats why they recommemd the 32gb cards as its differect architecture. people complain about the speeds using programs. psh, my new usb 3 car reader tells me i get 60mb s transfer rates! so stuff it!excellent card, excellent quality. i threw it in a cup of ice water and stirree it up in front of my friends and let it sit for an hour while i drank the water and played video games. then took it out and dried it off and let it sit for a minute or two to warm up, threw it back in my phone and to everyones amazement..it still worked. sold. hahaboht two, looking to buy 2 more, now if amazon would only drop the price to 40 again.', ""bought this 64gb micro sd for my galaxy s3 32gb smart phone. not only did it increase the size of my memory greatly, the speed is noticeably better then the 16gb unit that came with my old droid x smartphone. i've put a thousand songs, many pictures, moved many apps to this storage unit and still have many gigs left both on my main phones memory and memory card. i will not purchase any smartphone that doesn't offer sd expansion, and look forward to the next step to 128gb or higher."", 'i bought this 64 gb unit for my new samsung galaxy s iv. i wanted the maximum size for music and the copious number of pictures i take of my kids and other things.i like the read and write speed on this card. i like the size but would have been happier with a bigger card but this is the max for my phone.always happy with sandisk, you will not be sorry you paid a little more.edit should not have put they have never let me down in the title! 3 months in, i have been having problems with the sd card slot on my galaxy s4. not sure if it is the phone or the sd card moving in the slot. t mobile have sent me a new phone so we shall see.edit 2 4 months in and i am having more problems with the same card. i received a new phone from t mobile and the same problem continues to occur. i have formatted the card twice and this gives a little time before the problem reoccurs. i have spoken to sandisk and will call them again to have this card replaced. i will let you know how this goes.', 'it got it because my sandisk 32gb was getting full and had about 2 3gb free. i have no almost filled this one up in a few months and have about 17gb free now. i am starting to need the new sandisk 128gb. i need money and storage. i have been using it without any problems coming up. my s4 treats it nice and i can get decent speeds of about 10 15mb s transfer but i do hate waiting for a gb of 1080p footage to transfer but i guess i would rather have storage over speed. i would recommend it to anyone needing high storage at a cheap price.', ""i bought this extra memory for my samsung galaxy s4. i wish i had known when i bought my phone that android changed its memory management technique between gingerbread and jelly bean! verizon sold me a 16gb samsung s4. i didn't do much research since my old phone broke and i was about to leave on a business trip the next day. come to find out, there are 32 and 64gb versions of the galaxy s4! i never asked verizon if they even carried different versions. well, i figured that wouldn't be a problem... i'll just put in a 64gb micro sd tf card and i'll be all set. unfortunately you can no longer transfer apps to the micro sd card. some apps can store data on the sd card but there is no longer the ability to move to sd. since i travel internationally, i use a lot of gps mapping software and would like to download multiple gigs of map data for offline mapping. as of now, i can only download this to my phone's 16gb memory, and not to this 64gb memory card! pictures except for burst photos , videos and music can all be put on the 64gb sd card. all that being said, this memory card works well, and is priced on par with all of the other comparable cards on the market. if you've got the cash and need the space for music, videos movies and or pictures just not apps then i recommend picking one of these up."", ""see,,, i own an htc hd2 with cyanogen android rom on it,, i wanted maximum memory capacity for various storage needs including shooting hq videos ,,, i used to have a patriot 32gb class 10 on it but the performance wasn't up to my expectations ,,,this badboy right here peroformed like a champ on my smartphone ,,, alert it works on htc hd2 ,,,,once i popped this card on my laptop to transfer my data on it,,, i got no less than 14mb s write speed which is above the specs of the this card,,,apps access in faaast ,,, so far i'm pleased with it ,,, i'll update this after a while when i use it intensively ,,,well done sandisk ,,,"", ""sandisk sdsdqua 064g u46a ultra 64 gb microsdxc class 10 uhs 1 memory card. not much to say about this card other then the fact that it is working well. my research had me believe that this was a good and fast card and i have no complaints using it in my galaxy note 3.using samsung's 'kies' files transfer app on my mac, i've had no problems transferring music, videos, docs, and other files to and from this card."", ""i have a lot of music 59 gb and many videos and movies i like to take with me i'm a video producer so i was thrilled when i learned that the s5 would take a 128 gb chip. i've always liked sandisk products, and this is no exception. it's now at home in my s5 with about 50 gb of free space. that means i can shoot 34 quick and dirty 34 videos for location scouting and other purposes with the galaxy's excellent camera without worrying about running out of space. when i get back to the office, i can simply transfer the files to my computer and delete them from the card."", ""bought this for my htc evo 4g lte, it works great, i knew in order to use such a big card it had to be a class 10, and i only trust sandisk, samsung, or kingston with my memory cards. this one works well, it did take about a day for the 34 bugs 34 to be ironed out and let the evo find its paths back to its files. this is a very good stick at a very good price. the first one i got from amazon was damaged, they quickly replaced it..... with one that was lost by fedex!!!! i called up about a week later and they overnighted a new one, and paid for weekend ups delivery! i was amazed at the service from amazon on this.all in all, it doesn't get much better than sandisk for memory, and amazon for the place of purchase. don't hesitate to buy this card for your high end phone. i know for a fact that the htc evo lte galaxy s3 can run this card."", ""i wanted to upgrade my htc evo micro sd card. i found this sandisk at a good price. i have had few sandisks earlier and had no problems with it. i ordered and it was shipped fast. it comes with sd adapter and makes it usage as regular sd card. i unmounted the existing card from the phone, copied over the contents from one sd card to another using adapter and loaded up the new one. works great. i didn't see a huge difference in speed, but may be i didn't run any speed tests or anything. i like the price for the brand and 32gb card. i will recommend it."", ""from what i've read, some galaxy users have had problems with microsd cards, but this one works great so far lots of apps are willing to store their data on it, and samsung's built in camera is able to put its photos there instead of in the system memory, so it helps free up a lot of space for apps and things that have to be in the system memory. i've put all my mp3s on the card as well and they play back perfectly using both the samsung music app and google music."", ""the sandisk ultra 64 gb is just a storage device, so i don't find that there will be many features to get excited about. that being said, it is advertised as having 30mb s transfer speed, but this is misleading. it can read up to 30 mb s, however, and the packaging says this too it writes at a slower rate. i used this for my phone too much music and had the stock 8 gb microsd that came with my phone. i had about 6.5 gb of data that i wanted to transfer back to my new microsd card, and this took about 30 minutes. if this were a strict transfer from my internal hard drive to an external it would be faster, but this is not such a connection. it lost a star because the transfer took so long, but in reality, i don't expect to be transferring 6 gbs of data anytime soon so this problem will be minimal for me. other than that it works great, and i have not had any issues with the formatting or reading."", ""i had an htc evo design 4g and i added this card to it. it was like 4x faster to transfer files to it from a computer and games like n.o.v.a. 2 which put a massive amount of files on your microsd loads so much faster. i put all my apps on my sd and noticed no difference in performance of the games or apps.i had one problem though, and it was that my phone would repeatedly say that the card was unmounted or it couldn't find the card. popping of the battery cover and pulling out the card and reinserting would fix this, or just a reboot. i thought this was the fault of the card, but since i have upgraded to an htc evo 4g lte, i have had no issues with the card.so, if you have issues with your phone not reading the card, it might be your phone."", ""love having all this extra space available. sux that in future phones, android is moving away from sd slots. i love having physical storage available, if i delete something from the cloud i can't recover it. with this that's not a worry.the only reason i didn't give it 5 stars, is because sometimes it feels a little slow. but it's nothing i can't deal with."", ""i've just plugged and play on my galaxy s3.it is very cheap for extra 64 gb. if you want the same on an i phone, you'll pay us 100 per 16 gb, with a 2 year contract with your carrier .i do not remember the last time i downloaded the pictures to my pc...i took hundreds of 8mp pictures and a bunch of full hd videos, i have around 30.000 mp3 and i still have space.i just love it!"", 'i bought this to stash all the ones i would watch on the go the movies and songs that i previously owned to my new galaxy s4. i am extremely impressed with how fast the device works outside of the phone and inside when used by the phone. it is dramatically slow when the phone with the sd card in it is wired up to the computer via usb, but that is really unrelated and the process isnt painstaking. fast and huge in capacity, definitely a must for enthusiasts.note as of ics, android has stopped allowing the movement of apps into the sd card. so if youre planning on installing games onto the card, you will need to have a rooted phone. the card is very useful for other things music and video, and roms if youre interested even then.']"
249,"sandisk ultra microsdxc uhs card was crippled despite product description saying it works with any micro-sDxC compatible device. it was not replaced if you're using the phone, you can return it for a 32gb.","['the docs for my smart phone said that this card would work in it. after talking to sandisk support i was told that a 32gb card was the max for my phone. so i returned this card for a 32gb. this card is probably a very good product. just the documentation for my phone was bad.', ""picked this up on sale.. doesn't work, only shows up as a 1mb yes, megabyte card that i can'd do anything with. i already threw away the original packaging too. i'm sure returning it is going to be a huge pita because of that.update after writing this albeit, short review i found this is not uncommon. i also found that this card was deliberately crippled despite the product description saying the sandisk ultra microsdxc uhs i card works with any microsdxc compatible device. that was all the motivation i needed to process a return on it rather than having it replaced.""]"
250,"the card is fast and provides the most storage you can put on your mobile device at this time. it is also water proof, shock proof and comes with lifetime warranty. if installed you will not get the full 32gb from the'sd card'","[""i got this memory card for my samsung galaxy s3. i was running out of room on my sandisk 32gb class 4 micro sd card. i also wanted a faster and more durable card. i was hopping to put lots of media on it. in addition to nandroid backups and custom roms. i later found out that since this card is formatted in ex fat it would not work to make nandroid backups or flash custom roms. most custom recovery and custom roms dont work with ex fat. so my only choice was to format the card to fat 32, which meant i couldn't put any files larger than 4gb on it. besides that this card is great and very reasonable price of 50. if your some one who doesn't root their phone or put custom roms, nandroid backups or put files larger than 4gb than this will not affect you. this memory card is fast and provides the most storage you can put on your mobile device at this time. the card is also water proof, shock proof and comes with lifetime warranty. ive never had any issues with sandisk memory cards or usb flash drives. they last a really long time."", 'at the time of writing this review i bought three of these memory cards in last couple of weeks, for work related phones. they work fine in the samsung galaxy s3 mini phones. we are happy with the read and write speeds. one small note of caution the price that can be paid for these can vary, so please check around and save a few extra dollars. when installed you will not get the full 32gb from the sd card but that is to be expected, so please bear this mind.', 'the 32gb holds alot and when they say that this memory card is fast, they mean it. holds everything i need on my android phone and works well with it. had a few issues with the phone primarily but it was resolved when i reset the phone note the phone is an old sony xperia ion lt28a and has had issues from overuse so i needed to reset it regardless of the memory card . once i finished setting up the phone and memory card from factory specs the devices worked like a charm. still would not overrate it though so 3 like most of my other reviews.']"
251,"samsung galaxy note 10.1 2014 edition 32gb tablet was a christmas gift. it was recognized upon boot up after the installation, but it wasn't re-installed - it is more than sufficient for all my tasks.","[""this is great! this is why i don't buy apple products and get charged up the for non expandable memory. expandable memory is dirt cheap these days for how much you get and it's more reliable than apple. works like a charm. i've got two of these, one in my phone and one in my tablet, and i've never had any problem or inconvenience with either of them."", ""i searched for an inexpensive 64 gb micosdxc card for my new samsung galaxy note 10.1 2014 edition 32gb tablet and this one caught my eyes regarding positive comments and price. the note was a christmas gift and it will be used for media entertainment while on business travel and as a replacement for an aging toshiba notebook. there were no problems with the install ... the card was recognized upon boot up after the installation. i don't require great transfer speeds for my tasks. a quick test using es file explorer copying a 400 mb media file from the tablet os card to this expansion card yielded 10 mb s write and 40 mb s read speed, which is more than sufficient for all my tasks. as a bonus, i added this card to my shopping cart at 46.99 and the following day the price dropped to 37.99. that was all the incentive needed to push the 34 place your order 34 button. i can't speak much of reliability since i've had the card installed for less than two weeks. so far it has been stable.""]"
252,sandisk is quickly becoming the gold standard for storage.a great product. not much else to say an'sd card' is a performance met expectations have had good luck with the card.,"[""it's a memory card. it works great. what else do i need to say? sandisk always makes high quality stuff...i am not worried at all..."", ""i'm not going to go into any technical specifications here.it's enough to say that this sd card does exactly what it is supposed to do.reliable and secure. sandisk is quickly becoming the gold standard for storage.a great product."", 'not much else to say an sd card is an sd card performance met expectations have had good luck with sandisk']"
253,the iphone is just easier and takes a better picture for some reason. it has worked well so far 7 months.,"['good for the price and so far it is working just fine on my phone. finally i can now save pics taken from the camera and things i download.', 'we bought this for our new camera when we were expecting our first child. we use the camera about once per week the iphone is just easier and usually takes a better picture for some reason and we transfer the photos to our pc. it has worked well and we have no complaints so far 7 months .', ""bought this for my phone so i don't have to constantly transfer pics to my computer. works great so far!""]"
254,"the provided adapter, speeds ar always better for both read write. the average should be 20mb sec anyways as per what i've seen and is a heavy user, like if there is an 256gb microsdxc available, it would actually cost 2 times of this one, but works similar to this, so","[""i've been trying for a while to get a hold of a 32gb micro sd for my phone and tablet. it's pretty fast compared to the 16gb cards i've been using. i really saw the performance boost with my phone, which i have many apps, pictures, music, and other documents on. the phone boots fully stable in about 2 mins as apposed to 5 6 mins. my computer also can write to these cards much faster than the 16gb ones i was using. if you phone, tablet or any other device can support it i recommend you purchase these. also you pay like half the price using amazon as opposed to other retail stores who's price is at least double or more. i've seen these same cards going for about 72 in my area."", 'liked the first one i purchased so much, i bought a second one. very, very fast read and write speeds at a good price, plus sandisk has the best software and device compatibility. forget thumb drives this is your most flexible, durable option. use direct in your tablet or smart phone and or buy a decent usb card reader you can load this in and, voila, instant super speedy, upgradeable thumb drive. works great in my tablet and in my newer card reader and still kicks the butt of every thumb drive i know of even when used with my old plastic usb 2.0 card reader held together with scotch tape, lol. have purchased several microsd cards since they first came out, from 2gb to 32gb, and all still work fine i cannot say the same re the thumb drives i purchased during that same time period.one point beware of counterfeits. samsung is the number one brand so, unfortunately, they get counterfeited a lot. so check reviews and only buy from a reliable seller. i suggest buying direct from amazon or memory mogul i have purchased from both with no issues.', ""works as specified, received in good condition from amazon, using since a few months, in a smartphone, it doesn't get better than this if you're using sandisk in terms of speed and space. you can expect speeds upto 28 mb sec for write, about 30mb sec for read, with the provided adapter, speeds ar always better for both read write, using smartphone to read write, speeds would be lesser mostly, but average should be 20mb sec anyways as per what i've seen and i'm a heavy user, like if there is a 256gb microsdxc available, i would actually buy it, tried the extreme version with 80mb sec, costs 2 times of this one, but works similar to this, so dont waste money on name that doesnt deliver, buy this if you're buying to sandisk"", 'does the job. this item is available almost anywhere, but amazon had it for the lowest price. my girlfriend needed an upgrade for her smartphone and this memory card works quite well. she has tested it by shooting some sample videos and they came out very clear. she said there is plenty of room for apps, games, photos, and of course, videos. i highly recommend this all who need it.']"
255,"the card worked great in my gopro hero 3 black edition. amazon won't take it back, and i've got an email into sandisk to see if it can be replaced. thanks so little.","[""for the first two months, the card worked great in my gopro hero 3 black edition. then, one night, it randomly stopped working. amazon won't take it back, and i've got an email into sandisk to see if i can get it replaced. now i'm out 52 and now can't use my camera. thanks so little."", 'randomly died out of nowhere. i have the camera on for about 2 min and the card worked. turned the camera off and back on a few min later and the card no longer worked. i have no idea what happened but this seems to be a common problem with these cards.']"
256,sandisk's quality control department should up their game. he also read a lot of reviews saying the card they got were also defective.,"[""i bought this primarily to use in my surface pro. it would randomly dismount itself. i do not know if it was the surface's fault or the card's fault. upon doing a little internet searching, i found this to be a common problem with sandisk cards and the surface pro. i used another brand microsdxc and it has worked fine."", 'i loaded this memory card into my tf700t and could not get it to install. i found it to be a format issue and could not reformat it to get it to work. i sent it back and got the class 10 sandisc card non ultra and it loaded perfactly.', ""i've requested a replacement, so i'll update this review after i receive a replacement. but the first card i got, it could be read, but every time i put it into the computer, it said there were errors with it. it couldn't repair the errors. i couldn't even format it using a command prompt to try and get it to work. i could create folders on the card, but not put anything into them or onto the card other than folders. i tried many many things and nothing worked. i know sandisk makes decent products, so i will change the review later."", 'the card only read as 27 gb not 64 gb. i have formatted in various formats with various tools, and operating systems. i ordered a replacement and concluded this was a dud. good luck buying this product, rest assured amazon has a good return policy.', 'i am hoping that i received a defective product and that my experience is rare, but this product did not work as intended. i was replacing another 32g micro sd card thinking that, because this is a class 10 rated product, it would be faster. it never worked correctly. it kept dismounting unexpectedly, losing data, and was just not worth the money at all! i ended up using my slower rated product which has worked reliably since the day i bought it. i only wish this product had done the same.', ""after i inserted the micro sd card to the adapter i can no longer removed it from the adapter. it was stuck inside the adapter permanently. i definitely received a defective item. i also read a lot of reviews saying this card have bad sectors.another, while i was transferring from my computer the transferring of files suddenly stopped and said there was an error.sandisk's quality control department should up their game. they're selling products to the general public that are defective and flawed not all of them but a lot of them . it's just not me. i also read a lot of reviews saying the card they got were also defective.""]"
257,the micro sd card works flawlessly in my razor maxx hd and asus transformer.,"[""bought it with retail packaging, arrived legit, in a orange envelope, english version not asian like the picture shows. arrived quickly, bought a 32 and 16 both retail packaging for my htc one sv and lg optimus, both cards in working order, probably best price you'll get for a nice sd card"", 'got it on time in a simple but secure packaging. inserted it and worked without issues. comes in a clear plastic case with an sd adapter. the is the typical sd case size.the sale price of 16 and change was great as well.love it!', ""works just fine. haven't had any issues. bought another 32gb micro sd mini but haven't used it yet. so far i'm pleased with the purchase.ordered the hassle free packaging and the card seems legit. decided to order the retail packaging for the other card since i read stories about fakes being shipped to people."", 'i have an asus tf300 16gb, and i just plugged it right in and it worked without a flaw. the only annoying things, the card may get stuck in the sd adapter, so you might want to be careful with that. other than that its great. shipped on time, great prices, these are regularly like 70 to 100', ""i'm not quite sure how to review a memory card, but here it goes... i got the 32gb version and it works perfectly with my galaxy tab 2 7.0...and that's about it haha. the amazon frustration free package was pretty nice and i also liked the little plastic case and micro sd to sd converter it brought."", 'this 32gb microsdhc card replaces a 16gb card. ordering was easy, the price was good and the product arrived well packaged and fully functional.', 'came in genuine retail packaging, works great with my camera. works great with my computer. i like the colors, it makes it easier to find in my dark camera bag where the tiny black ones get lost in the fabric.', 'great memory card, i love the fact that this came in frustration free packaging. and even better, it also came with an sd adapter for free! thanks a bunch amazon and sandisk.', ""memory cards arrived on time and i was greatly appreciative of the frustration free packaging. if people would only stop stealing the stuff off shelves then we wouldn't have to deal with the frustration free packing would we!trued it out in my samsung smartphone and it worked without a hitch."", 'good price. works as expected. nothing much more to say abt a microsd card honestly. the frustration free packaging is really good. definitely better than the retail packaging.', 'this micro sd with adapter works fine. i have no complaints. if there was one thing i would wish for is a little less packaging it was over packaged for something sent mail order.', ""love the micro sd card. it's everything i wanted and needed. the packaging was hassle free and easy to open"", 'the packaging opens very easy and the micro sd card works flawlessly in my razor maxx hd and asus transformer.']"
258,the sandisk 32gb microsd class 10 is a reliable card with amazing transfer speeds. no noticeable lag transfering even the largest raw images to it - no problems so far and is suiting my needs quite nicely! it works like it's supposed to.,"[""the sandisk 32gb micro sd class 10 is a reliable sd card with amazing transfer speeds. there is no noticeable lag transfering even the largest raw images to it. hadn't had any problem with it."", ""what is there to say about a sd card. it works, and it's a class 10 card. the price was decent. i needed one for my android tablet, shopped around and this one seemed like the best choice."", 'fast , no problems , i loved the price and it worked immediately , never caused me any problems.... oh just remembered when i place it into the sd card to make it fit into the pc ,,, usually the micro sd get stuck in the holder , that i did not like', ""it was what i expected.didn't test his real speed but as price and size and with adaptor from microsd to sd card for me was ok."", 'this class 10 micro sd card has worked flawlessly, the adapter has also worked well, but the parts are so small it can sometimes be hard to handle. worked great overall. good performance.', ""there's not a lot one can say about a micro sd card. this one has this cool red stripe on it. it's class 10, making it fast. it works. 'nuff said.my application was for mounting in a microsoft surface rt tablet. i encrypted it with bitlocker to be safe. no problems."", 'this card was great! i originally bought it because it was cheap for being a class 10 card and having 32gb of storage. no problems so far.pros cheap, most other cards would cost a lot moreclass 10, 32gbfastworks on smartphonecon none so far', 'good price for a good size micro sd. not the fastese card that i have used but for the price i am satisfied.', ""i have no complaints. i wanted a good class 10 microsdhc card, and this does the job. it has no difficulty keeping up with recordings, photos, music, downloads, etc. finally, a microsd card that doesn't bottleneck my download speed!"", 'i have no complaints. the micro sd is very fast and fits nicely into the adapter as well. great buy.', 'a class 10 micro sd with 32 gd and san disk...its great! no problems so far and is suiting my needs quite nicely!', ""it works like it's supposed to. no lost files yet and it's big storage for it's microness. class 10, highest class so far!"", 'i needed a class 10 micro sd card, and this small size, large memory. works just fine. the price was very good as well', ""i've heard bad things about this 64gb micro sd card crapping out after a few weeks but sk far so good. transfer speeds are normal but i like to be space. for the price it was a steal!would recommend.""]"
259,the adapter that came with it failed horribly after 4 days. it fits snugly into the latching system a recent store bought one wiggles?!?,"['quick little puppy, sandisk makes nice quality stuff with one exception.the adapter that came with it to let it work in the bigger slot failed horribly after 4 days.adapters, psh!but my transformer likes it, treats it like a child and it fits very snugly into the latching system a recent store bought one wiggles?!?', ""this is the largest capacity micro sdhd card that will work in theasus memo pad smart me301t a1 bl 10.1 inch 16 gb tablet blue . the card itself works great, but the adapter is defective. if i didn't already have another adapter, i would have to return this item."", ""it's the wrong one because i thought i was getting the 64 gb one. i need to know how to return this one and i will reorder the right one.""]"
260,the s3 camera app did not notify us that burst mode shots will still write to the phone's internal memory. it works fine if it is able to store thousands of photos of the phones - but it doesn't work properly. i bought this to go in my galaxy '3',"[""ok so my dad needed a microsd for his gs3 galaxy s 3 because he was using way to much space with videos and pictures he isn't one of the most tech saavy people in the world so i got this for him. does it work yes it does and very well i might add. like i said my dad doesn't work to well with tech and if a microsd slowed his phone down when it saved pictures or videos or ran apps from it he wouldn't be happy and wouldn't know what to do with the problem. this card experiences no lag 3 months in the uhs i speed class really lives up to its potential here. best of all, perhaps a little known fact to most of you, this card is waterproof, so you get your phone wet and it dies, don't worry this card is still perfectly fine just pop it in a new phone and there's all your stuff! no cons as of yet will update as needed."", ""the number 1 thing that's important about a product is that it works and works well, and this card does.before purchasing, make sure your phone or camera supports this card. i'm currently using this with the galaxy s3 and it's been working flawlessly. so far i have only used 16gigs of the sd card and the s3 phone loads everything in a couple of seconds every time i have restarted the phone.just because the card is class 10 does not mean it will make your device faster. the device being used has to be capable of supporting the card for them to work together harmoniously.also, some devices like the galaxy s3 do not require the card to be formatted and it can be used straight out of the box. with a 59 gig capacity as the rest is reserved for the card software i do not have to worry about running out of space anytime soon as i was with my previous 8 gig card."", ""i don't have too much to say about an sd card, but i wanted to at least give it the 5 stars it deserves. we used it in a galaxy s3 and it has worked flawlessly so far. i haven't run any benchmarks to confirm the speed, etc but it does not seem to hinder the phone or camera which we now have saving photos videos to the sd card in any way.i will point out the the s3 camera app did notify us that burst mode shots will still write to the phone's internal memory. potentially due to the high date of data being written. that's good to know if you use burst mode a lot and were hoping to use an sd card for that purpose."", ""works great for the month i have had it in my galaxy s3. i purchased this to go in my samsung galaxy s 3 and was super excited i didn't need to buck up more money for the 32gb phone. well dumb me did not know the the sg3 does not allow apps to be moved to an external sd card. i thouhgt i had researched everything but i missed that. the card works fin and i can store umpteen thousand pictures not that i have figured out how and i might even be able to figure out how to put a movie onto it but what a waste of a great sd card.pro top of the line cardcon ssg3 and most new smartphones won't allow apps to sd even with the micro sd card option on the phone"", ""i bought it for just 23 usd, it is very fast and reliable, simply the best option for a 10 class micro sd of 32gb.update 11 08 2013don't buy it for using it on a samsung galaxy s3, there's seem to be an issue between the phone an this particular reference that makes that after a while the microsd card lost its data and get nonfunctional. i can't be repair after that, so it gets totally useless. you can tell the card is going to fail before it's too late because constantly the phone shows a notification indicating that the card was ejected and it needs to be mounted again. when this happens i strongly recommend you to backup your data and change the microsd card of your phone and use it in other device before it gets corrupted.""]"
261,use action cameras and they work just fine with no issues. use them with my gopro black edition and it's the best value for a 64gb class 10 micro sd.,"['using it with action cameras and they work just fine with no issues. tend to be getting around 2hrs when filming at 1080p 30fps for the 16gb card', 'i use mine for my gopro black edition and its working well with it. no freezes, records writes up to advertised speed.and more importantly, its the best value for a 64gb class 10 micro sd', ""i use these with my gopro hero3 and to date i haven't had any issues with them. i have two of these and they record about 8 hours of video each, so theres more than a day worth of filming you can do these.""]"
262,"samsung's mother would have felt very comfortable with talking her mother through such an easy procedure. it works, got on black fri deal or would've been cheap and gotten 16 32gb. if she ever need to insert the card into my laptop it will come in handy - it'll work, it would be cheap","[""reading through the reviews i expected to have to jump through a hoop, or do something crazy special to make this work. the instructions say only up to 32gb is supported in my device.the card arrived. i chose the hassle free packaging... best choice ever! inserted into the phone, booted up and chose format just in case on the card. the card formatted and i was presented with around 59gb free. easiest ever. very happy being able to start moving my music from the ever so aging itunes to the card. the read and write speeds are more than acceptable, much faster than any of the other microsd cards that i have. i'm a very technical user, but would have felt very comfortable with talking my mother through such an easy procedure. i am going to assume it would work the same for the galaxy siii s3 .not much more you can say about a boat ton of storage in a small container. 5 star!"", 'just received this today. removed it from the packaging and inserted it into my samsung galaxy s3 verizon and powered the unit back up and the storage was available. no formatting required. worked the first time out. settings showed 29.71gb of total space 32gb version and 29.71gb of free space. i like the fact that a sd adapter came with it. should i ever need to insert the card into my laptop it will come in handy. yes i can plug my phone directly to my laptop but if i ever swap this 32gb card out of my phone and replace it with a 64gb version, i can use this 32gb version via the adapter for other purposes.', 'it works, got on black fri deal or would have been cheap and gotten a 16 32gb. nice to have endless room....i already have watched a movie while surfing net on phone with pop out player . i have such a awesome phone now. it comes with a standard sd card adapter!!!!funny story i plugged it in and went to format and my phone wanted a password to format card. dude i could not find anything about this and online some people asked the same question. well, i realized what it was. if you have a lock screen on your phone, then it also puts that lock on formatting your card. what a great idea samsung thank you! what a duh moment for me.']"
263,"the last one i received died in less than 2 months. odds are yours will be fine, mys is that you cant give zero stars if you don't like it, you may end up with a sandisk customer service service that replaced it - and it's not the best one to give 'zero","[""got this product and it was fine until it just stopped working...the last one i had that came with my droid x on release day worked for the whole time since i got it without a hitch...i get this one and it's dead in less than 60 days...i don't know if i got a lemon myself or the whole supply is bad or faulty... all i have to say is i am very displeased!"", ""the first one i received died in less than 2 months. it just stopped reading lost all that was on the card , but sandisk customer service was excellent and replaced it. not so enthused about the speed. transfers between phone and pc usb 2.0 weren't impressive in my opinion, slow, but the bottleneck could be the phone, but still..."", ""spent over 50 and the thing came fast and didn't work. neither my computer nor my phone could read it or format it. i have had plenty of memory cards, so i know to unmount it with software. odds are yours will be fine, mine sucked,"", 'the only reason i give one star is that i cant give zero stars.just lost all my files in the sd in my s3. i cant believe i trust my valuable information in this company. avoid this item. dont recommend it.', ""i got this product exactly 1 month and 3 days ago. prior to today, it was working fine. out of nowhere, my micro sd card can't be read anymore. i've tried several phones, and 3 different laptops both osx and windows 7 , and it doesn't even show up anymore. be weary of the product. you may end up with a lemon.""]"
264,"the 32gb card was immediately recognized by the system. it snapped in half on first use, and it all works flawlessly! the card is now available on my tablet and has 128 GB of storage on it.","['lot of questions about this memory card fitting the samsung galaxy tab 3 10.1 tablet. it fits and works no problem at all. the only thing is that after installing, instead of showing 64gb available, it only shows 59gb.tried formatting the card but with same results.have no idea if this is a limit set by the the galaxy tab 3 tablet, or is it just 34 normal 34 to buy 64gb and get less than that.as this is surely not a problem coming from the sandisk memory card, my rating is a 5 star. excellent price, works great, and very quick delivery.', ""got this yesterday, the 64gb item. installed it in my new samsung tab3 and turned it on. the tab3 saw it right away, and i decided to format it,,, only took a couple of seconds and i was good to go. it shows that i have 59,000 memory units available, they must use the rest for overhead i guess. i haven't used it yet, but i am sure it will work fine. if i have any problems i will note here,,, also if i have great praise for it i will note that also. at 34.99 i guess it was a good price as i see it is now 46.00, maybe i shoulda ordered two of them. this is my first time for a lap top, and i will be on a big learning curve. i got the lap top at costco last week,,,,,,,, i sure hope a old dog can learn new tricks....."", ""installed as sublimental memory for samsung tab 3 8 inch tablet. doesn't look like apps can be installed on the card, but that is a tab 3 issue, not a san disk issue. something to think about when chosing your tablet. i plan on installing a lot of memory hogging field guide apps, so thetab 3's 16 gb built in memory may be a problem for me. on the other hand, i have a lot of music, so the sd card will be useful."", ""the chip worked fine, fit perfectly, but it is so tiny, if it falls out you are going to have a hard time finding it.if your application is a tablet, or pad, if it has a 34 push in 34 holder...you will want to put some tape, or other securing agent across the top of the chip and onto the table sides. if i had thought of it, clear finger nail polish would have worked just fine, or even a half drop of super glue on the top.i didn't, and it's forever gone now. i changed from android to ipad and very satisfied that i upgraded to apple."", ""this is the second one of these chips that i received. the first either had a latent physical defect or damage in transit, but it snapped in half on first use. i was really bummed, but determined to try again. this was a breeze! the chip blazes, doubled the capacity of the 32 gb chip it replaced in my asus tf700t tablet, and holds all of my music and documents with plenty of room left over! i now have 128 gb available on my tablet, and it all works flawlessly.anyone that is looking to upgrade needs to do a little due diligence in determining that your device is able to address 64 gb's, but with that reservation, i strongly recommend this little gem!!"", ""we bought this card to use in a samsung tab 2 7 34 , since it came with only 8gb of storage only about 4gb left after all the junk and bloatware it comes with. we found out we couldn't delete the extra, unneeded apps without messing up the system. with the 32gb card, we hope to not need anymore storage for the foreseeable future. the card was immediately recognized by the system and is intergrated seemlessly. being able to use additional memory storage was one reason we got the samsung instead of the apple products."", 'after extensive review research i wanted the best 64gb available to improve increase memory for samsung tab 3 7.0 many cards out there but this one loaded up quickly and appears to be ready for add on apps and preserving meory storage. the price was right, delivered quickly even with holiday, loaded and was quickly loaded compatible with samsung tab 3 7.0. sandisk actually has a use chart that will show shopper what card to use for their device. very helpful']"
265,"the smart phone is a great addition to an iphone with huge capacity to store data. it is pretty fast to record video, no lag at all during recording. even in my phone this thing rocks!","['it is a great addition to a smart phone with huge capacity to store data. also it is pretty fast to record video, no lag at all during recording.', 'fast as it gets. even in my phone this thing rocks! in a camera you can almost slow down time itself.', 'fast transfers and retrieval of data on phone, especially video shooting. very easy to find becasue of color difference, all black seems easy to misplace of trading out to adapters and such']"
266,"the card is very fast when writing to it or reading from it. i would definitely recommend it to others, especially if you have a galaxy s3 and want some more storage space on it.","[""great capacity. i purchased this when i first purchased my phone samsung galaxy s3 and have had no issues with it. great write speed. excellent way to store all your music, videos and photos. great to take videos with as well. more than enough capacity for anything i'd need it for on my phone. can't go wrong with the sandisk name either. an industry leader and well known for quality. of course you always want to backup any and all of your data for continuity purposes, but i've never had any issues with this card."", ""i purchased this to expand the internal memory of my smart phone, specifically the galaxy s3. it performs absolutely flawlessly. if you have any reservations about this micrsd...don't. there's no need to format since it comes pre formatted. should you desire to format, do it from within the phones settings and again, no issues. please, turn the phone off and remove the battery before installation...lol"", 'upon inserting my hc 16gb card from a motorola doid x into the galaxy s3 my music would play very chopped and sometimes the files would not work at all. this card not only cleared that problem up but allows me to put my whole music collection on the phone! no complaints so far, does its job.', ""works great in the samsung galaxy s3 phone. i purchased one for my phone and one for my son's phone and they both work great! we've had no problems with either card. my son loves that he was able to put his whole music library, several translator apps and bible versions, along with several movies on his phone to take with him on a mission trip to peru and still had room to store thousands of photos he took while there. being able to use a card like this is one of the main reasons i switched from an iphone to an s3. love it!"", ""i bought this memory card specifically to add extra storage on my samsung galaxy s3. it was very easy to install in the phone and it recognized the card instantly. i turned the phone off before i removed the back cover and installed the card. i am not sure if this is needed, but i figured it wouldn't hurt by doing it that way. after it was installed and recognized, i formatted the card through the phone options. the card is very fast when writing to it or reading from it.i would definitely recommend this card to others, especially if you have a galaxy s3 and want some more storage space on it."", ""i use this card in my samsung galaxy s3 and have not had any issues with it at all. i have had other brand memory cards which have failed and become unreadable in the past, this however has accepted anything i throw at it. i use it to store all pictures that i take on the phone currently 1,700 , music and videos. i have mp3's and a few movies on it and there is never any lag or random un mounts. i highly recommend it.""]"
267,"the samsung galaxy's3 came with 16 gb, and this cranked it up to 80 bb for only about 65 more. it was removed and reseated, no problem - and none in the months since then the microsd xc i class 10 memory card works perfectly. amazon shipped it","['a 32gb micro mem card for the samsung galaxy s3 is a great addition to and s3 unit! never a problem with his card and i can expect a long life out of this memory card too!', 'no samsung galaxy s3 should be without one! this should last me until 128 or 256 gb models become available. does not fit the iphone! no iphone can accept micro sd memory upgrades. buy a samsung phone instead!', ""i'm using this with my samsung galaxy s3 to expand the built in 16 gb memory. my modest music collection uses about 10 gb, so i needed this micro sdhc card for a little more breathing room. i went with 32 gb which should last me for the life of the phone. i've been using it for a month with no problems. if your phone supports micro sdhc memory expansion, this is the one for you to get."", ""bought this for use in my phone to expand the memory in it. i have the 32gb gs3. i wanted to double the memory of my phone but i wasn't sure if my phone would take a 32gb card it did and i'm happy with the product, i also loved the easy open cardboard packaging. i like that it's easier to open and ship but mostly i like that it's not plastic since i hate the excess trash that puts in landfills."", 'i purchased the samsung galaxy s3 because i could expand the memory, and this card is how i did it. the phone came with 16 gb, and this cranked it up to 80 gb for only about 65 more buying this much memory already installed would have been much more expensive . i have about a half dozen albums, around 40 or 50 tv episodes, and maybe 16 full length movies on the card, with room to spare very nice when sitting on a long plane ride! the only problem occurred the day after i put the card in it gave me an error message, but when i removed and reseated the card, no problem, and none in the months since then.', ""couldn't ask for more! the biggest micro sd card for the most awesome phone the galaxy s3! put tons of my music library on the card, full length movies, and have crazy space available. i love having space to spare and not have to worry about every running out.highly recommended! don't buy this from at they are asking 130 dollars for the exact same card!"", ""i wanted to upgrade my 8gb microsd card for my samsung galaxy s3 with more memory. the sandisk ultra 64gb micro sd xc i class 10 memory card works perfectly. recognizes with 59gbs available blank. my mp3s, mp4s, wmvs, pyvs, etc. all play on demand and without delay or problem. amazon shipped it with trouble free packaging ahead of time using their free shipping option usps and i couldn't be more pleased. i highly recommend this memory card.""]"
268,this memory card holds ten80p videos and its got alot of space. put this is our gopro it is fast enough to capture 1080 videos yep - it's fast & fast too!,"['this is a terrific memory card! i use it with my go pro to capture 1080 video and its got alot of space!', 'this memory card holds a ton of information. i use it for video and it holds 1080p videos like a champ.', ""really fast memory card, go along well with the gopro. front side feels great in the hand so you won't forget to put it in the save area when you are grabbing it"", ""yep, put this is our gopro it's fast enough for me. small for my hands but it'd probably the last few years we have to touch things, before everything is wireless. meaning wifi transfer in the future changes for all these type of things.""]"
269,"samsung galaxy relay 4g has the write speeds expected and gets the job done. would recommend a different card if you plan to go to 64gb, buy the uhs 1 and write at much higher speeds and has less lag. wouldn't buy this again for the cheap price, fifty elsewhere.","['love sandisk, never had a problem with them and still have not. popped this into my samsung galaxy relay 4g running android 4.0.4 and the phone detected it without a problem. has the write speeds expected and gets the job done. would recommend a different card if you plan to go to 64gb, buy the samsung uhs 1 sdxc, writes at much higher speeds and has less lag. would buy this again for the cheap price, fifty elsewhere.sincerely, isklcndykid', ""first off i got mine at wal mart but i'm considering the 64gb version as of now but the 16gb card i have is really fast i've actually transferred all i can to it from my galaxy siii because for what ever reason it reads of the card faster than it does from the phones internal 16gb of memory?!?!? i've always used snadisk stuff everything from flash drives, sd cards, and now even a ssd! they make great stuff"", ""had had this for about 6 months now and it's in my samsung galaxy s4. haven't had any storage issues and it was a breeze to put in the phone. i went with sandisk because of their reputation and reliability. sure... i could have gone a little cheaper in price, but it wasn't all that expensive to start with, so why not spend a little extra and get something that will last."", ""pros.1. bigest memory in a microsd card 64 gb .2. you have to format it with a modern device, if not you'll have only 32gb. if you format it with a modern device you'll have 60gb the 64gb is impossible, or at leats i couldn't .3. even if your device says maximum microsd memory 32gb , this memory 64 gb card can works. i tested on samsung galaxy player 5.0, galaxy sii and siii, galaxy note ii phone , galaxy note 10.1 tablet and on all asus transformer. it works fast and perfectly in all of them.cons.1. just the price but you already have plenty of offers. i waited patiently and finally i bought it for 49.9 incredible!"", ""the only company capable of making a reliable micro sd at 64 gigs. in all reality they are the only company capable of making a fully reliable sd card period, of any size and type. despite the galaxy phone issues, this card has excellent read spead, format speed, and decent write speed. i upgraded from my 32gig sandisk that i paid a mere 20 bucks for! in my smart phone to this and had absolutely no issues.as a complete side note, i'm amazed at the capability to fit 64 gigs on a micro sd. i love it. my friend runs a tiny homemade built pc off of a 16 gig sandisk as the harddrive and it works brilliantly."", 'while i prefer the pro sandisk for my cameras, this has worked well in a smaller point and shoot camera, and now in my galaxy siii. plenty of room on it. ultra is not as fast as pro, but plenty fast enough for my phone, including the few photos i take. about 1 to 1.5 seconds to write to it. now getting 64 gb units, and looking at a 128 gb expensive .', 'i got two of these cards for under 40 ea on small business saturday and it was worth every penny. the card is fast, i use it in my note 2 galaxy s4 and i play music while taking sending pictures constantly as well as writing s notes with no lag or stutter at all. this automatically gives you enough storage for whatever you should need, no need to ever buy a phone with the most memory because a 16gb version or whatever the lowest version available is can instantly have 64gb, just make sure it has expandable memory! sandisk may have won me over since i always bought samsung kingston memory, would definitely buy this again!', ""storage prices will always go down though i won't say at what rate over what interval of time, a la moore's law i'm not that smart. at the time i purchased it, it was a very good price for this amount of memory. in a year's time, it will probably be a laughably expensive sum for a pittance of storage. oh, well.with it in my phone, i don't have to worry about the number of photos or the duration of video i take."", ""i chose this for it's size, both physically and virtually. i recently got a new phone that can support 64gb and because i have a lot of music photos and videos, this was a no brainer, especially since it's rare to find any other 64gb micro sd, sandisk is the only one i can find, but that's not a bad thing, i trust this brand. it's kind of hard to review a micro sd because if it works, it works, there's not much to it."", 'price of micro sd per gb is much lower compared to a few years ago.works fine with lg g2x and galaxy note 2.with all the new phones with more than 6m pixels and 1080p video, your internal storage is going to dry out very fast. external micro sd is definitely a must.4gb and 8 gb are running out very fast . 32gb is definitely a welcome especially if you buy it during the sale pro 1. bought this during sale under 25 usd.2. class 10 fastest for now 3. trusted brand sandiskcons none.', 'i purchased this micro sd card with adapter to supplement my ultrabook which came with a msata storage of only 128gb.the 64 gb sd card is a whole lot of storage and the prices of these have fallen to low in recent times and believe will fall further as newer technologies will come.i would recommend this 64gb original sandisk micro sd card for anyone who needs large storage space at good prices, especially for the samsung galaxy s2 s3 or the ultrabooks.']"
270,sandisk ultra 32gb microsdhc is a big name in storage. the card has worked flawlessly since i installed it on my tablet - and has had no problems with it whatsoever. it's noticeably faster than the class 4 card he replaced. this card is fast and easy to use for my galaxy note,"[""i purchased the sandisk ultra 32gb microsdhc for some extra storage room for my samsung galaxy note 10.1 tablet. i was considering the 64 gb, but went with this card because i have the 64gb version on my galaxy note 2 phone and i have never come close to needing all that space. granted, i don't store any music on my phone but i do take a lot of photos videos and store as many apps on the microsdhc card rather than use the phone's internal memory.for the cost savings of going with the smaller 32gb card, it was a no brainer.the card has worked flawlessly since i installed it on my tablet and have had no problems with it whatsoever. plus sandisk is a big name in storage so again, it's a no brainer buy it!"", 'this will be a very unscientific review as i did not conduct any benchmarks.purchased this card for my galaxy note 2 since t mobile only offered the 16gb version of the phone.review i researched this purchase prior to buying it on amazon so i was somewhat hesitant to purchase this card and have to jump through hoops to get it recognized by my galaxy note 2.when the card arrived i immediately put it into my phone. the card was instantly recognized and the phone booted up and mounted the sd card without any prompting.boot seemed very fast, faster than the stock card that came with my phone. again, unscientifically, this card seems much much faster than my old card. all my movies and photos seem to come up quickly without much delay.my usable space reported is 59.45gb.i highly recommend this card to anyone. it is extremely fast and very easy to use for my galaxy note 2 phone at least .pros phone boots faster a lot of space to store movies, music and pictures worked the first time i plugged it in without any special hoops to jump throughcons none', 'i use this card in a galaxy note 10.1 and i have been very pleased with its performance. it is noticeably faster than the class 4 card i replaced. i use it for storing and then watching movies, and it plays them back with no observable buffering time. it is also fast for writing photos or videos that i shoot using the camera on the tablet. and the cost was among the lowest for cards of this storage size and speed class.', ""the card i received works perfectly in my samsung note 2. it comes with a converter to normal sd size, and i used it to copy music and photos from my imac to the card. it picked up straight away in my mobile device and works fast enough for taking pictures and videos with the mobile.delivery was fast as usual from amazon, and packaging was good.on a sidenote, i own a couple of dslr cameras and generally prefer the sandisk brand for my memory cards. i've seen other brands fail at the most inappropriate of times, but never had a failure on a sandisk."", 'i bought this card to go with my new samsung galaxy note 10.1 2014 edition. after using it for a few days with only the onboard storage, i felt the need to have a little more space. the price for this card was just right, and i have always had great success with sandisk memory devices, whether they are usb or sd or what have you. i use this card to take all sorts of music and movies with me whenever i have to go anywhere, and there is absolutely no lag or hiccuping on playback. i also set this card as the default to store photos and videos taken with the tablet, and there is no noticeable delay when taking photos. this card works so well, i just bought a second one to replace an old 8gb card in my phone.', ""i bought the 64gb version for my samsung galaxy note ii and it works great. didn't need to format or anything. opened the box, popped it into my phone and it worked just as expected. transfer speeds via usb connected to the phone and direct via card reader are both fast.i also bought the 32gb version to use with included sd adapter in my canon sd4500is. again, just popped it directly into my device and it was ready to go. very happy with both products. i've used many sandisk flash cards in the past without issue so i expect these will hold up extremely well over time as well. it might be a few more bucks than some lesser known brands, but i feel its worth the premium."", ""i purchased this sandisk 64 gb memory card so as to get the full benefit for my samsung galaxy note 8.0, when i received it from amazon, i just inserted it in the note 8.0, and within seconds, it was recognized shows as 59.47 gb and i installed ebooks, magazines, music, pdf files, photo's and several full length movies and still have much more room to spare. the price was right and i wanted the 10 uhs 1 speed so as to take full advantage of my note 8.0. sandisk memory cards have never failed me so i'm very pleased with this card."", ""i was pleasantly surprised that my card arrived ahead of schedule. that's always a plus in my book. the works without a hitch. i was able to copy the files from my 16gb card to this one relatively quickly and very easily. my samsung galaxy tab 2 7.0 read the card perfectly. i have no complaints about the card although i expected the write speed to be a little faster. after all is said and done i would definitely recommend this card for your tablet, smart phone, or any other device that allows for expandable memory."", ""purchased this to drop into my galaxy note ii. exactly what i wanted.loaded up the entirety of the card in about 18 minutes, which is not super fast, but very good considering the card was in the phone instead of in the computer using the include adapter.i purchased this product with the worry free packaging and was for the first time not frustrated with sandisk.the super saver shipping really sold the deal to me.the price now is on par with most retailers, but i got two duds from bestbuy and was good to go with the first one from amazon, doesn't really say much about the product, but gives you a bit of peace of mind when purchasing from this vendor."", ""my pour note 2 has been working absolutely overtime. i just love it so much. so i am downloading a great many pictures, audible books, and of mp3's from amazon. with all of these many interest of mine working over time i soon found that the 32 gb microcard was just too small. so when amazon had a great sale on the 64 gb ones i purchased it. my main concerns was would it work in my phone and be fast enough to do so seamlessly. well that it was this 64 gb microsdxc class 10 did. so whatever sandisk wants to name it, the bottom line is that it works seamlessly and now i don't get those nasty warnings telling me my memory was almost full. it is very nice that samsung realized the need to be able to use such larger memory cards, and the note 2 allows this size card use without any issues at all."", ""i bought this memory card the day i received my samsung galaxy s4. it arrived in two days via prime, plugged it in and formatted. it offers 59.45 gbs of usable space. being that the card is class 10, reads are super fast and writes are great. uhs 1 is, sadly, mostly only supported by dslrs, so most smartphones and devices won't take advantage of the super, super speed, but nonetheless, the card is fast.this card has lots of storage, affordable, transfers and reads fast. i'd recommend this for people who carry a lot of media, such as music and videos."", 'great card. 2 years and 3 phones later and its still ticking. excellent read write speeds. does very well in my note 2 and note 3. i did a directory swap on my note 2 so that i could use this 64gb as the 34 phones memory 34 while the 16gb in the phone was the 34 external sd 34 . honestly, it was stupid the stopped letting apps be put on the sdcard which they brought back in android 4.3 and i was always short on space due to the massive size of games these days. the card responded just like the phones built in memory as far as speed goes. never saw a performance drop of any kind. was able to play demanding games like nova3 or gta3 without lag or any skipping. and the card survived 3 phones. first note 2 took a nasty plunge that totaled the phone. card was perfectly fine.', 'this is my 3rd sandisk micro sd card for my 3rd android device, and just like its predecessors, the ultra 64gb micro sdxc class 10 worked flawlessly in my sch i605 samsung galaxy note 2.i simply inserted the card, power cycled the device, and once rebooted, the note 2 recognized an unformatted sd card and asked if i would like for it to be formatted in order to be read. once i chose yes, i now had an additional, fully usable micro sd card that i use for media and ebook reading storage.the response time is excellent, so i have no complaints on performance.i also love the fact that i ordered this at 3pm on thanksgiving day when i was alerted of the 39.99 price tag.', 'i have been using this memory card for several months now and it is working great. it is wonderful to have a huge selection of ebooks, mp3 files, movies and plenty of space for phone generated photos and video clips.i have not noticed any delay in accessing files on this huge memory card.8 14 13 update also worked out of the box in my samsung galaxy note 10.1 .', ""i own a couple of these and i've tested them on several devices. i use these cards mainly for my mobile devices. the 64 gb has performed well on my galaxy note 2 and galaxy note 3. i've tested the transfer rates and they are within the prescribed range. these are not the fastest class 10 cards, but they are sufficient for storing pictures, movies, and songs. i'm able to play songs and movies off of the card without any delay at all."", ""i have tested this card in both a samsung galaxy note 3 phone and asamsung galaxy tab 3 10.1 inchand it was immediately recognized by both devices. as i write this review the card has been running in my tab 3 and constantly used for over a week.other reviews have dissected the specs of this card, so i'll share how i use it and why i prefer these over the 64gb cards which i also own and use . the price point on these 32gb cards have dramatically fallen and as of the date of this review they are priced as commodities. i use a few pairs of these to rotate backups on my laptop, so i always have a daily snapshot of my documents. for that purpose alone these cards are well worth it.for my tablet i have divided my extensive music library into genres and have them backed up to these cards. a 32gb card will hold about 150 cds, so the space savings along over the physical media is significant. in fact one of these cards cost about the same as a rack for 150 cds.these are also excellent for saving practice sessions that i sometimes record using my phone or tablet. i pop my primary sd card out of the device and swap one of these in to video record. since this card will hold about six hours of video it's perfect for that use.overall, these are reliable cards that have worked in a number of devices i own. i can assure anyone wanting to use them in a newer samsung note 2 or 3 phone or tab 3 tablet that this card will work, and it is also excellent for hd video recording. at the price point it's an absolute bargain."", ""got two of these one for our samsung galaxy note 10.1 tablet and one for my samsung galaxy note ii cell phone. both devices had no problem recognizing the new 64gb cards. couldn't be any easier to use. nice to have a large amount of storage on both devices. the easy to open packaging was a real treat. i did not use the adapters as i just connect my phone and tablet to my laptop via usb to transfer music, photos and music."", 'i bought this card when i got my note 2 back in october, it is perfect and fast. no problems in any way and fully compatible with my device.update 1 15 14 i bought a second card for my note 3 and it it excellent. the frustration free packaging was much appreciated from the other packing last year. my first original card got corrupted when i put it in an old feature phone but i am confident it had nothing to do with the card in any way. i have tested these cards with the galaxy note 2, note 3, note 10.1 2014 and tab 3 7 and they all read the card no problem. i have been extremely satisfied so far.', 'i have a samsung note ii and was on the verge of having to uninstall programs when the newest version of android came out which allowed you to move applications to the external storage.after reading the reviews i purchased this card to replace my 4g card, now i have room for all my pictures videos and tons of apps. the performance is really great from what i can tell , the pictures , videos and apps load quickly and i have not had any issues with this at all.a must have to extend your android storage.', 'well since 16 gb is not enought for me i purchased this one specifically for my samsung galaxy note 2 which by the way is far better than the iphone 5 ... i have both so i can compare and i am not trolling... in any casethe sandisk 64gb works perfectly with the note 2. i transferred the original info from my previous 16 gb sdcard to this in a heart beat. now i have movies, music everything. works great.dont understand how people can rate it with a 1... product works as described 5 5', 'i use this card in smasung galaxy s4 active and before that i used it in my samsung galaxy note 2. it has always worked flawlessly and never given me a single problem. i use the card to copy movies to it. playback is always smooth. i mostly play high definition movie rips. these require a lot of processing power and data transfer from the card. it has always done great. i will continue to buy this card. i have one in my macbook air for backups. again, no problems. damon', ""a good memory card, no actually a great memory card! i use it in my samsung galaxy note 2. i have quite a lot of music and pictures on the card and there is no lag or delay when i'm going from one song to the next. and my pictures display quickly. i'm glad i got the 64gb card because even though i have a lot of media on the card, i still have space for more. the price for the card is really nice also. a good buy"", ""i use this in my samsung galaxy note ii. for the money, it's a fantastic value. i haven't noticed any transfer speed issues, and it's been rock solid reliable for the 3 months i've owned it. i have about 32gb of music stored on it, and every app that can use sd card storage is set to do so, including all my system backups. the ultimate 34 install and forget 34 add on for your phone!"", 'item arrived in time as promised. works well with a galaxy note 10.1. there is nothing more to say about this product as it has been reviewed so many times. it works well, not a bad price at the time of ordering now it has come down . yes, you get the same card for lesser price from other sellers but i trust amazon for their customer service issues. i prefer to pay 2 bucks more and get it from amazon rather than getting it from unfamiliar sellers.', ""i have purchased this sd card to have extra storage area for my galaxy note 2. as you might already know, galaxy note 2 does not allow applications to run from external cards, but it allows storing media, documents, etc to the external card. it also comes with a full size sd card conversion piece just insert the micro sd card into the full size sd card piece and voila with it's current pricing on amazon.com, this card is highly recommended. hope this review proves to be useful.cheers"", 'i made sure to get the one in the retail packaging when ordering. it arrived next day from amazon. i tore open the packaging and inserted the card directly into my note 10.1. the card was picked up right away, no formatting needed. i will say, i had updated my unit to 4.1.2 first so i am unsure if the update is what made the recognition so easy. already crammed it half full with movies and music. plays all of them smooth with no lag or speed issues whatsoever. i think i will get another.', ""i own the samsung galaxy note 2 smartphone and besides having a user replaceable battery, this device also allows the user to pop in a micro sd card. more is better, too much is almost enough... and hence the 64 gb model, which permits storing insane numbers of songs on your phone in my case, over 7000! three of the songs are great, 2 are ok, and the rest? not so good! seriously this is a 'must own' if your smart phone is not made by apple! if you own the iphone, not so great, there are no user accessible batteries or micro sd cards in iphones. if you own android well, life will be considerably brighter once you pop this in, which took all of like 30 seconds. you do not need to format it unless you wish to erase what you've already put on it. highly recommend sandisk is a trusted provider of flash memory devices, and buying from amazon.com is a no brainer."", ""update 6 19 2014 so my lovely wife bought me a samsung galaxy tab 4 for father's day and i've been loving it ever since. just as other with samsung products, the galaxy tab 4 has the ability to add a microsd card to expand the memory on the device. since it's been over a year, i decided to do some more research to see if sandisk offered anything new. as of 6 19 2014, their product lineup for microsd cards from worst to best performance wise are the as follows sandisksandisk ultrasandisk ultra plussandisk extremesandisk extreme plussandisk extreme pronow, the difference between all of these cards are simply the speed in which you can read write data to the card. yes, the published rating of most all these cards except the sandisk regular are class 10 uhs i but that's just a rating... actual real world performance does get better with each model, but with faster cards come more expensive prices. since amazon doesn't carry the ultra plus model of microsd card, i had to do direct comparisons between the sandisk ultra 34.27 , extreme 57.95 , and extreme plus 67.95 .as mentioned in my earlier review, i purchased the sandisk ultra for my galaxy s4. my question was, did i want to pay over 20 more for a card that is faster than the one i already owned? or i could pay almost double to get sandisk's 2nd most fastest microsd card.the ultra works perfectly fine for my style of usage storing capturing pictures hd video and movie playback on my phone. so in the end, i ended up just buying another sandisk ultra 64gb card. i use my cell phone more than i do my tablet and if the card is good enough for my phone, it's good enough for my tablet. i don't own a 4k hd camera or anything like that, so i honestly didn't see a need to get one of the faster cards at this time.i am now a proud owner of 2 sandisk ultra cards and have absolutely 0 issues with it in my samsung devices. original review 5 1 2013 i haven't had to buy a microsd card in a long time. the last time i bought one was for my cell phone over 2 years ago. but since my cellular contract was up, i knew i would have to get a newer card in addition to my new phone, the samsung galaxy s4. reason for this is because i knew my small 16gb microsd card wasn't going to cut it.doing research on the galaxy s4, i wanted to get the best card possible that had decent capacity 32 gb or greater . this led me to find that the galaxy s4 supports the microsdxc class 10 uhs i card, which is the fastest possible given that class. searching for that specifically on amazon gave me results of only 3 vendors as of april that makes these microsdxc class 10 uhs 1 cards. they are sandisk the majority , samsung and lexar. nobody else makes these that are sold on amazon.seeing how sandisk is a pretty good name out of the 3 i've used them the most , i decided upon the sandisk because lexar was overpriced and the samsung one was overpriced as well as not eligible for amazon prime .but the scary thing is that when you filter by the sandisk, you literally get dozens of options. all of them have different model numbers, different sizes, etc. then there's that confusion of what's the difference between sdhc sdxc?sdhc vs sdxc sdhc stand for secure digital high capacity and sdxc stands for secure digital extended capacity . essentially these two cards are the same with the exception that sdhc only supports capcities up to 32gb and is formated with the fat32 file system. the sdxc cards are formatted with the exfat file system. if you use an sdxc card in a device, it must support that file system, otherwise it may not be recognizable and or you have to reformat the card to fat32.fat32 vs exfat the differences between the two file systems means that fat32 has a maximum file size of 4gb, limited by that file system. exfat on the otherhand, supports file sizes up to 2tb terabytes . the only thing you need to know here really is that it's possible your device doesn't support exfat. if that's the case, just reformat it to fat32. remember formatting erases all data!to clarify the model numbers, i i hopped over to the sandisk official webpage. what i found there is that they offer two highspeed options for sandisk cards. these are sandisk extreme pro and sandisk ultra. sandisk extreme pro is a line that supports read speeds up to 95mb sec, however they are sdhc only. to make things worse, they are currently only available in 16gb 8gb capacities. since one of my requirements was to have a lot of storage, i ruled these out.the remaining devices listed on amazon's search were the sandisk ultra line. but here, confusion sets in because sandisk separates these cards to two different devices. cameras mobile devices. is there a real difference between the two or is this just a marketing stunt? unfortunately i'm not sure but i do know the price difference between the two range from a couple cents to a few dollars. since i wasn't sure, i opted for the one specifically targeted for mobile devices just in case there is some kind of compatibility issue . to find the exact model number, i would go to sandisk's webpage sandisk.com and compare their existing product lineup. from there, you get exact model numbers and you can then search amazon for these model numbers. that is how i got mine sdsdqua 064g .as for speed tests, i haven't run any specific testing, but copying 8 gb worth of data from my pc to the card literally took just a few minutes.one last note is that amazon attaches additional characters to the end for example sdsdqua 064g affp a vs sdsdqua 064g u46a . the difference between the two is that the affp a means amazon frustration free packaging . other than that, these are exactly the same. if you're wondering what i got and want to use it in your galaxy s4 , i got the sdsdqua 064g u46a and it works like charm."", ""the size of a finger nail ! the little too easy to lose 64gb card plugged in so easy ! so quick ! in the samsung galaxy note 10.1 ! with out the adapter ! did it help ? still too new at this ! only required 32gb ! overkill ? price too close not to get it ! hope that it helps ! galaxy note phone is supposed to use it ! thanks amazon ! oh ! this is so tiny ! keep it in the package ! until you need it ! and keep that package some place where it can't be lost ! it is just too cute ! thanks again ! cute ! cute ! cute !"", 'bought this for my samsung galaxy note 10.1 2014 edition. was a little worried about it being the right one because the documentation was skimpy and some people had problem getting 64gb working.no problem! just slipped it and when i went to settings it recognized it immediately.nice having the adapter so can move photos and files to my pc when i need it.']"
271,"sandisk is known for making great memory cards use it in my gopro. it's practical and very friendly, helps you to load as many recorded shots as possible.","['it is very good, thanks sandisk,you must have it with gopro cam to get the benefit of cam, yap.', 'for this special price i could not let them go.i bought a few cards for my phone, my gopro and my camera.... ideal', ""i bought 3 when they were on sale but i did buy 1 prior to the sell. i use it in my go pro and it works great. i can't compare to others tho because this is the only memory card i've used before"", 'great price at the time i purchased it sandisk is known for making great memory cards use it,in my gopro', ""use this all the time in the gopro. it's a great buy! super cool that it comes with a sd adapter too!"", 'a lot of memories. works fine with my gopro camera. i thought it was a little expensive but when i see the real price on a store, totally change my mind!', ""it's a must to have it once u got the gopro. practical and very friendly, helps u to load as many recorded shots as possible."", ""you'll need the added space once you start enjoying your new go pro ,so why not get the bigger storage anyway"", ""a necessity for the gopro i bought. this little guy holds all the info i need and makes for easy use. i'd recommend this little guy for anyone getting a gopro.""]"
272,"the samsung note 8 tablet has worked fine and hasn't fun into any kind of problem. inserted it into my galaxy 8 tablets, now it's complete.","['has worked fine, had no problems but i decided to move up to 64 gig and ordered one. i moved this one to a usb drive i have.', 'bought from bestbuy online the day it was announced. i have tested in my sony xperia z ultra and my 12inch samsung pro tablet.both work fine. shows 119gb available. only issue i have is that i paid 199.99 for it best buy will most likely match this though.', 'i have a samsung note 8 tablet and by adding this 64 gb sd card it saved me quite a bit as i did not have to move to 32 gb internal disk simply just slipped the 64 gb into sd slot and off we go.', ""i like my device to have enough storage so i finally purchased the 64gb version. formatted the card and haven't fun into any kind of problem. inserted it into my samsun galaxy 8 tablet, now it's complete.""]"
273,sandisk replaced the 2nd card in a week. it's not recognized in my android phone!,"[""received one didn't work. not readable on my mac or my win 7 pc. tried another retail packaging and is raw format and although my galaxy s3 sees it, it won't write or format and the computers don't pick it up either.taking the other person's 1 star review and trying a class 6. can't afford to lose data, not that i can write to these anyway. both went back."", ""the first few weeks after i bought this, i had some problems like my phone can't detect the micro sd card . i tried formatting or repairing the card, but no success. so i returned this to sandisk and they willingly replaced this in a week. no more questions asked. and since then, i'm still using the 2nd card that i received. no problems until now."", ""update i raised my star rating on this from 1 to 4 because of the customer service. i was able to get a replacement pretty easily. hopefully it will last longer!original review this item worked well while it lasted. i bought it in october 2012 for my tablet pc and then for an android smartphone. i did not make many transfers to the card, it was mostly reading files from it. now it is march 2013 and suddenly the card is no longer recognized in my android phone. it is no longer recognized on my other devices as well. i lost many photos and videos on the card because of it. i'm sure sandisk will exchange it for a new one, but this shouldn't be happening with a card that is less than a year old.""]"
274,the first micro was 'faulty' and returned it for re-installing it. the second was the charm of the new dr he's been able to use since it lost its ability to write a sd - and never got the replacement!,"['i had to return this and get another one, as the first was faulty. i hear this is semi common.must not have enough testing, i might suggest buying two and returning one if you are in desperate or sudden need of one of these chips, no matter what size.', 'major issues, bought from san disk but only worked briefly, now when i try to reformat it reports itself as a 30 meg removeable drive in both windows and macos not sure if its defective or a mislabeled one but got direct from amazon so just very disapointed. will stick with transcend from now on i think.', ""this is the second sandisk micro sd that i've had to return due to some sort of error. i am thinking i just have bad luck and hopefully 3rd time is the charm.during the time it was working properly, it seemed to be quick."", 'i owned one of these for a year before it lost its ability to write to itself. this was very disappointing, but not a deal breaker for me because san disk products are usually built to last. i believe i just received a bad one from the batch that mine came from.', 'received a defective one that did not want to format. returned it. bought a different brand instead although from past experience sandisk has been fine.', 'got a defective memory card. showed only 1 gb instead of the 64 gb. returned it for a replacement and never got the replacement! got my money back and went to walmart.']"
275,"memory card failed mysteriously overnight, not sure why. phone works fine with a different card.","['i purchased this to use in a samsung galaxy s3 phone. it worked fine for about a month, then the phone stopped recognizing it. i was able to copy my photos before the computer stopped recognizing it as well. sandisk replaced it under warranty and so far the new one has been fine.', 'memory card failed mysteriously overnight, not sure why, but phone works fine with a different card.here, four more words']"
276,samsung tablet went bad after 2 months. bought it for a'sandisk' which arrived busted. it is looking for home in another tablet.,"['replaced one that crapped out in my tablet taking most of my apps and a few hours of my time with it.', 'had it in my samsung tablet and it went bad after 2 months, wont let me reformat or read it or do anything with it. money down the drain.', 'bought this for a samsung tablet which arrived busted. the tablet long gone back.still got the sandisk which is looking for a home in a another tablet.']"
277,"amazon offers 34 frustration free 34 packaging for many of their products. it defaults on 34 frustrated free - 34 if you order the retail packaging option for you, then they repack it in plain brown cardboard to make it easier on the consumer. amazon ran a good deal on this 64gb microsdxc, so i","[""bought two separately.1 one was a frustration free package one was apparently a frustrating package. both came in similar packages stuffed in large yellow envelopes. don't really see the difference between the frustration free and frustrating one. the frustrating one just required scissors, no real attempt of making it a 34 greener 34 package was really attempted that i could tell , nor did it matter since it was put into a giant envelope anyway.2 one was sent usps, the other parcelpool. i've had bad experiences before with parcelpool as have many people apparently but i guess amazon gave them an earful because it actually arrived on time this time. the 34 tracking 34 for parcelpool is still a huge joke though.3 actual product it's a microsd card, it does exactly what it's supposed to do. no problems with it."", ""it took 6 days for me to get 2 of these cards when i made the order early in the morning normally that'll get my product to me the next evening. not six days later!be warned, this was the slowest shipping i've had for my paid prime account since i started. if you need these cards quickly, buy from a different seller."", ""i've seen several recent reviews complaining about not getting any packaging with their sd cards. one person even questioned if the card was new or not. amazon offers 34 frustration free 34 packaging for many of their products where they take care of opening it for you, then they repack it in plain brown cardboard to make it easier on the consumer. this card has the option to come in the retail packing, or in amazon's 34 frustration free 34 packaging. it's an ordering option, and it seems this option defaults on 34 frustration free 34 .if you order the retail packaging option, it will look just like it does on the store shelves."", ""i ordered this in a frustration free for, i don't really know why, and to my surprise the package was already open.amazon is trying to make my life so much easier that i won't even need to open anything anymore. ironymaybe someone messed with my card, maybe not, but i'm never ordering anything in frustration free package.i'll test the card and update the review.update after testing the card and contacting sandisk about it, i'm able to confirm that the card is authentic.the 3 star review reflect the packaging. i might not use it next time."", ""amazon ran a good deal on this 64gb microsdxc, so i jumped on the bandwagon. when it arrived i snapped a few photographs to test it out and it worked well...until i tried to retrieve the files. i don't know how, but it became corrupt and no longer would reformat or function in any of my devices. i exchanged it for a replacement through amazon and the new one works beyond my initial observations. browsing seems much faster than previous sdhc class 10 cards. thank you amazon for your immediate exchange. highly recommended for today's on the go data storage. original review was 2 stars, but after amazon's immediate replacement and great customer service i re rated to 5 stars.""]"
278,sandisk ultra 64 gb microsdxc class 10 uhs 1 memory card with adapter. great micro card for my wife's moto defy xt - lots of breathing room to install apps and take pics and vids.,"[""works perfectly!!! couldn't ask for a better card and price was good too. got two one for each smart phone and my wife loves hers too finaly got lots of free space.sandisk ultra 64 gb microsdxc class 10 uhs 1 memory card with adapter..."", 'bought this for my wife to use in her phone and it is fast and error free. some cards do not show up with the correct size but this one does.', ""great micro card for my wife's moto defy xt. lot of breathing room to install apps and take pics and vids.""]"
279,"the micro sd card was very well made it had great read and write speeds. it added gray amount of memory to my gs4 and was using in my new phone. this card is very fast making for seamless read & write of pictures, video and playback of music stored on the card.","['the micro sd card was very well made it had great read and write speeds and it added gray amount of memory to my samsung galaxy s4. really recommend this', 'got this to replace my old class 4 micro sd card in my new phone. plenty of space and very fast.', 'i upgraded a generic, small micro sd card i had on hand and was using in my gs4. this card is very fast making for seamless read and write of pictures, video and playback of music stored on the sd card. it works great which is exactly what i have come to expect from all sandisk products.', ""i was looking for the maximum storage i could add to my sd card slot on my samsung galaxy s4. while samsung only recommends using standard microsd cards, this microsdxc card works perfectly and offers great speeds. if you need a card to expand your galaxy s4's storage, this is the go to card for you."", 'this micro sd card works great in my galaxy s4. it doubled my storage space and is quick to respond. would definitely recommend to anyone who buys a new smart phone.']"
280,a good sized sd card for my new htc one m8. this one was priced well and has been working without glitches. it was exactly what he needed.,"['needed an inexpensive sd card for my new htc one m8 and this was a perfect choice. works perfectly and thus far have no issues at al with it.', 'i wanted a good sized sd card for my android phone. this one was priced well and has been working without a glitch.', 'i got this sd card for my phone. works well. no issues. it was cheap and exactly what i needed.', 'i bought my stepdaughter a galaxy phone, and i didnt want to spend the extra money to upgrade her phone from 16gb. this was cheap and works fine.']"
281,"i bought this card for my galaxy s3 back in october and it was dead by december. it has required reformatting three times which makes its utility useless as a storage device. this is ridiculous.do not buy this crap he hates it, it worked fine for 2 months and the after those 2","[""so this product is a large disappointment...bought it to use in my tablet but the card is forever getting corrupted....i've reformatted the card a few times but it's to the point now that even a reformat doesn't work.. wasted money...don't recommend purchasing."", 'this is a piece of crap. this is my 3rd card in 3 months. this is ridiculous.do not buy this crap', 'i hate it, it worked fine for 2 months and the after those 2 months it started with problems, first, every once and a while was not recognized by my device, and now 4 months after, i have to pull it out and then place it again in every hour.....it might have been just my microsd problem.... but i wont purchase one of this ever again', ""the card worked great at first. i've never had a problem with sandisk in the past but i bought this card for my galaxy s3 back in october and it was dead by december. i'm sorely disappointed by this purchase. maybe it's just a faulty card but my experience was terrible so this gets one star."", 'card has failed several times in the phone i installed it in. i purchased it for the phone where it has resided for a month. in that time, it has required reformatting three times which makes its utility useless as a storage device.', ""what can i say? this card just works. i'm honestly not a fan of sandisk since their 64gb ultra microsd died on me soon after my baby was born. i lost several weeks of photos, and i was quite angry.to be fair, they did send a new one after i sent them a photo of the old one snapped in half.""]"
282,"sandisk customer support was easy to work with and the products new and old are fast and worked great. when her's failed after 2 months, we figured it was just luck of the draw - now mine failed a bunch of photos videos i made sure to back up every few weeks but even so, she just lost some photos of","['my original two cards were manufactured in 2012 and over time started affecting the functionality of our phones. some internet research resulted in reading another review on amazon with similar problems and discussed to contact sandisk support for replacements due to a known silicon bug. the new cards arrived in about a week and we returned the old cards with the defects. only hassle was was trying to read the serial and date codes off of the car, but a phone with 4x zoom made it possible. sandisk customer support was easy to work with and the products new and old are fast and worked great.', ""bought 2 of these for the wife's my android phone. when her's failed after 2 months, we figured it was just luck of the draw. now mine failed after just over 4 months, losing a bunch of photos videos i made sure to back up every few weeks but even so, we just lost a bunch of photos of our 2 month newborn .clearly sandisk had a bad batch with this lot and as the return policy is horrible, i won't be buying any more sandisk, no matter how cheap when we bought them on sale around january 2013 they were over half the price of similar sd cards again, sandisk clearly knew they had a bad batch, shame on them for dumping them on the customer, no matter how cheap .while i would presumed they would have solved the problem in production, buy at your own risk, sandisk will sell product with ridiculous failure rate.edit after submitting my review i did some more research on other sites and the low star reviews here. sandisk is so clearly guilty of selling a defective product from the batch about 6 months ago. which as i said before, is when they put them on a super discount sale. they knew what they were doing and they are thumbing their nose at customers who just fell outside warrantee like myself .to knowingly sell your customer something that is going to fail at an unacceptable rate and then ignore them because it failed a little bit outside warrantee is just bad faith. i beg people considering buying this product to not do so, and thumb up the reviews warning of failures. it is only when companies lose sales do they reconsider not screwing their customers like this.personally i have bought several sandisk thumb drives, compactflash cards, and a sandisk mp3 player. the thumb drives were ok but i wouldn't buy another mp3 player from them it was buggy as hell . up until now i had an overall neutral to favorable opinion of them, not anymore.if you think i am overreacting, please just skim through a few pages submitted in springtime of 2013. there is at least one or more 6 months and it failed reviews per page."", ""the card was working great. i own quite a few for several of my devices. one that i bough in 2012 suddenly died. i went to the sandisk website and did a chat support. the tech tried some quick troubleshooting and after about five minutes asked for my info for an rma. the process was quick and easy. like i said, this one suddenly died, no idea why. luckily i didn't have anything important on it at the time. this is the only one i've ever had fail, and like i said, the rma process was a breeze. i really like these cards and the customer service was great. for reference, i run these cards in a samsung galaxy sii hercules 32 gb, motorola droid sholes 16 gb, motorola droid 3 solana 32 gb, samsung galaxy note 10.1 2012 gt n8013 32 gb, it was the note one that failed. i also have a gopro but i run the golden sandisk cards in that, but they are twice the price! i will continue to buy these cards regardless of this isolated incident."", ""i just called sandisk and they say they have a new card version that corrects the problem. 1 866 sandisk 726 3475 sandisk tech says that the new package will show that the card is made after march, 2013 don't know if that includes march, but probably does , and it should be corrected. some older than late 2012 reportedly are ok. who knows.they even say that they will provide a free ups return label.of course, you are taking a risk as to whether the problem is really fixed, so keep backups. i don't know what i would do."", 'update this card stopped working as of late february 2013, after only about 2 months of regular use. there are 492 similar complaints about this card now 493... and this is 17.5 of 1 star out of 2918 reviews... at first i thought it was my phone not being able to find it, or the card would often spontaneously dismount, and there were the frequent and repeated alerts for me to format the card. formatting the card only cured the problem for a day or two... plugged it into the desktop directly, and the same thing happened. got another card of another brand, and everything has been working well since early march 2013 with the other card. so it was not the phone but the card that is at fault. very poor longevity. the price is right, but at the end not worth it if you need to buy another card to replace it. amazon only covers 30 days..., so consider this a very expensive 60 day experiment if you are willing to try this brand of card... would not recommend.', 'i bought this on black friday last year and took a chance on it. what chance u say? i read some reviews that this card just actually stopped working for no reason and not due to abuse or misuse. i had this card in my acer iconia a500 and it just stopped working! even my computer doesnt recognize it. wtf sandisk?? this is an expensive part for this to occur. do not buy or if u do, be careful what u store on it! i only had music and movies on mine so nbd. but what if u had this in your phone with valuable pictures?', ""i thought this was a sure winner from the average 4.5 rating with thousands of reviews. but if you notice the bad reviews involve the card becoming unreliable after a couple weeks of use. typically people write reviews shortly after receiving the product. my card worked fine for 2 weeks and then started having problems. i re formatted the card, re inserted in the phone, removed the battery, every trick i could read about but the card still remained unreliable and the phone was thinking it was being removed at random times. so i stuck my olders, slower 8gb microsd card in, worked fine.i suspect one or both is happening with this card a some cards are defective but it takes some usage for them to start failing to where the user notices. b for some reason, this brand of card doesn't like certain devices, like my samsung galaxy s3my guess is i got a lemon, but i'm not chancing it to getting another one and will just move on to another reputable brand. you get what you pay for may be applicable here. but a lot of others did have success with this card. so ymmv.""]"
283,this card is faster than many others i use though. it can be used in syria or u.s.,"[""this card is fast! and cheap! i used it on my canon s100 camera to shoot raw format pictures and 1080 video and it worked flawlessly. i'm currently using it on my old mytouch phone for storage.great product, great price."", ""the card seems fast and it's a huge amount of storage for the price. it has worked flawlessly for a few months in a range of smartphones and cameras."", 'i have only had this card for a month so far so good. just got a new phone card no longer needed for that i am now using it for my camera, works great for that it is older cannon elph 5 mp and i get 1000 pics wiith this card.. read writes speeds are great in both phone and camera.', 'love this card, its fast and sports an insane 128gb of storage. amazon had a killer price on it too, well below the big box stores. works perfect with my phone and my hd video recorder.', 'this card is fast with no hang ups etc. price was very good. i installed in my phone and have many pictures and a few videos on it so far. would buy this card again in a heart beat.', 'this card has worked flawlessly in my phone for about three months! i had an smaller and slower card in it that this replaced. when doing pictures and video you can definitely tell the difference in write speed between a class ten and four.', 'super fast write speed makes using link2sd app work very well. moving music and other media to this card from cable or reader is also much faster and im not completely sure but i think i can take photos faster as well.', 'i use this in a 8 mp android phone, the speed of the card has significantly improved picture taking speeds.', 'this card performs much better than the lower class 4 and 6 cards i have used in the past. i have around 400 pictures on it, as well as quite a bit of other content. content loads very quickly on my android phone. very happy with this purchase.', 'not much more to say, really. work, is faster than my class 4 16gb card and provides the space to copy dslr photos when i hook the phone to my nikon 5100 with the usb host cable', 'this is the fastest sd card i ever own, 30mb s i recorded full hd videos... and this card help me a lot with it.', 'read the reviews and settled on this card to use in my cell phone. so far so good. no problems whatsoever. have tons of space to store all my mp3s, photos and videos. great read access speed due to being hc 1 class. excellent price as i got this shortly after black friday sale.', ""super fast, keeps up with my camera speed. i have purchased 3 total and love every single one. wouldn't buy any other card."", 'this card is the fastest they make right now, the 32gb size is the upper limit that many phones and devices can handle like my droid x phone. i actually use it in my new rikomagic mk802 iii tv adapter and it works great.', 'this little card is great for all kinds of use, with quick write times and plenty of space. works like a dream in my phone.', ""this is the card you want for a high end smartphone or camera.no trouble setting it up. fast speeds transferring my old sdcard data back onto this one.don't hesitate, this is it."", 'this card is awesome and even seems to make my phone run faster, i would say that it is a must have for all!!!', ""i have this in my lg optimus f3 cell phone and i can't believe how fast the file transfer is. i can take pictures on this card as quickly as i can click the shutter button. i am very happy with the card and the price i paid for it."", 'i was amazed at the speed of this sd card on my smart phone the hd video no longer jumps and buffers while recording and the transfer time from pc to phone has decreased dramatically', ""this super speed card works great in my phone. i haven't had any problems with it since i bought the thing! i'm certainly able to record hd video right onto the card no problem. i recommend this for those who need quick data delivery to and from there external card. i recommend it!"", ""i saw the difference between this and another of 4gb that came with my digital camera, it's really faster than the other.now i'm using it in my smartphone without any problems so far."", ""i can't believe how much info you can fit on this little card. the transfer speeds are unbelievable. my phone camera is now always in burst mode because it copies the file so quickly."", 'this is a very fast card. i have 2 or 3 of them now, and have had them for a few years, and they are all still working.', 'installed this big baby in my s4 lay night and it is rocking and a rolling did first test think i got 26mb read which i am plenty happy with i was moving things onto the card also i think so not sure how much faster it can go computer i am sure it will be faster', ""i bought the sandisk ultra 64 gb for my new samsung galaxy s4. being that it's the faster type of memory i like to think it reads and writes fast. and i feel like it does, but it's in my phone so who knows. now for your highend dslr you'll notice a difference and be very pleased."", ""i recently upgraded from my trusty droid x to the samsung galaxy s4.given it's hi def videos and pictures i wanted a big and fast memory card.this faster card loads the gallery so much faster than one in the x.otherwise, it's a memory card and it works well."", 'you will notice that your camera, phone will work a lot faster. i was really surprised to see how much better all worked with this chip. you will be very happy.', 'love the storage space. my gs4 only has 16 gigabytes for storage and fills quickly. i just store all my media on the memory card now instead of on the internal memory. transfers go quick thanks to the great write speeds.', 'larger than move and was a high class.i use this on my s4 and works wonderfully.i store all images on sd take quck second to load but much faster and better than the last sd card i had which was a class 6', 'fast. however, im not sure if this card case is any more water proof than a normal card. i have been told all of them are water proof. i think this card is faster than several others i use though']"
284,sandisk ultra 32 gb will purchase 'a different brand next time' return for refund or replacement is not allowed. not good repeatedly self ejects from new galaxy b4 if returned for exchange or refund.,"['used for two months in samsung galaxy. fizzled then failed. i have never experienced a memory card or or flash drive failure until this sandisk ultra 32 gb. will purchase a different brand next time. return for refund or replacement is not allowed.', ""not good repeatedly self ejects from new galaxy s4 returned for exchange or refund....bought two one works well but one doesn't i guess is defective....i have two gal s4,..is why i bought 2..."", 'it worked great in my samsung galaxy s3, and then failed after 3 months. have tried contacting samsung via their warranty form on their website and i am not having any luck. i gave up and bought a different 32gb card from newegg.com hopefully that one lasts longer.']"
285,sandisk is sending me a new one. amazon replaced it at no additional charge. the second one is still working fine.,"[""i've had the item 12 months. i've always had minor problems. it just recently started freezing and rebooting my devices. 2 gs3's, currently s4. sandisk is sending me a new one."", 'i bought one but it died on my galaxy s4 but i sent it in to sand disk and they sent a brand new one.', 'sandisk finally admits that defective micro sd cards cause battery failure in the galaxy s3. i had mine about six months before it failed completely. i submitted complaint to sandisk and await their response.', 'seemed to work as advertised. but my first one failed abruptly after one week. my smartphone failed to 34 see 34 it. but amazon replaced it at no additional charge. the second one is still working fine. my smartphone is a samsung s4g.', 'i bought this card for my samsung galaxy s3. unfortunately it failed after 4 months. i contacted sandisk and they promptly sent me another. it has been going strong for 6 months.']"
286,"the card was on the strength of the 64gb xdsc sandisk in my phone right now. it worked fine, then dead, and the rest of it was unusable. the replacement sent by amazon thank you you are always excellent is sitting in her office right here, he should probably check it out.","[""i have an old sandisk sd card that still works. i thought their new cards would be just as reliable, but i was wrong.the microsd card failed yesterday inside my phone. i used the adapter to connect it to my computer, but it wouldn't mount.i bought this directly from amazon and not a third party vendor, so i know it's genuine sandisk."", 'i bought this card on the strength of the 64gb xdsc sandisk in my phone right now. it was a gift for a friend of mine and sadly it corrupted within minutes of first use.initially it worked fine, then dead. we checked in a laptop and windows disk management screen told me it had a single 128k partition and the rest was unusable. outstanding.the replacement sent by amazon thank you amazon, you are always excellent is sitting in my office right now, i should probably check it out.']"
287,card works great in my gopro hero 3 white edition. they are much cheaper than at best buy - and are a lot cheaper!,"[""ordered several of these as they are much cheaper then at best buy. use in my gopro and they work great. i prefer several 32gbs over 64gbs just in case they do get corrupted you aren't losing as much data."", ""card works great in my gopro hero 3 white edition. i did a 48 hour time lapse and had no issues whatsoever with corrupted data or missing files. i've always had good experiences with sandisk products and recommend them to everyone.""]"
288,32gb of storage works good for recording 1080p video. it works in my phone. the price was right.,"[""i didn't really need this for my phone but i figured i may as well get it. got to love 32gb of storage. works good for when recording 1080p video."", ""it's memory. it works in my phone. i can store files to it. the price was right. if you're looking for 32g, this will do just fine."", 'well i was almost going for less space memory for my sony xperia zl, but wow 32 gb of memory is a must these days i love my choice and this product works very good! excellent.', 'first, it is 64 gb. the volume is enough. in addition, it can fit every device for me. i love it.', ""it's 64gb and it's in my phone. really, that's all you need for a review. what more could you want? i have all my music, several movies and i can record stuff on camera at full hd without worrying about running out of space. no issues at all. did i mention it's 64gb?"", 'i wanted extra storage for my phone and this 16 gb is a perfect fit and the price was quite reasonable plus it comes from a quality manufacture of memory products.', 'i got it at a good price, and it is nice to have 64gb of extra space for media to use in my phone.']"
289,"customer service from sandisk made up for the faulty card. if the card failed, i would have given five stars, but it would not replace it - he's given one star! a customer has been able to get the replacement back to the customer despite the warranty period and the failure of the product issuing","[""i join the long list of customers who have had their sandisk die on them. customer service from sandisk has been helpful. they pay for ups shipping for the return and promise a 7 10 day turn around once the defective disk has been returned. still it's a pain to deal with and i lost some photographs.update sandisk sent me a replacement and it seems to be working. if the replacement goes bad, i'll be back to complain second update all is well with the replacement so i'm giving it three stars."", ""i just don't get what has happened to sandisk quality. it seems to have gone down over the years. this product was glitchy from day one. i thought it would be fine after a quick check disk, but then it only got worse. after less than a week i have to return it. what upsets me is that this is not my first bad experience with sandisk products. i used to buy them all the time, they were my brand of choice for flash memory cards or thumb drives . the last three products i have bought from them have had problems and failed either immediately or shortly after usage. so i give up. i will start looking to other companies for my memory needs. i bought a transcend to replace this. i hope it works out better."", ""i bought this a little under a year ago to use with my laptop. worked just as advertised for much of that time until it stopped letting me write or delete stuff from it could read just fine . i couldn't even format it. so it kinda just sat there for a while. after trying to format it a number of different ways, i finally contacted sandisk, and they said they will send me a replacement free of charge. i would have maybe given this a lower rating, but the customer service from sandisk made up for the faulty card. i am just glad it fell under a warranty period i think . had the card not failed, i would have given five stars. if sandisk wouldn't replace it, would have given one star. hopefully the latter doesn't happen to you"", ""just as with many other reviewers here, my card worked perfectly for the first week and a half, and then suddenly lost its format and could no longer be reformatted, while at the same time overheating dangerously. sandisk is currently issuing an rma to replace it, but i am worried that the replacement could also end up being defective. as is evident from the 1 star reviews here, the rate of such defects for these cards is about 10 , which to me seems like an absolutely unacceptable number for a memory card for a major manufacturer. and it's not like sandisk hasn't had a heads up on this problem the negative reviews have been there for quite a while. clean up your act, sandisk!"", ""do not put any important data in it. do not use it as a permanent storage to archive important files.it just failed after 1.5 months use i don't use it too much. just put all my digital pictures total about 30gb in it and carried in my wallet. i added some more pictures to the disk for a few time in november. tonight, when i insert it into my laptop, windows say cannot recognize the disk and said it must be formatted. i tried my macbook air and got the same. neither mac nor windows can read it. i formatted it and started to copy the 30 gb pictures again. the copy broke in half way. cancelled the copy, reinserted the disk and tried to resume the copy. windows said the volumn is back and told me i must run chkdsk. i ran chkdsk and retried the copy. still the same failure.i guess the disk has some problem and i don't bother recovering it, since it's not going to be reliable as i expected. very disappointed. thought sandisk is a very good brand. i use sandisk's cf card in my camera for years and it worked fine. i will fall back to use hard disk to backup my ditigal pictures.so it should be find to use this microsd disk to exchange some large file with friends. but don't put important data in it. be prepard that it can fail at any time.""]"
290,fast memory card with room to spare at an amazing price. suitable for lots of smart phone movies fastest storage available today imho!,"['a fast memory card with room to spare at an amazing price. suitable for lots of smart phone movies fastest storage available today imho!', 'i would recommend this memory card to anyone that has a cell phone, or a tablet pc. this memory card is fast and efficient.', 'if you need a good sd card this works perfect for you smart phones, has all the memory you will need, very fast transfer rate', 'very pleased with the speed and performance of this memory card. use it in both my camera and smart phone.', 'perfect memory card for cell phone use great amount of storage and has really good read write speeds. would recommend to others', 'this memory card is ultra fast in android phone its a bit costly but it works flawless it reads fast so pics, videos etc loads in bout 3 seconds or less highly recommended']"
291,the speed is superb too considering it's in a smartphone for the price. the bast for android phone is very fast and holds lots of stuff on it. you wont need anything bigger than this unless you are downloading tons of movies on your phone.,"[""a great performer for the price ... the capacity is limitless ... the speed is superb too considering it's in a smartphone"", 'for the price, this is the bast for android phone, very fast and holds alot of stuff on it.i would recomend this for phone or for camera', 'it is fast and a great deal. you wont need anything bigger than this unless you are downloading tons of movies on your phone. it does its job quite well.']"
292,i own multiple cards for my phones and devices and haven't ever had a problem. would buy them again if he ever needed one for another device. use them for local backup - no problems or complaints... this is my second purchase!,"[""i own multiple of these cards for my phones and devices and haven't ever had a problem. would buy again if i ever needed one for another device."", ""i use these for local backup i have 2 for redundancy . i've had no problems on any of my systems."", 'use these in every smartphone i have and have never had any issues with them. i would recommend these to anyone that needs good expansion in their phone.', 'purchased for my cell phone. no problems or complaints. this is my second purchase and so far so good. i have several sandisk products and have yet to complain.', ""i have 4 of these in use in different devices. i have had no issues with any of these cards, they're all still working great.""]"
293,sandisk is a great brand and it has failed within 6 months. it's made in china if that tells you anything. p.s. the memory cards fail on me in very short order.,"[""stopped working and could not reformat. didn't have good luck with this item or the vendor selling this item. hopefully just a bad one...sandisk is usually pretty good"", 'sandisk is a great brand and it has failed. i have purchased several of these so i think it was just bad luck. i am sure amazon will replace it.', ""i thought buying this directly from amazon would guarantee me an authentic sandisk. honestly, i'm not sure if i got an authentic one or not, but it's failed within 6 months. either it's not authentic or sandisk has really dropped the ball on quality. p.s. it's made in china if that tells you anything."", ""sandisk quality has failed me. moving on to another brand. i've had three of these memory cards fail on me in very short order.""]"
294,samsung says it is ok to get the card to stay in my galaxy 4.8. it can hold up to 32 GB too - but it doesn't lag at all if it's bad or not.,"['the unit shows 0 bytes, in a pc or the phone. it keeps dismounting also. i got a replacement and it did the same thing. not sure what is going on but it looks like a chinese counterfeit case. i have seen this happen more and more lately. amazon seems to be a major portal for these hings, it makes sense with a such a large retailer, they cant check everything.', ""it work great in my asus tablet for 3 months then it just completely died. it was not recognized by any of my devices. it had just died.i have rma'd it to sandisk. the prcess was painless and my replacement should arrive within a few days. they emailed me a return label thru ups and sent it off last week.when it worked the performance was great and access times were very fast. no lag in reading and writing data.if you get this just make sure you have a back up of your data incase of failure. had my tablet synced to my cloud service so i did not lose anything. i have purchased other sandisk items and have never had a issue."", ""i bought this with costco black friday deal and started using just a couple of days ago. today when i was transferring video files from my phone to the card, i wasn't able to because it stopped half way. now, nothing can be written on it.it was purchased from costco, so it's not a fake microsdhc card. i tested it out its authenticity with an app on google play and verified that it's real too. still, it's a piece junk. what is sandisk doing to its reputation?i would advise shopper to choose other brands over this. surely, it's cheap but would you rather lose all of the important files that you store in it?"", ""i bought this for my android phone and it kept stating media scanning over and over, even when the device was on or not even restarted. i thought it was the phone and was so annoyed. then did a search and found that several others got a duds from this same batch off amazon. so not only did i pay for this, now i have a useless 32gb card that refuses to hold music on my phone, or anywhere else. i loaded a 4gb card in the same device and it only scans media when restarted and does not lag at all. the phone can hold up to 32 gb too. if you don't believe me, go onto the sandisk message boards and look. it's a dud. so disappointing."", ""i haven't figured out yet if i'm a dummy or if i have a defective card. i don't know if the card is bad since i can't even get the card to stay in my samsung galaxy s4.8. the little card will go in the larger one won't but it won't stay in. if i put pressure on it the samsung says .. preparing sd card but as soon as i release pressure the samsung says .... card removed.this card came from a source outside of amazon and took way to long to get here. it arrived in a white envelope with no instructions. i'm very upset about this purchase as i've never had a problem before with either sandisk or amazon. i'll try to find someone with more experience than me to give this a try before i return it. i would have expected this to come in a package from sandisk, like other sandisk products i've bought in big box stores or from amazon but it did not.""]"
295,kingston card was dead on arrival and did not work whatsoever. the lock was on when it wasn't ejecting the card the contents i just transferred would be lost. definitely a dud.,"[""i've only had this memory card for 3.5 weeks and it not only has recently started resetting, it intermittently loses contact with my cell phone and the memory is lost, erasing everything on it!!!!!! now i find out my return date has past and i'm stuck with a peice of s memory card that i can't do a damn thing about! thanks a lot for nothing! i will never buy direct from here again!also, i didn't realize i was supposed to have an adapter too? wow where the heck is that at???"", ""i guess i should be happy it failed after only 1 month, because i only lost 1 month's worth of pictures etc. i bought 3 of these cards for my wife, son and i. my wife's had a minor glitch, which went away with a reboot. mine had a minor glitch this morning, so i expected the reboot to fix it. no a reboot caused my motorola defy xt to tell me the card was blank and needed to be formatted. my laptop won't even recognize the card when i put the card in it's reader. after a couple hours of looking for a way to fix it, i have only found that this is very common for this specific card.edit i was very happy with sandisk after calling them. they did say there are compatibility issues with class 10 cards and some of the android phones, and verified my phone is one of them. they offered free replacement with a card that would be certain not to have the same issue mine just had, and also to attempt recovery of my items from the card. these are the reasons we buy sandisk in the first place. they did recommend a class 4 or lower card to me for this phone.i am leaving this as a 1 star, because people should be aware of compatibility issues this severe.2nd edit as of march 12, this replacement card, that wasn't going to be susceptible to the same type of failure is losing apps etc. i am giving this card up. it has taken my phone and turned it into a device i cannot count on."", ""if this was any more worthless, it would have a retched stench. this card has completely turned me away from ever trusting another sandisk product again. i would only use this in the future to keep corrupt mis information to frustrate anyone attempting to acquire any of my data.i have reformatted it 3 4 times in full using various allocation sizes and operating systems. it only functions under windows, it randomly works in my mobile devices. now i'm left to decide if i want to bother researching this to better understand the problem in the future, or simply purchase another card from a more reliable manufacturer...... hello kingston."", 'this card was dead on arrival and did not work whatsoever. when copying files to it, the transfer speed was below 1mb s and then when i would eject the card the contents i just transferred would be lost. the card refused to format, i got an error message that the lock was on when it was not. definitely a dud. i exchanged for a kingston card of the same size which worked and still works flawlessly.']"
296,the 64 gb card that i bought with the camera is not readable on my hero3. the card has been through its paces and supplies great video that you can review on the u.s.,"[""can't beat the price on this one. 64gb and sd card reader. i use this is in my go pro 3 works fantastic."", 'i am continually amazed by the fact that this tiny bit of almost nothing can be so powerful. however, i caution anyone buying these micro cards for their gopro that they are extremely easy to lose, but i highly recommend them.', ""gets the job done for my gopro so that's good. i just never liked how small the actual card is due to its nature of it might just get lost...then that's game over. the price was amazing, so i got two for the price of half of one."", ""works great more than i can say for the gopro . i do pull it out an put it into my computer using that little sd adapter. way quicker to pull 16 gb that way i don't know why ."", ""i bought this sandisk ultra 32gb micro sd class 10 card for my gopro hero 3 camera. it is able to store all my 1080p hd video, as well as .5 second time lapse still photos. i've never had a sandisk memory card fail on me. this is a quality product!"", ""i bought this memory card to be used in my gopro hero3 black. i couldn't believe how small the card is! sandisk isn't kidding when they say 34 micro 34 . i've taken photos and videos all over california and its worked without issue. definitely worth the investment!"", 'i purchased this for my go pro hero 3... its a solid card, but unless your planning to buy several i would recommended going with the 64 gig. at the higher capture setting you can only get a little over an hour or so of video time.', 'i normally buy the sandisk extreme for my gopro but decided to try the ultra to save some money. so far it seems to work good. i have not tried to shoot at 4k yet although it seems like it would work.', ""i got this because the gopro hero3 doesn't come with any memory cards whatsoever.works great, especially for 4k recording on the hero3 black edition.these things are so small though, easy to lose if you don't keep it in the camera, or in the adapter.super fast download with a usb 3.0 memory card reader."", 'i bought this card for my hero3 because the 64 gb card that i bought with the camera is not readable on my ipad4. this card has been through its paces and supplies great video that i can review on my ipad immediately, with supplied sd adapter.', 'good price for a 64gb card. purchased it to go along with the hero3 camera. just what i needed to complete the set', 'its amazing how small these cards are, be careful not to loose it, i have almost a couple of times, i use this in my gopro and it works very good. shipped fast as well. a plus', 'i bought this sandisk ultra 32 gb micro sdhc memory card for my go pro hero white edition, is really good and works perfecly, try it, you wont regret!!', 'the san disk ultra 64 gb micro memory card works really well. the card is tiny, but the card comes with an adapter. i use it for the gopro.', 'this is the lowest priced 64 gb card i could find and it works great in my hero go pro camera', 'as i expect from sandisk, this card is fast, reliable and works great with the gopro 3.comes with the adapter.....pretty cool to have 64gig of space on such a small ad card.not cheap, but worth the money, in my opinion.', ""the card works like a charm with the gopro hero 3. pay attention though... it is about the size of a fingernail and could get lost very easily. also, keep track of the adapter, as you'll need it to download the images."", ""i purchased this card to use in a gopro hero 3. it keeps up with the 1080p video being wrote to it. i don't know if it would do 4k video, but 16gb wouldn't be enough for that type of quality either. bravo sandisk."", 'its ffast light weight.. great price nothing to say here.. just a memory carduse it for my gopro hero 3 black']"
297,sprint swore it was the cards but he defended the phone saying how would they sell me two defective cards in a row 16 each. the replacement has been working great so far! amazon excellent support quickly shipped out the new one!,"['i purchased this memory card for use in a galaxy s2 smart phone. music stored on the card plays without problems. works great and while not the cheapest, the price was not bad. update 11 28 12 after about 1 month of use, the card failed. after a few emails to sandisk, they issued and rma and promptly provided a warranty replacement. on the whole great service. these things are tiny and some failures are expected, so as long as this one keeps working, i still give it 5 stars.', ""i purchased sandisk because i thought it was the most reliable name brand out there. i have a galaxy s3 and purchased this 32gb card to handle all my photo's and movies. i'd say over the last 4 months i haven't been using the storage for more than just photo's and the occasional movie. the device just failed on me yesterday, losing all my photo's and files. thank goodness for dropbox auto photo upload otherwise i would of permanently lost my photos.i actually went back to the amazon branded microsd card 16gb which is about as fast and so far, way more reliable than sandisk. i can't beleive a sandisk card failed, i'm probably going to rma the unit and hope they send me a better unit. you can guarantee that i'm going to burn in the card to make sure there's no errors.i gave it one star because you think you pay a premium for a premium product. you expect it to be as near flawless as possible."", ""received two today and they have made in china imprinted on them. although they were detected and formatted fine to capacity in both samsung phone and tablet, lets see if they hold up and not suffer premature death like many have reported. thinking i should've gone with made in korea samsung sd cards instead if they had 64gb size.update bought two 12 2012 and one year later with very light use one of the cards started locking up the phone with wait or close prompt when deleting files off of it. should've gone with made in south korea samsung card. sandisk is garbage these days."", 'i have an s3 which are notorious apparently for killing sd cards. last black friday i bought two normal the black ones 32 gb cards and my phone killed both. sprint swore it was the cards but i defended sandisk saying how would they sell me two defective cards in a row 16 each . i made a deal with sprint saying if i bought a new card and the phone killed that one they would have to replace my phone and cards at no cost to me, so i bought this one and so far no problems so shame on you sandisk. 5 stars for product, 0 stars for their greed.', ""never had a problem with any sd cards prior, and always had a good track record with sandisk products.card was working great at first, used exclusively in my samsung galaxy s3. enjoyed the extra space got the 32gb card and transfers were pretty quick. i started to see about a month ago that the phone would randomly give me sd card unexpectedly removed error maybe once a week. the last 2 weeks, i also started seeing frequently sd card safe to remove randomly pop up at least once a day as well as the unexpected removal error every few days. today the card stopped reading all together.the card was first inserted w the phone off, when i bought it. although i never formatted it, it worked properly. i also never removed the card from the phone in order to possibly corrupt it from improper removal, so the card just seems to have died of it's own accord. i never thought to check it's temperature after transferring large files so i'm not sure if i had the same issue as another reviewer.contacted sandisk, waiting for reply. if they replace the card and it works well, i will revise this review.update 2 28 13got a replacement card after about a week and a half, sandisk supplied a shipping label for me which is always a plus. i've had the replacement in my s3 for 3.5 months now and still going strong. i've also used it with the adapter in my gopro. card is working well and hopefully it continues to do so. updated to 4 stars since i haven't had a single problem with this card the first one started showing issues fairly soon after installing . maybe there was just a bad batch of the card for spell there."", ""ok so far with my samsung galaxy s3. i initially received one that seemed to have an issue. it would intermittently save a photo here and there that would become corrupt a short time later. the dropbox auto upload was fine so i know it was stored ok initially. amazon excellent support quickly shipped out a new one. the replacement has been working great so far! no sign of the issue i had with the first one.the only con is the time to display contents and read it in mtp mode if it has a lot of files. this is not the fault of the card. it's a known issue with phones in mtp mode.note to rooted gs3 users...i also tried putting the phone in the old unmounted usb mode. i was unable to read it but was able to read a 32gb version of the same card. it appears the gs3 does not support over 32gb in the old usb mode. possibly part of the reason why they did not include a usb option via phone settings."", ""i bought three of these cards. one died one day in my galaxy s3 after about a month and a half of use. the phone said the card was removed unexpectedly, and it never functioned again. the phone still recognized all other cards. i contacted sandisk, and they shipped out a replacement under warranty.the cards have served me well. two are in galaxy s3's, and another in a galaxy note ii. copying to them is decently fast, and they are great for music or video storage. phones have no problem playing 720p video off the cards.""]"
298,"the card is micro size but high capacity are perfect. the class 10 rating allows the gopro to keep up with the high mb transfer rate and it is able to maintain up to date with a high transfer speed. if you have any questions, please contact me at info@goprchero.com.","['i bought this to add more storage to a sharper image action go pro knock off camera, and it fits the bill perfectly. the camera came with a generic 4gb card, but this 32gb class 10 card provides much smoother playback. a nice deal for just under 17.', ""this card is both small and large at the same time. it's micro size but high capacity are perfect and works well with my goprc hero 3. recording in 1080p is not an issue either. the class 10 rating allows the gopro to do its thing and the card is able to keep up with the high mb transfer rate."", 'this was purchased to capture video with a gopro hero3, and so far it has performed splendidly. hd video takes up a ton of space, but this card will still hold quite a bit of it. downloading is pretty quick and easy thanks to class 10 speed.']"
299,the older versions like the hero 3 are the larger sd cards. now the micro ed card is allowed. great price and great quality for those hd pictures and movies.,"['yee so this is the maximum space allowed in the gopros to my knowledge. the older versions like the hero 3 are the larger sd cards but now the micro sd cards are allowed. great price and great quality for those hd pictures and movies. get it.', 'what to be said??? extra memory chips for my gopro. small and compact for traveling. they travel and work great', 'memory card works awesome and for this much memory for the price is awesome. i use it for my gopro but you can use it for anything that can take a micro sd. comes with the bigger sd card so you can put it into a card reader or computer that reads sd cards.', 'the best microsd card around for shooting with gopro black edition.had enough memory to record all my dives and then some. in 1080 wide settings.will get more of this lil giant', 'plenty of memory for my gopro, durable, and small enough to lose haha... make sure your phone device can handle it']"
300,"i'm returning this card to amazon and trying my luck with a different brand. failed after one month and the problem is epidemic on the sandisk forums, they slowly get corrupted then fail and report only 30 32mb size - the lifetime warranty is nice, but these products are clearly defective, and they are clear that they","[""i really want to like these and i do trust sandisk more than other manufacturers of memory cards. that said, i'm moving on to my 3rd card. thank you amazon for having exceptional customer service, or else i'd be very upset.basically this card will suddenly not allow writing to it anymore. you can't save files to it, you can't delete files from it and you can't event format it. i've tried doing all three in different os'es and devices with no luck. doing some reading on the sandisk forums this seems to be happening a lot with these cards.i'm returning this to amazon and trying my luck with a different brand to see what happens."", ""failed after one month and the problem is epidemic on the sandisk forums , they slowly get corrupted then fail and report only 30 32mb size.the lifetime warranty is nice, but these products are clearly defective , i'm in the process of rma now, will update post on status updates.do not trust your data with this product, keep a backup of everything you put on it, i'm 100 serious, just look at the sandisk 'users' forum for 64gb cards.here is my breakdown while it lastedsandisk ultra 64 gb microsdxc class 10 uhs 1write speed was 8 10 mb s usually 8, tested windows usb 3.0 reader, and android read speed 27 mb sfailed 1 1 2 monthsupdate 2 13 14received back replacement item in brand new condition readspeed is 40 mb s write speed is still around 10 12mb s rma turn around time was about 3 weeks, i will up rating if this one lasts longer then one month.update 5 1 14rma replacement is still going strong, upped the star rating by one point."", 'i will be brief and simple.errors, errors, errors!what happened to sandisk? you need to check your qc unit!awful product ever from a reputable memory company.update i got thissamsung 32gb 32g class 10 microsd c10 microsdhc flash memory card model mb msbga krto replace the sandisk garbage. replacement works as it should. same on you sandisk, you lost one of your long time customer.', 'to be the man you gotta beat the man brotha. and sandisk is beating the man wit a stick. the price the warranty they are they are letting you steal these from them. so get your hands on some before they realize they giving out the hook up and bam they 100 again.....lolgo sandisk go amazon. i bought 3 and gone buy 3 more.']"
301,i bought 2 of these for my galaxy s5 and my tablet. it works so far so go.,"[""this is a great product but with over production comes some small issues at times, my phone will say that my card is damaged sometimes so i have to reboot, not sure if it's the phone or the card, i got 2 of these one for me and the wife, her's never have any issues. i can live with it, it happens every so often ..."", 'i just received this micro sd card. everything works so far. i purchased 2 for my galaxy s5 and my tablet. so far so go.']"
302,the sandisk 32 gb micro was able to format erase the chip so it could be usable but it lost my data when transferring to the device.,"[""update 6 18 14 well, i suppose nothing lasts forever. after almost a year, the card has gone bad. i use the card a lot in my smartphone a t mobile samsung galaxy s3 sgh t999 . all my photos, voice recordings, and downloads go on this card, and the downloads are transferred to my computer almost daily via usb cable. a few days ago, a video file i transferred to my computer refused to play correctly. no video, and the audio was skipping and squealing, which i recognize as the sound of a corrupted file. i thought maybe the transfer didn't complete tried it again, same result. i tried to play the file right on the phone, and it didn't play on my phone! i knew there was a problem. i tried copying the video to my phone storage and playing it there, still no luck. then i deleted the video and decided to download it directly to my phone, not the sd card eureka. it played perfectly.i formatted the sdxc card twice once from the phone and once through windows and tried the same test. downloaded video file to the card, then to the phone. same result both times it wouldn't play on the sd card, but it did on the phone. all videos used to play perfectly on the sd card. finally, i swapped out the card for my older, sandisk ultra 32gb micro sdxc card. like magic, it worked perfectly no matter what i played on it. so yeah, the 64gb card is dead. i should note that the card performed flawlessly for nearly a year up until a few days ago.thankfully, sandisk ultra products like this carry an incredible lifetime warranty or 10 years for regions that don't recognize lifetime their extreme line of cards raise that to 30 years! i've contacted their support for an rma so i'll update this review as events unfold. if they replace it quickly, i'll bump this back up to 5 stars.original review i'm using a samsung galaxy s3 smartphone. sandisk ultra micro sd cards have never failed me, and this one's no exception. i used to have a 32gb card. they're fast and reliable and never corrupt data, which is more than can be said for some cheaper brands like pny those fail quite often . i can't wait to get the new 128gb model!"", 'i have had the 32gb in my galaxy s3 for almost three months and there were no issues. however, the phone just recently started telling me the card has unrecognized files or it is empty, causing the loss of my media. i chose to format it after seeing the error for too long, chalking it up to some random error. somehow, yesterday, all of the files on my card magically reappeared and i was able to play my music again, despite having had the phone format the card. shortly afterwards, the error reappeared. i put the card in my computer and it is simply not appearing. shame, but i think this is a risky card to purchase.', 'i just had an incident with my galaxy s3 phone however where the chip became corrupt.. is it the chip? is it the phone? i put one of these in my samsung phone and another in my samsung tablet. all is well except for that one time where the chip and phone got funny with each other and i had to erase all my music... the phone was able to format erase prepare the chip so it was immediately usable but i did lose my music. very weird. well, all i have to do is sync my music to my phone.. no big deal..', 'i bought a generic sd card for my galaxy s5 and it corrupted all of my music. i am glad i have this sandisk because it is faster at reading writing and comes with the memoryzone backup app free, however, you need to have google drive, box, dropbox, or a similar cloud service. memoryzone is great at backing up but lost some of my data when doing a transfer phone to sd', 'i bought the sandisk 32 gb micro sd card class 10 in dec for a new galaxy s3. i used it for songs and video and pics. it started acting flaky in april and would unmount itself and then remount and i had problems with playing music. then it completely died and would not even reformat. this is a known issue, and i will write back after i try to get sandisk to replace it.', ""monday, november 26, 2012i put this in the galaxy s3 without formatting, restarted the phone and it showed 59.4g gb of space. i transferred all the files from the old 16 gb card and then moved all my music to the card with the phone connected to my computer by the usb cord. still lots of space left and the various music players seem to see all the music.tuesday, november 27, 2012the card didn't show up on the phone this afternoon. no message, just no songs to play and no card according to everything i could check on the phone. i restarted the phone and got a notification that the sd card was corrupt, needed formatting and that i would loose all data on the card. i restarted the phone again, without formatting, and the card came up like it had never been missing. i am writing this on thursday, 11 29 and i have not had another issue with the card.december 6well, i don't know what to think. the card disappeared again and i reformatted it fat32 in an attempt to fix the problem. the whole point of getting this large card was to have my music on my phone and not have to stream it from the cloud. i tried several music players and went with poweramp because of the good reviews and that i could specify the folder to play from. so poweramp is looking for the folder mnt extsdcard music and playing the songs in all the subfolders. it is poweramp that tells me that folder is not available.the card has gone missing one other time and restarting the phone fixed the problem.today, poweramp would not play and when i got home i found the music folder was gone. i also had ringtones folder and it was also gone. now, i may not be the sharpest saw in the shed, but i know i did not delete those folders. the card had other folders but not those two so it had not been reformatted.i am starting to think the problem is with the galaxy s3. i had a 16 gb fat32 card in this phone that had been in my previous htc phone. that card was not large enough to held my music so i don't know if it was disappearing or not. i wish this combination of phone and 64gb card was more reliable but just don't know where the problem lies.i lowered the stars from 4 to 3 but i really don't know if the problem is with the card, the phone or both. all i know is that they do not seem to be playing well together.december 7there was a notification on the phone this morning that the sd card was corrupted and needed to be formatted. i restarted the phone several times and got the notification each time. i reformatted the sd card using the phone, a step i don't think i have tried yet.december 8another minor problem i have is that the message counter gets stuck on 1 when i have no new messages. the only fix i have found is to restart the phone. that happened this morning and i got the corrupted card message again, but restarted again and the card came up ok.december 11so, the files on the card keep disappearing. the card is mounted and the phone shows the correct free memory but poweramp, and file directory programs do not see any files on the card. i restart the phone and the files come back. very strange. i played music on and off all day today without a problem and then this evening all the files disappeared again. restarted the phone and all is well again.december 15my phone upgraded to 4.1.1 yesterday and the same issues remain. it is a crap shoot as to if music will play. i take a lot of photos and use the service zenfolio to store and display them. i have an app that syncs with zenfolio and keeps a phone size version of the photos on my phone. i set this app to store the photos on the samsung sd card and have similar issues with it when the data on the phone goes away. this morning the sd card came up as corrupt again after a restart to get the data back. it took a total of 3 restarts to get the music and photos back.december 18i have been trying to play music stored on this card today and my phone has reset several times. very frustrating. i ordered a sandisk 32 gb mobile microsdhc flash memory card sdsdq 032g affp today for about 25.00 and i'll see if i have the same issues. very disappointing.december 28i purchased and installed thesandisk 32 gb mobile microsdhc flash memory card sdsdq 032g affpand copied all the files from the 64gb card to the new 32gb card. no formatting, no fuss, no muss. i have not had a phone reset since, have played music through bluetooth for hours in the car, have viewed photos. everything just works. half the memory but what i have is always available and the phone works, a good trade off. i am still disappointed that the 64gb did not work with the sg3. i have purchased aelago mobile nano ii usb 2.0 microsdhc flash memory card reader black to use the 64gb microsdhc card as a thumb drive.""]"
303,shiftn steel sport riderz has enough storage to record 2 long scuba dives at full 1080p 60fps. comes with an adapter to use with other ed devices too.,"[""gives me more time and memory when i'm riding with shiftn steel sport riderz and want to get some great footage"", 'this gave me enough storage to record 2 long scuba dives at full 1080p 60fps without having to transfer to the computer. thats close to 2 hours. it comes with an adapter to use with other sd devices too. very happy with it.', 'good amount of space for the stuff i want to do, and fits in my gopro. what more can i say?']"
304,"sandisk has also lowered their prices to be more in line with the competition. the card was in very special offer, and i kept a couple of them.","['i needed some new micro sd cards for my flash boot project and required stable speeds. sandisk provided the product i required with optimal speeds and stability along with quality and warranty.', 'this is a fast card that i trust more than the off brands not to die. sandisk has also lowered their prices to be more in line with the competition. all in all, this is a great card at a good price.', ""that card was in very special offer, and i kept a couple of them.so fast and affordable, what i have to say more it's a sandisk!""]"
305,"sandisk tech support confirmed that it was a bad unit. he returned it to amazon, but made the mistake of requesting replacement instead of refund - it caused my phone to reboot and displayed other forms of instability causing files to go missing. the replacement appeared to work at first, however, after short while, it went missing,","[""purchased for my android phone to provide more media storage. the one i received was doa. spoke with sandisk tech support who confirmed that it was a bad unit. since it was within 30 days, they suggested i return it to amazon instead of going through warranty procedures. i returned it to amazon, but made the mistake of requesting a replacement instead of a refund. the replacement appeared to work at first, but after a short while, it caused my phone to reboot, files went missing and displayed other forms of instability. it was a bit late to return again, so i contacted sandisk who replaced the unit under the warranty. however, this all took a lot of time, necessitated repeated copying of many gbs of data and secure erasing of information.the warranty replacement from sandisk works well, so far. however, i'm not seeing much improvement in my application over a similar 32gb class 4 sandisk microsdhc this one is class 10 . would probably give the current unit 3 stars, but this rating is for the amazon delivered units both defective .if you do get a bad one, i'd suggest to return for refund, not replacement."", ""this product sucks. my phone keeps giving me a card removed please re insert or something like that! only to find out that they do have that problem 32gb sd's and higher micro sd card ultra class 10 . complained to company and it's taking forever for them to ship me a new one. many mistakes happened with my new items and inconvenient. better to have just returned it with amazon got the money back and bought a different one!!! company sucks! you would think sandisk is a reputable name but . i bought 2 cards from them 32g and 64g and both have problems.""]"
306,the card went bad during the sailing out of san francisco in may of 2013. the next time he wanted to use my cell phone the phone told me it had no memory cards loaded - no problems they told them it was loaded.,"[""update providing an update with regard to sandisk support.i bought the memory card in aug 2012 see original review below . in may of 2013 while on my cruise to alaska the card went bad. during the sailing out of san francisco it was fine as i used it to take a panorama shot of the golden gate bridge. for most of the cruise i was using my dslr but the next time i wanted to use my cell phone, the phone told me i had no memory card loaded. any way, tested the card on my laptop when i got back and it couldn't recognize it. i contacted sandisk via email and provide them copy of my receipt from amazon along with the serial number on the back of the card very hard to read and no problems they told me to send them back the card and they sent me a brand new card which is now still functioning in my cell phone. great support provide by sandisk. no hassle as long as you can provide proof of purchase easy to do since amazon keeps my entire purchase history invoices online . one reason i buy directly from amazon itself vs other vendors either on amazon or elsewhere on the internet is that i have confidence that the memory cards sold by amazon itself are genuine. there may be incredible deals elsewhere on the internet but in some cases the deals are too good to be true and counterfeit cards are being sold.original review just received this today. removed it from the packaging and inserted it into my samsung galaxy s3 verizon and powered the unit back up and the storage was available. no formatting required. worked the first time out. settings showed 29.71gb of total space 32gb version and 29.71gb of free space. i like the fact that a sd adapter came with it. should i ever need to insert the card into my laptop it will come in handy. yes i can plug my phone directly to my laptop but if i ever swap this 32gb card out of my phone and replace it with a 64gb version, i can use this 32gb version via the adapter for other purposes."", ""after purchasing three of these one for myself and two for gifts to others i read reviews that said they sometimes just quit, and it's difficult or impossible to recover data. i have only been using my own card for 2 3 weeks, but it hasn't failed yet.3 27 13 after having this in my phone for almost 4 months, the phone started chirping every few seconds, telling me it was either mounting or unmounting a card. the sandisk ultra 32 gb microsdhc class 10 uhs 1 memory card apparently just decided to fail. thank goodness i only had info for one small app on it, and only need to access it about once a week, so it's not real critical. thanks to amazon's 30 day return policy though, i will probably just have to eat the cost of this one. unfortunately, i read the other bad reviews about this product after i had already purchased mine 2 of them, but my wife's hasn't failed yet . my advice is to stay clear of this product, and maybe sandisk in general."", 'i bought 4 of these units yes, at amazon sandisk ultra 32 gb microsdhc class 10 uhs 1 memory card 30mb s with adapter sdsdqua 032g u46a for 3 samsung galaxy siii and one samsung note 2, and found that one in the sgiii has stopped working. i tried everything, in a computer, in different adapters dead is dead. since the other three are used by non techno people, i am not sure if they are still working or not.when i contacted sandisk, they gave me test instructions, which of course all failed the tests. to return, i have to pay for shipping that must be tracked. this will cost around 20 for a 26 item. i ignored this, and shipped with a regular mail. i should not expect anything back, but who knows.for 6 more i have another unit, and i can tell you it will not be a sandisk ultra. oh, well, the average price for the 3 remaining units will then be 34 33 more than the purchase price .if i get a replacement, i will update this message.update i got an e mail from sandisk to advise me that they did receive the item and it is being processed. shipping without tracking cost me 0.65 vs. 20. at least i have to give their customer service or return department? credit for being honest. too bad the memory cards have problems, as sandisk had an excellent name for providing good quality products. maybe i should give this another 1 2 star, but there no such thing.', ""i bought two of these from a major electronics retailer to make sure i don't get a bootleg one and they both crapped out on me. i usually buy from amazon but i needed them rig away . so unless that company has bought a large batch of bootleg cards or maybe i'm retarded. i bought them from the same store but different locations. i have switched brands now. not taking anymore chances just in case a flood of bootleg ones hit the retail chains too. it worked fine at first but as the card filled up both times, both times they died and my pc or phone couldn't reformat it or recognize it. good luck if you buy this major name brand, i thought they were the best too but not for me i guess.""]"
307,three micro sd cards were bought for my m4 3 camera and phone. none of the three had any trouble - picked up several when discounted!,"['good pair of micro sd card that i bought for my m4 3 camera and phone. have been using it with my olympus omd me5 camera for a while and before that a sony nex 5n and my samsung galaxy note 2. no issues so far and the price is just right.', 'i bought three of these one to replace my old 1 gb card and two for first time users to add to their phone memory. these cards work fine, and none of the three had any trouble.', 'picked up several when they were discounted. work great in my galaxy s4 phone, wifes nikon v1 and my gopro. no failures or inability to recognize card. highly recommend scandisk products.', 'just bought 2 new windows cell phones, and of course wanted as much storage capacity possible. so far no problems with the card at all, and do not foresee any.', 'now, two phones later, and still have never had a problem! dont think, just buy it!now im just waiting for 128gb chips haha', ""i purchased two of these for my wife's and my phone. we've had no issues whatsoever with formatting and placing files onto this card. you really can't go wrong with this purchase, except if the price is a bit too much."", ""i really don't know that the complaints other posted were all about, but i have bought 3 of these sandisk micro sd card already. for my phone, my wife and my daughter's phone. store lots of movies, pictures. videos....etc. all works just fine, no issues at all.""]"
308,"b4 we ever got our galaxy3 cell phones, gift from my niece, will be here tomorrow same day as our sandisk.","['bought one for my gs3 phone and when i bought my wife the same got her one too. they seem to work seamlessly.perhaps over kill for us but cheaper per gig than smaller gig chips...', 'thanks to reviewers, i knew what to buy, b4 we ever got our galaxy3 cell phones, gift from my niece , will be here tomorrow same day as our sandisk! thank you for your time sharing your thoughts and opinions! it was is appreciated!', 'we ordered two of these for our samsung galaxy s3 phones. they work perfectly! exactly what we wanted and needed', 'i use this for my family 3 samsung flight ii phones. we have not experienced any problems. the kids take a lot of pictures with their phone.', ""i bought two of these for our new telephones. they work fine and were just what we needed if we have extra pictures on the phones. pictures do take up a lot of room but now we don't have to worry about running out of room."", 'popped them in our phones and they worked as expected.', 'we ordered two of them, one for me and one for my sun.we use them on our galaxy 3 phones and have never hada problem. i never worry about space on my phone now.']"
309,"the cards work without any issue storing games, movies and music on them. one in my asus tablet no problem so far.plenty of space, fast, format without a glitch. bought two 32 gbcards for the two new e-mails.","['purchased 2 of these for my samsung galaxy s4 at t . the cards work without any issue storing games, movies and music on them. i would recommend to anyone and would most definitely purchase these again without hesitation. as always, a big thanks to amazon for 2 day shipping!', 'i got to of these cards one in a samsung galaxy s3 no problem so far. one in my asus tablet no problem so far.plenty of space, fast, format without a glitch. i will keep buying this product as needed until better comes on the market.', 'purchased two 32 gbcards for the two new samsung s4s in or family. after using for several weeks no issues at all saving a variety of files photos and office documents.', 'bought two of these to use in a pair of galaxy s3 phones. fit perfectly and were instantly recognized by the phones. lots of room now for photos, etc. no problems at all thus far. i have quite a few sandisk memory products, including their 128gb ss drive. all have been trouble free, so i am hopeful.', 'bought 2 for me and my wife samsung galaxy s2 phones. took photos and video and there is no issues at all. based on my previous experience on similar products i got for dslr and other cameras, this thing should last as long as or longer than all my electronics.', 'bought 2 of them for each of our new s4 phones and they both work great. no issues. saves pictures to card fast, transferred music from pc to card fast and i can play and view pictures and videos with no problems.']"
310,"the 64gb one is good just like expected. it was made by a microsd card maker and it's just as good as expected. if you're looking for the color, you can buy it with confidence!","[""i liked the color liked that i didn't have to worry about it getting confused with other microsd cards that i had lying around. it functions as i expected, given that it was made by sandisk"", 'i only buy sandisk cards and this one is good just like i expected. great read and write speed and no issues whatsoever. i also own the 64gb one and its just as good...also comes with an adapter so you can use it in bigger older size sd card slots.buy with confidence!']"
311,"it worked great in my galaxy s4 and died about 2 months later. bought it, installed it in the droid razrm never removed it - and it failed to be seen again. i bought this and after a month of use it broke within 8 months with all my data in there.","['lasted about 8 months of daily use in my android phone. but yesterday it stopped performing writes and then failed altogether. while it was working, reads were incredibly fast and writes were pretty good as well.', 'worked great in my galaxy s4 and died about 2 months later, what a waste of a lot of money!', 'it failed. it only worked 3 months.i used it in a galaxy s3 phone. it seems that this brand has an issue with this model.i lost the information.', 'bought it for my lg l9 android phone and in the phone it stayed. speed is average. the problem is that it broke within 8 months with all my data in there.', 'bought it, installed it in my droid razrm never removed it and it died at a little over 6 months now. did not store apps or anything. just pictures and video from the phone.', 'i bought this and after a month of use on my samsung galaxy s2 it failed and could no longer be seen, and when i contacted support they said that i had to send it to them to get replaced which is more expensive than buying a new one', 'it worked for a while, i purchased 4 of them, then they just started dying.....one by one, none no longer work.']"
312,"i bought this for my garmin virb action cam. it will store 6 7 hours of video, which is great because that's all my batteries will record. we recorded 5 hour on full hd and still have plenty of space for more hours.","['its in my gopro and the memory card easily captures 2 hrs of video.it can get more the battery only lasts 2 hrs.', ""i bought this for my garmin virb action cam. it will store 6 7 hours of video, which is great because that's all my batteries will record. it's fast and big, what more can you want!"", 'i work for ready 2 roll pedicabs in houston and we do a lot of promotional movies and put them on youtube. we use this memory card for our full hd cam... so far we recorded 5 hour on full hd and still have plenty of space for more hours. it just took a few day when i received it in the mail.', 'you can film up to 2 30 hours with it, and 4000 pictures on 5mp so no bad for what i need.']"
313,"this died so fast and i barely used it and it died within 6 months. stopped being able to read or write when he went to destroy it, it crumbled easily into tiny pieces. never again!","['this died so fast and i barely used it. in fact, i did not even put anything on it and it died. my pad recognized it for a few weeks, but when i went to put stuff on it, it was dead.complete garbage, stay away.', 'failed after a year!', 'died within 6 months! stopped being able to read or write when i went to destroy it, it crumbled easily into tiny pieces. never again.']"
314,card was one of the best purchases i have ever made. it allows me to record hours of 720p 60fps video without running out of space or slowing down.,"['i purchased this card to use in my contourroam2 and it works great. all i had to do was put the card in the camera, format it, and i was good to go. it allows me to easily record hours of 720p 60fps video without running out of space or slowing down.', 'this card allows the camera to work for hours and continued copies.it was one of the best purchases i have ever made. it was worth the money.']"
315,"i swapped out 4 gig chip with this one, and now he has lots of storage capacity. this is plenty of space and was purchased at 'a very affordable price'","['great price for a great chip, it worked perfectly in my new smart phone. i swapped out a 4 gig chip with this one, and now i have lots of excess storage capacity.', ""these days, who doesn't need plenty of storage to move your apps, photos and other stuff to keep your phone running smoothly? great price with no chance running out if space for a long time."", 'definitely needed more memory for my phone. this is plenty of storage and was purchased at a very affordable price.']"
316,"i bought 2 of those sandisk 32 gb microsd and used them on my galaxy note. my phone started saying it was removed, then recognize it again then died suddenly! ever he am very disappointed in this card.","[""i bought 2 of those sandisk 32 gb microsd , used them on my galaxy note and galaxy s4first one , my phone started saying it was removed , then recognize it again then diedi thought it's just a luck , plugged in the 2nd one stayed for about 2 months and died suddenly ! and lost everythingnever buying from sandisk again .. ever"", ""i am very disappointed in this card. i usually don't have an issue with sandisk, but this 32gb ultra card died after two months. died as in, no longer recognizable by pc camera or any device. now i have to wrestle with warranty claim."", 'this card failed after 2 weeks of use. i have the same problem with their ssd failed on me after 6 months.', 'had the 32gb sd card for a 4 months before it died on me. tried to swap it out and said warranty was only 60 days long. last sandisk product i ever buy.', 'broke after 2 weeks.....i will go back to samsung hd cards... this was a waste of time and money. actually, i should ask for a refund', 'i have only had this for about 2 months and it is already dead. my gopro doesnt see the memory card, my pc doesnt see the memory card, both of my laptops do not see it.', 'i am now awaiting a replacement from sandisk because it failed after the amazon return period. always had good luck with sandisk cards until now. phone and pc simply stopped seeing the card. lost all of my data which i fortunately had backed up elsewhere .']"
317,i use this with a 1080p video camera and it performs very well. he needed dependable high speed card for my action cam on sailor's fishing trip - this card delivered in spades!,"[""i use this with a 1080p video camera and it performs very well. it doesn't have any issue keeping up and the transfer rates when interfacing with a computer are high."", 'i needed a large capacity, dependable high speed card for my action cam on a fishing trip and this card delivered in spades! recording and playback were flawless.', ""i use this in a high def camcorder to record 1080p video. i've had no problems with clipping. the card seems well able to quickly handle the amount of data that gets pumped to it. i've not had any quality control issues or data loss, either. would definitely buy again."", 'perfect,no complaints,used as a video card,almost 5 hours of video on this little piece of s,,,,,,,, ha i remember the vhs tape,are we getting crazy?']"
318,sony camcorder works well and copes with the high data volume of a video. many others will not allow high quality recordings in canon cams despite the ability to record at the highest quality in the video.,"['i have used this with sony camcorder for more than a year now. it works well and copes with the high data volume of a camcorder video.', 'this allows recording at the highest quality in my canon camcorder whereas many others will not allow high quality recordings']"
319,samsung says is the phone??? but i've seen other cards fail with different phones. the card is not recognized by my phone or pc - but it's not backed up!,"[""with all the great reviews on this card, i picked this up for my samsung galaxy s iii. popped in the card, and i was happy taking pictures, saving files, and living life.fast forward two months later, and all of a sudden, the card stops functioning. my phone won't read it any more. my computer won't read it either. submitted a ticket to sandisk. hopefully i can get a replacement that actually works.thank goodness i saved all my photos on dropbox."", ""i didn't even have this card installed in my motorola razor hd for 6 months when i turned my phone on yesterday and got a message stating i removed my card before properly unmounting it first even though it was still installed. i plugged it into my pc adapter and nothing! i lost about 300 documents and over 500 pictures, but i'm glad that i just backed up everything 2 weeks ago. worked great until it died far to soon and without any warning at all. be sure to backup all your important data frequently!"", ""i got this for my samsung galaxy tab 7.7 p6800 and it worked great for about 3 weeks september 18 through today, october 7. it just died while i had the tablet attached to my pc and was copying another file onto it, so i've changed my rating from 5 stars to just 1 star. i'd give 0 stars if i could. another user warned me that this had happened to him after 4 1 2 months, but 3 weeks?!?!?!?!? i've reported this to amazon and asked for a refund.stay as far away from this card as you can, at least for the galaxy tab 7.7.update amazon refunded my money for this card, and i replaced it with the samsung equivalent, which is still working perfectly. don't waste your time and money on this card get the samsung."", ""i connected it to my galaxy s4, but every now and then once or twice a week it will eject from my phone and the phone will need to re read the card. it's not a big issue, but when it happens you may need to wait like 4 min for your files.it happens a lot less now that i dont use the powersaving funtion. something about the powersaving on the phone seems to not deliver enough power to the card."", ""pros looks good, works fine until it starts acting up.cons worked for 6 8 months in 2 samsung s3 phones, and 3 months in a samsung galaxy note 8. one by one they all died, became unreadable. cannot format either. just dead. wasted.sandisk did not post any disclaimers like don't bother to use this in a samsung device."", ""i installed this on my galaxy note 2 and it crashed after one month. lost all my pictures on the card. had it not been for google plus instant upload and redundant backup to dropbox all of the pictures would have been lost. i think i should get a refund but i did not keep the original packaging. i would not buy this, but if you do keep the packaging so you can return it. if you read most of the reviews you will see that a lot of people have had trouble with this card crashing. i don't think amazon should offer it as it hurts their overall customer satisfaction."", ""after exactly month and a half this card is done...and with it i lost all my pics and videos...just after the return policy expired!! card is not recognized by my phone or pc. trying to get rma from sandisk...i own the s3 and have read extensive problems with the 32 and 64gb card class 10! samsung says is sandisk...and sandisk says is the phone ??? but i've seen other cards failing with different phones! all android by the way...what's the problem ?"", ""failed in my galaxy note after 8 months.lost all my pictures and videos that werent backed up.the card worked fine until suddenly wasnt being recognized on the phone or the computer.sandisk honored the warrenty and sent a replacement and it works, but i am less confident about the product and afraid to lose data on it in later when i'm not prepared."", ""for some reason this card hates my galaxy s4. i was running around in circles for a week trying to figure out why my phone would get stuck at the samsung screen on reboots. finally i decided to pull the card out, and voila, phone boots up fine again. it's now sitting in the ashtray in my car."", ""i bought this for my samsung galaxy s4. i don't know if it is my phone or the card but my phone says it was unexpectedly removed from time to time. my wife's phone doesn't do it as often but still does it. very fast but unreliable. i have had many sandisk before and this is the only one i have had problems with. i have read that there were some that were poorly made. thinking i will send it back and give it another chance."", 'bought this for galaxy s3, worked like a charm for 3 months then i started getting error messages on phone stating the card has been taken out or that it is not there, went on like this for a week or so then one day gone. initially i thought it was problem with phone. popped in a 2gb card from bb it worked. popped this one into the bb same, no detection. after spending so much on an sd card its disappointing to see it go bust outside of return period.', ""i bought his card in november 2012 and it just died. fortunately, i had backed up the files but for what i paid, i am dissappointed. no more sandisk products for me.update i realized that the reason this wasn't working was because i had an aosp rom on my note 2. when i went back to touch wiz, it could be recognized again. i've changed my rating from 1 to 5 stars it is working great."", 'when i bought this a year ago, i had problems with it working properly in my sprint e4gt galaxy sii . the card kept waking up the phone to be read, over and over. sandisk acknowledged this problem in 34 some 34 android devices and shipped me a new card once i returned this one to them. the new card still had the same problem, so i gave up. the card is fast, and i got a good deal on the price, so i am pretty disappointed about it.', 'purchased for my galaxie 3 phone and it fits and works. not much else to say. ok, the price was good.update 06 24 13it stopped working! all of a sudden my phone started alerting me that the sd chip was mounting and dismounting. caused the battery to drain in a few hours. everything on the card was lost. i attempted to re format in my laptop. card was not found by laptop.googled the issue and found many blogs of others experiencing the same problem.i will attempt to return to amazon.']"
320,"i bought this for my device, it worked as advertised. it has given me much more space than he can use - but we'll see. this was a great price and is pleased with the purchase.","['purchased this for my device, it worked as advertised. you can never have too much phone memory, since i download a lot of stuff this was a no brainer for me.', ""purchased for use with a smartphone. works flawlessly, has given me much more space than i think i can use but we'll see. that's what i always say at the beginning. it works without me noticing it is there so to me that is what i pay for. i think this was a great price and i'm pleased with the purchase."", 'i needed some space on my phone, bought this, has not given me any problems.it just works really well', 'the only reason not to buy this one is to buy the bigger one. ive had in my phones for over 2 years and is awesome. never worry about running out of storage. great product!']"
321,the item met my needs for my first smart phone. it works perfectly in my android phone and gives me decent amount of storage now using this device. i'd recommend this item for such big storage and it's does a great job with my new phone.,"[""good price, good quality. put it in my phone for some extra storage, and it's held up very well since i got it."", ""it's a great brand, works perfectly, i use it for my android phone and now i got tons of extra storage."", ""for the price it's a very good deal. i have lots of space and it works perfect in my cell phone."", ""works well in my phone and gives me a decent amount of storage for a good price. i'd recommend it."", ""this is a great price for such big storage and it's does a great job with my first smart phone."", ""great price and great manufacture. the item met my needs for my new phone, i'll have ample storage now using this device.""]"
322,"you cannever have enough memory have saved all the tablets photos, free apps and oodles of other stuff.","['they work great with my phonei think i may have to buy lots more of this productmaybe 64gb', 'i bought 2 of these one for my phone and the opther for my tablet. you cannever have enough memory', ""have saved all the tablets photos, free apps and oodles of other stuff. i don't see any way to ever use all of the memory.""]"
323,"extra memory is a must have for those who have android products with expandable memory slots. works on computers laptops, psp w adapter, cameras, camcorders, etc. if you have the music or video's can not go wrong with more memory this is exactly what i need.","[""how do i praise extra memory? it fills my mp3 player with every song my heart desires, the sound quality is perfect. the ease of use is superb. it's great."", ""a must have for those who have android products with expandable memory slots...the go to place to save your pictures and videos so if you change phones or tablets you won't lose your memories."", ""boost the mp3 player size thanks, more more if you have the music or video's can not go wrong with more memory"", 'this is exactly what i need.plenty space for just about anything.works on computers laptops, psps w adapter, cameras, camcorders, etc.', ""if you're looking for extra storage for your device, this is it. you can store pics, songs and so much more."", 'we use these in our phones to carry our favorite tunes or take lots of pictures. they are excellent quality.', 'lots of room on here for movies, video, if you need the space, this is it, and they offer more gb too', 'plenty of extra storage can load a lot of movies in high definition, music and a boat load of other stuff.', 'excellent secondary storage device! i have one installed in my mobile phone, and one in my tablet. they have greatly enhanced my multimedia options. my phone has over 4000 songs on it with room for more. my tablet has about 42 full length good quality movies loaded.', 'this is what you need for the external storage for any of the new smart phones or qny other compatible device.']"
324,"sandisk acknowledged a 34 manufacturing problem with these cards back in january 2013. the bad cards must still be sitting in warehouses, returned both and ordered'samsung'' 64gb microsdxc card. 12 more and slightly slower read write specs.","[""purchased in november 2012 less than 18 months ago for use in my then new samsung galaxy s3. it has never been removed from the phone until today when it failed. since the phone is still fine and the memory card is stored well inside, it's safe to assume this card has suffered no abuse. today, the card is totally unreadable. it can't be formatted by the phone. the pc doesn't see it at all. it's dead, jim. i'll be contacting sandisk about warranty today.update i've updated this from 1 start to 4 because although it failed, sandisk is replacing it at no charge. sometimes stuff fails. if a manufacturer will stand by it, that speaks well. nice that because i bought it on amazon i could search my orders and find the original invoice to use when i contacted them."", ""i bought this card because my 32gb sandisk ultra stopped working in my galaxy s3. i tried formatting the card, but it didn't work. when this card showed up, i read the warranty information, and the ultra series has a lifetime warranty! i emailed the company, and they sent me a shipping label to return the card, and my new on is on the way! i highly recommend these cards!"", ""we ordered these and used them in my galaxy note 2 and my wife's razr m. after a few months we noticed that they would cause the phone to freeze up. the phones would start showing that it was mounting and unmounting the sd card early on but toward the end they just froze up the phone. once we trashed the cards, the phones worked fine. we bought a different brand and no trouble since. i don't know why these red gray ones have issues but stay away from them."", 'if you look through the reviews you will see that this card seems to have both a failure rate and a incompatibility with some devices. i bought this card in november of 2012 and it worked great for a while. the card started failing in my galaxy note 2 in the beginning of january. after reformatting and trying the card in other devices it still does not work. please understand that this is not a user error but appear to be something wrong with the card itself. i have tried the card in 3 different phones. 1 with stock jelly bean, 1 with ice cream sandwich, and 1 with a cyanogenmod custom firmware. all 3 devices have problems and say blank sd card or unsupported filesystem . even formatting the card in both windows and using android do not seem to fix the issue. i was happy to find such a good price on a large microsd card but sadly it looks like you get what you pay for. it does appear that some people are having luck so it might be worth a gamble of 20 if you are feeling lucky. if you do buy this card it would be wise to double check your backup process to make sure you do not lose pictures or videos if you have this problem. i am glad i used dropbox for my phone so i did not lose any pictures or videos.', 'i purchased this product knowing there might be an issue with the galaxy s4. this card worked for a week or two then began to spontaneously unmount and would mount itself back in. the unmount periods began to become longer than a few hours, days! i tried this card in a galaxy note 2 still with the same result. i attempted to contact sandisk customer service and utilize the warranty. they know of the problem and began the exchange process then instructed me to wait for a mailing label that never came. i called back and was told that they would re email it to me. to this day i am still waiting for that email. i have never had this issue with this company but with ever changing technology, it is what it is, right? i know this card will be good for some device i have. if you own a galaxy phone beware!! i have not attempted to use this in a samsung tablet so on that i cannot review.', ""listen i got the sandisk after i had a kingston card in my phone samsung galaxy note 2 and it died after less than a year!!! luckily, my phone was synced to dropbox, otherwise i would've lost valuable pics including our first summer family vacation!!! so far, so good with the sandisk. it's been a few months. if there's a catastrophe, i'll update this review. but as of right now, it's working really well."", ""bought this for samsung galaxy s3 in fall 2012 and that card works perfectly to this day. bought the same card in may 2013 for galaxy s4 and it continuously mounts and unmounts. sometimes it is not even recognized by s4 or pc. amazon is awesome and pre shipped a replacement. it did the same thing, though. according to cnet, sandisk acknowledged a 34 manufacturing problem 34 with these cards back in january 2013. said it was fixed, but the bad cards must still be sitting in warehouses. returned both and ordered samsung's 64gb micro sdxc card. 12 more and slightly slower read write specs, but works perfectly in s4 and i can't tell the difference in its speeds compared to the sandisk that works in my s3.""]"
325,"the card worked fine with my phone but it didn't work on my gf's phone. it was not working on the phone, the tablet and my laptop despite some apps causing it to re-use it in my can i put it into my android phone' a flaw in this memory card, so it must be","[""i bought two of these one for asus infinity and one for samsung galaxy s3 international version. it worked fine with my asus but it didn't work on my phone. i formatted this card using the phone,the tablet and my laptop but didn't work i did some tests with apps using some apps nothing showed its not working the only way i got it to work is by formatting it in my canon slr camera."", ""i wish i could say this card was great. been waiting for it for around a year and a half whilst using the 64gb one also sandisk which never gave me issues sadly i lost it. this card confused the heck out of me. i used it on my s4 and first off, it wouldn't recognize it. tried it on my gf's s4 and same problem.apparently it comes formatted as exfat and thought maybe reformatting it as fat32 would solve the problem. well i thought it did since my phone finally recognized it upon inserting it. a new problem arose, though. i started taking pictures to try it out and odd thing was some of the pictures became corrupted. not even viewable on the phone seconds after taking them. some worked, others not.later on, i restarted my phone for some reason or other. a while later i wanted to check the pictures again and, surprise surprise, everything was gone. i'd find out later that every time i restarted my phone everything on the card was being deleted. tried it on my gf's phone and same thing happened.tried reformatting again as fat32 using gparted couldn't hurt and it just throws errors upon starting the write sequence.too bad i can't return it as i had it shipped to me in guatemala. so that's 119 down the toilet. i have to buy a new one now, but i think i'll go for the new samsung evo ones although they don't offer a 128gb model as of this writing bummer ."", ""i was given this card in october to add to my new samsung galaxy s3. i was thrilled i copied a ton of music onto the card and used my phone as my mobile ipod substitute, leaving my ipod classic on my desktop in its speaker system cradle.everything worked fine until a couple of weeks ago. i started getting messages that seemed to say that i had removed and inserted the memory card. of course, i hadn't touched it. then a few days ago the phone told me that the card contained unsupported files and that i needed to reformat it. well, i tried reformatting. after that, nothing. nothing at all. i pulled the memory card, reset the phone. reinserted the card. nothing. i tried the card in the adapter on 3 computers. it wasn't even visible.i called sandisk tech support. it didn't take terribly long to convince them that i had a problem. but they quickly offered me two 16 gb cards as a replacement. i literally laughed at them. i got the disturbing sense that this is something that they are required to try. if so, that's a lousy business practice. after bouncing me around a few time, they agreed to send me an rma and a shipping label. i duly sent the card off a couple of days ago. to be frank, i have no idea at all when i might receive a replacement.if i weren't already in the grips of sandisk, i would buy another card. the fact that 10 of the comments here are negative is an indication of a real quality control problem. a 10 fail rate is simply unacceptable for a product such as this.update well, i do have to give sandisk credit for customer support. i returned the card using the supplied ups label on a tuesday and i received a replacement by ups on the following monday. that's very good service. it does, however, increase my suspicion about the offer of two 16 gb because the 32 gb cards were out of stock. if they were out of stock, they sure got in stock in a big hurry. in any event, i've upped my rating to two stars."", ""i bought this to be able to load more music into my verizon lg android phone. i spent hours adding music to the card. then, i put it into my android phone. the phone did not read anything on the memory card. the other memory cards, 8gb and 32gb worked fine, so it must be a flaw in this memory card. also, this memory card got stuck in my android phone's slot. i had to use a utility knife with a very, very thin blade to pull out this card."", 'i was very excited to add this memory card to my g2 and finally not have to worry about used up memory anymore. this was short lived however as maybe a few months had passed when the memory card refused to write anymore data. i tried formatting it never could wipe it , using it in a thumb drive reader kwpould not delete data , all to no avail. luckily the data i had on it was still salvageable.', ""i dunno if it's a bad copy or what but when i try to transfer files like 2gb or 3gb it doesn't copy! it ejects itself and then mounts itself again. i had to transfer all my songs from my pc through airdroid which was a pain in the a i can't transfer movies from my pc and by the way i tried formatting it and checking for some errors but same issue but i can move smaller files like 20mb or sovery disappointing especially for such price!update now i have more problems! my phone tells me every now and then that the sd card was unexpectedly removed and i tried on other phones with the same problem""]"
326,"sandisk fixed the problem a couple months ago and fixed it. it scratched the microsd card is really bad, the camera takes long to be ready and repeatedly resets the phone. i am going to go with another brand instead.","[""bought this card for my galaxy s4 and after installing it and loading my music, the card was randomly ejecting itself. after like the 3rd ejection of the morning, the phone reported that the card needed to be reformatted because it was damaged, so i reformatted. the random sdcard ejection and damaged card kept coming up. after googling, i read that the galaxy series phones are known to have compatibility issues with sandisk cards and its a hit or miss, some phones have no issues. i have replaced this card already, which amazon, shipped me a 2nd card within a few days, but the same problems arise. not sure if i should switch to a different brand, but this card is definitely useless to me for the time being. maybe i can give it away to a friend who doesn't have an s4."", ""the card seemed to work well in most devices that i tried it in, but in a samsung galaxy s4 it would continue to unmount and mount over over on the phone a known issue on the galaxy s4 forums due to a possibly bad batch of them. i tried to reformat the card in the phone and from a pc computer, but that didn't help. finally i just called sandisk and they had to rma the card, which took about 2 weeks from start to finish when i had the new card in my hand. the new 64 gb card from sandisk looks slightly different, but still has gray red on it. however, it now works great in the galaxy s4 and hasn't had any unmounting issues now for the past 3 weeks.good card for pretty much everything else, except in the new samsung galaxy s4 phones."", 'bought this because i discovered that i had accidently left a class 2 card in my phone for over a year. was troubleshooting the sluggishness and realized my error. this card, while not officially supported, works perfectly fine. i partitioned it using the rom manager. also installed link2sd and moved the largest apps to an ext2 partition.', ""i've had this for about a week now and so far no problems. due to my laziness, i didn't do a lot of research beforehand and didn't find out about the problem these cards had with the galaxy s4, which is the phone i have, until after i had bought the card apparently the cards kept unmounting themselves, even if you remounted it in the settings . fortunately, sandisk caught wind of the problem a couple months ago and fixed it, so kudos to them."", ""i put this new sd card in my new gs4 for the first time, and now the metal contacts are scratched and it randomly unmounts from the phone! my older 32gb sandisk works just fine, so i'm thinking its the thicker paint or something causing this... i don't know, but its ruined! it scratched the first day, but i'm just now noticing the unmounts now that i have my music on it, every few songs it will unmount and remount, interupting my music... i'll never buy another expensive sandisk. i'm going to order a different brand, just make sure i can find one without paint on it.... sucks, i really thought this was going to be a good one! i love the colors, and its so fast to transfer files to.... too bad its broken. and i didn't find out about it until after the return date, so i'm screwed. oh well. never again, i'll give my business to someone else...."", ""i love sandisk, and i have used quite a few of their products, including an mp3 player, a couple of usb keys and even a micro sd card class 4 . i have never had any problems. after installing this card, however, i have seen it unmounting itself randomly to be detected again and automatically being mounted by my galaxy s4 device. this happens several times a day, including when i am in the middle of watching a movie on the phone this is the first week that i have had the card . this is unacceptable. normally, i would have just asked for a replacement, but after doing some research online, i have found out that this seems to be a recurrent problem on many phone models and doesn't seem to be just a dud , but a production issue. i have returned the card, and i am going to go with another brand instead."", 'acquired this card a month ago for use in my phone samsung galaxy s4 and only have taken issues with it.the micro sd card is really bad, the camera takes a long time to be ready and repeatedly resets the phone. absolutely not recommend it in my previous phone s3 used a micro sd card 32gb samsung brand and never had problems with it.to correct the problem of instability recommend formatting the card, i did and the problem remains the same.live outside the u.s. and i must acquire excellent quality products because the cost of returning it exceeds the cost of the product.next time buy a card samsung brand that never gave me problems.']"
327,"the space is perfect for my device and it runs really fast. it's way faster than i expected, brings plenty of storage for very a cheap price.","['i love this little guy its super fast and it has a lot of space for storage, just plug it in and enjoy', 'i bought it because it was a great price for the capacity and rated speed. i use it for storage in my nook hd', ""super fast transfer speed. very very impressed with the price as well. i'll be getting another no doubt. two words."", ""works, works perfectly, super cheap... what's not to love? there are tons of choices and this really does very well at transfer speeds and doubles or more your portable space. couldn't be happier."", 'i love this product. the space is perfect for my device and it runs really fast. i thought it came at a great price too. i highly recommend this product!', ""it's way faster than i expected, brings plenty of storage for very a cheap price. i can fully recommend this item.""]"
328,"the card has actually failed 34 times 34. it is unwritten on a mac, linux machine or the phone writes all seem to succeed - but even low level reformats don't actually do anything the exact same files are there after every change, untouchable and sandisk support said it will need to be replaced and covered under","[""used it in my galaxy note 2 for the past 16 months. all the sudden it is no longer writable. i tried many ways to reformat the card. even windows says format successful but all files remain after i remove and re insert the card. since i have private files in the card i'm not able to delete. i do not want to sent it back to sandisk for replacement."", ""thus microsd card worked fine for a year in my samsumg note ii. i mostly used it to listed to downloaded music from spotify. it has actually failed 34 twice 34 . when it failed the first time the phone couldn't 34 see 34 that i had a card installed i thought maybe something had merely corrupted it, so i formatted it, put it back in my phone, and re downloaded all my playlists. it worked for two months and then failed again. i don't plan to try formatting it again, i'll switch to a different brand of card."", ""this card was used in a phone without a large amount of write stress which does shorten the life of the card it was not written to over and over in the phone .the card is now totally unwriteable on a mac, a linux machine, or the phone writes all seem to succeed but even low level reformats don't actually do anything the exact same files are there after every change, untouchable and frozen forever.10 months of use out of a memory card and then a really weird failure like this neither the mac, linux machine, or phone reports any error is not acceptable quality from sandisk."", 'i have had this for 8 months, and the sd card already stopped deleting files and keeping pictures. i have tried reformatting, and nothing helps. not cool.update april 2, 2014 i contacted sandisk and i am sending the problematic card back for warranty replacement. i hope this will resolve the issue with the card. i will keep you updated once the process is complete.', ""i had the card about 3 months in my galaxy s 4 and then it suddenly went into a read only mode. all the data was still there and i was able to copy it all from the card but could not write or format the card. i searched the internet high and low for a solution and then finally contacted sandisk support. after explaining my problem, they said it will need to be replaced and it would be covered under warranty. the replacement process took about two weeks, they paid for return shipping. i now have the 2nd card and have had it running for about 2 weeks now.we'll see if i just happened to get a bad one or if they all are of questionable quality."", ""i got this card only a few months ago, used it on a note 3, now it has failed. no matter what i try, attempts to format the drive or edit the files on it, whether using my computer or the phone, have all failed. the card's data is now essentially read only, which is the only saving grace of this since i could at least save my data.previous to this i had an issue with it corrupting photos randomly, with increasing regularity as it grew closer to complete failure. i am now going to be avoiding sandisk when possible"", ""i used it for something like 10 months in my galaxy s iii gt i9305 with original firmware, mainly for pictures and flac files.suddenly i perceived that the last pictures i took disappeared i took some more pictures as i thought that were software problems but same problem until i realized that the card was not working. now i can't write it anymore or delete information, format it, delete partition, etc. now is a rom. the bright side is that i did not lose valuable information like pictures that now are permanently stored in the card.""]"
329,sandisk is a storage card for video clips and photos. it holds lots of video and plays videos straight from the card works fine.,"[""i got this to allow me to store and move movies and photos. it holds a lot and playing videos straight from the card works fine. so, it does what i needed it to do. you generally can't go wrong with genuine sandisk products."", 'works great, i trust sandisk for quality. i would recommend this sd card to anyone who is looking for a large storage card for videos.']"
330,sandisk used it in gs4 and it crashed on me several times. it was unresponsive and all my data was lost - it's now been a little over one month and my files are gone. not all of them were able to be backed up. i hope the card can get at least the photos back,"['crashed... lost everything... thanks sandisk. used in gs4..not a solid product couple years worth of stuff gone in an instant.', 'i had it for a day before it died and lost all my data. not what i expected from sandisk or any microsd card in this case.', 'i use it for my galaxy s4 and this card crashed on me few times, i lost all my photos and music. thankfully they were all backed up but the worst part is, the card completely stopped working at one point. i had to contact sandisk for a replacement and it was a hassle.', ""i used it in my droid razr maxx hd and it kept unmounting itself. then it became unresponsive and all my data was lost. now it isn't recognized by my phone or my laptop. dead in the water."", ""started acting erratically after about a month, it's now been a little over a month and all my files are gone. not all of them were able to be backed up. i hope i can get at least the pictures back. glad the s4 backs up photos automatically...""]"
331,"1 was stolen by some tweakers which sucks pro 9642 pricecons. it fails, losing all my data, causing me to suffer with it. works in my xoom.","[""doesn't work in my s2 skyrocket but works in my xoom. odd but i have to suffer with it. seems about the same as my class 4. will not get sandisk again unless its tons cheaper. 1 was stolen by some tweakers which sucks"", ""pro 9642 pricecons 9642 intially began to get card read errors on samsung note. right at 6 months it fails, lossing all my data. pictures, videos, documents, ect... all gone.i shouldn't have cheaped out, i should have bought the samsung card.""]"
332,"samsung galaxy siii is a class 4 class 6 motherboard with qualcomm processor. the motherboard has to support the data stream, and it doesn't!pass if you have an android phone, unless you get it in writing from the manufacturer of your phone.","[""could not figure out why this card crashed multiple times in my samsung galaxy siii, and demanded a reformatting. then after 5hrs of calls to sprint samsung i got a guy who reads factory stuff!samsung galaxy siii is a class 4 class 6 supported motherboard, with qualcomm processor. the sprint stores only sell class 4 memory, and there is a reason that camera memory class 10 is not sold there, the board, just like in a pc, has to support the data stream. it does not!if you have an android phone you better make sure the motherboard supports it! even samsung's usa website does not tell you the board supported memory! they won't, and don't tell who the board manufacturer is in this galaxy siii phone. i asked at the texas samsung advanced tech support center after 1hr on hold, and they had no specs to even share. they don't get it!pass if you have a cell phone, unless you get it in writing from the motherboard manufacturer of your phone. i went through this same stuff building custom pc's with intel motherboards. memory has to be built to run on this board, at this speed, with this processor, or it will not work properly, and will crash, and lose data."", 'it worked fine at a start and offered great speeds, but after a few months my cell phone started to eject and reconnect it several times per day at least once per hour . that made my phone eat up its whole battery life in half the time. i installed watchdog and noticed that the google process also incremented its cpu usage. i read somewhere that it was caused by this kind of problems with microsd cards, probably because the process was trying to scan the memory once inserted. in another forum there are also reports of this kind of problems with some of the latest generation sandisk microsd cards.now i decided to purchase a samsung one which can be found similarly priced. my phone stopped acting up, and its battery life came back to normal.']"
333,"samsung updated the software and update it in ways that they can. the company hasn't had any issues with the previous cards - it's sad usually very good cards, they keep saying that 'we're going to update our software'","[""used it in a samsung galaxy s3 and it was ruined within a month. second one i went through on that phone. contacted verizon, samsung, sandisk, google, and read a lot of forums. turns out a lot of people were having the issue with that phone and these cards.of course the girlfriend threw away the card so i couldn't return it, so i don't know if the issue was fixed or if was a bad batch of cards that went out or what. it's been a few months and i haven't seen the problem as much as before, so i can only assume it was a bad batch.i've had another card in my phone for a while and haven't had any issues, so for now i can't recommend this specific card unless their issue has been addressed."", ""spoke with customer service had it replaced 3 times, card had problems all of the times, they were all the time looking for ways to get out of the warranty until they decided i did something which obviously wasn't the problem because it happened 3 times with the previous cards, basically look into other companies that honer their warranties,very sad usually very good cards,they kept saying that samsung updated the software and they update it in ways that it wont match the sandisk cards.??"", ""this is the second card i've purchased of this exact model. the first one i had went bad after about 8 months. to be fair, i had it in a rooted galaxy s3 with cm10.1 loaded on it. so it's possible that something in the experimental firmware messed up the card.i'm back on the stock rom now due to issues with 4g lte. i'm not even rooted anymore. so i'm hoping that the card remains solid this time. everyone else seems to love it so i'm hoping serves me well for a long time.so far... so good...""]"
334,"i bought this card to replace a lost 16 gig in my phone, htc g2. it hasn't lost any data yet, but my new phone will randomly lose the sd card and have to search and re scan it. if you are looking to purchase an e-card look at another brand new","[""i have lost my data 3 times with this card. i don't know if it's the card or the s3. my data always ends up as unrecoverable pieces in the lost.dir directory the phone creates the first time you insert the card. i don't trust it to hold anything i cant afford to loose.update i purchased akingston digital 32 gb microsdhc flash memory card sdc4 32gblast week as a replacement. it hasn't lost any data yet. i'll update here again if it has the same issue.update 2 thekingston digital 32 gb microsdhc flash memory card sdc4 32gbhas been in my phone for 2 months with no data loss. it is the better product."", ""everything transfered over to my new sd card fine, but now my phone will randomly lose the sd card and have to search and re scan it. tried another sd card and no problems. now i can only get a refund since its out of stock.updated 12 9 12 sd card will not not work. my phone or computer will not read it. lost everything. i'd advise if you are looking to purchase an sd card look at another brand."", ""i bought this card to replace a lost 16 gig in my phone, htc g2 . seems to be working perfectly, so i will recommend to all. wait!!! read on...i had this card in my phone for a little over a month when it messed up. the phone stop recognizing the card, tried it in the computer and it was not recognized either. i contacted san disk and they did send me out a replacement but i lost the few pictures i had on the original card. i could have sent the card to san disk's data recovery people and they would have charged me 275.00 if they were able to recover the data and nothing if they couldn't. a bit to rich for me so i passed and unfortunately lost the photos.""]"
335,gopro hero3 black edition recorded 4 5 hours of video at the highest setting. price per gb was extremely reasonable and it has worked without a hitch.,"['i got this for my new gopro hero3 black edition and it has worked without a hitch. even in the highest setting i get over 2 hours of recording time, and the price per gb was extremely reasonable.', 'got this for my gopro black edition to record up to 4 5 hours of video at the highest setting. very pleased with its performance and so far no errors or failures.', 'utilizing for my gopro hero3 black....no issues at all filming and transferring to my computer. good transfer rate and glad i got the 64gb for all the filming photos done.']"
336,"this speedy high capacity memory augmentation recalls more than my 27 years in school. great value, definitely a good way to save money buying an item with less memory.","['memory either works or not what more can be said than it works as designed. i was very happy with the price.', ""awesome product. it was worth if of buying. it's cheap and have a lot of memory, not to mention the fast processing."", 'this speedy high capacity memory augmentation recalls more than my 27 years in school. great price, excellent product. expect no complaints from your purchase.', 'very affordable memory with a lot of storage this was an excellent purchase that was worth it thank every one', 'good value. it has great speed and memory for the purpose it serves. i wish my memory was this good.', 'really good deal, definitely a good way to save money buying an item with less memory and buying one of these is a lot cheaper', 'a truly great value, not nearly as expensive as i thought it would be. lots of memory and good speed as well.', 'i like it, good product next time i will order the bigger memory. i will recomend this product to my friends', ""what else can i say other than the price is right. the quality is out of this earth's modern technology. pair this baby up with an android and you got yourself and unstoppable memory machine."", ""yeah baby. love getting this amount of memory for so cheap. i'm not a pro but for everyday use it's a great deal."", ""back 4 years ago, you'd be crazy to buy this thing, because it was so expensive. 10 years ago, you'd practically had to make 6 figure to buy this, really, for show, because nothing can utilize it that well.today, it's cheap, it's stable, and it works.plus, it came with the adopter. good deal.""]"
337,"the 64gb microsd works for the samsung galaxy note ii. no formatting required, and writes to this card are fast enough to use it for video captures.","['slipped perfectly into the microsd card slot of my galaxy note 2 and was immediately available. no formatting required, and writes to this card are fast enough to use it for video captures. sweet!', ""what more can i say? the 64gb micro sd works for the samsung galaxy note ii! i simply popped in the card and there it was with no formatting. 59gb of space couldn't be more happier.""]"
338,formatted the cards from amazon. put them in the devices and they're running great. the sd card loads fast and i have had no issues with this.,"['i formatted it when i got it, put it in my device and it has worked fine. videos played on my tablet from it play fine and its write speed seems okay to me.', 'works great with my samsung galaxy note 10.1. fast and dependable, no problem with viewing videos from it on the note 10.1. try it you will like it!', ""as described. haven't had issues so far. put this into a samsung tablet and it worked as expected after standard formatting."", 'i use this with my samsung galaxy 10.1 tablet and it works great. the sd card loads fast and i have had no issues.', ""no issues with this. formatted the cards i reviewed from amazon. put them in the devices and they're running great.""]"
339,the card reads perfectly in my galaxy note 2 and my asus transformer infinity.,"[""buy this one. it was inserted in my galaxy note 2, and also my asus transformer infinity. i bought 2 of these cards. i will buy it again if i need to. its easy to install, just pop it in and your device reads it. it's that simple!"", 'no issues at all. i ended up utttingthis in my samsung galaxy s3 instead of my tab2 like i had originally planned. i will be ordering another one soon.', 'put it in my galaxy note 2 and my galaxy note 10.1 and it reads and writes perfectly. will buy another']"
340,"the form factor is handy for products which can take the micro sd. fast delivery, good speeds, and good price make this a good Micro dd to buy.","['at the time, this was one of the best you can get. even now, at uhs 1, you will be doing better than the older, slower chips. the form factor is handy for products which can take the micro sd.', 'fast delivery, good speeds, and good price make this a good micro sd to buy. got pretty nice speed considering im using a kinda crappy mobo and older usb slots.']"
341,"i cant validate that and im not sure it's still a problem. some people had issues with this card, but possibly could have been the'mobile' version, which wasn't true class 10 card.","['if your not sure what card to use in your gopro this one works fantastic. the majority of stuff ive seen researching it points to these. with the exception of some issues with the 64gb. but i cant validate that and im not sure its still a problem. ive been using these for about 3 years now with no problems.', ""when researching reviews for best memory for the gopro we read that some people had issues with this card, but possibly could have been the 'mobile' version, which was not a true class 10 card. so far, no issues with this card, recording, uploading, etc...""]"
342,"i bought this for my samsung tab3 for the sansung ativ. works great, fast and have not had a problem with it - it works fine with my galaxy's4' she doesn't know that she has used it yet but, it is in there.","['bought this for my samsung tab3. works great, fast and have not had a problem. this will also work with the samsung galaxy s4.', ""doesn't seems to be some chinese crap... looks like it's the original one... works fine with my galaxy s4 and also with my tablet... 100 recommended..."", ""it is a good match for the sansung ativ. i don't know that i have used it yet but, it's in there."", 'it works as expected. i use one of these on my samsung galaxy s4 and another on my asus transformer. no problems so far.']"
343,the adapter works as advertised and works great at a good price. it comes with an adaptor so it can be used in multiple types of devices.,"['the price is good, it worked as expected, there is not much more to say about it. have not tested the adapter.', ""for the price it was a great buy. i would recommend to all. it has a pretty high transfer rate, and comes with an adapter so you don't have to worry about that."", 'gets stuck sometimes in the adapter and is a little hard to pull out. but other than that is a great product', 'working flawlessly as it is supposed to. i like the speed of the product. the adapter case is also nice to have.', 'great price and great quality. it fit perfectly in my device. i highly recommend this brand. the adapter was a nice bonus.', 'no complaints as yet.....it came with an adapter as advertised. i wished that i had purchased two instead of one.', 'great value for the price. comes with an adaptor so it can be used in multiple types of devices. i have had no issues with it and would recommend it.', 'worked as advertized, loads fast. only problem was pulling it out of the adapter after loading it on my computer.', 'um nothing much to really say about it . the adapter for it works but i gave it 3 stars because it goes in n out sometimes', 'great price great for cellphones, tablets, etc. easy to put in and easy to use. it comes with a adapter too.', 'i can use this in in a variety of devices with the included adapter. seems to work great and seems to me to be very fast. good value for the money.', 'works great at a good price and comes with an adapter. it has been very reliable and seems very fast', 'good item came well packaged and been working fine so far only thing is it will not connected when using the adapter when connecting it to my pc.', 'what can go wrong? right? it works and fits what else is there great price and i love the adapter', 'with the adapter i can easily use it in my camera, tablet, desktop p.c. 34 smart 34 t.v. 34 es muy bueno 34 !', 'what not to like? works as specified. recognized correctly when placed in my phone. adapter may come in handy in future.']"
344,this 64 gig unit lets me record 9 hour of video at 720p. the adapter that comes with it works great too.,"['got this to use with my gopro, give 2 hours of recording time, once ii figured out how to use the camera.', ""i almost got myself a 16gb but decided on the 32gb last minute. i'm so glad i did i filled up my hero3 white edition with over 20k time lapse images and a few hours of hd footage. these things are solid and reliable. i filled it up over a 6 day period doing some work in haiti."", 'works great so far, but gopro filled the card pretty quick recording at 1080p. so i got a 64gb a week later.', 'not much to say, its a memory card but it works great in my go pro hero 3 silver edition. using 960x60, this card gave me 8.5 hrs of video recording time. definitely a good buy', 'yup, this is the chip you need if you never want to worry about running out. i use it with my gopro hero 3 black edition on 1080 sw and it goes for hours, longer than 2 or 3 batteries.', 'i bought this for my gopro hero 3, it works good it stores about 4 hours of high resolution 1440. the best to go.', 'this worked really well for me. i used it in a gopro camera for recording a couple of hours of video. love the storage space.', ""bought this for my gopro hero 3 and am happy with the storage capacity. when formatted it gives me about 9 hours and 20 minutes of 720p video at 60fps.it's high capacity storage, it transfers quickly enough and was reasonably priced. what more can i say?"", 'use this in my gopro 3 silver edition. even at 1080p 30 i get about 9 hours of video. write time is great and i have had no problems writing video to this card real time. i have been happy with all of my sandisk purchases.', ""my first computer had 64k of ram.i just put this in my gopro hero camera. it has 1,000,000 time more memory. it is great and it works great too.i just initialized it in the the gopro and i'm saving pictures.fantastic"", 'this memory card works great with my new gopro hero 3 black. the footage looks incredible, and the filming time allows me to get a solid 45 minutes of action in.', 'purchased this for the gopro hero 3.i use the gopro to record in car footage at the track. this memory card fits a whole weekend event, which is about four hours of footage at 720p.', 'this 64 gig unit lets me record hours of video in my gopro hero3. no need to carry extra memory cards with this unit for my website ...', 'i bought this for my go pro and it works great. i can record 9 hours of video now. thats pretty sweat compared to 2 gb 19 minute videos.', ""this product was formatted and installed in a gopro hero 3 black. i get 4 30 hours of recording time on 1080p 60fps. no issues so far and don't expect any since sandisk is basically the standard for solid state memory."", 'this card will hold about 3.5 hrs of hd video on the gopro hero3. the adapter that comes with it works great too.']"
345,"i wanted to increase the capacity of my tablet lenovo k1. it was at full capacity call me paranoid, he checked it on my computer then moved some files on and off... this is one speed demon! this will work on an os note, just need to know how to get it to work - just","['i wanted to increase the capacity of my tablet lenovo k1 . to be sure it was at full capacity call me paranoid , i checked it on my computer. then, i moved some files on and off. this is one speed demon!', 'i put this in my tablet to store pictures and video. it does alot better than the class 4 i was using. becuse i already had it in my junk drawer.', 'this will work on an i717 note, just need to know how to get it to work,they say that the note can only go up to 32 gigs but that is not accuratei got this one to work on the note 1just format this with your computer with fat32 32kband presto you now have a lot of space for whatever you wishjust download the free version of easy us partition master and format the card using the settingsfat32 with 32kbit worked for me', ""with a little work, this card is an excellent way to inexpensivly upgrade the storage space on your surface rt or surface pro. all you need to do is reformat the card as ntfs and add a virtual hard drive done in disk managment once that's done, you have an extra 32gb of space for very little money!"", ""i simply slide the card into it's slot and suddenly have 50gb more space. i wish the os didn't consume so much of the 64gb you start out with though.""]"
346,great quality product. bought for gopro hero 3 and works great with the adapter. would recommend to anyone buying a camera with micro sd. i really wish that we'd move to usb adapters as the standard accessory.,"['great quality product. purchased for gopro hero 3 and works great with the adapter. would recommend to anyone buying a camera with micro sd.', ""i bought this for use in my new gopro hero3 black and it works great. i like the fact that it comes with an adapter, though i really wish that we'd move to usb adapters as the standard accessory . highly recommend."", 'price was great, delivery was on time, now i have plenty on storage in my gopro hero 3, the sd card adapters makes things much easier to transfer files to my other devices.', 'use in my go pro hero 3 works just as would be expected for a memory card. price was good.']"
347,card works fine at 1080p on my gopro hero 3 plus. it works great in my transend usb 3.0 reader as well as in the frustration free packaging also environmentally friendly. came with adapter as described and works perfectly.,"['the memory card works as advertised and i have had no issues while using it with my gopro hero 3.', ""works perfectly in my gopro hero3. can't ask for more for the price. no issues with the card to date."", 'good quality memory card. have used it with the gopro hero 3 and works flawlessly. wished all electronics were this simple', 'using this card for my gopro hero 3 black. no issues to date. card was used to video vacation in palau, yap, guam underwater video. so far, no complaints!', 'i have used and tested this memory card on gopro hero3 black edition and everything works great. no problem at all.', 'works flawlessly in a gopro hero 3 black edition. great card for the price and fits plenty of footage, especially when you have 2 of them.', 'is exactly what you can expect from a memory card. nothing more nothing less. i tested the card in my gopro hero3 and it worked.', 'i bought this card for my gopro hero3 and it was worked fine. some people said they have problems with the cards in the new gopros but i have had no such problems. the micro card works with anything that also takes standard cards due to the included adapter.', 'tha memory card works great, i havent had any problem with it, i recommend it for a gopro h3 camera', 'used with my gopro hero 3 black edition and it works like a charm! it comes with the adaptor to use in a regular sd card slot, or can be read with any microsd card reader with no issues. pushing video, even high quality, high frame rate video to this card is flawless.', 'i purchased this card to work with my gopro and i have no complaints. i does not lag on 1080p 60fps or when i do a 10 photo burst. great product and an even better price', 'i was having problems on my gopro videos being choppy and cutting out. this card fixed it all its fast enough and does the trick', 'i bought this memory card for my gopro. it does everything it is supposed to. it is fast enough to work with the camera and it is very reliable.', ""the recommended card for gopro cameras. that's what i use it for and it works great providing outstanding performances and great quality."", 'card works great and i use it for our gopro hero 3 exclusively. no issues at all while on a yellowstone trip', 'well i got it for my go pro hero 3. the hero 3 takes this instead of regular sd cards, it seems to be working fine and its the same type that go pro sells of of their site for the hero 3.', 'i use it for my gopro hero 3 silver edition and it works perfectly, even with protune! if you have a gopro, this is probably a great sd card to start with.', 'this memory card works well will my gopro. it records the video without any stuttering and sputtering. i recommend this and will buy more.', 'brand new card working perfectly good. using it with my action cameras gopro hero3 and contour gps. no problem so far!', 'this micro card works well with my go pro hero3 , does what you would expect a micro sd card to do.', 'this is the perfect card for your gopro. all the speed and quality you need. and in the frustration free packaging also environmentally friendly.', 'card works fine at 1080p on my gopro hero 3 plus. works great in my transend usb 3.0 reader as well.', 'i ordered these to work in my gopro hero3 black and they have worked well. they came with an sd memory card adapter perfect for my high speed card readers.', 'i believe that this was a good price for this card its being used in a go pro without any issues.', 'perfect card, all you need to keep all the action in this 64gb. i acquired this card for a gopro camera and fits perfectly, its all you need to capture all the action when you need it.', ""i love these cards, 3rd one i've bought now. never any buffer issues from my gopro hero3 , nikon v1 nor nikon 5200."", 'you cant beat the price and it works great . i have no problems with the card i use it for my gopro it works great', 'what can you say about a memory card. i took it out of the package. i put it in my gopro. i turned the gopro on and everything worked.', ""since i bought this card, i've been using it almost daily in my hero 3 camera. the recordings are without any glitches so far."", ""came with adapter as described and works perfectly. i use this sdhc card with my gopro hero 3 black and haven't been able to fill it up yet.""]"
348,the card works great and the transfer speeds on it are excellent. it is a microsdxc card for my samsung galaxy note 10.1 2014 edition.,"[""i got this for my samsung galaxy note. after reading various reviews and comparing different micro sd cards, i decided to get this. one of the main reason was because of the speed of this card uhs 1 . the card has been good to me and i'm happy with my purchase."", ""i have owned many an sd card in the past, and this is probably the best bang for the buck i've ever received in a card. i'm not super nitpicky about data read write speeds necessarily, but this card is plenty fast for me in my samsung galaxy note ii. pick one up while they are on sale!"", 'i bought this microsdxc card for my samsung galaxy note 10.1 2014 edition and it works great. the transfer speeds on it are excellent. i would definitely recommend it to a friend.']"
349,i have 2 hours with the 32gb compared to 20 minutes in 34 super fine 34 mode. all the rest of my sandisc memory card from years ago are still working 100!,"['bypass the 34 cheaper 34 clones and get sandisk. your data is wprth much more than the little that you 34 save 34 using the cheap imitations. trust me, i just found that out for myself.', 'great product and price from sandisc. i will be using it for my cell phone, replacing the 8gb. for my video now i have 2 hours with the 32gb compared to 20 minutes w 8gb in 34 super fine 34 mode. all the rest of my sandisc memory card from years ago are still working 100 ! thanks sandisc!!!']"
350,"sandisk products are known for their quality and reliability. if you have a smartphone, tablet, camera or other digital appliance, use the best.","[""don't buy the ultra cheap substitutes. some of them misstate their capacity. i know that with sandisk that i was going to get what i paid for.sure enough, i did. i use this in my phone to primarily hold music. transfer speeds have been more than acceptable and there have been no problems with file integrity."", 'if you have one of the latest smartphones, go for this. i highly recommend this to take full advantage of the processing speed and fast computation need of our gadgets. sandisk products are known for their quality and reliability. of the couple of name brand flash products i use sandisk gave me good roi. anything below will rob you of reliability.', ""while all sandisks products are excellent, this is apex. however, use some caution....not every smartphone, tablet, camera or other digital appliance can or will accommodate the capacity or speed of this product....just make sure yours does, and if it does have no regrets....you're using the best....then watch how well that phone, tablet or camera performs!""]"
351,"the microsdxc fits great in my surface pro tablet and provides all the storage i might need for now. the class 10 is also fast and smooth, perfect for tablets using it on asus tv.","['this microsdxc fits great in my surface pro tablet and provides all the storage i might need for now and can be replaced with another one if my business vs personal storage need grows too large but 64 gb is plenty of space. the class 10 is also fast and smooth.', ""large storage, perfect for tablets using it on asus t100, after maxing out 64gb very quickly , but maybe too slow comparing to ssd, as it's the first memory of this kind to reach the microsd format, that's an acceptable tradeoff."", 'holds lots of data with fast read write capabilities. sometimes i wish i had gone for the 64gb version, but the 32gb is great for adding memory to a ssd tablet like the surface pro.']"
352,i have a complaint about my galaxy occasionally erasing everything on it. but it's not the phone'' fault - it works like 'a dream',"[""still working fine in my galaxy sii. no complaints. i do have a complaint about my galaxy occasionally erasing everything on it, but i'm sure that's not the card's fault."", ""i use this memory card in my galaxy s3, and though i had some issues getting it formatted correctly this is the phone's fault it works like a dream and have had zero issues."", 'needed a memory card for my phone samsung galaxy iii and this works fine for it. no problems at all.']"
353,"ultra series sd cards work great for all my devices. it works for my tablet, camera and computer.","[""love this sd card. i have had such great results from it. i could not be happier with it. love the price i was able to get this for. i have bought them before and will probably buy more. i don't think i will ever buy anything but the ultra series sd cards."", 'i have two of these, one for each of our smartphones and they work great. ultras far surpass the basic microsds', 'i am using sandisk sd card for all my devices. cellphone, tablet and pc. what can i say, this product is one of the best!', 'i have purchased several sandisk sd cards for its reliability and function. this is just one of the purchases and i will be ordering more. it works for my tablet, camera and computer. love it !']"
354,new tab 4 works perfect in my galaxy tab 4. i have absolutely zero issues with my new Tab 4.,"['works perfect in my galaxy tab 4', 'just what i needed for my new tab 4. i have absolutely zero issues with it in my samsung tab.']"
355,i bought this for my gopro hero3 black edition. the 64gb sandisk will for sure capture every moment of my life.,"[""i couldn't ask for anything better. i use it in my gopro hero 3. records a lot of video and holds a lot of pics."", 'i purchased this for my gopro hero3 black edition and it works perfectly!i use my gopro for car riding, snowboarding, cliff jumping and much more.the 64gb sandisk will for sure capture every moment of my life.', 'bought this specifically for my gopro hd camera for use as a dash cam, especially when driving or traveling in mexico. lots of room for recording road trip adventures.']"
356,i purchased this product for my samsung galaxy tablet 2 7.0. no problems or complaints - it works perfectly in my galaxy tab 10.1!,"['does exactly what you would expect, use this in my new galaxy tab and not disappointing as always a great product', 'does what is suppose to do. i purchased it for my samsung galaxy tablet 2 7.0. no problems or complaints.', ""i purchased this product for my samsung galxy tab pro 10.1, and so far it's been flawless. everything works just right."", 'good stuff! works with my newly bought samsung galaxy tab 2 10.1 inch, wi fi no problems at all. i am happy.', 'got it for my samsung galaxy talet 2 10.1, its ideal for the tab. no problems with it got it in the day i got it, does exactly what i want it to do', 'works perfectly in my samsung tablet!']"
357,got for my samsung galaxy work pro 12.2 tablet. plugged it in and it works fine.that is about all there is to it.,"['got for my samsung galaxy tab2 7.0 . plugged it in and it works.that is about all there is to it.', 'i use this in my samsung galaxy work pro 12.2 tablet. it woks so what else can you say?', 'i am not a technical person who can give all the specs on this but i put it in my samsung galaxy tab 2 and it works fine.']"
358,great fast storage. works great as my galaxy s4 storage card. highly recommended.,"['great fast storage. works great as my galaxy s4 storage card. you can always rely on sandisk products. pay a little more sometimes, but worth it.', 'very fast reading and writing for my samsung galaxy s4 from verizon. highly recommended. sandisk is numero uno for smartphones.']"
359,"i installed this item into my dell venue 8 pro and it has worked just fine. this device is working fine, no issues. here are more words to complete my review.","['got this for the dell venue 8 pro and it works perfectly. no complaints. here are more words to complete my review.', 'works great with a dell venue 8 pro.', ""i installed this item into my dell venue 8 pro and it has worked just fine at housing my programs. i'm very happy with this device."", ""so far working great, i'm using on my dell venue 8 pro and is working fine, no issues""]"
360,"gopro hero 3 black works great in a black edition. works perfectly in my go pro black and offers lots of space, very happy overall. would recommend to friends.","['these work great in a gopro hero 3 black.', ""i use this with my gopro 3 black. it works well. it'd be nice if it came with a little usb 3.0 reader like some other brands."", 'works perfectly in my gopro black edition and offers a lot of space, very happy overall. would recommend to friends.', 'the right size for the gopro black!']"
361,"the 16 gb microsd card gives me lots of capacity on my smartphone. it's running fast and has a lot of space, now i can store all my data on this card.","['this micro sd card does what is supposed to do and more. my phone actually feels faster. and i got tons of storage.', 'this is a great microsd card. it is fast and the 16 gb gives me lots of capacity on my smartphone.', ""i using this micro sd on my sony xperia z, it's running fast and has a lot of space, now i can store all my data on this card""]"
362,sandisk is the most reliable memory card in the market. it works in my dslr and smartphones - but the price of this card was too hard to pass up... he has yet to experience how durable and fast they are until now! the best moist will usually buy it over other brands unless there is a large,"['this memory works in samsung smartphones .it is a fast memorysandisk is the most reliable memories in the market', 'sandisk were the first memory cards i came across years ago. i think they hold up very well against the competition. they are inexpensive and do the job. i am a huge kingston fan, but the price of this card was too hard to pass up.i currently have it in my phone for photo video storage. so far, no complaints.', 'the phone that memory resides plays video and media fast. sandisk always makes excellent products and for memory it is leader.', ""works as advertised for my samsung gn2 smartphone. got one for my dad's samsung gs3 too. sandisk is simply the most reliable hi cap micro sd flash memory out there."", ""i've been buying sandisk for awhile, but i have yet to experience how durable and fast they are until now!when accessing video or photos on my phone, they do not hesitate to load. all due to the memory card for being highly efficient and for the price i got them for were amazing!i highly recommend!"", 'ultra fast delivery.fast performance, and compatible with my samsung phone, my portable speaker sharkk, and my pc.i recommend it. i trust sandisk lot as the best brand in sd memory...', ""you can't go wrong with sandisk. i use their products in my tablets, cameras, and flash drive applications. i have yet to have a bad product from sandisk. i use this 32gb micro sd in my cell phone and it comes up fast and reliable. i am a happy camper the price was right too!"", 'sandisk is the best moist reliable memory card out there. perfect fit for my new galaxy note 3 smartphone !', 'sandisk is the highest quality of micro sd and this one will work in basically any android phone or tablet made in the last 2 years, including samsung galaxy s3 s4 note 2 note 3.', 'great speed on both my dslr and smartphones. great sandisk quality as usual.although other brands may be cheaper at times, i normally look to sandisk first, and will usually buy it over other brands unless there is a large price difference.']"
363,fast! was pleasantly surprised of the good quality memory card adapter. now can turn it into my laptop directly. perfect for our gopro - we haven't 34 maxed 34 it out yet so my new issue is running out of battery!,"['bought it for my gopro hero3 camera silver edition .working without any problems. fast!was pleasantly surprised of the good quality memory card adapter! now can turn it into my laptop directly.', ""perfect for our gopro. we haven't 34 maxed 34 it out yet so i'm not sure how much video it will hold but we've been using it for a while now haven't had any issues with it getting full fast."", ""i'm using this on my gopro. i find that my new issue is not filling up the memory but running out of battery! thanks again!"", 'i bought this memory chip for a gopro hero 3 camera. it works beautifully and it arrived promptly with little packaging.', 'they shipped it out to me right away. was packaged well and it works very well in my gopro camera.', ""haven't had a chance to completely fill up the stick, but so far so good. i've taken my gopro with this in 10 below weather launching off jumps and occasionally take a beating."", 'i bought this for my gopro hero 3 and it performed perfect! 15 minutes of video equaled about 3gb of memory.', ""got this to use in my go pro camera. it works great. get the no hassle packaging so you don't have to have scissors to open it.""]"
364,gopro camera records 1080p videos and long time lapses. no issues with freezing or corrupting hd videos - it keeps up just fine with my camera... it is not too expensive and stores a lot of video.,"['used in my gopro. it holds a massive amount of video. no problems with it. it does what it is supposed to.', 'i used it with my gopro and it recorded amazing 1080p videos and long time lapses. no issues with freezing or corrupting hd videos.', ""i got this for my gopro camera in order to record high frame rates at 1080p and it keeps up just fine. i've never had any issues with it under those circumstances."", 'no issues so far, stores a lot of video. not too expensive and no issues with quality or speed. works fine with my gopro camera. highly recommend.', 'i have used this brand for a while, and no complaints... writing hd video to them quite often no issues.', 'bought for gopro but use for other hd camera also. very dependable, have owned many without failure. never had a sandisk failure.', 'best disk i have tried thus far for my gopro black. no problems what so ever in the snow or while in the extreme heat whit plenty of room for storage.', 'work perfect in my gopro camera. i have always found san disk are the best. i would definitely buy again.']"
365,"sandisk card is the best microsd card i've ever used. it writes and read at crazy speeds and is waterproof, shatterproof, freeze proof, g force to break it is incredible.","[""by far the best microsd card i've ever used. it's precise, fast and secure, what more can you ask for? whether it was photos, music or even a few movies, this recorded, played and transferred data flawlessly. very highly recommend"", ""i've tried several brands of microsd cards in various smartphones and this sandisk card is by far the fastest and most reliable card i've used. like others have mentioned, i did have to format it using the tool from sdcard.org but once i did, it was faster than any other card i have ever used. completely error free and no issues whatsoever"", 'this has got to be by far the best microsd card on the market. it is very fast, was easy to set it up. i am using it in a samsung galaxy s3 and it works flawlessly. well worth the money.', ""what's more to say, this is the biggest microsdxc card at the time with the reliability of sandisk with great speed. i have one in all of my tablets and both mobile phones. i have yet to have an issue with this card and don't expect to."", 'great little sd....', ""other than a few for cell phones over the years, this is the first time i've used microsd cards in an actual camera. i'm very impressed. it seems to be just as fast, durable, and dependable as the full sized cards that i've been using for years. amazing."", 'this is by far the very best sd i ever owned. it writes and read at crazy speeds. easy to use and connect to any device.im glad i bought it. plus is waterproof, shatterproof, freeze proof, g force to break it is incredible.']"
366,xc is pretty quick and i am enjoying mine on my galaxy s4. he's using it every day in my 'epic touch 4g',"['as fast as amazon prime 2 day shipping...its rocking inside my samsung galaxy s4! plug and play fun!now i have all the space i need with all the speed i want!', 'fast, easy, and great amount of capacity!!! xc is pretty quick and i am enjoying mine on my galaxy s4', 'its fast. i use it every day in my samsung epic touch 4g. i will never need to worry about needing extra space.', ""it's a great product and i am using in my samsung galaxy s4 mobile. gs4 uses for camera store, and the pictures taken are fast."", 'fast and very easy to use. works with my gs4 and it is comparable with other devices. want to buy the 64 gb one.', ""works well working as designed... fast and furious. i'm using in my samsung galaxy 4s and loving it. have music and photos on it and the access time in the photo gallery very quick."", 'works great in my samsung galaxy s4. fast and reliable, what more could you want from a data storage device.']"
367,"i was running out of room on my 32gb card on samsung note 3. this solved my problems nicely! now he has enough space for movies, music and photos on his device!","['got this to store movies and music on my samsung note iii.not much to say about a memory card except that it works as expected.', ""works great! i was running out of room on my 32gb card on my galaxy note 3. this solved my problems nicely! now i have enough space for movies, music and photos on my device! i don't think i will be running out of space for a while!""]"
368,this product is perfect for what she needed it for. works like a charm and big enough to hold my data!,"['works perfect, price is perfect, cant beat it! i bought this for my galaxy note 10.1 and i now have about 48gb total of storage!', 'this product is perfect for what i needed it for. providing a ton of memory in my samsung note 10.1 in a small package.', 'i bought this to go into the new samsung galaxy note 8 tablet i bought. works like a charm and big enough to hold my data.']"
369,great micro sd access is quick and it works awesome for my phone. the price is also a plus - i would definitely recommend this product to anyone.,"[""works really well in my motorola razor maxx. good price for the size of this sd card. i would definitely recommend this to anyone. i can't wait until the prices drop more and the capacity goes up."", 'great micro sd access is quick and it works awesome for my phone. the price is also a plus. i would definitely recommend this product.']"
370,the microsd is faster than most and is very reliable. it's probably the fastest of this size also.,"['the microsd is faster that most and is very reliable. i can now hold all my music on my phone. the warranty is also decent on this card. i would recommend it to anyone especially at this great price.', 'hello, the micro sd is perfect for my liquid image ego camera hd, very fast and great capacity! excellent, recommended', ""fast card with the highest capacity you can currently buy in a microsd format. it's probably the fastest microsd of this size also."", 'i knew buying sandisk i would get a great sd card and its super fast. i really like it in my phone.if you need a micro sd card this one will perform great and not let you down.', 'great micro sd card and for 35 its extremely cheap. got 2 of thoses and i ve never looked back. uhs1 fast!', ""i have many microsd cards like many of you guys might too. it's definitely faster than other microsd cards that i've used before. i'm happy with it."", 'is everything i need, the best and faster microsd in market, exxecent choice i ordered 2, so i recomended it', 'this is the best in its kind... works really fast. beside i like the color of this micro sd card', 'great microsd card at a great price, with speed. i can fit about 2 3 days worth of moderate shooting 60 fps at 1080p on a ski trip with my gropro on one of these cards.', 'i always buy sandisk when thinking of micro memory. this memory is fast and holds a lot! i use it as extra storage within my hotspot.', ""it's very fast micro sd card i use it for my mobile and gopro camera , sandisk is the best ever"", ""i'm always happy with a sandisk purchase. i am currently using this microsdxc in my cellphone samsung g4, which is more than enough for pictures, videos, and document downloads. very fast read and write.""]"
371,the card is a class 10 microsd card. good enough speed for the smart phones. the best way to upgrade the memory of the phone.,"['i was looking for expanding memory of my galaxy note 3, so i bought this one. this is class 10 micro sd card. good enough speed for the smart phones. the best way to upgrade the memory of the phone.', 'purchased this card to expand the storage on my samsung s4 and it does the trick. plenty of room to carry ebooks, music and store camera pictures. great item at a good price and i recommend this item for anyone needing more memory using a microsdhc class 10 memory card.']"
372,i bought this for my grandson to use in his gopro camera. amazon was good too with free prime shipping got it for his son ths for the go pro and the quality on playback is very good a would recommend and buy it.,"['i bought this for my grandson to use in his gopro camera he says it works great, and if he is happy, all is good. he is quite knowledgeable and critical of all things technical, so if he says it is good, it is good. and the price on amazon was good too with free prime shipping', 'got this for my son gopro and it works perfect he is able to record and take still video and pictures and the quality on playback is very good. a would recommend and buy this product again.', ""my hubby is now complete and very happy that he has ths for his go pro. haven't tested it out yet, but we will soon.""]"
373,"the gopro3 is a great accessory for my sons. it allows him to film for long stretches and then comes in, downloads and edits.","['bought for my sons gopro3. he loves the gopro, and this accessory is great. allows him to film for long stretches, and then he comes in, downloads and edits.', 'what can you say? it works like advertised and has a flair for its design. fantastic for my gopro here 3. now i just have to get more!']"
374,"htc evo 4g lte phone works perfectly, is very fast on both reads and writes. at 32gb, it provides a lot of additional storage on top of the 8Gb in the phone.","['i bought this to expand the memory in my htc evo 4g lte phone. works great and the adapter is a nice touch.', 'i got this to add more memory to my htc evo lte phone. it works perfectly, is very fast on both reads and writes, and at 32gb, provides a lot of additional storage on top of the 8gb in the phone. i recommend this specific card for any android phone. sorry apple users... no expansion slot for you!', ""sandisk makes a great big little card. i have this in my htc sensation 4g which it isn't supposed to work in and i got the full memory card working. it's great to be able to cary that mush memory on a phone."", 'i bought this memory card to replace a 4gb memory card in a zte valey phoneand it works great.']"
375,simple put into microsd slot and began storing data on it. it works great!,"[""i bought this to use i'm my galaxy note 10.1 tablet. so far so good. simple put into microsd slot and began storing data on it"", 'i bought this card for my samsung galaxy note 10.1. it is exactly what i wanted and it works great.']"
376,it works great in my samsung galaxy note 10.1 tablet. it's easy to upload and export items from multiple devices with the adapter that comes with it.,"[""this product was early coming in. it works great in my samsung galaxy note 10.1 tablet. it's easy to upload and export items from multiple devices with the adapter that comes with it."", 'gave to my samsung galaxy note 10.1 the power to take and use it with any kind of application. quick, easy, install and play.', 'bought it for my galaxy note 10.1 and worked since day one. easy to use in multiple devices for transferring files also.', 'it came in an easy to open package, i installed right away to my new samsung galaxy note 10.1 2014 edition, and works great!']"
377,bought to increase memory in my samsung galaxy ii. used my phone for business and pleasure and needed the memory upgrade. works great.,"['bought to increase memory in my samsung galaxy iii. use my phone for business and pleasure and needed the memory upgrade. works great.', 'installed it to my galaxy s4. works great!i want more.. waiting for price to go down.. and i wish 128gb comes out soon so i can buy it', ""i recently upgrade my cellphone to the samsung galaxy note ii super phone and needed wanted a larger memory card. this unit is much better than i could've every ask for with it performance and reliability.""]"
378,"the 64gb mircosd card works on his galaxy note the phone recognized the additional memory. the card comes with an adapter to make it a full sized card, and it's ok to install it on the pc and the note 3 - it works fine on her phone.","['i bought this to expand the memory on my galaxy s4. inexpensive, easily to install, and comes with an adapter to make it a full sized sd card, the sandisk ultra should be at the top of your list.', ""i just got a note 3 and while 32gb is great...who wouldn't want another 64gb? this sd card does what i want it to do and i'm happy with it."", 'great price on the 64gb mircosd card... my boyfriend has had it in his galaxy note 2 for the past few months.. and i just got a note 2 and just bought another one for my phone!', 'it was for my new galaxy note 2, i am not sure if i ever need one 64gb, but why not, when these is a bargain for one.', 'needed to update the card in my galaxy s4. bought this one on sale. installed it and it works fine. loaded it up with music and have also used it for storing photos and videos from the phone. big fan of sandisk products.', 'good 32 gb sd card. i bought it to upgrade memory stotage on my cell. it works on my samsung s3. also comes with adapter.', 'good sd card does its good job i purchased mine the 64gb for my note 2 highly recommend it try it', ""card runs great in my note 2. not sure how it compares to other ones in benchmark tests now, but there weren't that many options available to me at the time i bought it.love having 64 gig's of storage on my phone."", ""64gb... i'm set for i don't know how long. i bought one for my note 8 and my s3. i've loaded tons of pics and music and still have more than enough space to last me for a long, long, long time.thank you samsung for having your new devices able to read 64gb microsd cards."", ""i got this card to supplement the built in 32gb in my galaxy note 3. this card provides superb internal xfer speed on the phone as well as to the pc using the note 3's usb 3.0 port."", ""samsung is my preferred memory brand but sandisk runs a close 2nd. 64 gb should be great when i upgrade my motorola razr to a new samsung galaxy note 3 with it's 16 mp camera."", 'i bought this card to expand the memory in my note ii. works well, no complaints so far. will probably purchase a 64 gb when this one fills up.', 'i want to upgrade the memory to my samsung note ii. it is great to be able to instantly double my storage capacity. i am waiting for the 128 gb to down in price.', ""i bought this memory card for my galaxy note 2 phone. i saved a lot of money by purchasing the 16gb phone and just buying this memory card. i haven't came close to filling it up yet, but when i do, i'll just upgrade to the 64gb version of this card. great product! fast shipping! great price!"", ""i knew i was going to purchase a new samsung note 2 phone and i purchased this long before i actually needed it. i'm very pleased i did because i finally got my new phone, added the memory and i'm very pleased so far. with the holidays near, i plan to take lots of photos and videos with my new phone and the extra memory will be very helpful."", 'this was an inexpensive way to get my galaxy note ii from 16gb to 32gb of memory. its plenty fast and can hold lots of photos, music, etc.', ""very happy with this card. it gives my 32gb galaxy note ii an extra 64gb of storage and it's fast."", ""i have a galaxy note ii and after rooting i now have 64gb internal memory and this card is super fast. can't ask for any better except for larger capacity because performance is great."", 'i bought a new samsung galaxy note 2 phone and needed an expansion card to boost up the memory for photos and music. this is the cheapest 32gb card i could find. works well.', ""just got a new razor max hd with 32 gb and wanted to add more memory, paid a few more bucks for sandisk and it's always worth it! the phone recognized the additional memory and i'm good to go with 64 gb now.""]"
379,use this with my gopro hero 3 hd to record high definition sports video. this chip does it very well in my gip - a good buy that has the speed for movies and big pictures!,"['use this with my gopro hero 3 hd to record high definition sports video and this chip does it very well. i would definitely recommend it', ""works well in my gopro even though it wasn't one of the gopro recommended ones. a good buy that has the speed for movies and big pictures."", 'used this in my gopro camera. works great.']"
380,i bought this for my gopro 3 black edition and it works great. it worked very good with videos at 1080p...very cheap compared with the prices at best buy.,"['i use this with my go pro hero 3 black edition and it works great! get it! buy it! its definitely worth it!', ""i bought this for my new gopro3 black. it works wonderfully! i totally recommend it if you're looking for some high quality and speed"", 'i bought it to my gopro 3 black and it worked very good with videos at 1080p...very cheap compared with the prices at best buy.']"
381,the price is great and works well no problems. this is a very good price for the name brand sd card.,"['always the worry that an sd card is a fake, even at retail stores. but no issues here and the price is great.', 'works well no problems. this is a very good price for a name brand sd card. i will buy again']"
382,my granddaughter loves it because she can put all of her music on it. it also allows you to organize my pictures and music as well as organize your photos and videos...,"['does very good..... holds a lot of songs......', 'put most of my music and many movies on it and tons of room for more. awesome and well priced, at the time of my purchase anyhow.', 'great and holds more than anticipated, just love it. my granddaughter loves it because she can put all of her music on it', 'this was a very good buy for me and it helps me to store more information. it also allow me to organize my pictures and music as well.']"
383,if you don't have a high end device then you need 'class 10' class 4 or 6.,"[""fast, reliable, good brand name and customer service, top of line product. one thing to note is if you don't have a high end device then you don't need a class 10, a class 4 or 6 will yield you the same results. so keep that in mind."", 'fast and safe very good quality and has an excellent performacea bit expensive comparing to other models in the store', 'very fast and reliable, couldnt ask for a better product from a better company. unless you have a electronics lab in your home i dont think you could possible come up with such a beast.', ""it's the top end besides the stupid expensive extreme. it works fine. i've had 4 5. i'd get cheaper ones which i suspect are about as good, but slow or fail isn't worth it to me to save a couple bucks. this just work, and work fast.""]"
384,great item runs a lot faster than the cheap ones. the colors are 'a good addition because when it pops out on the floor',"['great item. runs a lot faster then the cheap ones and still a really good price. worth the extra money', 'it is very fast , i like it and i think if you have one you will like it i think.', 'no problem it fits and it seems fast. the colors are a good addition because when it pops out on the floor or something, you can find it.', 'bought this one to add to the standard one i had already purchased for the size and speed and price it was worth it']"
385,this micro sd card works great in my hero 3 black edition. it has worked perfectly with no errors.,"['this micro sd card works great in my hero 3 black edition. i have never had any problems with any sandisk product that i have owned.', 'i put 20 gb of videos on this micro sd card and it is a perfect fit and functions flawlessly.', ""what can i say? it's a micro sd card i use for a sandisk sansa clip . it has worked perfectly with no errors.""]"
386,"the memory card worked perfectly, and was compatible with samsung galaxy tab 2. amazon as the best prices for these, period.","['the memory card worked perfectly, and was compatible with samsung galaxy tab 2, and was a great price for a name brand memory.', 'amazon as the best prices for these, period. i used this card in my samsung galaxy tab 4 8.0. no issues!']"
387,it works fine in note 2 perfect for my ss galaxy note. it does not stall or you do not have to wait for it to load like other cards do.,"[""it's a memory card, stores memory well, no problems after 2 months of use in my note 2. great price online."", 'this memory is the right price and it worked right from the start.i think this is a good deal and good memory.works fine in note 2', 'perfect for my ss galaxy note and a great price too! i recommend this sd card for all your storage needs.', 'perfect for my galaxy note 2 and the price is very good. this memory card does not stall or you do not have to wait for it to load like other cards do.', 'great price on this product. half of what samsung was charging for the same memory card. works just fine in my notewith no pproblems what so ever.']"
388,"the note came with 16gb, with about 12gg.installed this to store movies for long trips.holds about 10 full length compressed mp4 movies.","['adding this unit to my galaxy s iii gave me a hand held that was faster, powerful, and had more storage space than my first new pc purchase in 1991. dig it!', 'i bought this to increase the storage in my smartphone.the samsung note came with 16gb, with about 12gb usable.installed this to store movies for long trips.holds about 10 full length compressed mp4 movies.', 'expanded the storage space on my 16gb note 2. check out online to see how to make the phone think its the native space. fast enough to capture hd video and 8mp photos. would definitely recommend it!']"
389,xx x does what it is supposed to do. what more can you say?,"['oh my gosh this is the greatest invention since sliced bread. i am totaled underwhelmed and it works too. xx xx', 'does what it is supposed to do. what more can you say? i have no reason to rate it lower than 5 stars for that purpose.', 'i love the product!this is only a place you can review the product not the handing! the handling sucked the product is great!']"
390,sandisk card stores pictures and other items on my phone. it works fine - all games stored into this memory ran perfectly without lags!,"['how can you review a sandisk card? it works. it stores pictures and other items on my phone. zero problems with it.', ""this sd card works great! i haven't had an issue with it since i bought it and i don't expect to have any issues at all!"", 'like all sandisk products i have purchases in the past, this little card works just fine in my phone and i have not had any issues at all.', 'an sd card is an sd card. unless its broken and i have had no problems. keep up the good work.', ""i love this micro sd card. i'm glad i bought it and i use it for my samsung galaxy tab 3. i have never gotten any errors with it so far or failures."", 'i used this sd in my psp with an adapter and works fine, all the games stored into this memory ran perfectly without lags']"
391,"the card and adapter worked as promised, and not all sad cards bought on internet do.","[""good card. work as describes. haven't had any issue with it or going pass metal detectors. no lost files or missing files."", ""this is a great little card. no problems. i haven't done any benchmarking but everyday use is quick and flawless."", 'no complains here. awesome cards with great performance. no degradation in speeds so far as well as no bad sectors.', 'so far this card has worked well. no glitches or dropouts. it is recognized by everything so far work computer, home computer, camera. not a problem yet.', 'had no issues. the card and adapter worked as promised, and not all sad cards bought on internet do. good luck', 'no complains. i have been using this card for a few weeks and have had no problems. i am very pleased with it.', 'as advertised. appears to be working okay. no faults have occurred yet with the micro card.would buy again. a', 'no problems with this micro sd. it works and works again. and then you know what? it works even again', 'it fit, and it appears to worki have not yet had any issues with this cardhowever, i have only been using it for a few weeks...so my comment is based on my experience thus farif my position changes, i will delete this postso, if you are reading this, then no problems has occurred thus far', 'this micro card has been seamless and simple to use. the phone has not had any problems with this card.', 'it worked just like you would expect a micro sd card to work, no noticeable issues have come up yet.']"
392,amazon fixed the problem with a 16gb micro sd card for my droid 4. it works perfectly with my new galaxy's3' - but amazon fix it! the price is way lower than the verizon stores.,"['great price. my galaxy s3 recognized it no problem. this replaced my old 16 gb micro sd card. thank you amazon!', 'this micro sd card works great. i even formatted it to fat32 to use in my car for my tv headunit and have had no issues. plus when i bought it it was down to 34.99 from 50.00. great deal. i recommend setting an alert on www . camel camel camel . com so you get the best price.', '32 gb on top of my 16gb from my samsung s4. memory card with adapter included. fit exactly on my phone. price was lower than buying in another phone store.', 'the price for this 64gb micro sd card is excellent compare to retail. the card is reliable with no issues at all. i bought one for my samsung note 8 tablet and samsung galaxy s4!', 'great great deal!!!! i bought this for a really good price 25 after i bought my brand new galaxy s4. i looked in stores and found the same micro sd card selling for 60 80. this works straight out of the box and i have had no issues at all with it. buy it now!', 'the sandisk ultra 32 gb microsdhc memory card is a good value for the money. it doubles the memory of my new samsung galaxy s3 and there is no perceptible delay between access to the card and built in memory.', 'great price for a fast large micro sd card! recieved it super fast too! works perfectly with my droid 4! verizon wanted 50 for a class 4 card like this.', ""this was pretty awesome and cheap, i had just bought my galaxy s4 and figured i'd upgrade my sd card from the 32 i had, its nice to have since the s4 inexplicably has almost no internal storage, still awesome phone though, but we're not talking about that today."", 'my local electronics store had no inventory for memory in micro sdhc format. amazon fixed that problem.this came in quickly and was a breeze to install. it saved me 15 and that was an added bonus.now i can download all my music to my cell phone.problem solved.', ""my new android phone t mobile upgrade has a micro sd slot, but did not come with any card installed. when i read that it could take up to 32 gb, i searched for the best deal and this was it! super fast, great price, couldn't be happier!"", ""buying two of the 32gb cards is even cheaper than buying one 64gb, too. it's a really is a solid value."", 'good price on this big micro sd card. works with my samsung galaxy s5 great.', ""found this card at a reasonable price on amazon and purchased to replace a several year old 16g no name card that passed away. have no issues so far and being a sandisc expect many years of use in my smartphone. 32g size allows for plenty of media space without clogging up phone's internal memory."", 'i went from 2g to this 32g card and really love it. the price is way lower than the verizon stores. you will not have storage issues after popping this in your phone.']"
393,"i would recommend the qualityyes to a friend. the price is reasonable, good quality. not much more needs to be said.","['best price anywhere!!!', 'excellent, quality item.', ""can't beat the price."", 'great price', 'reasonable price, good quality. not much more needs to be said.', 'not much to say other than they are made with excellent quality. price is fine for the qualityyes i would recommend to a friend.', 'name brand, great price, great shipping']"
394,"the package arrived early, worked as advertised, so am a happy customer. i have been waiting for these microsds to reach 64gb capacity!","['great price for 32gb sd card it was delivered on time and i got it download from my previous sc card with out any problems. great shopping for electronic stuff at amazon.', 'i have been waiting for these microsds to not only reach 64gb capacity, but at an affordable price. found it! the package arrived early, worked as advertised, so i am a happy customer.', 'this was an exceptional deal...especially since they actually sent me a 64gb card instead of a 32gb. price is right.', 'bought this at a very good bargain from amazon and the cards performed amazingly great on my devices. definitely worth the purchase. thumbs up for the good buy.']"
395,"32 gb sd card works well, and the price was reasonable. the card performed like charm in my roku. i'm very satisfied and suggest to anyone looking for fast micro cards give a look to this one.","['32 gb sd card works well, and the price was reasonable, very happy with purchase so far! worth a try!', ""i took advantage of an irresistible offer from amazon, and this 32gb card performed like charm in my roku.i'm very satisfied and suggest to anyone looking for fast micro cards give a look to this one.""]"
396,no issues till date so happy no problems. worked great. no problem at all. works great............................................,"['no issues.', '. . . . . . . . . . . . . . . no issues till date so happy', 'no problems!', 'no issues.', 'good no problems works well.', 'no problems at all. works great']"
397,"what else can i say? works. there's nothing else to say so yes it works, and yes, it is pretty good.","['always good, what else can i say ?', ""works. there's nothing else to say so yes it works, and yes it works. it also works, so it is pretty good."", 'works great! what else can i say?']"
398,amazon wouldn't let me buy more than one in the same order. data in and data out seems to be nice and fast - it was a quick ship if needed more i would order the sandisk.,"[""haven't got much to say about this. it's sandisk, so you know what you're getting. fast and reliable. only complaint though is that amazon wouldn't let me buy more than one in the same order. other than that, it's just great."", 'data in and data out seems to be nice and fast. it was a quick ship. if i needed more i would order the sandisk.']"
399,"34 regards, jcn bought this one for the hubbys gps, works great. he's completely satisfied with this item, and has no problem with it.","['this was a gift for my boyfriend and he loves it, he said it works perfectly. so i am happy with the result', ""hi .... my son wanted needed to make this purchase, hence the purchase ..........he's completely satisfied with this item, and has no problem with it ........ 34 he loves it ! 34 regards, jcn"", ""bought this one for the hubbys gps, works just great haven't heard any complaints out of him since i installed it. thank you""]"
400,"good product that is working well, was packaged well and delivered as promised. it was a birthday gift for my sons laptop this is my second time to buy this product - it will give it as an gift to my friend.","['good product that is working well, was packaged well and delivered as promised. it was a birthday gift for my sons laptop', 'this is my second time to buy this product and will give it as a gift to my friend. packaging is nice and received in good condition.']"
401,"fake chip works, it's fast and has been trouble free. i've run across fake chips online before, but these are high quality at a good price - what can you say about it?","[""no complaints. worked in every piece of electronics i've tried them in. i've run across fake chips online before, but these are high quality at a good price."", ""what can you say about a chip? it works, it's fast and has been trouble free. a great product at a great price."", 'is, what it says it is! great chip, fast, reliable. 6 months so far, not a single problem, and lots of handling too!', ""no problem with setup on this. instructions were clear. quality of chip is high and i expect to get many years of service life from it. when i'm finished with it i think i can use it with that jar of onion sour cream dip i bought in 1985""]"
402,i am glad they put some red on this makes it easier to find if you should drop it. it arrived in a timely manner and does what it is supposed to do.,"['does exactly what it is supposed to do. i cannot think of any complaints. other than it is very small...... be very careful. i am glad they put some red on this makes it easier to find if you should drop it,', ""it arrived in a timely manner and does what it is supposed to do. it's not pretty and cute but it serves its purpose.""]"
403,does what is was designed does as it is supposed to. does its job! yep. works like it should.,"['does what is was designed', 'does as it is supposed to.', 'does its job!', 'yep. works like it should.']"
404,"the wife is using it and it's not causing any problems. no complaints, does the job!","['since the wife is using it and it is not causing any problems, then it must be functioning normally. looks good so far.', 'does the job. no complaints so far.', ""haven't been using very long but so far it's working great"", 'so far, so good. no complaints, does what it is supposed to do.']"
405,"i'm hoping this one behaves as good as it is now for at least a year. so far has worked as expected, it's difficult to tell is it will fail or not soon but for the moment is working pretty well with an excellent performance - it works, waiting for heat and cold to see how well it won't hold","[""so far its working fine, i've read some negative reviews on it giving up on one, but nothing yet so good buy."", ""i'm hoping this one behaves as good as it is now for at least a year.ill update if something goes wrong.very fast."", ""so far has worked as expected, it's difficult to tell is it is going to fail or not soon but for the moment is working pretty well with a good performance."", ""i've had a couple of these crap out on me but so far this one is my first heavy duty one. it's very fast and responsive. i just hope it can last better than some of the others i've had."", 'it works, so far, waiting for the heat and cold to see how well it will hold up.', ""what can i say, so far it came in and works. can't complain till it fails, so only time will tell...""]"
406,"i bought this for my gopro hero 3 black, and it works great. the product has worked well with the go pro 3 hd edition not slow or glitchy love the products and do reccomend works perfectly with a transfer of data to my laptop!","[""i bought this to use with my gopro hero3 black, and it works great! no problems at all. for the price, it's hard to beat."", 'works great with the gopro camera!i can get about 3 days of kayaking video and photos on it.price was fair.', 'purchase this for my gopro hero3. it was absolutely perfect and fair in price. i might just purchase another one 1 .', 'works great in my gopro3 camera. no dropped frames so far.arrived on time. good price. would recommend this item.', 'this product has worked well with my go pro 3 black edition not slow or glitchy love the products and do reccomend', 'works perfectly with the transfer of data from my gopro to my laptop! i suggest anyone buy this one because it is good quality', 'i got this for my gopro hero 3. works great and reads writes fast. customer service was also awesome as well.', 'good value for the money, shipping was a little longer than i expected, but it was worth the wait considering the price. works great with my go pro hero 3 black edition.', 'i use this in my gopro hero 3 silver. works great had no problems and the data transfer is very quick.', 'purchased this for my gopro hd hero 3 silver. it works extremely quick. no problems with recording videos or taking pictures on. i would buy it again.', 'i purchased this for my gopro hero 3 . it works just fine i have not complaints. i would recommend this item.']"
407,the video records properly with no choppiness or other defects. it works perfectly on the go-pro camera hd 3 without any problems. no issues recording time lapse or 15 minutes of video at one time.,"[""this item is what it is i've been using it for a few months now and it records hd videos in my gopro hero3 without problems."", ""works just fine for the go pro i bought a few months ago. it's works just great for what it's made for."", ""i bought this for my gopro and so far it's worked without problems the gopro runs out of batteries before i can fill this up ."", 'i bought this for use with my gopro hero 3 silver and i have had no complaints. trhgtr thth h r', 'this works just as advertised. i have had no problems at all and works great in my new gopro silver edition.', 'i bought this for my go pro and it works as intended. the video records properly with no choppiness or other defects.', 'works perfectly on my gopro camera silver edition hd 3 . been in use for about three months with no problems. highly recommend.', 'bought this to use in our go pro white edition and it has worked well. no issues recording time lapse or 15 minutes of video at one time.', 'i bought this for my gopro hero 3 silver edition. works like a champ. havnt had any issues. definitly would purchase again.', ""i use this in my hero3 white edition camera for fpv. i've done about 20 videos to date, without a single problem."", 'seems to work good in my gopro have only had it a few days and if i have problems with it in coming months i will update this.. for not.. it works...', 'bought this over a month ago and it still works great. been using it in my gopro 3 snowboarding taking some heavy falls and have had zero issues!']"
408,her granddaughter wanted this card for her phone so she could put songs on it. she would have gone bigger but that's as big as her smartphone would take.,"[""my granddaughter's phone was slowing down. she had a 2gb memory card in it and no room for any more photos. she transferred all 499 photos to this 32gb card and has room for many more. love making her happy!"", ""i got this memory card for my daughter's samsung compact camera so she could store and save many pics which it holds thousands."", ""ain't technology amazing? i got this card for my mom when we bought her a new smart phone. i wanted her to have plenty of room for pictures, music and some movies."", 'my granddaughter wanted this for her phone so she could put songs on it. she loved the card and its capacity.', ""installed this card in my wife's cel phone. i would have gone bigger but, that's as big as her phone would take."", 'bought this for my girlfriend.the card works very nice and is a great way to up your storage on your cell phone.this is currently in a samsung galaxy s4.']"
409,i bought this for my son's galaxy s4. he told me it is very fast compared to his last card.,"[""i bought this for my son's samsung galaxy s4. he had an 8gb card but it was filled. this has more than enough space and the speed is excellent. he told me it is very fast compared to his last card. i would recommend this for sure."", ""i bought this to expand the capacity of my galaxy s5 for music, pictures, and video. i plugged the card into the phone...and i have about 60gb more space. i don't notice any lag from the phone accessing files from this card as opposed to internal memory. it seems just as fast.""]"
410,"32gb of storage for my asus tablet works well very fast. it works great in a 7 34 andoid tablet, but is 8217 t beat the price it has saved from using up my main hard drive makes it 96 instead of 28 which it came with works good in my android tablet - it's the best","[""32gb of storage for my new asus tablet, what's not to love? i can't imagine paying more for the model with the upgraded storage, especially since it's usually like 100 more. this thing was cheap and works great."", ""this memory has proved to be quick and reliable. i'm using it as a second drive in my win 8 tablet, but might swap it to my camera where the transfer speed would be appreciated more often."", ""it works just fine and i'm thinking of getting a 64gb for my tablet later on. i don't have too much more to say except buy!"", 'got this for my dell venue pro 8 tablet works well very fast at least for the tablet, of which the memory is more this speed than true ssd and sandisk gives you good quality for a reasonable price. goes on sale often here on amazon so look for a deal.', 'it works great in a 7 34 andoid tablet. may switch it to my gopro for the additional memory. i will have to see if it downloads fast enought', 'i have seen this other places and they can 8217 t beat the price it has saved from using up my main hard drive makes it a 96 instead of 28 which it came with', 'works great in my asus android tablet. the 32gb specification seems to limit the size, but it works great, some i am happy to write more words.', ""not much to say about this except it works great. the r w speed never seems to slow down photo or movie taking. 32 gb doubled the capacity of my tablet so i won't reach the capacity for a long time."", 'great product for the sale price, hard to beat 37 for 64gb. worked well on the pc, then on a dell venue 8 pro tablet. speed is nothing to write home about, but close to what manufacturer suggested 30 10', ""this is one of those products that either works or it doesn't which rarely happens , so what can i say. it work's great. 32 gb allows plenty of room for storage in my tablet, and with the high rate transfer speed apps run as quickly as if they were using internal memory storage.""]"
411,ultra is an add on memory for 'a new android tablet' he would highly recommend this item to all of my friends and family.,"['purchased this as an add on memory for a new android tablet. san disk has a good reputation and i have never had one fail. purchased the ultra for the speed and was purchased at a good price. i would recommend this item to anyone who needs sd micro memory.', ""this is a little gray square, with one corner missing. it holds just short of 32gb of data, and transfers it at just short of 30mb s, as expected. i use in in my cameras, which is what it's designed for, and it works as designed."", ""what can i say.. it's a sandisk.. adapter works well, fits great in my tablet, 32 gb is a lot of space!"", 'great product. i use san disk ultra 64 gb on all of my tablets, i would highly recommend these to all of my friends', 'i returned to order a 11.6 laptop so i could have full operations than having a notebook. i am sure this is good quality as i have purchased san disk numerous times.']"
412,i purchased 2 of them. delivery was fast. will definitely buy it again and recommend this product to anyone. it was easy to install and works as you would expect it to.,"['fantastic product as it is described. i purchased 2 of them. delivery was fast. i will definitely buy it again and recommend this product to anyone.', 'will review, when i install and use. product arrived on time. appears to be quality and what i need. will review soon.', 'this arrived quickly and was the actual product that was described, unlike what others committed about this item. it works and does just what i needed it for. thanks.', 'this product met my expectations. it was easy to install and works as you would expect it to. shipping was fast as usual.', ""thank you very much, i'm very satisfied and pleased with the product i purchased, i recommend this vendor for their reliability, diligence and quality of their products, in my grateful and happy client.oswaldo artiaga"", 'great product......prompt service.......well done!', 'este fue una buena compras ha sido todo lo que esperaba del producto. fue un bueno producto. llego en el momento indicado.', 'purchased this for a fellow employee. product came quickly and packaged in original package. the employee using it is happy.']"
413,"fast and giv, works great honestly i just don't care anymore. would buy again and would recommend to u all works good and is very fast. in the 2 weeks he've had it it hasn'’’t crashed.","['fast and giv, works great', ""honestly i just don't care anymore. if this thing works as intended then i suppose its fast to me. get it."", 'also fast .. not much more i can say. i bought two.would buy again and would recommend to u all', 'works great and is very fast.', ""it is what it is and it works as required and is very fast in processing the data. in the 2 weeks i've had it it hasn''t crashed."", ""works perfect. no complaints. it's fast. that's why i bought it. it does what it says it's going to do"", 'as advertised this guy holds some serious stuff in its innards. solves my issues and is quite speedy. would suggest.', ""got this in as described. so far it's working very well. i am not a technical person on calculating the speed. for a normal person, it's pretty fast and easy to access. great product."", 'very fast read and write, works great right out of the box. would buy again if i need another one.', ""this product works as described. it's just not super quick. i would recommend this product, especially, if you get it on sale.""]"
414,the product works after several months. it has no problems with it. its holding out well!,"[""6 months later and no problems. it's a very solid product and i'm very happy with it. would order again."", ""i have had it for six months or so now and have had no problems with it. it's awesome. thanks!"", 'the product works after several months. i have no problems with it, and its holding out well! thank you very much']"
415,"i would recommend this item to anyone, if it works or doesn't. works as described, good packaging, fair price, works fine very happy with it. it was a reasonable enough price. will buy another one soon.","[""there's not much to be said for this except that it works as advertised. i'm happy with the purchase and would buy again."", ""this is the first of these i've had. it works as mentioned and have had not problems with it. satisfied."", 'this item works great as expected without any issues. i would recommend this item for anyone in need. good buy.', 'i bought this awhile back. and i must say it worked just fine and exactly what i needed. its nice.', ""works great. got it quickly, it was well packed, plugged it in an it's been working fine since. only been a month so can speak to long term reliability. will buy another one soon."", ""either it works or it doesn't it works, it was a fair price and i am happy with it"", 'great buy, works fine very happy with it.', 'i love this product! i would recommend this product to anyone, i gave it 5 out of 5 stars because it does everything i need it to plus more!', 'works as described, good packaging, fair price, and i have no issues with the product up to this point. thanks.', 'this product works great and was a reasonable enough price. i am going to buy a larger one next time. best chk out the size you can use in your product before buying.', 'works, had to give a review of this since it does exactly what is it advertised to! good buy for anyone!', 'this item works as intended, well made, functions properly. good level of comfort fairly cheaply priced wont need to replace any time soon', 'this product is the only one i had bought like this that has worked will recommend to all family and friends', 'it does the job, found it cheaper after i bought it. bummer is the first thing that came to mind.', ""it does the job and the price was right. it came quickly so i'm very happy for the purchase. i would recommend it and would but it again."", ""can't say enough about it ... just works perfectly every time ... wish i could say the same about people ... great product"", ""i can't say anything bad about this product and it was a great price too! i would definitely recommend it."", ""i'm not sure what to say other than that this product works as described by the manufacturer and seller of this product."", 'exactly as advertised. works well, well known brand and i paid a fair price.', 'works ultra great. no complaints. i got the retail package.', 'no problems and works for what it is, would buy again and recommend without any hesitations, good product. and value.', ""it's just what i needed, it works fine, and i got it around christmas time at a great sale price."", 'i have not had any problems with this product and it works as it is supposed to so i would buy again.', 'i bought this a while back and have had no complaints at all. fast, reliable and no hickups. and at a decent price as well will be coming back for another.', 'when your item arrives on time, in perfect condition and the price is good, what more can you say? this works great and no troubles.', 'this company is as about as good as amazon. they offer a great product, great customer service at a fair price. they just work well together, dont sweat it just buy it, its a no brain er.', 'does everything it says without a hitch. works like a charm and reasonably priced, which makes it a good value too.', 'i bought this when it was on a special deal. am happy with my decision to purchase this and do recommend it.', 'great value and works perfectly.', ""a fine product. i've been using mine for over a year now, and it's never punked out on me. i just bought another one, to use as a spare. delivered on time, reliable, priced fairly.""]"
416,yes very nice yes! perfect just as described good excelent perfect great. perfect perfect. good excellent perfect!,"['yes', 'very nice', 'yes!', 'perfect just as described', 'good', 'excelent', 'perfect', 'great']"
417,work good works great. good work great works good. great work writ!,"['working good.', 'work good', 'works great']"
418,"swiss phone provider has the biggest chip you can handle? if you have any questions, contact your provider to find out what is the most important chip.","['i bought a new phone and got this chip because it was the largest the phone would accept. i keep a lot of pictures on it. 100 satisfied.', ""when i got my phone i didn't know about 6gb out of the 16gb would not have been available to me from the start because of its operating system and all the software that was pre installed so i used this to get more than enough memory for my phone and it works great i have all my music a few movies and all my pictures and all my ebooks on it"", 'i bought this chip to be used to increase the use of my smart phone and it has increased the memory. at least for now.', 'i got two of these for two nokia 822 smart phones. be sure and contact your provider to find out what is the largest chip your phone can handle? sw']"
419,it fits easily into the micro sd slot and was recognized by windows rt upon boot up.,"['fast card., and so far, reliable. reformatted to ntfs with no problem. no problems in a dell venue 8 pro.', ""have had no issues and does what is advertised. very handy. quite happy. i've used it with windows 7, mac os x.formatted as fat32 and ntfsvery good card."", ""i bought this to expand my 32gb dell xps 10 to 64gb. it fits easily into the micro sd slot and was recognized by windows rt upon boot up. i did reformat the card old habit , and haven't had any problems at all."", ""had to return it because it only formats into certain formats and i needed ntfs which it would not do at the time.i did purchase this again in oct 2013 and found it work as needed. so far it's working great."", 'i purchased this to go into an external wireless connect drive that is made by the same manufacturer. other than having to format it differently than the default a very simple process , i have not experienced any issues with it.']"
420,using this is my surface pro. works great. 128522 you have to love amazon i bought this for my microsoft surface rt.,"['using this is my surface pro. works great. 128522 you have to love amazon', 'i bought this for my surface rt tablet and it works great, and love how it came with the adapter.', 'i bought this for my microsoft surface rt and it works great with it. i would recommend it to anyone.', 'bought this for my surface rt and it works just fine. also got it for 32, which was even better.']"
421,"transfers to and from are very fast. great price for the size and speed. transfers at about 10mb s, not super speedy but it allows me to run software from it on my windows tablet - but the prices would drop even more.","['as usual anything from san dish is a quality product. bought to use with my surface pro. works as described and fast connection.', 'works great with my surface rt tablet. transfers to and from are very fast. great price for the size and speed.', 'transfers at about 10mb s, not super speedy but it allows me to run software from it on my windows tablet.', ""i use this everyday with my microsoft surface and i'm very happy. no issues and great speed. wish the prices would drop even more though."", 'it works great and transfers quickly. i use it on my dell venue tablet and my polaroid xs100 action camera.', 'correctly priced. i bought it to use with my surface pro. works great out of the box and transfer speeds are excellent.']"
422,"i bought this card as high speed external memory for my asus me302c tablet. the card had absolutely no crapware preloaded, no compatibility issues whatsoever. it seems to be compatible with my samsung galaxy note 10.1, but no error messages - so life is good.","['i bought this card as high speed external memory for my asus me302c tablet to play movies, music, etc. the card meets all of my expectations, and was pleasantly surprised to discover that it had absolutely no crapware preloaded. no compatibility issues whatsoever.', 'with the onboard memory, plus this expansion card, my android tablet has more memory than my ipad. can i tell if the fast memory is really fast? no, not really. it seems to be compatible with my samsung galaxy note 10.1, no error messages, so i guess life is good.', 'added this to my dell venue 11 pro for extra storage space. i popped the card holder out of my tablet, inserted the memory card and the tablet recognized it right away. read write time is as fast as the ssd drive in my tablet. no complaints here!!', 'bought this for one purpose to plug into my asus tf700t tablet. worked perfectly nice and fast fast enough, at least and full 64gb capacity recognized.']"
423,i bought this product in order to use with my dell venue 8 pro tablet. it works as advertised and allows files to be stored on this memory instead of tablets memory - no issues whatsoever.ds bought it for my asus tf700t transformer tablet.,"['i bought this product in order to use with my dell venue 8 pro tablet. it works as advertised and allows files to be stored on this memory instead of tablets memory. i re formatted it to use ntfs mode and have not noticed any problems.ds', 'bought this for my asus tf700t transformer tablet. no issues whatsoever. great having 64gb internal plu, now, an additional 64gb in sd.', 'i bought it to expand the memory on a cheap android tablet. it is recognized and works fine. no problems.']"
424,it stores quickly and is easy to use. it comes with two adaptors so it can be fit to other computers when copying files when copied. i purchased and use with my surface to add to the memory for my windows 8.1 tablet dell venue pro and it works like a charm!,"['purchased to add to the memory for my windows 8.1 tablet dell venue pro and it works like a charm! also, i shopped aroundand it was the best price i found!', 'i purchased and use with my surface. it stores quickly and is easy to use. i really like that sandisk makes it compatible with regular sdxc and micro. good product.', 'good price. fast and useful to expand more storage for the newly bought asus tablet. build quality looks great. it conveniently came with two adaptors so it can be fit to other computers when copying files.']"
425,samsung note 2 transfers data in fon and to pc immediately. lives up the billing of very fast data transfer speeds.,"['in my samsung note 2. fast no delays. transfers data in fon and to pc immediately. good value for a top rated card.', ""lives up the billing of very fast data transfer speeds. i love that i can just plug my note 2 into my pc and drop stuff onto this thing to my hearts content. access speeds are very good and i've had no issues using it.""]"
426,amazon seems to have the best prices for our memory card needs. sandisk is one of the reliable names in this category - amazon is the most reliable name if you are looking for a memory cards.,"['we always come straight to amazon for our memory card needs, and sandisk is one of the reliable names in this category. lots of usable memory for minimum cost outlay so there is no downside to this product. max out storage on your compatible devices!', 'amazing how much stuff you can save on this little card. sandisk has always been reliable and i would recommend it. amazon seems to have the best prices.']"
427,"i bought this for my son's tablet for cartoon videos, movies and 34 games. this memory card ensures that his data can be moved to the next tablet, whenever its needed. it works perfectly allowing him to download music and games with ease.","[""i bought this for my son's tablet for cartoon videos, movies and 34 all 34 games he will be downloading he's under 5 yrs so they'll be small simple games ."", ""i bought this for my grandson to work with his new tablet. he's very happy with it, so much so that i'm sure that he prefers tablets to laptops. it gives him all the function that he needs. this memory card ensures that he can keep his data and move it to the next tablet, whenever its needed."", ""i bought this for my 6yr old's nabi tablet. thing works perfectly allowing him to download music and games with ease. loved the price and trust sandisk products."", 'this microsdhc card fit perfect in my grandsons tablet. its great to be able to download extra music and games for him.', ""bought this for my son's tablet asus prime and it works great. we were able to load his music, movies, and a few apps and haven't noticed any lag time as we have in the past with other cards. would definitely purchase more.""]"
428,the 32 gb one went on sale and he bought it for his grandson for a tablet. it is working just fine and has total confidence in sandisk storage items.,"['i bought it to expand my surface rt tablet, reliable and stable my data is intact and secure.highly recommended', 'i bought this for my husband and then the 32 gb one went on sale so i bought that one for him. i use this one in my tablet and i love it! no issues!!', ""i purchased this for my grandson for his tablet. i actually purchased 2. he loves his games so i wanted to be sure he had plenty of space to save everything he wanted. they must be working, i've heard no complaints."", 'this product provides me with a stable and compatible storage augmentation for my android tablet. a true asset to my needs', ""wanted to expand my storage on my surface tablet, and the price was right.works as expected, no issues. i'm pleased with my purchase."", ""to be honest i purchased this because my son said i needed it with my tablet...i'm sure it will be fine..."", 'bought this item to use in my android based tablet and it has worked just fine. doubled my storage capacity at a very reasonable cost.', ""purchased this to go with my spouse's new sony tablet, he is happy because unlike me, he doubts he will every fill it up. i on the other hand will use his tablet to take photos and such. now, i don't have to worry about missing that surprise shot when my tablet isn't around and his is."", 'i bought this to stretch the capability of my lg gpad 8.3 gpe tablet.it is working just fine and of course i have total confidence in sandisk storage items.']"
429,samsung tf300t is a geniune and performs as expected in my asus tablet. the microsdxc is just what i need for my surface tablet. just plug and play operation with no issues.,"['it is an almost required piece for my samsung tablet. it was at a good buy. it is easy to use, and easy to install.', ""works great, it's the real deal not a fake, as one often finds on some websites great in the galaxy tablet, and with an adapter, slots easily into my computer."", 'its geniune and performs as expected in my asus tf300t tablet. includes sd adapter and has a nice sandisk app in the play store.', 'perfect and fast. this microsdxc is just what i need for my surface tablet. just plug and play operation with no issues.']"
430,"i bought two of these for my samsung tablet and one for a galaxy note. works great and has ordered several for her smartphone, tablets - and so far they work great so if you need more space order would recommend.","['i purchased two of these one for my samsung tablet and one for my samsung galaxy note. great hardware that is truly speedy, responsive and meets my needs!', 'this is a very good item, fits perfectly in my tablet, its confortable, and protect it. works very nice, great item...', 'bought for android tablet. the best part of android is adding these. works great own 4 of these!', 'nice item and i have ordered several for my smartphone, tablets and so far they work great so if you need more space order', 'would recommend. i have 2 of those, one in phone one in tablet. probably i will get one more for gf.', ""this is the second one of these that i've purchased. the first was inexpensive, quick, and easy to install in my wife's samsung tablet. i was so impressed that i bought another to install in my samsung."", 'i know armed with this in my android tablet and wearing my three wolf tshirt, i will be the envy of all geek girls who will be uncontrollably attracted to my asian maleness.', 'works well in our tablets and phones', 'i installed this in a tablet that i am giving as a gift, and so far so good. this is the second one i purchased i installed the first one in my tablet and it seems to be working fine also.', 'this is what i needed for my tablet and it works great. i will buy two the next time. thank you .', 'i got several of these for my tablet.. so far i am very happy.. actually i have one in my phone, one in my tablet, and one as a backup for traveling.. so far they have been great for me...', 'just what i needed for my tablet. recommend the product and getting one for my phone too. fits my expectations.', 'works great i purchased two one for my new cell phone and one for my new tablet.']"
431,"sandisk cards are fast and have the solid quality i expect from them. they are decently fast, writing speed is able 10mb, it is plenty fast for hd video.","['transfer files easily and very fast. sandisk makes great sd card and they are very reliable. i am very pleased with this product.', ""i've used sandisk cards for as long as they have existed. these cards are fast and have the solid quality i expect from sandisk. recommend."", 'i have a long term positive experience using sandisk cards. the card works great both transfer and read speeds. i have now purchased five of these cards over the past few months and my experience continues to be great. i recommend this product.', 'sandisk has always been a reliable brand for me, their products typically outlast the devices they were paired with. this cards is decently fast, writing speed is able 10mb, and read is in the 24 6 range, it is plenty fast for hd video.', 'fast shipping. good packaging. fast speed card. does what its supposed to do. sandisk is a well known brand and i use many of there products. currently using in a lenovo yoga 10.']"
432,the transfer speed is great and playing movies from the card has not been a problem yet.,"[""so i'm not going to pretend to be an expert on sd cards, but i still like this one. it is relatively inexpensive, works wonderfully for the movies i want to store and watch on my samsung galaxy tab 7 2.0, and i haven't had a single problem with storage yet."", ""i use this with my samsung galaxy tab 3 10.1, and it has worked seamlessly. i use it to store movies to watch while travelling, and haven't had an issue yet. the transfer speed is great and playing movies from the card has not been a problem."", 'i put this into an old samsung table that my kids use and it seems to work well. we have some videos on this card as well as a large number of apps. i have not had any problems.']"
433,samdisk flash drives went in my sons mobile. cheapest price i found for the 128gb version... it worked in a sansa clip zip when another generic brand didn't.,"[""i am really pleased with all samdisk flash drives i've had and this is no different. it went in my sons mobile and nothing but good things to say...like it should be"", ""we bought 2 of these for our gsiii's. no issues, fast read and writes and the price is right. not a big surprise another quality product from sandisk."", ""didn't expect any problems and didn't have any either. great sandisk quality at a decent price. speed as rated. happy"", 'works as expected, no problems, second time i purchased this item, happy with purchase. cheapest price i found for sandisk.', ""so i bought another sandisk product, and guess what? it works. great job guys. and not too pricey either. can't wait for the 128gb version..."", ""this worked in a sansa clip zip when another generic brand didn't. no complaints other than a couple cbs higher price.""]"
434,"i got it for my galaxy s4 and it works well. it will not do ntfs, but its not necessary for her purposes!","['i got it for my galaxy s4 and it works well. it has a good speed and good space which is something i definitely needed. sometimes it has a hard time getting recognized in my computer, but i always find a way to make it work. it will not do ntfs, but its not necessary for my purposes.', 'i like it comes in handy fits good with my galaxy s5 smartphone, no problem with filing data on a computer.']"
435,i bought this for my surface pro for a few months. it works well with my tablet and does the job without any issues - it read and was used with no issues. the product was delivered on time and in good condition.,"[""bought it for my surface pro. i've had it in there for a few months and i've had no problems. very fast and stable."", 'bought this to use in my 8 inch onda tablet. no problems or issues installing or using. have about three months. would recommend to others.', ""what more can you ask for ? no errors ever detected by android os, and having this unit plugged into my tablet means i'm never without data or pictures that i want."", 'fast and reliable. well worth the price. works in my android tablet 7.0 with no problems. setup was no problem.', ""i use this in an asus android tablet. i've had no problems using it to transfer data between the tablet and pc. no trouble with storage errors either."", 'bought it for my tablet. it works well, and it has been working now for about 6 months. i have no complaints.', 'just what i am expecting for this brand, i installed it in my tablet the moment it arrives and it works perfectly.', 'i mounted it in my tablet lenovo thinkpad 2 and it has been doing just fine and working well without any problems.', 'works great, better than i thought if you cave a surface tablet i truly recommend it it will work straight away.', 'works as expected and it was fast, i am hoping this survived being attached to the item it was bought for as it has met its end flying into a concrete wall the android tablet it was attached to was suicidal oh well would recommend to anyone have fun..', 'i never faced any issues ...so far..so good. it works well with my tablet. it is super fast and reliable.', 'i bought this one for my tablet... well it is very fast. durable and long lasting... i recommend this item...so get one now.', ""currently using this in my tablet for my retro gaming and it works great. haven't lost anything and speed works fine. i don't have a negative thing to say it."", ""i got this for my tablet have used this brand before on other things. it's a reliable brand i never worry about quality with it."", 'needed this to put into my new tablet. this is exactly as described and works great no complaints . would recommend to others and the price was good too.', ""using it in a 10 34 android tablet and have had no issues. mounted easily and seems to be doing it's job!"", 'it was a good value for money , product was delivered on time and in good condition. i am using it with my tablet and am happy with the performance.', 'this went in a new asus tablet with the latest android system in it. it read and was used with no issues.', 'it does the job without any issue. i use it on my microsoft surface pro tablet. fast and reliable. i would recommend it.', ""used this in an android tablet. it's fast, reliable and performs exactly as expected."", ""very, very good and reliable. use it in my win8 tablet, so i don't take it out a lot, but when i do, it seems to work fine in other places. i bought it a while ago, and it's never failed. i would recommend it."", ""i use it for a tablet. i can only say it works with my tablet and it doesn't break. no more remarks.""]"
436,"the asus tf 700 x tablet has greatly enhanced the capabilities of the tablet. the memory card came on time, in fact it came early, i'm pretty techno challenged, but have used it for picture storage and successful transferring data from the device - a great way to expand the 16gb tablet we bought for my wife","['excellent used to upgrade the capacity of my asus tf 700 x tablet, has greatly enhanced the abilities of the tablet, easy to use and to transfer information as necessary.', ""we needed an option to increase the storage available in my wife's nook tablet and this serve the purpose perfectly. just inserted it into the micro sd slot and seconds later it was recognized."", 'the memory card was exactly what i was looking for. it came on time, in fact it came early. now i have upgraded the memory for my tablet and can download movies to take with me any time i need to.', ""maximize your storage now with this product. installed easily, even for tablet new bees. the tablet recognized it no problem. and i'm pretty techno challenged, but have used it for picture storage and successful transferring data from the device."", 'installation on my surface was simple and added a lot more storage to my tablet. i liked the sd adapter so that i can use it like a mini usb drive from my larger pc.', ""it's an inexpensive way to expand the 16gb tablet we bought for my wife's sister, who wants big storage. was pretty easy for the tablet to detect it.""]"
437,the 32 gig san disk memory card went into a dell tablet given christmas gift. this is the one to buy.,"['this is the biggest memory card i have at 32 gig. it works fine! i am using it on an 8 inch dell tablet with windows 8 and a solid state 8 gig hard drive.', 'the 32 gig san disk memory card went into a tablet given as a christmas gift.no problems and fast performance.i loaded all the music and some video that was stored in a laptop.i still have 12 gigs left.very happy with the memory unit.', ""i originally bought this for my digital slr and it works the way it is supposed to. since i didn't need capacity for over 7,000 pictures i put this in my samsung tablet and got a 32 gb for the camera. if you need or just want 64 gb of memory this is the one to buy."", 'i bought it for my grand daughters camera, but when my 64gb memory refused to work with my windows tablet, i swapped them and this one is working splendidly.', 'it says on the acer that the max is 32gb but i popped this puppy in and it read the 64 gigs just fine. i have my mp3s and some photos on here so i do not clog up the hd for my tablet.']"
438,64 gb microsd is a nice memory support for any device. the storage is great and the memory is good for every device.,"['i love this 64 gb microsd. i dont ever have to think about it now. i love that we can get such a large amount of memory for our devices.', 'adds a really nice support of memory for any device. i enjoy not worrying about running out of space now.', ""it's amazing to think that i need the space, but i do, and 32 gb is nice. love not having to worry about needing more space on my phone...yet."", 'there is nothing really to say except that i love having this much storage and not having to worry about running out.']"
439,sandisk always makes quality cards. it always gets read write speeds of at least 14mb.,"[""very fast card in my sgs3. sandisk always makes quality cards. i always get read write speeds of at least 14mb s and 22mb s with this card see my uploaded pic . card hasn't given me any problems. reliable, fast, great price. a !!!"", 'this card is one of the fastest sd cards on the market. it works great for your samsung galaxy note ii. no issues with installation or device recognition. highly recommended.', ""this micro sd is very fast, i use it in a samsung galaxy note ii and i don't have any problem regarding low speed."", 'purchased two of these as they are the best. yes there are faster sandisk cards but this works just fine in the note ii .']"
440,this tablet will increase the memory up to nearly 100 gb. this will upgrade her memory to the maximum. she won't give it back!,"['this is just what the tablet needs, it increases the memory up to nearly 100 gb so i will bnever run out of storage space.', ""this is a memory card that will be used for my wife's tablet. this will upgrade her memory to the maximum. she will have no storage space problems."", ""i inserted this little gem in to my new nook hd and let me tell you....wow. she loves it so much and she won't give it back! instead of buying larger capacity tablets....just buy the smallest amount of gigs and buy one of these little dudes."", 'got this for my sweetie. her tablet has 32 on board. she likes books and this will hold a lot. that and the quality and price are great.', 'this small but big in memory will be the perfect gift for a samsung tablet.i am pretty sure she will love it.']"
441,sandisk memory cards have never been in issue for years. price of flash decreases as prices of a memory card decrease. can't compare to other brands as never has an reason to switch.,"[""big fan of sandisk and even more so as the price of flash decreases. can't compare to other brands as never has a reason to switch, minor price variations do not compel to do so and performance quality has never been in issue in many years of suing brand."", ""i've never had an issue with sandisk memory cards, and likewise. great price for what you're getting, memory is getting cheaper, and speed isn't a huge issue for me for smartphone use, so this was ideal. can never go wrong with sandisk."", ""this is probably the nth memory card i've bought from sandisk, and so far i'm still very happy. r w speeds are decent and none have given me any troubles."", 'prices on memory go down all the time. this was a good sale price when purchased. sandisk has always worked flawlessly for me.', ""memory card works fine, no problems. i have a number of sandisk memory cards, and i've never had any problems with them.""]"
442,"i put it into my phone, and now it is like a phone has unlimited storage possibilities on it. this was an awesome addition to the phone and how much storage space he's been able to store on the new phone. it just worked out of the box.","['i put it into my phone, and now it is like my phone has unlimited storage possibilities on it. thank you!', 'see above. nice to have the extra room in my blackberry z30. lots of content goes with me. packaging was adequate but not over the top.', ""i got this so i made sure my new smart phone had enough storage. i, unknowingly, got the phone with a ton of space but this was an awesome addition to the phone and how much i've been able to store on it. highly recommended."", 'this is great. it gives me a lot of extra storage space for my phone. it just worked out of the box. perfect.']"
443,"i have space now. it works great, in my phone now. worked good in talbet and gave it more space too do more games and pictures and download too save all your pictures awesome! comes in extremely handy - thanks sandisk!","['worked good in my talbet and gave it more space too do more games and pictures and download too save all your pictures', 'awesome! so much space, and it works with my phone, all i could ask for! comes in extremely handy. thank you sandisk!', ""i don't know why but i just needed some space. this provided me with the space to put all my extra stuff that does not physically exist...but it exists in the realm of awesome stuff. i have space now. it worked great. i have more memory now. oh joy."", 'works great, in my phone now i was running out of space but this came to the rescue now i can take more pics!!!', 'really helpful i needed to backup some photos and there was plenty of space left']"
444,san disk is hard to beat. you will pay more for the brand but you get a quality product. it worked very well for my e-mail ring tv dr. james mcdonald',"['san disk is hard to beat. you will pay more for the brand but you get a quality product. would purchase again.', ""you can't possibly go wrong with a san disc product! although i purchased this for my son, i have used san disc in the past and have never been disappointed!"", ""i prefer the san disk brand over other types. this is a great size for phones camera's. i would buy again."", 'san disk has always been a good brand for me. it worked very well for my samsung galaxy phones and tablets.', ""excellent brand, as good as any of the other cards i've ever used. highly recommended for any appropriate uses. i like all of the san disk products.""]"
445,microsoft surface rt has some extra memory needed extra disk space in her surface pro 1. the card is nearly as fast as the ssd.,"['i bought this for media storage on my surface 2 and absolutely love it. it allows me to store my videos, pictures, and music on a removable drive and keep my tablets memory free for apps. i would recommend this to anyone with a tablet looking to expand their storage capabilities. shipping and packaging were perfect and quick.', ""i bought this for my ms surface tablet and this tripled my storage space. i copy all my media to this and have endless hours of entertainment when i'm on a plane ride or in hotels."", 'am using this as additional storage on my new surface pro. works great and seems fast enough for my needs!!!', 'i use this on my 32 gb microsoft surface rt and it does the job as advertised, so 5 stars.i have used it to extend the storage capacity on the tablet to 64gb for storing documents, pictures etc. there are many articles on the internet that show you how to do that.', 'i got this to expand the storage in my microsoft surface and it works great. i can quickly transfer data on to it and then pop it out and put it into my desktop or phone. definitely recommend if you need big storage for your mobile device.', 'bought this for my microsoft surface pro for extra storage and it works great i just put it in the slot and it showed up in my computer just like it was supposed to.', 'this was the perfect addition to my surface tablet. it came in easy to open packaging and it worked from the moment i pout it in the microsoft surface tablet. expanded my 32 g tablet to a lot more storage for movies and music.', 'added this to my microsoft surface rt tablet and it works perfectly and is extremely fast. perfect for storing videos!', ""i got this to increase the storage in my ms surface rt. it has worked like a charm and i've never had any problem with it."", ""i bought this for my surface pro 128 gb. so now i have an additional 64 gb which i use for movies and music etc so i don't use up my 128 gb ssd for that stuff. works great!"", 'i bought this memory for my microsoft surface rt. it works great and it is super fast. i am storing movies, music and pictures. great!', 'got this to go in my daughters microsoft surface rt and it is doing great! she loaded a movie on it and is happy her device has some extra memory', 'needed extra disk space in my surface pro 1. put in this item and have had no problems since. very good performance similar to my ssd hard drive.', 'now my new surface tablet is complete!with all this storage i redirected my photos, music, videos and documents to save to the card. its fast and i love keeping my internal storage available for apps only.', 'very useful for surface pro to increase capacity from 128gb. can also be used as backup in case something goes wrong', 'great but i still dont know how to use it to store my apps on the surface, the only reason why i bought this thing', 'purchased this as a memory addition for the surface. great way to add all files for a meeting, so the laptop can stay behind. this card is fast enough so you can access files quick. great product.', ""my surface's disk space was very limited until i popped this in. it is a wonderful solution to the 64gb surface pros and with windows 8.1 we will have even more flexibility when interacting with sdxc cards. the pictures and videos load just as fast as if they were on the native hard drive."", 'added additional storage on my surface tablet. it allows me the storage of items that i want or need to transport to other devices.', 'i got this for my new microsoft surface pro, just in case i needed more room. it comes with a adapter if needed and works great for more storage room.', ""no problems here, works perfectly fine just as expected. threw it into my surface pro to get a little more storage capabilities for music, media, etc. . had to format to use which i didn't realize at first, but that's my fault for being an idiot in the first place. no complaints, fine product, would recommend."", 'was able to increase storage on my surface rt. no more carrying around an external hdd. holds enough of my music library.', 'i personally got mine to expand my surface storage and it works brilliantly, it holds all of my media movies, tv, books, and pictures with plenty of room to spare.', ""it's 128gb, what more needs to be said? i stuck it in my surface pro as additional storage space and it does just that, no problems."", 'plugged it into my surface 2 and doubled my storage capacity. i have had no problems with it. it is fast enough to use for videos.', 'i just added about 35 more space to my windows surface pro with this little gem. 64gb . it worked seamlessly.', 'delivery was on time and the device worked perfectly for my microsoft surface pro. i needed extra memory for my surface and this 64g was perfect.', 'easy to use, no thought necessary and plenty of storage for movies to use on my microsoft surface pro 2', 'bought a windows surface with 8 pro. it has a 128gb ssd which is pretty good, but adding the card gives me 64gb of storage and backup that is nearly as fast as the ssd.', 'i use this in my surface rt to store movies etc for the kids and be sure that it wont be tampered with']"
446,samsung galaxy tab 4 works great and allows us to add a lot of videos onto our tablet!,"['we bought this to go with our new samsung galaxy tab 4. works great and allows us to add a lot of videos onto our tablet.', ""got this for my girlfriend for the tablet i bought her, she love this as she can now put all the music and pictures on her tablet that she wants and doesn't have to worry about running out of space anymore.""]"
447,"samsung tablet has 32gb of memory space, perfect for books, music and pictures. added 16 g of onboard memory in the tablet, making it pleasurable for more photos / videos - especially if you need to store more pictures and videos.","['i installed this on my samsung tablet tab 2 7.0. there is definitely a performance difference on my tablet especially when i load up all my apps.', ""got it for my note 10.1 and it's great being able to pop it into my computer via the adapter to load large amounts of pictures on and then back into my tablet. kinda wishing i got a larger capacity one."", 'was purchased to expand memory in a tablet. it works well in my a tablet and can be used in a camera using the adapter.', 'i bought this as additional memory for my ten inches samsung tab and i happy with it and noe have more storage', 'i have recently purchased a samsug galaxy tablet. the sandisk 32 gb. memory card was an excellent addition to the already powerful tablet pc.', 'i purchased this item to expand my samsung galaxy tab3 7.0 memory and it fit well and is what i wanted, i would recommend this item.', 'i wish i could install one of these in my head. but i will have to settle for installing it in my brain. the increased memory for my tablet has been great allowing me to use it for many things.', 'comore esta memorka para completar mi nueva samsunb galaxy tab y funciono muy bien...ahora tengo 48 gb de memoria para alamcenar info.', 'i bought it to have extra storage on my samsung tablet. if anyone wonders in which direction you place it in the black side is on the back, while the red and gray side face the front screen. aldo works great on my canon dslr with the adapter.', 'i am using this item to extend the memory capacity on the samsung galaxy 7.7 tablet. very good price with free shipping order 62 35 and it works as advertised!', 'i bought this for a tablet that i bought alldaymall tm a70x 7 inch android 4.2 4 gb a20 dual core tablet pc i was skeptial at first but it worked great for my tablet and for the price it boosted my memory from 4 gb to 36 gb in total good product!', 'installed this into my new galaxy tablet and sure is nice to have the extra memory, allows for additional apps.', 'got this to expand my memory in my samsung tablet it increased my ability to store more photos. good purchase', 'with the small 16 g onboard memory in this tablet, the added 32 makes it pleasurable for textbooks, music and pictures.', '32gb worth of memory space, perfect if you love installing a variety of apps and it is useful when you need to store memory into your phone, camera, or tablet.']"
448,"i am using this to add capacity to my android powered hp slate 7 34 tablet. it has worked great so far, and has been able to install and run software from this sdhc. this works great for added memory on my new asus t100 tablet laptop.","['i thought only a 32 gb would work in my 32gb asus pad but this works great in it...i wanted more space an this made it easier to put on vids an way more pics', 'i am using this to add capacity to my android powered hp slate 7 34 tablet, had to re format to ntfs to work but then it worked great! note many devices will only work with up to 32 gb card only, check your specs before ordering', 'i bouth it in order to extend the capacity of this tablet 64 gb .now i have 128 gb on my asus transformer infinity...', 'i am using this in a samsung series 7 developer build tablet to expand its hard drive capacity only comes with 64gb ssd . it has worked great so far, and i have been able to install and run software from this sdhc.', 'i installed this micro sd in my asus tf300 transformer and it worked even though the tablet only supports up to 32gb. this added 60 gb of usable space.', 'very nice addition to a xperia z tablet expanding the storage area up to 64 gigs. easily seen by os of my tablet. fits micro slots', 'amazing how 64gb now fits on a micro card. i added this to the asus vivo tablet to extend the memory and am very glad that i purchased it. working great and have always trusted scandisk!great item......great purchase!', 'this works great for added memory on my new asus t100 tablet laptop. it came with a 64gb hard drive and now with this i have 128gb.', ""it is a good card and does the job well. now i am going to have to fill in this space as there isn't much else to say about this. using this as expansion for dell venue 8 pro. now have almost 64g of open capacity on the tablet."", 'my windows tablet came with a 32 gb storage space allocation. this allowed me to add the extra space i needed for applications, and media to let me use the tablet the way i wanted, and not be limited to the available storage space of the c drive.', 'bought this to expand storage in my windows 8 tablet.so far, so good. minor point, the microsd slot on the t100ta is a bit too 34 shallow 34 , so the card protrudes slightly keep that in mind if buying this card for that tablet.', 'i got this to upgrade my tablet to 40gb with the micro sd card. the tablet is a ainol ax1 with 8gb of storage. i thought i needed more storage for movies. seems to work just fine.', 'got this along with sanoxy micro usb otg to usb 2.0 adapter and anker uspeed usb 3.0 card reader 8 in 1. works as described and i now have 64gb of extra space! i use this in my transformer infinity tablet as well for a total of 128gb of storage!']"
449,"the tablets arrived on time, works as advertised. the devices arrived a day later - and the device was able to be recognized immediately with no problem. it is not yet known if the tablet is working properly.","[""works well with the tablet and htc phone, it doesn't need to do formatting. the devices recognized immediately with no problem. recommended!"", 'not sure what you can say about a storage disk. it arrived on time, works as advertised. i had no trouble installing it in my new yoga 10 tablet.', 'works great, no issues. tablet recognized it immediately and the speed is great. lots of storage and no compatibility issues to report.']"
450,32 gb micro sd chip is the cheapest memory card i could get at the time. it works great and is fairly cheap compared to other 64gbit cards without sacrificing quality.,"['32 gb micro sd chip. if this is the size and memory amount you desire, this memory card has never failed or had errors on me. 5 stars for that and being the cheapest i could get at the time.', 'love it. it works great and is fairly cheap compared to other 64gb sd cards without sacrificing quality. sandisk has always made great products.', 'exactly what it looks like. 64 gb micro sd card. reads and writes well. comes in good packaging with an sd card adapter. sandisk brings a high quality product and i tend to stick with them over some other cheaper brands.', 'just another 16 gb micro memory card. quality build and on sale, the cheapest around.', 'great little micro sd card! the 64 gb of storage is awesome. very dependable brand. i have this brand for other devices and always works like a charm!']"
451,great transfer speeds for my tablet. going on a month now and it works just fine. it arrived on time not excessively packaged.,"['great transfer speeds for my tablet. going on a month now and it works just fine. highly recommend it to anyne.', 'product arrived on time not excessively packaged. worked perfectly out of the box. speed is excellent as i can play movies on it and the large file transfer time is very quick on the tablet.']"
452,sandisk ultra microsdhc class 10 cards work reliably on all my different cameras and phones.,"['i dont understand why but i use both micro sd cards and usb and these always seem to work better and last longer.', ""i have several of these microsd cards i found that it's easier to have one for each camera that i have and with the price of these cards you can go wrong.. i have a total of 10 and not one of them has failed!"", ""i really like these sandisk ultra microsdhc class 10 cards. i have several and when i see huge price drops i pick them up for phones, cameras, gps' as well as tablets, on which i store video files for traveling. i've never had a problem with a sandisk."", 'the sandisk ultras tend to work reliably on all my different cameras and phones which is not always true of some common but less expensive cards. this simplifies ordering but they do cost a bit more.']"
453,"i bought this for my nook hd and it works perfectly without any problems. it's class 10 and works as intended, transferred large video files tv shows and movies at a rate of 11 13mb s consistently, played the file he transferred over to my galaxy tab 3 and the 720p 1080p blur","[""so far so good. no problems using this with a nook hd even though it's class 10. this includes playing downloaded videos."", 'the speed is great i use it in my galaxy tab 3 and had a bunch of hd movies on it and i can watch movies on my tablet flawlessly, does what it says', 'bought this for my nook hd and it works perfectly without any problems. i already used about 80 capacity with hd movies, and my nook hd plays them flawlessly. very happy with the product.', ""definitely a class 10 and works as intended, transferred large video files tv shows and movies at a rate of 11 13mb s consistently, played the files i transferred over to my tf700 and the 720p 1080p bluray's played without any problems.""]"
454,i bought this for my 3 year old's nabi 2 for use in her sons' it works perfectly and at a great price.,"[""more than a year in and still going strong. it boosts the memory of the tablet so i can store movies for trips and the tablet stores big files there automatically to save it's own brain for more important things."", 'bought a cheap tablet with no storage. this works fine and is fast. now i have plenty of external android app storage and also videos to watch.', 'loving it! plenty of room to store my media and go back and forth between my pc and tablet. also great for storing all my school related texts and documents.', 'just the right size for my knitting and crafting patterns, lets me take them anywhere i go and helps when buying yarn and fabric because all the info i need is on my nook.', 'i like this because it works in my transformer tablet and supplies me with plenty of space to play, watch, or listen to what i want.', 'works very well with my new tab pro 8.4 34 . have been able to download lots of content from youtube to watch on long flights. will use it on any device that takes sd cards. very happy with it.', 'works great on the dell venue 11 pro tablet. i now have double the space. can store over 50 full length movies.', 'i bought this to save music mp3 and movies mp4 for my asus memo pad hd 7 and it works great.', 'i use it to put my music videos and movies on. works great with my tablet and there is no stalling on the movies or videos.', 'good space for the money... put it in my asus memopad hd7 and i have all kinds of media on it with room to spare! love it!!', 'i use it to store movies for my kids to watch on theirandroid tablet. it works flawlessly. price finally down to earth.', 'fit my needs nicely in my tablet. no more buffering anything anymore. and big enough to hold quite a few movies on.', 'works great and it is so nice to have enough space for all my movies and books, comics and such that i like to keep on my tablet.', 'works like a charm...expand my tablet capacity and now i have lots of space for apps, music and videos without worries', 'works, i have a few movies and songs saved to it to play on my tablet and i love it.', ""love it so far as i just purchased this as iam not into buying sdcards but now i have a nextbook tablet and this works great for adding video's and music able to be put on this sd card."", ""i got this for my 3 year old's nabi. i can put tons of movies and tv shows on this thing and keep her entertained for hours. for the price it's hard to beat."", 'purchased this item to store movies for use in my sons nabi 2. works perfectly and at a great price.', ""i'm listening to music stored thereon, i read books, plays, etc. from the gutenberg project that are stored there. i download podcasts from itunes and transfer it to my tablet. it is wonderful. i always expect great things from sandisk. would replace it if it stopped working.""]"
455,"the only drawback that i can assign to these sd cards is the limit of a 5 year warranty unlike kingston. he's tried memory cards with really bad results, but decided to go with the memory card. it is more reliable than the others.","['the only drawback that i can assign to these sd cards is the limit of a 5 year warranty unlike kingston.', ""i've tried memory cards with really bad results. finally decided to go with sandisk. it may be a little bit more expensive than the others, but ultimately this is more reliable.""]"
456,sandisk is a very reliable name in storage. this microsd card is the best for tablets and cell phones with limited on board memory.,"['sandisk is a company you can trust and offering such a good product at a low price.comes with an adapter and small case to get full sd card size and keep it from getting lost when not in use.', ""it's hard to argue the quality of sandisk products, and this one is no exception, providing both a high capacity micro sd card and an adapter to allow it to be used in the larger sd form factor, particularly nice for those of us who have a need for both."", 'sandisk is a very reliable name in storage. this micro sd card is no exception. lots of storage at a good price, this is a must for tablets and cell phones with limited on board memory.', ""good micro sd card. i love sandisk's products because they have a good warranty policy. i would recommend this product.""]"
457,"the price was quite good too it works just fine in my galaxy 3s phone. now, i more room than I know what to do with.","['works great with my samsung galaxy note 3. now i have 96gb total memory! awesome! the price was quite good too', 'it works just fine in my galaxy 3s phone. now, i more room than i know what to do with.']"
458,samsung galaxy's4 snapped into place without formatting question. the adapter works in my computer and printer... and works well with the galaxy player...,"['figured there was not going to be any issues with sandisk produce arrived in well packaged removed it, formatted it on computer, and installed. working fine!', 'my samsung galaxy s4 seemed to take to it right away. it snapped into place without issue and began working without formatting question.', ""these things are supposed to work flawlessly aren't they? anyway this does. didn't need to format it in my s4 went straight in no probs."", 'this was installed in my s4, i had no issues like others have posted, in fact i formatted in the computer and popped it right in.', 'popped this into my samsung galaxy s4 right out of the box. no issues whatsoever. have saved music, movies, photos, etc, with no issue. the adapter works in my computer and printer.', 'came quick and works well with my galaxy s4. formating was simple. its a sandisk not much that could be wrong with it.', ""worked in my galaxy s4, didn't have to do any crazy formatting. i popped it in and it was detected."", 'works perfectly. i can take the microsdhc from my galaxy player and use the adaptor to plug it into my imac with no problem at all.']"
459,"the transfer speed is excellent and the still and video camera on the gs4 works well. it seems to load quickly on my phone as well as saving files - but it works perfectly if you want to use it for your cell phone, a great buy. i bought this for my samsung phone and it worked flawlessly","['got it for my cell phone, samsung galaxy s4. works just like one would expect and appears to be quite fast.', ""i bought this for my samsung gs4 and it is working quite well. i have had it for several months without issues. i do not know how it performs vs what is advertised but for my purposes i don't care as much. it seems to load quickly on my phone as well as saving files."", ""i mounted this in my s5 and it worked flawlessly from the start. transfer speed are great using the s5's usb 3.0 capabilities."", 'i bought this because it was super cheap on black friday or cyber monday week whatever that means . it is great. i bought it thinking that it might be better in my galaxy s2 but i have not noticed any difference in speed. i guess it is more for hd video recording or picture taking in a camera.', 'i bought this to use in my samsung galaxy s4 and it works great. transfer speed is excellent and it is completely plug and play compatible with my device.', ""i got this for my samsung galaxy s5 and could not be happier. it's fast enough with the still and video camera on the phone.i have had no problems transferring files of all types from my pc or tablets. at this price it is a great buy.""]"
460,"card has worked great in my phone so far, no lag on video or audio. approx 840 albums ripped at 192kbps vbr in aac format using dbpoweramp.","[""realistically i probably could have gotten away with a 16gb card, but like anything, it's better to have it and not need it than to need it and not have it. popped it into my moblie phone an put all my music on it, plus enough room for photos or videos, etc.no hiccups or errors yet and holds a ton of stuff."", ""using dbpoweramp i was able to rip my entire collection to this card at a reasonable quality level. that's the point. make sure it is compatible with your device before you buy."", 'loaded up my mp3 collection in no time for use in my phone, came with sd adapter and in very small packaging, almost nothing to throw away! card has worked great in my phone so far, no lag on video or audio. good deal 30usd', ""i got this micro sd card strictly to hold music on my htc one m8. i was able to fit approx 840 albums ripped at 192kbps vbr in aac format using dbpoweramp. couldn't ask for anything better. 5 stars.""]"
461,sandisk is a brand you can trust not saying they dont have lemon. the 64gb micro cards have proven to be the most reliable and least expensive memory card sollution.,"[""it is handy. 64gb is a good size. even though many devices claim only to support up to 32 gb card, many of them actually do support 64g card.i like sandisk, it is a brand you can always trust not saying they dont have lemon,but it's happened to everything ."", ""i've never had a problem with sandisk products. just make sure your camera or device can actually use 32gb some are limited to 16gb."", 'these micro cards are of the highest quality and you cant beat the price!!!!!!!!! ive looked at all the stores and noone beats this price', ""sandisk is the only brand i use i probably should have gotten a 64 gb as well but prices keep falling, so i can't really lose."", '64 gb additional memory for a great low price. sandisk provides exceptional quality at an affordable price. easy to install.', ""great product. can always count on sandisk. just make sure your device can support 64gb card. don't go cheap and fall for counterfeits."", 'i mean we all know saddisk, leaders in micro memory card manufacturing. usually 50 got it for 35! unbeatable. yes!', ""best microsd card. sandisk is a brand i trust for my sd and microsd card. over the years, they have proven to be the most reliable and least expensive memory card sollution. i also bought the 64gb and you just can't beat the price or the quality.""]"
462,san disk is a great product and have never had one fail in over 6 years. it works great in my i kam extreme video glasses and the data transfers easily to my desktop pc.,"['i find san disk always to be a good choice for storage options. capacity and performance are always top notch.', 'have several of these for my video devices and they work great, sandisk is a great product and have never had one fail in over 6 years. great price too.', 'i never know what to write on these types of items...sandisk is a name brand, i have never had a problem with any of their products.it works great in my i kam extreme video glasses and the data transfers easily to my desktop pc.']"
463,blackberry z10 holds all i need and it's fast and he has had no errors.,"[""what's to say? it's fast and i have had no errors from it. i mostly use it to hold music so i can use my phone as an mp3 player."", ""don't really use this for speed tests or anything but to hold music and everything it works great would recommend doesn't fail a lot and lose files"", ""works great in my blackberry z10. holds all i need and it is fast. i really wish there was more to say, but i can't think of anything. no cons.""]"
464,sandisk and q10 have a huge amount of memory for my phone. plugged this little gem into my 1520 and now have huge amounts of music movies porn whatever on her memory card in snaps - the bigger the better for her phone.,"['hold a lot of stuff for my phone! used like 6gigs for my music. and i have it set to use my card for photo and video. might do movies on it... but who watches movies on a phone....', 'this puts me at about 80 gb on my phone. i will be purchasing more of these as needed for other devices.', 'i am a music junkie and i use my phone as much as a mp3 player and video recorder, then as an actual phone, that i chew up memory quick. thanks, to sandisk and my q10 i can keep expanding my storage.', 'do your self a favor and get some memory for that fancy new phone.i have taken countless photos videos, downloaded several apps andloaded a bunch of music and still have room to spare.', 'plugged this little gem into my 1520 and now have a huge amount of memory for video, kindle downloads, and music.', 'love my memory card. the bigger the better for my phone. i put all kinds of music movies porn whatever on my memory card in a snap. thank you.']"
465,"sandisk always makes good stuff. it's great for storing photos, movies, and music - if you're looking for storage, get this one.","[""wouldn't trade it for anything. i need the extra space, so it is very helpful. and sandisk always makes good stuff"", 'i am very happy with this sandisk, if anyone is looking for a goodly amount of storage, get this one.', ""excellent product, high capacity, well made. holds many pics, movies, and music...a gift to the camera buff. i've always wanted a hi capacity item by sandisk.""]"
466,this is a great memory card that i've put into my phone for music and picture storage. it had enough room for all of my 20gig of music - it's got tons of pictures and downloads too. if you like to store data on your phone this will be good for you.,"[""this is a great memory card that i've put into my phone for music and picture storage. it works exactly as advertised."", ""i've been using this card in my smartphone for a while now. it had enough room for all of my 20gig of music. its got tons of pictures and downloads too. still plenty of room. if you like to store data on your phone this will be good for you. no hiccups so far with this product.""]"
467,"i bought this card for my epic 4g touch, great card and great price. it works well with my last two smart phones and holds all my favorite music with enough extra storage for photos. if you don't have one of these, you need to get this.","['i have a lot of music and pictures and keeping them on the card frees up storage for apps that cannot use the card. money well spent.', ""solid card, used for music on phone and apps, but has been standing in on my dslr and has functioned great for the purpose. got the card at 20, which was a bargain, and it's finally full."", 'awesome large sd card for all mobile devices, enough room for all my music and even a few movies, buy it!!!', ""i love this thing, i can store anything on my phone now. i have tons of movies and music now all stored on this sd card. if you don't have one of these and want to be able to store everything youv ever wanted to access via your phone. you need to get this."", ""lots of storage space for my phone lets me have lots of music and roms. can't live without this card."", 'bought this for my epic 4g touch, great card and great price. i store tons of pictures and music on it and still have plenty room.', ""i wanted a place to store my music on my phone. this card works great. i haven't tried the adapter yet, though.also, so much storage!"", 'this card worked well with my last two smart phones and holds all my favorite music with enough extra storage for photos.']"
468,"sandisk has proved why they have good products. the items read to it sooooo quickly, i am quite happy, it works excelent - it is more fast than others.","['great deal and much faster file movement.definitely worth the purchase and sandisk has proved why they have good products.', 'can there be anything wrong with a sandisk product? the items read to it sooooo quickly, i am quite happy,', 'it works excelent. i can see that is more fast than others. very good performance. sandisk demonstrate excelent products in this case.']"
469,"i slipped this into my smartphone. lots of space for photos, and movies on the go at a great price. nice to be able to stuff 20gb of music and movie files on my phone.","['i slipped this into my smartphone. lots of space for photos, and movies on the go at a great price.', 'nice to be able to stuff 20gb of music and movie files on my phone. and still have room to take lots of photos and video.']"
470,64gb of memory for all of your music and movies. i bought this and the galaxy s4 and couldn't be happier.comes with a'sd size attachment',"['having a 32gb mirosd is great! i use it in my phone and hardly have to upload my pics and what not. my phone works faster with all the extra space and i never have to worry about needing to delete any songs,pics,or apps.', 'good value for product. i wanted 64 gb to put all my music on my phone. easily transferred from from hard disk to microsd via usb cable.', ""what a bargain! 64gb of memory for all of your music and movies. i bought this and the galaxy s4 and couldn't be happier. this much memory in an iphone would cost an arm and leg.comes with a sd size attachment so you can easily transfer files straight from your computer.""]"
471,sandisk is my go to brand because they sell quality items and stand by them if there's a problem. they are cheap enough to buy so you get the fastest on the market.,"[""when it comes to any kind of flash storage sandisk has always been my go to brand because they sell quality items and stand by them if there's a problem. so as usual no complaints here, it works as descried and i haven't have any issues. both read and write speeds are right where the specs say they should be."", ""i have purchased two of these. they are cheap enough to buy so you get the fastest on the market. then you don't have to worry about running out of space, so fast. sandisk are very reliable as a whole.""]"
472,"sandisk has always made reliable products, and this offers good speed, as expected capacity and good price for its capacity. if he's not sure how you judge these things, then trust them for giving me the hard drive that will last for a long time.","[""i can't measure speed and don't know how you judge these things, but i do, based on experience, trust sandisk and rely on them for giving me a hard drive, which is what this is, that will last a long while and be reliable."", ""we can't beat class 10 flash memory speeds, at least for now. this unit works assuringly f a s t and reliably ... for a reasonable price, too. i have no hesitation in recommending it ... or buying the sandisk brand, again."", 'i use this in a d link web cam and it is fast read write and reliable sandisk are the best! i have tried other brands but always fall back on sandisk!', 'works well, and fast, does everything it claims to do. these sshd items are the best. you cannot hurt them, and they last forever.', 'sandisk has always made reliable products, and this offers good speed, as expected capacity, and good price for its capacity', ""i bought a sandisk ssd for my computer. it's fast for the price. i feel confident that anything i order made by sandisk will be of the same quality."", 'i know after i buy sandisk i can be confident that i have a fast and reliable product. has worked great in my netbook for a few minutes now', ""writes and transfer data very fast sandisk has always been a reliable product. sandisk is one of the top of the line and proven electronic devices on the markets. can't go wrong... i've never had a problem, not saying something can happen but so far so good. go sandisk!!!"", 'maybe the speed is not fast to beat others, but sandisk is always reliable. i have several sandisk sd tf card, and they are never damaged. the data security is always very important.', 'i use the sandisk products for long time now. they never failed me! they have an amazing speed writing and reading and also long life durability.']"
473,"sandisk makes some of the best storage media out there. i trust it, great size, and a really good value.","['sandisk makes some of the best storage media out there. also have a couple of flash drives that i love.', 'there are plenty of these on the market, but sandisk is a brand i trust, great size, and a really good value.']"
474,this worked great in my samsung galaxy. store lots of photos and is easy to load and unload. download the pictures to your computer easily.,"[""this worked great in my samsung galaxy s4 plenty of storage for photos, video, and i'm not sure what else to use it for yet."", 'i use this in my samsung galaxy s5 to store my photos, videos, and other data. stores and retrieves quickly and greatly expands the capacity of my phone.', 'put this in the samsung s5. works great. stores lots of pictures and is easy to load and unload. you can also download the pictures to your computer easily.']"
475,"the memory card can copy all of my cd library and play from samsung galaxy 4. the card is used with my iphones, but it's very expensive to get an iphone with enough memory for all my songs.","[""i've had zune music players and with this memory card i could copy all of my cd library and play from my samsung galaxy 4. i forget how many cds but at least 400 and thousands of songs. beats paying network charges and i can move them to my next phone by just moving the card"", ""i use this with my samsung note ii. previously i had iphones, but it is very expensive to get an iphone with enough memory for all my songs. for a fraction of the price with my samsung, they're all there wherever a go."", 'my galaxy s4 16 gb phone is now at 80 gb. this will give me more than enough room for my music and then some.']"
476,fristration free package is the simpliest way to get the card in your hand and good product. these cards are priced well and always perform well.,"['memory cards are almost commodity items now, but i still prefer name brands with 5 year warranties. had a problem with a sandisk a while back, and they replaced it under warranty without any hassle.', ""as new products evolve they only accept sd and microsd cards. i've had good luck with sandisk and this is no exception."", 'out of the three different brands of micro sd cards the sandisk is the only one that is still with me. the other two just quit working. i have bought several more of these cards and have had no problem except i wished i would have bought ones with more memory. excellent product.', 'sandisk makes some of the best sd and micro sd cards out there. this one is no exception', 'i usually buy sandisk cards, the quality, performance, and reliability are worth the couple extra dollars. i have had them survive the washer and dryer a few times.', 'sandisk are the definitive memory products. period! i have tried to save few bucks here and there and i have lost all the money and all the data. fristration free package is the simpliest way to get the card in your hand', ""and good product. i haven't had any issue with the san disk memory cards so i prefer to stay with them. i have several electronic devices what use the micro sd and they all work great. i would recommend this product."", ""these cards never let you down. they are priced well and always perform. i don't really like micro sd because they are so small, but all the new devices are using them so i have to adapt"", ""there really isn't much anyone can say that's bad about sd, they are the best around...sc cards are the best you can get""]"
477,"read write speeds are excellent and i haven't lost a single picture or video saved on here so far. use it with my htc one max, and had no problems using it at all. would highly recommend it.","[""nothing much to say here. works great and i haven't lost a single picture or video saved on here so far. read write speeds are excellent. i've been using this for a few months on my samsung galaxy s4 and i have no complaints."", 'using it with my htc one max, and had no problems using it at all. write speed is excellent when taking picture, and no delay is encountered at all.', 'use it with my gs4,,no data corrupt loss issues encountered. also being class 10 it holds true to speed claims.would highly recommend.', 'i use this in the s2, works great, movies, pictures, passworded storage areas, everything is working fine after 6 months! your mileage may vary, good luck.', ""works great in my samsung s4 phone. being class ten it is designed to write quickly, but somehow my phone's internal storage is faster minus one star.i have been using this for about a month with zero data loss or other problems.""]"
478,i put the 32 gb card in my galaxy s3 and it is working as well as could be. every ounce of my ripped cd's are on my phone with 32gg to spare.,"['worked with my samsung galaxy s3 perfectly. i finally have the space to take all my current digital content with me when i am on a plane.', 'got this for my galaxy s3, fits well works fine. i moved all my stuff from the phone to the card and working great!', ""i put the 32 gb card in my galaxy s3 and it is working as well as could be. i popped the sd card into the slot, went to settings storage and selected 'format'. that was it. then i set up an mp3 folder which was instantly recognized by double twist and now i have tons of storage for music, pics, and more. great card."", ""i was able to plug it in, use the format utility and it worked just fine this is on the galaxy s3 . now every ounce of my ripped cd's are on my phone with 32gb to spare. not much else to say."", 'worked like it is suppose to on my galaxy s3. with this memory card now i have over 72 gb of storage!', 'was able to copy all items from old memory card to this one. plugged it into the phone without formatting it and works like a charm. i have the galaxy s3', ""bought this for my samsung galaxy s3load it up with music and it works flawlesslyi'm very satisfied with this card"", ""this works great just like all sandisk chips i have had. it's being used in my girlfriends samsung galaxy s3."", 'great price for the size card your getting. bought this for my s3. can easily fit all my movies now.', 'plugged it into my samsung galaxy s3 and now i have enough memory to take as many pictures as i could ever want. no complaints. been using it for over a month without issue.', 'this card works perfectly. all i had to do was format it and pop it into my galaxy s3. now i use it to keep some movies and all of my music on my cell phone.']"
479,"stuck it in my s2 formatted settings, works great! already filled with music, pics and videos... get this card.","[""stuck it in my s2, formatted in settings, works great! already filled with music, pics and videos... get this card, format it right, and you'll have no problems. if your phone won't do it right, should have got a samsung! haha..."", 'file system as shipped might not be appropriate for all phones but just stick it in and format it in the phone and you are good to go.']"
480,"blackberry z10 works well for that purpose. no hiccups or speed issues. i've been using this for movies, music pictures for the past few months without issue.","['i use this to store music video pictures in my phone. works well for that purpose. no hiccups or speed issues. bueno.', 'reliably turns my blackberry into a jukebox full of music video files no buffering or stuttering to catch up', ""i use it to store my music on my android. works great. doesn't use that much battery power and doesn't slow down the phone much at all."", ""i've been using this in my blackberry z10 for movies, music pictures for the past few months without issue. quick response, no lag or compatibility issues.""]"
481,"the speed was key for me. holds all my music and video, leaving storage for apps on my phone.","['works great in the car as my music drive. holds the entire collection too. the speed was key for me.', ""super fast and lots of storage! i can fit months worth of music, app's and ebook's on it with room to go!"", 'perfect match for my otg device and moto g. solid speed in transfer and play. holds all my music and video, leaving storage for apps on my phone.', 'fast and holds all my music and larger apps.']"
482,"this ultra is very fast and the 32 gb gives me lots of storage in my phone. it allows for massive overkill on external storage.it's fast, and convenient. tons of read and write speed it an added bonus.","['quick speeds and a ton of memory.if you have an expandable slot, get this.it was nice being able to store all my photos, videos, and music on my phone finally.', 'my phone makes very high definition photos which makes a big size file. i do not transfer the files to the computer because i have plenty of space. also it works faster than ever.', ""easy to load, super fast, great for pictures and hd video on my phone. really happy with this purchase. just don't have enough stuff to fill it!"", 'a ton of storage, fast transfer speeds, not much more to say. i used this on a samsung vibrant and nexus 4', ""this san disk ultra is very fast and the 32 gb gives me lots of storage in my phone. i've got lots of room for apps, photos, music and other data, too. i'll have lots of fun filling it up."", 'awesome storage. so much space. you just have to format it to the correct format for a phone. and walla you have a ton of space.', 'massive memory boost to my captivate glide.holds all my music, files, etc and i still have 20gb free! o otransfer speeds are great!really worth the price!', ""great storage. runs fast and gives me plenty of room. probably overkill for my phone but i'm all about overkill!"", 'with so much memory used on my galaxy s4. this allows for massive overkill on external storage.its fast, and convenient.', ""tons of storage and the read and write speed it an added bonus. blows people away how quick my phone's ready to take the next pic.""]"
483,"this card is great for storing all my high graphic games on my note 2. it's great with excellent speeds formatted as fat32 with a new samsung galaxy note 2, which lets me load most larger game apps with media files off the main internal memory.","['with games being 1 2 gb now a days this card is great for storing all my high graphic games on my note 2 and with the extsd2intsd mod it all goes to my sd card, but thinks its my internal storage which is exactly what i needed.', ""works great with excellent speeds formatted as fat32 with a new samsung galaxy note 2! this memory let's me load most larger game apps with gl to sd and media files off the main internal memory. very fast!"", ""added this card to my note 2 for massive storage capacity. phone recognized the card without any issues and it's been solid since its installation. read write when plugged into a computer is blazing fast.""]"
484,the price has come down over the years and quality has improved. amazon is the best.,"['i use this in my galaxy note 3 and seems to work just fine. i love having lots of memory and the price was good.', 'best amount of space for the price and a quality product that works without defectives. using this with my galaxy 3, 4 currently note iii.', 'works great does what it says it will do. price has come down over the years and quality has improved. i use it in my note 3 and it does a great job. when i fill it up i put everything on an external hard drive and the card can be used over and over and over again.', 'great price, great function, works in my cannon camera, my note 3 and i could not be happier with this purchase', 'it works fine with my galaxy note 8.0... it is hard to review now for performance, but the price is good... i think.', 'works in the note 3 cant complain at all. the price is sweet. amazon is the best. thank you. thats all']"
485,"the replacement works as it should, and has lifetime warranty. sandisk sent me 'a replacement at no cost'","['comes with a lifetime warranty. had one fail once, sent it back to sandisk, they sent me a new one!i have been using sandisk for years. that was the only time one ever failed!!!', 'works as it should, and has lifetime warranty. in case of malfunction which i had after several months , sandisk will send a replacement at no cost.', 'first two order of this item were fails. they both failed around six months of use. however, sandisk honored their warranty and completely replaced the items. still using it, and pretty happy.', 'i have always purchased sandisk products. this works alright it went bad in 2 months and sandisk replaced it. i have not had any issues with the replacement that sandisk sent.', ""and you wouldn't believe what sandisk put me through to get a warranty replacement. however i finally got the replacement and it has been working fine ever since."", 'love it and love sandiski have had a sd fail and they replaced it. so i felt no reservations about buying this over another brand and have had no problems.']"
486,great place to store pictures and music for phones instead of using the phone memory so it will still run fast. this is blazing fast too.,"['i use this for my phone and it works just as it should and it was totally worth the money! great place to store pictures and music for phones instead of using the phone memory so it will still run fast.', 'i put this in my android to hold pictures music and all other items. it works like a charm and a lot of room still for memory. this is blazing fast too. i am happy with this.']"
487,"the card is recognized, not just the first 32 gb card, but the entirety of it is recognised. the entire card's entirety is acknowledged, if you're contemplating doing the samsung galaxy note 2.","[""i ordered this for my new samsung galaxy note ii, and it works awesome! installed it, and had no problems. i loaded all my music on it, and didn't even scratch the surface of the capacity of this card! i shouldn't ever have to worry about running outta room with this card. highly recommended for any smartphone user!"", 'i needed a bit more storage in my galaxy note ii, this has worked perfectly. i have not run into any problems, other than finding out that my phone does not allow moving applications to the card due to limitations that have been added to the newer versions of android', 'i put this baby in my galaxy note ii, formatted it, and ran an sd card app to test it. all seems to work well, maxs out my memory.', ""i purchased this memory card to expand the storage on my samsung galaxy note 2. after installation my note 2 recognized the card and i've been using it to store images and music without any issues."", ""i placed his sandisk 64gb micro sdxc card in my galaxy s5 phone. my phone 34 sees 34 the card and tells me that the card has 64gb of space available. so far, so good! i'll update this review if the card stops working!"", ""i bought this card for increased storage on my galaxy s3. i had zero issues using it this way. if you're contemplating doing the same, ignore the theoretical limits you're reading about. the 64 gb card works fine on galaxy s3and the entirety of the card is recognized, not just the first 32 gb.""]"
488,i bought this for my new samsung g5 and it was immediately recognized. it gave me plenty of space to take pictures or video clips. now my photos videos are being saved to the card.,"['works as expected. i was able to successfully upgrade my samsung galaxy s4 memory. now my photos videos are being saved to the sd card.', 'i bought this for my new samsung g5. i installed it and the card was immediately recognized. it should be big enough for lots of music and videos.', 'i installed the memory in my new galaxu s4 and it gave me plenty space. no worries anymore about lack of space to take pictures or video']"
489,sandisk is one of the top brands for removable memory. it works as expected for a scandisk - it worked right out of package if you want to save gps money.,"['sandisk never disappoints. as always sandisk products are worth every penny. nice product and quality and works great. i recommend this product to everyone.', 'works as expected. based on price and performance this may be a best of breed product. i have found the sandisk brand to be dependable.', 'i have always been pleased with the sandisk products and this one is no exception. it works as advertised. i would purchase it again.', ""i haven't used it extensively at this point, but it holds my data well...as it should. sandisk continues to be a solid brand."", ""it has worked fine, so i have no complaints. i've purchased sandisk products several times and have been happy with this brand."", ""no issues so far. sandisk is a good brand so hopefully it will last and be durable. we'll see. recommended."", 'sandisk is a good brand for me and this just worked. cant really ask much more of it than that!', ""good value for the money. performs like a sandisk and with the piece of mind it won't fail."", ""however, sandisk replaced it and didn't charge for shipping. so i guess i'll wait and see how long this one lasts."", 'top performance! have always had good luck with sandisk, so based on my past experience with the 34 name brand 34 i saw no reason to be hesitant!past experience paid off! happy with my purchase!', 'superb quality!seems to never gets full..got it sooner than expected..did my research before making my move and i was sold with sandisk', ""yes it meet me expectation. this is the best headphone i've had. the good frequency response and a lot of bass, which most phones don't have. i would recommend this product to anyone..."", 'as to be expected this sandisk works as advertised in my garmin 850 gps. i am satisfied with this product.', 'works great have used sandisk many times always a good product at a great price. it comes in a nice case to protect it when not being used.', 'works exactly as you would expect it to. sandisk always makes great products that are of high quality, highly recommended.', ""well, it's a sandisk. never had an issue with one and this one was no exception. good product. good price."", 'has anyone ever had a doa? the only chips i have ever lost were after some use, but sandisk is a good brand', 'well known brand at a great price. works as expected for a scandisk.i would tell a friend to purchase one.', 'sandisk is one of the top brands for removable memory. as expected, this worked right out of the package. i use it with my gps.', 'never had a problem with it,it does exactly what it is made to do,love sandisk product,smooth operation,high price but worth it.get it if you like to save,by waiting a day or two.enjoy']"
490,"i bought this for my galaxy s3 to expand its storage capacity. it works great!fast speed, easy snap in install. not a moment's problem. recommend this microsd to anyone planning to use with smartphone or tablet.","['i bought this for my samsung galaxy s3 to expand the memory. best money i could have spent. no issues, works as it should. fast shipping, great packaging. worth every penny.', ""i purchased this to add storage to my samsung galaxy note 3... and it works great!fast speed, easy snap in install. not a moment's problem.highly recommend this sandisk ultra 32 gb micro sd to anyone planning to use with smartphone or tablet."", 'i bought this to upgrade the 32gb microsd that was in my samsung galaxy s5. this works great!i recommend this for everyone.', 'works as expected. this product has added 32gb memory to my samsung galaxy s3. love it. it adds so much more memory to your device.', 'i have used this product with my samsung galaxy s3 and my sony xperia z1 and it performs without fail. this added much need memory for my phone to take pictures and video. i would recommend to all android phone owners.', 'i bought this for my galaxy s4 to expand its storage capacity and it has worked great. fast transfer speeds as well.', 'works great in my new s5 i love this things. now i just need to work my phone better so i can use the 32gb more. over all works great', ""i got this during amazon's sandisk sale. it works like a charm. 64gb addon to my galaxy s3. need i say more?"", 'very nice upgrade for my phone, gives it plenty of space for allot of games. and if you wondering yes this is compatible with a samsung galaxy s4.', '5 months ago i placed this in a galaxy phone and instantly increased storage by 200 percent. worked and still works perfectly, and i was able to move all my pics, videos, and e books to it. freeing up internal storage for apps. recommended.']"
491,"this memory chip replaces my previously fried out offbrand microsd. it came in undamaged, connected to my phone immediately and worked flawlessly.","['this chip replaces my previously fried out offbrand microsd. so far it has performed flawlessly. if it fails, i will update the review. i have a droid razr m smartphone.', 'i experienced absolutely no problems with this memory chip. it came in undamaged, it connected to my phone immediately and worked flawlessly. i would highly recommend this chip!', 'i got this initially for my cellphone, however i have moved it to a raspberrypi, and it has been flawless, the storage is nice and the chip is fast, no issues to date.']"
492,it fits perfectly in my phone add no weight. it has work great iun a lot. buy it!,"['it has work great.....i have used it a lot iun my smartphone to storage photos music and game roms....works perfect', 'what else can i say holds a lot of my stuff! fits perfectly in my phone add no weight. buy it!', 'got this for a good price. works great. use it in my droid razr m. i store all my music and some important files on my phone with room to spare. great buy']"
493,i have two of these and use them for my at t galaxy note 2. it's great having the flexibility to keep extra storage with you for your 'phablet',"[""i have two of these and use them for my galazy note 2. it's great having the flexibility to keep extra storage with you for your 'phablet'.so far they have done what they are intended to do."", 'this is working great in my at t galaxy note. i love having extra storage for my music videos and pictures', ""i've been used this prdoduct on the past and it has great whit my past galaxy note 2 for store almost anything on my device"", ""i use it in my note2. it does what it's supposed to do, and extends the storage capacity for this great phone!"", ""i got it to expand the memory on my galaxy note 2. love it. can hold almost a whole years worth of pictures and videos and other docs. if my phone took a larger one, i'd get that one too."", 'bought it for my galaxy note 2. add tons of storage to my phone. now i can store video and songs.', 'holds trillions of movie and music files on my galaxy note 2, therefore i love it. good price and works as advertised.what more would one desire?']"
494,"i have 118gb in my zte supreme, works really well in the phone. it restarted my phone but no problems after that, no idea why it did that - but now he can fit my entire music collection on my android 94gm sd! this item hasn't failed me","['it worked in my android phone and will hold all my music, so i like it so far and would recommend', 'love it, now i have 118gb in my zte supreme, works really well in my phone, it restarted my phone a few times when i first put it in but no problems after that, no idea why it did that, but now i can fit my entire music collection on my android which has reached 94gb of all rock and metal!!!!!!!!!!!! now i can get rid of that damn ugly ass ipod classic!!!', 'great storage for my android phone, practically unlimited space for music. easy to install, and it has been reliable so far.', ""this item hasn't failed me yet. using it in my samsung galaxy s4 cell phone. i keep music and pictures on it, both seem easily accessible."", 'this is one of the best. bought it for my phone and works awesome. all the songs are now on this sd.']"
495,"samsung galaxy has 15 gb of internal memory for a total of 32. works great on my phone, now i can listen to music for hours and hours. it works in both of my cell phones and my mp3 player cruise by sansa.","[""performs as it is supposed to. 16gb is quite a lot of storage plus my samsung galaxy has 15 gb of internal memory for a total of 32 gb. that's plenty enough to store hundreds of hours of music,"", 'this is a wonderful product. i have over 100 movies on my phone not including audio. and i still have 30gb left. this is absolutely wonderful.', 'works good on my phone, now i can listen to music for hours and hours. now all i need to do is remember to bring my charger to work.', 'loaded 2000 songs on this and still have lots of room left. it works in both of my cell phones and my mp3 player cruise by sansa .', 'i can take plenty of pictures and put all my music on my phone. works great for what i use it for.', 'got this for my cell phone motorola razr m and it works just fine. hundreds of albums and thousands of pictures and i still have 15 gb of memory left!', 'its just amazing the amount of storage you can get in the size of a pinky nail. i have this mounted to my phone filled with music, documents, pictures and all of my mobile phone records and messages from the past 3 phones. still have plenty of room left and no issues.', ""that's a lot of mp3s and photos. works 100 with no issues with my 32gb samsung galaxy s iii phone.""]"
496,sandisk has never been a disappointment in the 30+ years i've been in it computer work. trusts the name with all my electronic gear. does exactly what is needed.,"[""needed for my cell phone works perfectly. sandisk has never been a disappointment in the 30 plus years i've been in it computer work."", ""hasn't even blinked in my mp3 player, and gave me loads of room for expanding my library. i trust the sandisk name with all my electronic gear."", 'trusted sandisk for years. no issues, works great. does exactly what is needed. i use sandisk in all my camera and phone gear.']"
497,"sandisk media is a great storage device. the price is great for the amount of storage you get, and money is available if you have'smartisk' media in all of my electronic gadgets. i've never had an issue with the media and this one has been solid as well.","[""i've purchased several of these little babies over the years, and i always buy sandisk. i've never had one fail, the price is great for the amount of storage you get."", 'sandisk is consistently the best media out there. it works ever time and is always compatible with all my devices. i have never had an issue with sandisk. quote simply, they just work.', ""short and sweet i've never had an issue with sandisk media and this one has been solid as well. i have sandisk media in all of my countless electronic gadgets."", ""i've been a sandisk user for years and never developed a problem with a disk. amazing how much these little disk can hold!""]"
498,"sandisk memory cards are the only memory i use for most devices. he's never had a failure with the memory card - whether it be microsdhc, compact flash, flash drives, etc.","['the name of itself speaks out. go sandisk go!', 'i have always had good luck with sandisk products and am pleased with this memory, reliable and looks cool too.', ""and i hope i never do! because of the price point and my past experience, these are usually the memory cards i go to first. i've never been let down yet."", ""i always purchase sandisk memory cards. i've never had any issues with them. i will continue to buy sandisk products in the future."", 'the only memory i use for most devices. have never had one fail, whether it be this microsdhc, compact flash, sd, flash drives, etc. great company.', ""i've never had a problem with sandisk memory products i use their 34 ultra 34 compact flash for my other camera , and this one is cut from the cloth. a great product with no problems... i will continue to demand sandisk!"", ""never had a failure with sandisk like other mfgrs. i use this in my smartphone, comes with an sdhc adapter. when smartphone makers stop including a micro sd slot, i'll simply use this in my camera or laptop."", 'sd is always reliable and top of the line quality. i will always buy sd and none other. great buy.', 'sandisk is the best and i trust them cause the take care of the quality and the packing was great', 'never had any problems with memory from san disk. quality good products. buy again for future needs. good for a long time', 'i always buy sandisk because of their reputation, they make a great product and have never had any problems with these sd cards.', 'what else can i say? it is sandisk memory card, which i use almost exclusively because i have never had a problem with any sandisk product i have owned. consistent high quality products that work as advertised.', 'i am always perfectly satisfied with sandisk products they are extremely reliable and suit my purposes perfectly. this particular memory card is no exception.', 'i have purchased and used several sandisk memory cards and i have never experienced any issues with those cards. one of my first choices when i am in the market for a memory card', 'sandisk is always reliable, and i have always been satisfied with their products. i know what i am getting when i purchase products from them.', 'i have owned these little card for about a year now. works as intended. no signs of corruption or data loss. i usually always buy sandisk.', ""i believe in generic. i tried generic. for somethings, you need sandisk. you can trust sandisk, it always works and if it doesn't, they will make it right."", 'whats not to like? it is what it is. i always buy this brand of cards and drives. they have never failed me.', 'cant complain about anything sandisk. i buy this product anytime i need a memory card.. prices are decent and storage capacity is as well', 'san disk is alway a brand name that i know i can trust. i have never had a problem with any san disk memory card that i have purchased.', 'what else can you say about sandisk...they have the products that do the job for everyone who needs solid trust!', 'love sandisk and loved the price.', ""as always, this memory card just works. i've used sandisk products for over a dozen years and they have always worked when needed. more often, i've outgrown their capacities then worn them out.i'm happy so far."", ""it's pretty much a commodity product made in the far east, but what i store on it is pretty valuable. i feel confident in sandisk manufacturing quality control, in the end."", 'sandisk makes great products, i always try to buy their name. this is for the sony digital recorder i also bought.']"
499,"i bought this item for use with my galaxy s3 android. it provides additional space for photos and music - it's inside of the galaxy, and it greatly helps expand the 16 gig internal memory so can store music and videos better. wat else is there to say this rocks with her galaxy.","[""glad i purchased this item for use with my samsung galaxy s3, im able to record video in hd or store almost anything you'd wanna have on your cell phone or etc.."", 'i use it on my samsung galaxy s3, it works great... more space to save all my documents, pictures and more', 'works like a dream with my s3 smartphone, used for camera pics storage, videos and music really enhances the capability and flexibility of any device with the slot.', 'works well for the galaxy s3 and provides additional space for pictures and music. it was exactly what i expected it to be.', 'it works great, i use it in my s3 to take hd movies and to store all my music.. bla', ""it's inside of my galaxy s3, and has worked great. it greatly helps expand the 16 gig internal memory, so i can store music and videos better."", 'using this in my s3 and its great. movies , music and more picture taking . wat else is there to say', ""this rocks with my galaxy s3 android. i've got it loaded with movies and pictures for the slow times in my taxi.""]"
500,"if you have any suggestions, please contact us at info@sudd.com.uk.","['upgraded from the 32gb and very satisfied. works great with my phone and large library of music. def would reccomend.', 'i added this to my samsung s3 32gb phone and it works great. i can store most of my music for when i travel. i will nevery have to listen to the same thing on a signal trip.', ""bought it for my galaxy s5. dumped 32g of music on it and so far so good. it's nice to have plenty of storage."", ""i purchased this to expand the storage space of my samsung galaxy s3 and i love it! it's fast and offers lots of storage space. i use it to store several full length hd movies on my phone which i view when travelling. in addition i have tons of music on it too."", 'it works and will give me much more room for music on my samsung galaxy s4!! i will also be able to use this on future phones which is another plus!', 'this was what i needed for extra space and to store more music. this works great on my samsung s4', ""bought this to download more songs and music from spotify for my phone. totally worth having the extra space since spotify won't save songs to your phones internal storage."", 'this little guy adds a ton of extra space on my samsung gs3 for all my music and more! worth the money', 'got this for my samsung galaxy s4 and its super nice to have. the space allows me to fit so much on this phone that it can hold everything i want. had an entire season of seinfeld on there for those boring times and lots and lots of music. great buy', ""i use this to hold all 22 gigs of my music on my galaxy s3. and i still have room for several seasons of a tv show. definitely a great product.the only thing i can complain about is there is a one second gap between songs, at least using google music. i suppose that's the price you pay for this large of storage"", 'i plugged this little dude into my galaxy s4 and have been living with the luxury of being able to store and carry around all my music. very good value and i would highly suggest!']"
501,samsung galaxy i9505 lte will be funciana to perfection.,"[""it's worked great with my galaxy s4 cell phone. videos and photos taken with the phone automatically get stored to the memory card after it was installed as do may apps. no issues."", ""works perfect on samsung galaxy s4... memory is fast and didn't get any unmount problem mentioned on previous reviews... my model number is gt i9500 and version is 4.2.2"", 'memory arrived intact delivery was fast and i use it now with my galaxy i9505 lte s4, funciana to perfection and longer will be able to record all my videos']"
502,sandisk is far away the best memory card ever. most of my compact flash and d cards are a'sadisk brand',"[""i've had other sandisk memory cards, and they've always proven reliable. as always with memory, get the biggest you can afford, because you'll always need more than you think, and volume gets more economical with greater capacity."", 'sandisk is far away the best memory card ever.i used to this brand because it never fails.the future of this kind is eternal.', 'this is my favorite memory card brand. i have mani more in other devices. also very reliable for keep ng your data safe', ""sandisk makes some great memory chips for a decent price. i can' recommend no names brands because of their error frequency."", 'but then again, i expect nothing less. most of my compact flash and sd cards are sandisk brand and have been extremely reliable.', 'the sandisk memory card is awesome. i usually only buy sandisk products because they are very reliable. very good quality.', 'sandisk seems to be the most reliable for me. not only a good product, but good prices. always good memory cards. period.', ""sandisk quality shines through every time.i tried cheaper memory cards and have watched them fail over time.even my oldest sandisk flash stuff still all work years after purchasing and that's enough reason to pay more."", ""i have had a few different brands of sd card's and i keep coming back to sandisk. the price and quality is great.""]"
503,sandisk has trusted it since it came out with memory products. they work harder to keep innovating.,"[""we often to forget the complexity of technology that we use every day. that is surely the case with purchased memory. one manufacturer that has never let me down is sandisk. i've used it often not exclusively and found it to be reliable quite speedy."", 'great memory card. i have trusted sandisk since it came out with memory products. they work harder to keep innovating.']"
504,plugged it into my samsung galaxy ii and the memory appeared. both are working perfectly. data access rate is exceptional for movies.,"['simply excellent. this is the second 32 gb ultra i have purchased for my samsung galaxy ii. both are working perfectly. data access rate is exceptional for movies. system both stores and overrides data very easily.', 'plugged it into my samsung galaxy ii, and the memory appeared what more can i say other than it has performed exactly as expected.']"
505,"this works perfectly in my samsung galaxy galaxy stellar. it works as it is intended to do, fast transfer rate, no problems so far. easy install in to the phone and expansion of memory was completed with out issue.","['use this in my samsung galaxy s4. have had it for almost a year now, no problems, really expands your memory capabilities, easy enough to install.', 'this works perfectly in my samsung galaxy tab 3 new cell phone, greatly expanding memory. it installs very quickly and easily. easily', 'i put this in my verizon samsung galaxy stellar and it works perfectly. this is an easy way to add memory for pictures, music and apps, etc, to the phone', 'i bought this for my galaxy s4 to expand the memory capacity a bit more. it works as it is intended to do, fast transfer rate, no problems so far.', 'easy install in to the s4 and expansion of memory was completed with out issue. product works as it is advertised.', 'bought this for extended memory in a galaxy s iii. great price. easy to install and the phone recognized it instantly. does what its supposed to do.', 'upon receiving, i installed in my samsung galaxy s4 phone. it works great and gives me the maximum memory available for this phone model. no complaints, fast ship, fair price.', 'install on samsung phone and it works great. recommend if you need more memory on the phone and install with no problems', ""work great with my samsung galaxy s4. simple to install and redirect in settings. i don't get the memory warnings anymore."", 'the product works exactly as promised. i installed in my samsung galaxy s iii without any issues. now all of my photos, videos, and music are on it so no worries about using my main memory for those data intense items.']"
506,this card is reliable and solid!cheers! picked up a note 3 and added it for an extra 32gb.,"[""this think has worked out great.had a diff. bran 64gb card and if went south after 3 months.this one has held up pretty well since i had my s3, now on my note3. update 3 21 14i've had this for a few months and have had zero issue's since it was transferred from my s3 to my note3 and into a note2. this card is reliable and solid!cheers!"", 'picked up a note 3 and added this card for an extra 32gb. scandisk is top of the line and never gives me any issues when i use their cards. highly recommended.']"
507,card has 32 gib internal to 64 gib of storage and has not been able to re-read it.,"[""just put this memory card into my s3, formatted it from the storage menu on the s3, then downloaded the sandisk memory zone app from the google playstore on my phone. if i have issues with this memory card i'll come back here to update this review but so far so good!"", ""purchased this for my galaxy s3. went from a 32 gib internal to a total of 64 gib of storage. the card hasn't presented any problems and seems pretty speedy. i use it for storing all my nandroid backups and rom downloads.""]"
508,"access to videos and music on the card is very fast. the transfer speeds have been quite fast, and it worked just fine until now. i haven't had any problems with this memory.","['so far it is working fine with the samsung galaxy note 8.0. access to videos and music on the card is very fast.', 'so far i have not have any problems with this memory, the transfer speed is good and it works just great on my samsung note 8', ""i haven't had any problems with this card. i use it with my galaxy s3. the transfer speeds have been quite fast and i didn't have to format the card. between this card and my dropbox, i don't ever foresee me running out of space."", 'card is fast and reliable in my galaxy note 2 cell phone. copied my whole music collection to it. no problems.', 'it is good memory card, it is working fine until now. i am using it in my galaxy s3 just for storing the pictures which i take, so i do not know if it will come up with issues later on', 'love it, use it to store videos and photos on a galaxy s3. good stuff no problems yet like with my bootleg transcend card.']"
509,this card is the largest size i can use. it's 34 super fast and works great 34.,"['in my galaxy s4, super fast card, and am totally happy, not happy having to still type to fill the required words though', 'comes in an open package, no box included except for the instruction manual warranty. using this on my cell phone and works great. read write speeds are noticeably faster than my old sandisk 32gb microsd.', 'perfect card. i have it in my samsung galaxy s4 and its fast. no delay in pictures video writing, and i think i may get a second just to keep on hand.', 'this card is use in a galaxy s4 read and write speed is very good. the card comes ready to use out of the box', 'using this on my samsung galaxy s4. it works well and has good read write speeds. very pleased with this card.', 'this card is fast, works really well with my s3 and prepare to last. the app is good not the best but it gives you the option to back up your phone', 'this is definitely faster than my old 16gb card and seems to work just fine so far in my s4. have used it a lot for the last few weeks.', 'this does just what you need a card to do. we use this one in our galaxy s4 and she is a strong performer. no complaints and highly satisfied.', 'very fast card, works great in my gs4. i wanted something very fast but reliable and this is the ticket.', 'currently using this in a samsung galaxy s4,with zero issues just put it in your phone and you are good to go. apps also seem to run faster off this card than internal memory. taking photos videos at full hd definitely goes quicker than my old 32gb sandisk card. definitely recommend this product.', ""works perfect in my note 3. this card even writes almost as fast as my internal phone storage! it works much better than cheap chinese cards. i've also tried it in my go pro, and it has plenty of write speed, even enough for shooting in 4k! i highly recommend it, and will definitely be getting another soon."", 'this works great on my galaxy s4 right out of the box.and its faster then the old 32gb card i used to have.', ""i'm using the card in my new samsung s4 phone. work as it should. no problem. this is the largest size i can use."", 'this card is very fast and perfect for my samsung galaxy note. i used it for hdr photography and it works very well.', ""it's faster than my 2 year old 32gb micro sd cards, and this 64gb version works great with my samsung s4 phone. i didn't even need to format the card, it came pre formatted, fat32 i think."", ""super fast, works great on my samsung s4. had to make a few config changes on the s4 but that's not the card's problem"", 'i got this card for the samsung galaxy s4. installed and works without issue. stores tons of photos and videos with fast playback and viewing.', 'use this in my samsung galaxy s4. never have an issue. i recommend at least a 32 gigabyte card if you have a smart phone', 'i think the title says it all. this card is 34 super fast and works great 34 . so happy to have this in my phone. samsung galaxy siii', 'installed one of these in my galaxy s4, nice addition. all my hd movies and audio files stream from this card, perfect!']"
510,great product with enough capacity and it delivers performance. works great in my galaxy s4 phone and galaxy tablet.,"['great product with enough capacity and it delivers performance. i am happy with this product on my samsung galaxy s4 phone.', 'love it in my new samsung galaxy s5 phone.', 'great price and works great with my samsung galaxy s4.such a relief not having to worry about space for pix and apps.', 'works real good in my galaxy s4 phone and galaxy tablet. very good price as it can cost above 60 dollars in retail stores.', 'works great in my galaxy s4', 'i bought this for my samsung s4 acitve. it fit perfectly and i have had no problems with it. the price was really reasonable for the size of gb you get.', ""works well and is exactly as advertised. i haven't had any issues with the product. i am enjoying the extra capacity it offers in my samsung galaxy s4 phone."", 'great price for a great product works great in my new samsung galaxy 4 why anyone pays full price at the cell provider is beyond me! keep up the good work amazon love you guys!!']"
511,hd content both records and plays without a scrubbing. it's bigger on the inside!,"['i put this in my gs3 and it works fine. tons of storage and stuff still loads very quickly and transfers well.', ""this turned my samsung galaxy s3 into a tardis. it's bigger on the inside!i haven't done anything speccy to figure out the read write speeds, etc., but i know that hd content both records and plays without a hiccup, and really that's all that matters to me.""]"
512,"it has no lag in playback and document storage retrieval is quick is very good microsd, it's spacious and holds a large chunk of my music library.","[""works great in my galaxy s iii. i converted all my good music to .flac files so i have lossless playback using the android gonemad player and couldn't be happier. transfer speed it good and there are no hickup when playing back these 45m audio files."", ""i use this in my samsung galaxy s3. it's spacious and holds a large chunk of my music library, so i'm happy. haven't had any stability problems, and it seems to be reasonably fast for my purposes. no complaints."", 'perfect in every sense. i use it mainly for accessing my music and since i upgraded to this microsdhc i have found my samsung galaxy s3 has no lag in playback and document storage retrieval is quick', 'is very good micro sd , i use with my samsung galazy s 4 and work perfectly , have more space to my music']"
513,"i bought this for my samsung galaxy note 3 and love it. it houses all of my music and pictures without issue, but it doesn't seem like r w speed is a bit slow - but really can not complain. the color makes it easier to find when dropped.","['works awesome in my galaxy s3. fast as could be and so much storage for music and pictures. copys music in record time! love the price and the product.', ""works great! very fast too. i bought this for my galaxy note 3. now i can have lots of pictures and movies on my phone. for only 115, it is a pretty good deal. too bad iphone and ipads don't have this option."", ""i have this in my samsung galaxy note 3 and love it. it houses all of my music and pictures without issue. it does seem like r w speed is a bit slow, but really can't complain."", 'what more can be said, is great. it works fast and never unmounts randomly. i use it to bump music between a samsung gs3, note 3, tab 3 8 , and a tab 3 10.1 and it always works. i would suggest it to anyone for the price. another nice thing is the color makes it easier to find when dropped.', ""great price and it's fast. works well in my note 3 using usb 3.0. i have movies shows and tons of music. i'm never bored anywhere i go."", 'i put this in a sprint galaxy s3. mounted it and used it. still using it. more storage than i will ever need.', 'works on my samsung note 3, and for such a great price. fast, holds a lot of data, no need to go any where else.']"
514,"the card is still kicking, so it is a good thing. it's been about 6 months and all is good, he says - it was very reliable when it wasn't broken. i bought this card to replace the 32gb microsd in my phone that up and died on me.","['still going strong after a few months on my htc phone. did get disconnected a few times though, not sure if its due to the card or the phone. hopefully it can last', ""i bought this to replace the 32gb microsd i had in my phone that up and died on me. this one is still kicking, so i guess that's a good thing. it's been about 6 months and all is good."", ""i've had this card for about a year and i've been very careful with it and it just broke when i popped it out of sd card slot on my phone but it was very reliable card when it wasn't broken""]"
515,"no issues! replaced 16 gig in my android phone, motorolla atrix 2.","['this sd works as its supposed, i have it in my phone right now and have had it for months. no issues!', 'replaced 16 gig in my android phone, motorolla atrix 2. works great. no issues. been going strong for months now.', ""not much to say about sd cards either they work or they don't. this one appears well built and required no formatting hassles and took to my galaxy siii as well as the original or better the original samsung card fried . a month into it, and no problems."", 'zero complaints! works great. my old card just quit and it seems certain cards fail on s3 and s4 devices. this one is made to work on them. order placed and received in just over 24 hours!']"
516,the card worked and has worked so far w o any hick ups. price was very good too here on amazon.,"['after reading many reviews i decided to purchase this card for my new galaxy s3 phone. i powered off my phone ,removed the back cover and put this card in and turned my phone on and i did not need to format it or anything it was ready to go. so far so good.', 'is there any thing else that needs to be said?this was put into a samsung s3. the card worked and has worked so far w o any hick ups. price was very good too here on amazon.', 'this is a great card that works with the galaxy s3 phone. i just put the card in and it worked.']"
517,i got this card during the amazon litening deal during black friday for 17. works great in my galaxy s3 and was good to go - highly recommend this one.,"[""works great ,perfect in my gs3, popped in and ready to go.can't beat the price and quality of this card."", 'fast card, reliable performance. got this card for my galaxy s3, no compatibility issues. would buy again for in a heart beat.', 'shopped around a bit and this was by far the best deal on this card. works great in galaxy s3.', 'so i got this during the amazon litening deal during black friday for 17 ! it is the best and fastest card money can buy. it came in very easy to open packaging. i put it into my galaxy s3 and was good to go. highly recommend.']"
518,the first galaxy to use this card for transferring content to the card. it doesn't get warm when he transfer files for more than 2 minutes but it has no performance issues with it. i have my sd card encrypted and it does take a little bit longer to transfer.,"['i have used this for months on my galaxy s4 with no issues and it is plenty fast to transfer content to this card.', 'been using it for a month and everything works fine.i have my sd card encrypted and it does take a little bit longer to transfer.it does get warm when i transfer files for more than 2 minutes but i have not had any performance issues with it.overall 5 5']"
519,"the micro sd card seems to work fine with my galaxy. got the card, took it out of the package, dropped it in my gs3 re-installed and it detected it immediately.","[""i don't know about the read or write speeds, but the micro sd card seems to work fine with my galaxy s4 and i didn't have to reformat it."", 'this was a great fast card and i had no issues with it. my gs3 recognized it quickly and still works a year later.', 'well works just like any other sd card i don t see ultra fast speeds or any thing. i shoved this guy into a galaxy s4 and it works fine!', ""got the card, took it out of the package, dropped it in my samsung s4, rebooted and it detected it immediately. no need to format or anything. haven't done any speed tests, but i haven't noticed any sluggishness that would warrant them, either.""]"
520,"this product arrived in two days prime, it works great in my galaxy s3. a class 10 is not exactly needed in nhs but it cannot hurt, right?","[""this product arrived in two days prime , it was exactly what i ordered and it works great in my galaxy s3. i know a class 10 is not exactly needed in a cell phone but it cannot hurt, right? i'm very happy with this purchase."", 'bought this for my new samsung galaxy s4. it worked right away with no troubles. only time will tell.', 'bought it for my s4 it works like a charm. no setup needed, my s4 reads it automatically. great price.', 'bought it fit in my new galaxy s5. nothing more to write. its a great product and price was good and it works.', 'bought this for my new samsung galaxy s4. works great, no problems with transfer speed. no failures with it so far, so i would suggest this to anyone.', 'superb! no complains what so ever. i bought this for my galaxy s4.pros. speed!!! comes with the adapter lifetime warrantycons. none.', ""got it for my samsung s5. super tiny so don't drop it or let your pet eat it.great price, works, shipped safely.""]"
521,"the product was delivered in 3 days and has had no problems with it so far. access speeds are quick enough for my phone note 3, have had nothing issues thus far!","[""the product met my expectations i expected it would go in my s3. that's about all there is to say."", 'i ordered this for use in my sgh i337, it was delivered in 3 days and i have had no problems with it so far. i would have to say this was a great buy for the price and i would suggest it for use in any high end smartphone.', ""my galaxy s3 and me couldn't be happier good price arrived quickly and what can i say it does what its supposed to do!"", 'great price delivered to my front door what more could you ask for. access speeds are quick enough for my phone note 3 , have had no issues thus far.', 'sooo quick. great deal on a great product. no problems with unmounting on my samsung galaxy s3. would definitely buy again.']"
522,"i bought this for the expandable memory in my galaxy note 2. it is plug and play, no format required, at least with jellybean.","['i bought this for the expandable memory in my galaxy note 2, and it works perfectly without any issues. it is plug and play, no format required, at least with jellybean.', 'works fine in a samsung galaxy note 2 no need to format although i did recognized as soon as it was popped in 59.47gb usable.arrived really fast and nicely packaged. i would order again.']"
523,"excellent product, very fast and lots of space. reads at 30 writes at 8 10. perfect peripheral for my wife's samsung gs3 phone.","['excellent product, very fast and lots of space.. i am using at samsung galaxy s3, there are no issues, ..recommended..', 'does what it is supposed to when it is supposed to. reads at 30 writes at 8 10. perfect peripheral for my gs3.', ""i brought this for my wife's samsung galaxy s3 phone and it's work perfectly with it. it has a fast read and write speed.""]"
524,"using this in my galaxy note 2 works great for movies, music and apps. bought this for my samsung galaxy Note 2 and worked very good - had no problem formatting and mounting a copy of lost music on it and so far no issues.","['using this in my galaxy note 2, works great for movies, music and apps, with no issues what so ever.', 'bought this for my samsung galaxy note 2. has not blipped once. movies, music, etc. do not hesitate to buy this.', 'i bought this for my galaxy note ii and worked very good. had no problem formatting and mounting. have copied lost of music on it and so far no issues.']"
525,samsung galaxy note 2 works great with my note 2. i can even do super slow motion video and have never had a dropped frame.,"[""works great with my note 2. had no problems installing it and i didn't have to format or anything. i put it in, turned the phone back on and everything transferred over quickly.thanks!"", 'works great with my samsung galaxy note 2. just stuck it in and it worked. no formatting needed. very fast which and no loss of camera speed', 'everything works great on my note 2. i can even do super slow motion video and have never had a dropped frame.']"
526,price was very good for the price. it seems to be working with a flaw did not do any tests but it works great in the galaxy note 2.,"['it installed and is working without any problems in my samsung note 2. price was very good for the price.', 'i have this baby in my samsung note2 and there is not much to say except it seems to be working without a flaw', 'did not do any tests but it works great in my galaxy note 2. so far nothing wrong to report. recommended.']"
527,i've never had a problem with my samsung galaxy note 3. plugged in my note and the phone recognized it without any issues - everything worked perfectly!,"[""works great with my samsung galaxy note ii. install it and forget about it. i've never had a problem with it."", ""works great with the galaxy note 3 i didn't have to do anything but just pop it in the phone and the phone did the rest."", 'put it in my note 3 and it works. no hassles. phone recognized it and started using it immediately. what else is there to say?', ""i just plugged into my samsung note ii and the phone recognized it without any issues. everything worked perfectly. i didn't have to format or mess with it in anyway.""]"
528,no problems using this in my samsung galaxy. fit right in and started working out of the box. was instantly detected and ready to go.,"['no problems at all using this in my samsung galaxy s iii. fit right in and started working. i would suggest this to anyone', 'using it on my galaxy s3, and it just worked out of the box.no problems whatsoever, was instantly detected and ready to go.']"
529,samsung galaxy note 3 is not compatible with the galaxy notes. the note was recognized without error and seems to work fine if it's not heat-proof / heat proof. it does come with an adapter for a d reader - it isn't compatible to the notes.,"[""works on my samsung galaxy note 3, but i don't really stress these kinds of things. i have had no problems. have not checked it for heat or any such thing."", 'i am using this with my samsung galaxy s3.it worked fine without any issues.it does come with an adapter for sd readers.', 'works well in my samsung s5 no issue', 'purchased this for my galaxy note 3 and no problems. it was recognized without error and seems to work fine.']"
530,"git this for my daughters samsung galaxy. it has been working great in her phone, fast with no problems i am using it in my galaxy 3 cell phone and it works great. good value and quality.","['i bought this about 5 months ago, give or take. i needed if for my galaxy s3. it works perfect.', 'git this for my daughters samsung galaxy s3. it has been working great in her phone, fast with no problems', 'i am using this in my samsung galaxy smart phone and i did not find any issue. easy to access', 'i use it in my samsung galaxy 3 cell phone and it works great. good value and quality. i highly recommend it.', ""i have this in my galaxy s 3 and it works great, i've had no problems with it. highly recommend."", 'bought this for my samsung galaxy s3 and it works perfectly. price was better than anything i could find in the stores locally.', 'bought this for use in my samsung galaxy s3 phone. works great! no formatting, no muss, just works like it should.', 'this worked right out of the box for my samsung galaxy s3. fast speeds, class 10. half the price as a comparable product at a big box store. i may buy a second one later.', ""got this for my galaxy s3 android phone. as with most all san disk products, it is high quality and i don't expect any problems."", 'got it for my samsung galaxy 3 comes with a free app dont need to buy a card for it tho just search sandick on play store']"
531,the product works very well in my samsung galaxy sii phone. it's super fast and has no problems installing in the galaxy '3',"['works very well in my smartphone. great speed. highly recommended. i use it successfully in my samsung galaxy sii phone.', ""using this in my samsung galaxy s3 and i haven't had any issues with it, and it is super fast."", 'very fast as advertised and had no problem installing in my samsung galaxy s3.would highly recommend this product to anyone with a galaxy s3 s2', ""perfect for using in my galaxy s3. seems to read and write quickly, and it's never given me any trouble. shipping was fast. very happy with this product.""]"
