cluster_id,summary,original_reviews
-1,sandisk ultra 64 gb microsdxc class 10 uhs 1 memory card with adapter. it works perfectly and is fast enough to rely on your information on anything i'd need it for on my phone. can't go cheap and fall for counterfeits.,"['great sandisk micro sd card. havent had anyproblems with this one. its fast and it loads good. i approve this', ""this is a great memory card that i've put into my phone for music and picture storage. it works exactly as advertised."", ""this went into my new samsung galaxy light cell phone to store my music files and my cell phone photos. zero problems. these sd cards just work until the don't . sandisk is a top brand and i have no trouble recommending this. look through the many dozens of other recommendations, too. class 10 uhs 1 is one of the fastest protocols available currently."", ""works perfectly!!! couldn't ask for a better card and price was good too. got two one for each smart phone and my wife loves hers too finaly got lots of free space.sandisk ultra 64 gb microsdxc class 10 uhs 1 memory card with adapter..."", ""i'm always happy with a sandisk purchase. i am currently using this microsdxc in my cellphone samsung g4, which is more than enough for pictures, videos, and document downloads. very fast read and write."", 'the memory sandisk ultra 64gb micro sdxc class 10 uhs it has been working really good and it is fast at loading my content i would really recommend this product to anyone that needs a memory card for their phones, tablets and more.', 'i love this memory card, i use it with my galaxy s 2 smartphone and couldnt be happier, its very fast, when i take photos the phone doesnt stutter like it did with my old memory card, a definive must buy if your a power user and can afford it.', 'works great, my phone detected and let me format it to fat32 with no additional tools. once formatted its 59gb you lose some in the conversion metric from gib to gb. bought it for my motorola droid x first generation phone, i wanted to use it as a media player and it works wonderfully and has lots of storage for my movies, music, games and books. its a class 10 card so its also very fast, certainly faster than the stock card.', ""i really don't know that the complaints other posted were all about, but i have bought 3 of these sandisk micro sd card already. for my phone, my wife and my daughter's phone. store lots of movies, pictures. videos....etc. all works just fine, no issues at all."", 'i am only giving this product 3 stars becuse i purchased this one as a replacement for a sandisk micro sd card that kept having problems with. i finally got tired of losing my data and ponied up the 20 odd dollars to just replace the darn thing.', 'this card is fast enough to meet my needs on a galaxy note 3. plenty of memory for my pictures and files. no problems', ""this is an ultra fast sandisk branded sd card that's great for digital cameras, especially for video. i got it for my smartphone, mainly for the 32 gb capacity, and it fills the bill at a very low price with prime shipping. you can't get better quality flash cards than sandisk. i'm still amazed that they can cram such a huge amount of memory on such a tiny chip. one megabyte of data in text from printed out would fill a pickup truck. this chip has 32 thousand megabytes. think about having 32,000 pickup trucks full of text in a chip smaller than your pinky fingernail!"", 'love it. it works great and is fairly cheap compared to other 64gb sd cards without sacrificing quality. sandisk has always made great products.', ""i got this to allow me to store and move movies and photos. it holds a lot and playing videos straight from the card works fine. so, it does what i needed it to do. you generally can't go wrong with genuine sandisk products."", ""so i'm not going to pretend to be an expert on sd cards, but i still like this one. it is relatively inexpensive, works wonderfully for the movies i want to store and watch on my samsung galaxy tab 7 2.0, and i haven't had a single problem with storage yet."", ""i put this in my galaxy note ii and put a bunch of music and pdfs on it. i also used it to save videos and photos. it worked well for about 2 months then, on christmas day today , it said that there was an error reading the card and the card was now blank. my phone no longer recognizes the card and even putting it into its adapter and sticking it in the sdhc reader of my laptop doesn't work.if this is sandisk quality, then i am not impressed. i am going to have to deal with their warranty replacement but i'd rather have a refund than get another card that might fail after 2 months..."", ""first of all i am not rating this product as a 5 star like it the greatest item ever, i am rating this product as follows, would it have been the same product if i bought this at the retail store, was it worth the money saved to buy it online, and am i happy with the product i got in the mail. if all those are a yes for me then i will give it 5 stars. i am not just rating it 5 stars cause its the best product of its class, that is for each person to decide. i will also be updating the reviews as i see fit if i decover something in the future. thank you for taking the time to read my review.i have has a sandisk sd card for 2 years with my phone and it has lasted through the tough times and high heat. i bought this to add movies to my daugther's galaxy note 2 10.1 tablet, no changes are needed to format it just plug and play. buy this product with any of the new samsung tablets or note 2 and it will just work"", ""love it makes my tablet work so much faster,because it take up alot of memory that would be on the internal storage,,free's alot of space, i've got a bunch of music and movies downloaded on this micro card and only using about 1 4 of it memory. thanks i would recommend this,to anyone whole loves music and movies on the go!"", 'cant complain about anything sandisk. i buy this product anytime i need a memory card.. prices are decent and storage capacity is as well', ""this little microsdhc memory card from sandisk is equal to their reputation. it is fast enough and large enough to store and stream full length movies that we've ripped from our own dvd collection. this is a perfect addition to our new smartphones. we bought three of these for our recently purchased smartphones.highly recommended by me."", ""i bought this to expand storage in my samsung galaxy reverb. i was getting 8 10 mb s transfer speed while transferring mp3s on my commodity sd card reader kodak brand, 10 15 at any supermarket electronics section . it is worth noting that uhs 1 cards basically revert to class 10 if your hardware isn't uhs 1 compatible.i've been using the card for a month or so and have never had trouble with it no read errors, no mount errors, no bad sectors.i got mine on a black friday sale, so the value was great. do some price shopping if the price is good, you can't go wrong with this if you want a big micro sd card. as usual, sandisk is a good way to go."", ""this microsdhc card makes its job pretty well. it is fast enough to rely your data on any mobile device. haven't had any complaints so far."", 'love it, use it to store videos and photos on a galaxy s3. good stuff no problems yet like with my bootleg transcend card.', 'i have always had good luck with sandisk memory cards. this one is no exception. fast works great in my galaxy s4 and never a problem with any i have purchased.', ""great capacity. i purchased this when i first purchased my phone samsung galaxy s3 and have had no issues with it. great write speed. excellent way to store all your music, videos and photos. great to take videos with as well. more than enough capacity for anything i'd need it for on my phone. can't go wrong with the sandisk name either. an industry leader and well known for quality. of course you always want to backup any and all of your data for continuity purposes, but i've never had any issues with this card."", ""great product. can always count on sandisk. just make sure your device can support 64gb card. don't go cheap and fall for counterfeits."", ""i like the storage capacity of this little gadget. purchased for use in my smartphone. sandisk has shown itself to be a truly reliable and quality storage device company and should do well in years to come. this 32 gb micro memory card comes with an adapter so that you can use it for other purposes. they tend to be a bit on the pricey side, but you can't beat amazon for pricing. go ahead, get one or two of these, they are a worthwhile investment, and you won't be disappointed."", 'this little sd card is pretty amazing. it is really fast and there was no issues when installing it. it even came with an adapter so you can use it as a regular sd card.', 'currently using this in a samsung galaxy s4,with zero issues just put it in your phone and you are good to go. apps also seem to run faster off this card than internal memory. taking photos videos at full hd definitely goes quicker than my old 32gb sandisk card. definitely recommend this product.', 'got this for my phone and it works great so far. transferred music and pictures super fast from my computer to the card. needed more memory and this is perfect.']"
0,"the card works great in my nook hd, no problems installing or using it. it arrived on time, well packaged, and has been chugging right along for two months now. i would definately recommend it to any lover of space consuming files.","[""i use it to extend nook's memory. not much to say. it works well enough so i can forget it exists."", ""i don't know, but it's a bunch. this card works great in my nook hd, no problems installing or using it."", 'happily nestled in the memory slot of my nook tablet and performing as promised. now, if only the nook memory slot were easier to access.... all well. the card arrived on time, well packaged, and has been chugging right along for two months now. i would definately recommend it to any lover of video, music, or other space consuming files.', ""it's a fast card, reliable, and it offers tons more space for my nook hd. solid buy that you won't regret."", 'bought this for my nook hd and it works perfectly without any problems. i already used about 80 capacity with hd movies, and my nook hd plays them flawlessly. very happy with the product.']"
1,this micro sdhc card works great to run cm10 with the nook thanks to its speed. it added a much need memory boost to 'a already great product',"['i just recently received a new nook hd tablet as a gift and wanted to increase the storage capacity as well as convert it to an android base system with the n2a software! this card was compatible and has really increased the flexibility of my new nook without having to root the system and void my warranty. i can use my new nook either way. plus the card was at a reasonable price and really the latest in technology!', ""so far so good. no problems using this with a nook hd even though it's class 10. this includes playing downloaded videos."", 'this memory card works in both my nook and my canon camera. i chose this disk because it will hold lots of pictures. it was shipped earlier than expected.', 'i bought this to create a bootable sd card so that my nook hd could run pure android instead of the native nook os. it works beautifully.', ""we needed an option to increase the storage available in my wife's nook tablet and this serve the purpose perfectly. just inserted it into the micro sd slot and seconds later it was recognized."", ""i bought this to change my nook to android and boot off it. it's fast and reliable for daily use."", ""i inserted this little gem in to my new nook hd and let me tell you....wow. she loves it so much and she won't give it back! instead of buying larger capacity tablets....just buy the smallest amount of gigs and buy one of these little dudes."", ""i used this to turn my nook color into an android. it was incredibly easy to install and works great. i haven't had any problems with it. the read and write speeds are phenomenal, given that i am running an entire operating system off just this card. the price was great too!"", 'super low price for expanding the storage for your bn hd nook. buy the 16gb version save money, then spend a few bucks on this microsd card double your storage. use the adapter to easily pop into your laptop or pc and easily transfer files when you are on the go. better yet, buy two.', 'i bought this card specifically to run cyanogenmod 10 to my old nook nook color to breathe some life back into the device that i never use anymore. this card works great to run cm10 with the nook thanks to its speed. a quick overclock of the processor via cm10 and the tablet is dare i say 34 peppy 34 . i highly recommend this card for any application where speed is crucial.', ""i don't know what else that i can add to other 5 star reviews except to say that this installed flawlessly in my nook hd ."", 'i bought this micro sdhc card for my nook hd device because i was going to install n2a and it worked perfectly.', 'bought this memory card to work with mybarnes noble nook color ebook reader wifi only it added a much need memory boost to a already great product. i am now able to transfer many more .pdf , .epub, and other files to my nook. good job whoever made these things.', ""bought this for a surveillance camera, but ended up using in my nook hd ....works fine! i've bought a few of these over time through amazon, have never had a problem with them."", 'i ordered this to replace an aging class 4 card being used with n2a nook 2 android kitkat 4.4. this card turned that into a usable android tablet! n2a with the class 4 card was brutally slow but now the tablet is very useful. definitely worth the upgrade.']"
2,fast reading and data transferring. reliable product indeed. no problems so far. i love it! taking pictures like crazy without any worries.,"[""really fast processing speeds and saves crystal clear footage. haven't had any problems with it and don't expect to have any."", 'this product has excellent quality! no problems so far. fast reading and data transferring. i love it! taking pictures like crazy without any worries. reliable product indeed.', 'i have used this brand for a while, and no complaints... writing hd video to them quite often no issues.']"
3,"the best memory i have found for consistency and high speed. the memory is super fast, wonderful and cantiad of gigas is very good, perfect package and speed of recording.","['this memory to buy a video camera and a cell the probe with camera and battery first just the memory capacity', 'the best quality there is in memories is super fast, wonderful and cantiad of gigas is very good, the best brand and speed', 'nice product, perfect package and speed of recording. my camera will stay better with this memory. i recommend for all.', 'best memory i have found for consistency and high speed. ideal for any modern application, especially high definition video recording.']"
4,"works flawlessly, never had any problems with it. i've copied and transported a large amount of data and it works - and no errors!","[""works flawlessly, never had any problems with it and i've moved data on and off of it constantly."", 'i have copied and transported a large amount of data and it work, and no errors. i will purchase more of these.']"
5,"class 10, highest class so far! class 10. class 5 - class 0!","['dont even bother to try will not show up in finder and will not show up if placed on any reader', 'does what it suppose to do....works great works well. good price. would buy another. good storage for any digital file.', 'it worked well that one time i put some files on it. it was easily read by my computer and phone. then i lost it because it was so tiny. oh well!', 'no problems works well does what it is supposed to do, store files. pretty quick read and write speed as well', ""it works like it's supposed to. no lost files yet and it's big storage for it's microness. class 10, highest class so far!"", ""had to return it because it only formats into certain formats and i needed ntfs which it would not do at the time.i did purchase this again in oct 2013 and found it work as needed. so far it's working great.""]"
6,"the nifty drive is a small adapter made from machined aluminum that fits seamlessly into your mac's ssd slot. it runs way faster than the mac internal, and is like 30 more than this in my old adapters and new oscar 128gb minidrive air which is just like the original i bought","['purchased this along with the nifty minidrive for use as my time machine backup my macbook air 13 34 . perfect expansion!', ""it's good, i liked it, works perfectly with my minidrive, but it's kind of slow, sometimes it doesn't reach the promised 10mb s."", ""when the wife's macbook air ssd got full, i dropped in one of these with a near flush mount sd adaptor also via amazon and set it up as a second drive for her itunes collection. now she's got plenty of room for pics of the kid."", 'i use this with a nifty minidrive, ... to extend the built in ssd in my macbook pro. i highly recommend it for anyone needing a speedy flash card.', ""i use this in tandem with a niftydrive on my macbook pro. for those of you who don't know, the nifty drive is a small adapter made from machined aluminum that fits seamlessly into your mac's ssd slot. with a 128 gb micro ssd you can add hard drive space very inexpensively. i put my entire dropbox folder over 100 gbs on this thing, and it is every bit as fast as the mac's internal ssd. in fact, i think it might be faster."", 'this makes a great supplement to not having the latest greatest ssd. i keep some personal documents on my work laptop on the micro sd card to save space on the primary ssd.', 'i was really excited when this came out i have a mac air and a lot of music and film on it so the ability to stick this in my minidrive was great, it was that or buy a 128gb minidrive air which is like 30 more that this and i already had a minidrive. problem is its not very fast, not fast enough, my girlfriend has a new 128gb minidrive and it runs way faster than this in my old adapter and new sandisk 128. its great though 128gb in this little chip glad its out cause now its just a matter of time before they make it better.thanks', ""i bought a sandisk ssd for my computer. it's fast for the price. i feel confident that anything i order made by sandisk will be of the same quality."", 'i love this. i am using it to add additional storage space to my mb air together with the minidrive. i may not have comparable speed to an actual ssd but for audio files and photos it is good.', 'i bought this to go along with a nifty minidrive pro, and have not been disappointed. it really holds the full 128, and the data transfer speeds are great. i used it to keep all of the media from my itunes library, and have not had any issues with playback or lag. i really recommend this if you want to add a quick 128 to your mbp.']"
7,"es una reconocida marca y la calidad de sus productos tambi n lo son. la vitesse for high definition camar s is highly recommended - the speed for c mares de alta definici, ahora tengo 48 gb de memoria para alam","['es una reconocida marca y la calidad de sus productos tambi n lo son. la velocidad para c mares de alta definici n es muy recomendada.it is a recognized brand and quality of their products are too. the speed for high definition camar s is highly recommended.', 'comore esta memorka para completar mi nueva samsunb galaxy tab y funciono muy bien...ahora tengo 48 gb de memoria para alamcenar info.', 'es un producto que recomiendo ampliamente solo se instala en el telefono este lo formatea y listo esta en fincion para ser utilizado al 100', 'es una tarjeta micro guarda todas la caracter sticas descritas en la publicaci n llego en tiempo r cord, hasta el momento no he tenido ning n inconveniente', 'la uso sul mio samsung galaxy tab 2 7 e va benissimo, raramente non la riconosce, ma basta estrarla rimetterla e tutto va a posto, se fosse spesso sarebbe un problema, ma ripeto succede raramente perci consigliata!!!', 'muy bueno, realmente es rapido como dice, mi galaxy s2 arranca mucho mas rapido que con la msd que ten a anteriormente que era clase 4', 'este fue una buena compras ha sido todo lo que esperaba del producto. fue un bueno producto. llego en el momento indicado.']"
8,"sandisk is a music junkie and listens to podcasts, music, and instructional mp3s. he says it remembers everything it 8217's told' no sign of alzheimer 8117 to date - i have not seen it stare into space or talk about when it was filmed","[""how do i praise extra memory? it fills my mp3 player with every song my heart desires, the sound quality is perfect. the ease of use is superb. it's great."", ""boost the mp3 player size thanks, more more if you have the music or video's can not go wrong with more memory"", ""this is the cat's meow. and the best song from stage play 34 cats 34 was 34 memories 34 . if you keep forgetting things, get more memory. just remember to format it in your device before use. i think i forgot to format my brain before use."", ""i'm so happy that upgradable memory exists. i get to listen to a plethora of podcasts, music, and instructional mp3s. thank you sandisk!"", 'i am a music junkie and i use my phone as much as a mp3 player and video recorder, then as an actual phone, that i chew up memory quick. thanks, to sandisk and my q10 i can keep expanding my storage.', 'what can you say? so far it remembers everything it 8217 s told. no sign of alzheimer 8217 s to date. so far i have not seen it stare into space or talk about when it was a child or complain about how different the music is from when it first started storing music or say how much data has changed from back in the day 8230 8230 . nope, still young and pretty fast, no arthritis in the bits or bytes,', ""i'm listening to music stored thereon, i read books, plays, etc. from the gutenberg project that are stored there. i download podcasts from itunes and transfer it to my tablet. it is wonderful. i always expect great things from sandisk. would replace it if it stopped working.""]"
9,"scandisk never gives me any issues when i use their cards. great microsdhc card, use it on my phone for extra storage.","['picked up a note 3 and added this card for an extra 32gb. scandisk is top of the line and never gives me any issues when i use their cards. highly recommended.', ""great card for note 2 and galaxy 3...you can't do this on iphone..lolyou need more storage get this...but i don't really like scandisk..don't trust them..i read they have a lot problems with there cards."", 'great microsdhc card, use it on my phone for extra storage. i have used this brand in the past and it works great. never a problem with scandisk.', 'works as i expected with scandisk. installed and formatted in my samsung galaxy note 3 with no issues. once in the phone, the real amount of usable space is only 59gb just for reference.']"
10,scan disk 64 gig was a good deal and the shipping was quick. the scan dic. would no por matt well known brand at an excellent price. works as expected for the scannerdisk.,"['great price and just what i needed i would recomend this product i think all scan disk products are good', 'was not expecting a micro 30 mb within a standard scandisk. not much to write. performs as it should without any hassle.', 'good scan disk but the wrong one for my camera i needed a class 6 this class 10 locks up for no reason and even will lock up my computer when it does..', 'scan disk 64 gig for under 40 there was nothing to decide. i spent the money and was glad i did.', 'a scan disc is a standard thing however the price for this 32gb was a good deal and the shipping was quick. this was a good buy would definitely recommend !', 'rec and was happy. good price, but we get want we pay for. the scan dic. would no por matt', 'well known brand at a great price. works as expected for a scandisk.i would tell a friend to purchase one.']"
11,"san disk is an add-on memory card for an android tablet. it's easy to use, and never has any problems to date, says mike mccartney - he'll be able to write to himself if it doesn't have 'a disk'","['san disk is hard to beat. you will pay more for the brand but you get a quality product. would purchase again.', 'i always buy san disk as i had issues with other brands and it always works in every application i used it, phone, camera, tablet, etc.', 'san disk has always been a good brand for me. it worked very well for my samsung galaxy phones and tablets.', ""it's a fast, affordable cheap microsd card. what more could i say? san disk too, so it's definitely a good brand to buy."", 'san disk makes good cards however i thing the price is somewhat high.so i got the 32gb for half the price so i will have to download my pictures twice a month instead of once a month', 'purchased this as an add on memory for a new android tablet. san disk has a good reputation and i have never had one fail. purchased the ultra for the speed and was purchased at a good price. i would recommend this item to anyone who needs sd micro memory.', 'nice product very helpfully . we believe in this products san disk if we need more we do not hesitate to buy another one.', 'bought this for my new smartphone. installed easily and works as required. in many years i have had no problems with any san disk product that i have used.', ""and good product. i haven't had any issue with the san disk memory cards so i prefer to stay with them. i have several electronic devices what use the micro sd and they all work great. i would recommend this product."", 'san disk is alway a brand name that i know i can trust. i have never had a problem with any san disk memory card that i have purchased.', 'my last san disc micro card stopped working randomly, and got this one to replace it...it is perfect. its way faster than the last one. good price too.', ""i have never had a san disk failure in 5 different camera's i use from gopro's to a canon 60d. that are great memory cards."", 'there are lots of sd memory cards on the market today, that are cheaper. i have always used san disk, they never fail. fast reliable good solid performance for your digital camera. you cannot go wrong with san disk.', 'great product. i use san disk ultra 64 gb on all of my tablets, i would highly recommend these to all of my friends', 'what can one say about san disk other than it works and keeps working. works well with or without adaptor.', ""i prefer the san disk brand over other types. this is a great size for phones camera's. i would buy again."", ""got this for my galaxy s3 android phone. as with most all san disk products, it is high quality and i don't expect any problems."", ""you can't possibly go wrong with a san disc product! although i purchased this for my son, i have used san disc in the past and have never been disappointed!"", 'never had any problems with memory from san disk. quality good products. buy again for future needs. good for a long time', 'large capacity, fast and functional. san disk continues to provide the quality the public has come to expect. i have never owned or had any problems with their storage line.', 'i trust the san disk name and have no issues. for a phone, class 10 is a must. good price for this product.', ""i feel that san disk seems to make the best memory cards. i can't validate technically but this seems to be fast acess and seems to be problem free. i have confidence that 34 must have picture 34 will be captured properly."", 'work perfect in my gopro camera. i have always found san disk are the best. i would definitely buy again.', 'i find san disk always to be a good choice for storage options. capacity and performance are always top notch.', 'not sure what you can say about a storage disk. it arrived on time, works as advertised. i had no trouble installing it in my new yoga 10 tablet.', ""a well made replacement part for use with my system. reads and writes quickly to my camera. the down side i do not like the size of this card. very tiny and often difficult to remove from my canon camera. not a reflection on the san disk card quality but the industry move into micro miniture cards. i won't buy another camera using micro sd cards."", 'what can you say about a disk. it is doing the work that it was made to do. i am happy with it.', 'i owned one of these for a year before it lost its ability to write to itself. this was very disappointing, but not a deal breaker for me because san disk products are usually built to last. i believe i just received a bad one from the batch that mine came from.', ""this is a great disk and i have never had any problems with the product. what can you say positive or negative about a product that does it's intended purpose of storing memory. well made, simple to use, and never a problem to date!"", ""i've been a sandisk user for years and never developed a problem with a disk. amazing how much these little disk can hold!""]"
12,the sdcard has yet to do it. bought this as a replacement for another 64gb micro card i had for about two years before it died on me last week - no issues with this 'as of yet',"[""it's been a month now with this sdcard in my phone. i transfer an average of 3gb of data to and from the device per week. the sdcard is holding just fine. where most tend to crap out or cause problems, this has yet to do it."", 'i started useing it the minute i got it, transferred 30g from my old sd card to the new 64g micro card with no problem. arrived on time and packaged well.', 'bought this as a replacement for another 64gb micro sd card i had for about two years before it died on me a few days ago. no issues with this as of yet. loaded up just fine read and write speeds seem fine as i was able to transfer over 27gbs of data in a few minutes. using it in a note 3 with no issues.', ""replaced another brand class 10 32 gb micro sd card for my phone. i didn't know how bad i had it before i put this in and started transferring files. it was so much faster than my previous one. i am pleased.no issues with delivery or description."", ""i've heard bad things about this 64gb micro sd card crapping out after a few weeks but sk far so good. transfer speeds are normal but i like to be space. for the price it was a steal!would recommend.""]"
13,"the write speed is a little faster. this card is perfect for your tablet, smart phone, or any other device that allows for expandable memory.","[""although it may be overkill for the application, considering its capacity, this appears to work very well for firmware memory for the raspberry pi, and at the price i bought it for on last year's cyber monday, i wish i could buy a few more of them for the same price. i haven't tried it with the rpi overclocked, but it's worked without a glitch at the normal rpi clock rate. i've also used the 32gb version of this in my music player, and it has worked well also."", 'the internal memory on my asus tablet is kinda slow. i installed this bad boy into my tablet and install the os onto it. now the tablet runs nice and fast!', 'i bought this card as high speed external memory for my asus me302c tablet to play movies, music, etc. the card meets all of my expectations, and was pleasantly surprised to discover that it had absolutely no crapware preloaded. no compatibility issues whatsoever.', 'i use this card in my tablet, no problems, very fast. excellent product and very highly recommendit was just what i needed for my tablet. just the right amount of memory and the right price', 'with the onboard memory, plus this expansion card, my android tablet has more memory than my ipad. can i tell if the fast memory is really fast? no, not really. it seems to be compatible with my samsung galaxy note 10.1, no error messages, so i guess life is good.', 'i purchased this to increase the memory of my samsung galaxy 10.1 tablet. just placed it into the slot, was instantly recognized and thus saving my internal memory and increasing the memory of my device. price was the best, i went to several sites and price closest was 98. shipped through my prime and got it in 2 days. i have seen no issues with this card and am very happy with the purchase.', ""i was pleasantly surprised that my card arrived ahead of schedule. that's always a plus in my book. the works without a hitch. i was able to copy the files from my 16gb card to this one relatively quickly and very easily. my samsung galaxy tab 2 7.0 read the card perfectly. i have no complaints about the card although i expected the write speed to be a little faster. after all is said and done i would definitely recommend this card for your tablet, smart phone, or any other device that allows for expandable memory.""]"
14,i bought another awesome product. it's cheap and have a lot of memory. good value.,"['very good product. i got tired of taking pictures and the memory is not over. so good that i bought another', ""awesome product. it was worth if of buying. it's cheap and have a lot of memory, not to mention the fast processing."", 'good value. it has great speed and memory for the purpose it serves. i wish my memory was this good.', 'really good deal, definitely a good way to save money buying an item with less memory and buying one of these is a lot cheaper', 'a truly great value, not nearly as expensive as i thought it would be. lots of memory and good speed as well.']"
15,"the oldest one is over a year old, and he bought his third one. the camera frequently will report if the card has to be reformatted. i bought my logitech alert 750e outdoor master security camera's.","['bought a digital recorder with a memory card slot. this card worked perfectly. no problems and my files have a newhome. definitely worth the price and met expectations for data storage.', ""i have three of these cards now, being used between 2 devices. the oldest one is over a year old, and i just bought my third one. i've had no problems or errors of any kind, nor have i lost any data off any of them. i'd consider them a solid investment and great memory cards for the price per gb. they even see 34 abuse 34 in that they get used in a helmet sports cam sometimes, and all the shaking and hits haven't affected my card's ability to store video in the least."", ""i bought two of these memory cards for use with my logitech alert 750e outdoor master security camera's. so far, i have found them to be unreliable. i am not entirely certain if this is because of the camera system or the memory card themselves. the camera frequently will report a memory card error that indicates the card has to be reformatted. this is problematic as if the camera had recorded something that was important, the failure of the sd card would be very troublesome indeed.""]"
16,"i bought this chip to increase the use of my smart phone. the sandisk warranty is outstanding.get them from amazon,they are much cheaper.","['bought one for my gs3 phone and when i bought my wife the same got her one too. they seem to work seamlessly.perhaps over kill for us but cheaper per gig than smaller gig chips...', 'great price for a great chip, it worked perfectly in my new smart phone. i swapped out a 4 gig chip with this one, and now i have lots of excess storage capacity.', ""no complaints. worked in every piece of electronics i've tried them in. i've run across fake chips online before, but these are high quality at a good price."", 'this chip is holding all my music and photos so they are ready to share with friends and family on my tablet. quick response and no drop outs or lags. price was amazing!!', ""works as expected and was nice that it came with a holder. not sure what else you can say about a chip, either it works or it don't? one never knows until they use it for a while how it is working..."", ""this was a good deal for my wife's new samsung galaxy iii,..fit right in i did remove the battery first,..and so far have had no issues with the chip.....does what it's supposed to."", 'price was great on amazon and now even better. have the chip in my phone and it appears to work great.....fast and so far no errors have been encountered.', 'love this chip,... bought this for my samsung s4, it works well and fast.... no issues with it, so i bought one for my mom....', 'i bought a new phone and got this chip because it was the largest the phone would accept. i keep a lot of pictures on it. 100 satisfied.', 'i had to return this and get another one, as the first was faulty. i hear this is semi common.must not have enough testing, i might suggest buying two and returning one if you are in desperate or sudden need of one of these chips, no matter what size.', 'very confident with this brand, never failed me ever since. placed it to my e72, performed great. looking forward to long years of using this chip.', ""the chip worked fine, fit perfectly, but it is so tiny, if it falls out you are going to have a hard time finding it.if your application is a tablet, or pad, if it has a 34 push in 34 holder...you will want to put some tape, or other securing agent across the top of the chip and onto the table sides. if i had thought of it, clear finger nail polish would have worked just fine, or even a half drop of super glue on the top.i didn't, and it's forever gone now. i changed from android to ipad and very satisfied that i upgraded to apple."", ""hard to review this. it's an amazing little chip with huge capacity and it does what it's supposed to do. 5 stars."", 'tony the tiger has nothing on this deal. it was only 1 more for this chip than it is for the generic version from micro center, so i could not resist. i tossed this into a samsung galaxy note ii, which i also love.', ""what can you say about a chip? it works, it's fast and has been trouble free. a great product at a great price."", 'this chip replaces my previously fried out offbrand microsd. so far it has performed flawlessly. if it fails, i will update the review. i have a droid razr m smartphone.', 'these sticks have always served me well. this new chip will go in a new asus trans. merry christmas to me.', 'is, what it says it is! great chip, fast, reliable. 6 months so far, not a single problem, and lots of handling too!', ""no problem with setup on this. instructions were clear. quality of chip is high and i expect to get many years of service life from it. when i'm finished with it i think i can use it with that jar of onion sour cream dip i bought in 1985"", ""got this for my cell phone, most likely more storage than i will ever need but at this price going with a lower capacity chip just wouldn't save that much money and didn't make sense. exactly as pictured worked without a problem."", 'best buy wants almost a hundred dollars for this chip.it works perfectly in my samsung galaxy s111. this is a outstanding phone.it was updated to jellybean 4.3. it works flawlessly.i now have all the memory that i need in my phone.the sandisk warranty is outstanding.i doubt that i will ever have to use it.if you need to buy any chips,get them from amazon,they are much cheaper.best buy is getting greedy.', 'i bought this chip to be used to increase the use of my smart phone and it has increased the memory. at least for now.', 'i got this initially for my cellphone, however i have moved it to a raspberrypi, and it has been flawless, the storage is nice and the chip is fast, no issues to date.', 'now, two phones later, and still have never had a problem! dont think, just buy it!now im just waiting for 128gb chips haha', 'i got two of these for two nokia 822 smart phones. be sure and contact your provider to find out what is the largest chip your phone can handle? sw', 'this chip has done very well for my samsung galaxy note 2. i would highly recommend getting this brand. i have had other brands to have failed and taking all of my data with it.']"
17,the card appears as available and with the promised storage capacity in the 34 my pc 34 folder of the computer. it works great for additionals storage in an os tablet.,"[""i bought this card to extend the storage capability of my tablet. it holds hundreds of my short video files without having to use the tablet's built in memory. transfer speed from my computer into the card is relatively fast. if someday i may need more storage in the tablet i can always buy another one of these cards."", 'i use this card to back up some of the files, that i have on my work computer at home . and be able to use them on my laptop computer', 'i bought this card for use with my asus transformer book t 100ta to add external and removable replaceable storage capacity. when inserted into the slot provided it was immediately recognized and the driver installed. the card appears as available and with the promised storage capacity in the 34 my pc 34 folder of the computer. i have been able to move files on and off the card as intended. the product is fine and the price was satisfactory.', 'this is a good, fast card, with plenty of capacity and it works great for additionals storage in a microsoft surface rt tablet.hint you can add the space to your windows libraries for a more seamless experience in the os by creating a few empty, dummy folders on your c drive, then using the windows disk management console to map those folders to the folders on the card.info on that here ...']"
18,this card fits perfectly in my tablet. the card has many pictures and games and also my music. it was a great little memory card for using with my microsoft surface pro tablet.,"['this card is exactly what i was expecting. it fit perfect in my tablet. i have enough memory to add my playlist of songs.', ""this was a great little memory card for using with my microsoft surface pro tablet. i'm able to have my music with me at all times, plus a large number of photos.one item to note this type of memory card may not be suitable for high speed applications such as with a camera or for storing virtual hard drive type information . these micro cards are a 5 star if used for their intended purpose."", 'i use this memory card for my tablet that has many pictures and games and also my music, one can not go wrong with lots of music and this memory card really helps me keep it all.']"
19,note 2 and note 8 are faster compared to previous versions of sandisk microsd.,"['i purchased this to go into an external wireless connect drive that is made by the same manufacturer. other than having to format it differently than the default a very simple process , i have not experienced any issues with it.', 'works as advertised. this is better for using with the newer products. i have noticed a increase in speed with my note 2 and note 8 when compared with previous version of sandisk micro sd.']"
20,"i bought this to put into a wifi enabled usb flash drive. it works fine, and streams downloads uploads very quickly!","['i bought this to put into a wifi enabled usb flash drive. it works fine. i can get my entire cd collection on it, which was my goal.', 'i love that you can get these things so cheap from amazon, vs. getting them at the major electronic stores for double the price. it works perfectly, and streams downloads uploads very quickly! i love the adapter that comes with it, too so i can use it for transferring files from a computer notebook faster than a 3.0 usb thumbdrive dongle. great buy!']"
21,i bought this for the hubbys gps and it works great. no complaints. it stores data not already stored in the main memory.,"[""i use this in my gps unit older model and it works great! no complaints. i use a 16 gb in my phone and it's more than enough room! pictures, music, etc."", 'i got this for my handheld gps. it stores data not already stored in the main memory.', ""bought this one for the hubbys gps, works just great haven't heard any complaints out of him since i installed it. thank you""]"
22,garmin gps has adapter for sdhc size memory card to plug into reader if you don't have a micro card reader.,"[""my gps has plenty more space now to update it's maps. it works so that is all there is to know."", ""purchased this product for a new 7 34 garmin gps. the refresh rate is so much faster than on my wife's similar but smaller 5 34 garmin with class 4 memory."", ""i'm using this in a gps system. i've found that they eventually run out of space and can no longer be updated until you insert a micro sd card, so i got it ahead of time in order to avoid that moment of panic when it arrives."", ""i purchased this micro memory card for my gps. when i updated the maps recently, the gps ran out of room and i could no longer put the entire us map in it. this card fits neatly into the gps slot, and adds enough memory for the gps to work. i haven't had this fix in place for long, so don't know about how well it will continue to work. the adapter looks to be handy if i have another use for the card."", ""i purchased this product to install in my garmin gps unit, since it was full and couldn't handle the new map updates. easily and securely installed, this memory card promises to provide a long life to my gps unit."", ""while updating maps for my nuvi 40 i received a message stating i needed more memory to download new versions of maps that i required.this was probably a bit of overkill, but the price was right, so i ordered one. two days later, i installed it and it worked flawlessly with mucho memory left for future needs. will be buying a few more of them for other uses, can't go wrong with this card!!!see ya'"", 'the recent map update on my garmin gps ran it out of memory. maps are getting more and more detailed. i used this to up the memory and got back to the full north america map. it cam with the adapter to fit my pc sd slot too.', ""i got the 16gb card for my garmin gps. the gps's memory could be expanded so that more maps and info could be saved. the memory card works as described. i've used sandisk for many electronics and i have never had a problem. they are sometimes a little more expensive than other brands but i think the little extra is worth it."", 'i needed extra storage in my garmin for additional topo maps and routes, and this card fits the bill. it comes with a standard sdhc adapter, as most microsdhc cards do. plenty of space for extra files on the gps. satisified with the purchase.', ""if there is anyone out there curious if this works on garmin's gpsmap line of handhelds, then yes! all 32gbs are recognized, and i am maxing this baby out with every map i can get my hands on! no issues at all.some forums may have you believe there is a 4gb limitation, but there simply isn't fat32 which is the format of the card, has a 4gb limit on file size, but that's fine as all individual garmin maps are under 4gb"", ""i went to update my garmin gps with the latest maps and it told me that the entire map wouldn't fit us, canada and mexico . it said i could put the maps on an sd card to get the whole map set or else i had to pick only a portion of the lower 48 states it wouldn't even fit the entire us only . t don't understand why as everything fit before.so, i picked up this sd card for the unit and it worked perfect. i now have the entire map set on the gps. i just have to always leave the sd card in the unit which for me, isn't a big deal as i wasn't using the sd card for anything else before."", 'this card works great with my garmin zumo gps unit. i mainly use it to hold vast numbers of songs, and it works great for that. it is fast enough that my nuvo has no difficulty accessing the memory and i note no slowdown in performance of the gps. comes with an adaptor so you can use it in a regular sd card reader. for my needs this one is perfect, hence the five star rating. rjb.', 'needed this to be able to update my garmin with canada and europe maps. did the job and at a great price.', ""bought for garmin gps. works very well. also has adapter for sdhc size memory card to plug into reader if you don't have a micro card reader""]"
23,"i bought this sd card for use with my cell phone. it transfers the data at a fast rate and has all the memory you will need, very fast transfer rate.","['i bought this sd card for use with my cell phone. it worked really well and as far as i could tell, transfers the data at a fast rate. no complaints.', 'if you need a good sd card this works perfect for you smart phones, has all the memory you will need, very fast transfer rate']"
24,fast2 works in my galaxy note 3 and my brother's galaxy s4 3. comes with a microsd converter so you can use it in stuff like cameras and d card slots on your computer.,"[""pros and conspros1. it's fast2. it works in my galaxy note 3 also works in my gf's galaxy note 2 and my brother's galaxy s4 3. i got it on sale. sales rock.4. it's half red, which makes it harder to lose than all black ones.5. comes with a microsd to sd converter so you can use it in stuff like cameras and sd card slots on your computer. wildly useful for non phone transfers and uses.cons1. none yet. we'll have to see how long it lasts."", 'fast transfers and retrieval of data on phone, especially video shooting. very easy to find becasue of color difference, all black seems easy to misplace of trading out to adapters and such']"
25,amazon offers 34 frustration free 34 packaging for many of their products. the item arrived in perfect shape and even included a sd adapter if you need it.,"['comes in an open package, no box included except for the instruction manual warranty. using this on my cell phone and works great. read write speeds are noticeably faster than my old sandisk 32gb microsd.', 'got it on time in a simple but secure packaging. inserted it and worked without issues. comes in a clear plastic case with an sd adapter. the is the typical sd case size.the sale price of 16 and change was great as well.love it!', 'why worry about the packaging. this was the best i could find at the time for a name brand class 10 micro sdhc card. came with basic packaging and a full sd card to adapt, which is what i needed.works great, speed tests show excellent speed for video recording.', ""i've seen several recent reviews complaining about not getting any packaging with their sd cards. one person even questioned if the card was new or not. amazon offers 34 frustration free 34 packaging for many of their products where they take care of opening it for you, then they repack it in plain brown cardboard to make it easier on the consumer. this card has the option to come in the retail packing, or in amazon's 34 frustration free 34 packaging. it's an ordering option, and it seems this option defaults on 34 frustration free 34 .if you order the retail packaging option, it will look just like it does on the store shelves."", 'the item arrived in perfect shape and even included a sd adapter if you need it. the card has worked just fine for me so far, so i have not complaints.', 'the packaging opens very easy and the micro sd card works flawlessly in my razor maxx hd and asus transformer.']"
26,i bought the 64gb for my new samsung galaxy note 2 phone. arrived earlier than expected a month ago'saved it up' amazon packageing was acceptable and it didn't take forever to open as some packages seem to take.,"['a on product and seller came as described shipping was very fast i was excited to see how this class 10 was compared to other micro sd cards. i have it in my new galaxy s4 pulls pictures videos quickly and stores them just as good. i have already recommended this to friends.', 'product arrived on time not excessively packaged. worked perfectly out of the box. speed is excellent as i can play movies on it and the large file transfer time is very quick on the tablet.', 'the product shipped fast and actually came in a few days early. i read about some people having problems with this card. when i got it, first thing i did was format it. also make sure your device is compatible with sdhc cards. i have had no problems. very fast read write speeds. a little over 29 gb actually available for storage. i am pleased.', 'so i got this during the amazon litening deal during black friday for 17 ! it is the best and fastest card money can buy. it came in very easy to open packaging. i put it into my galaxy s3 and was good to go. highly recommend.', 'received my card in a decent amount of time and it was packaged well . the memory card was crispy brand new and in perfect condition . after installing the card in my video camera it worked perfectly! very good deal.', ""really fast shipment, i got it within 2 days of ordering. even faster though was this 64gb microsdxc card. i've been using it with my canon t3i dslr and it's been a big upgrade in storage for my photos. i've used it for about a month now and it still lives up to its class 10 speed and reliability. it transfers almost twice as fast as my old 32gb transcend sd card.the only thing odd was the shipping box it came in... it was the size of a laptop box but inside was an envelope with this sdxc card. seemed like quite a big environmentally unfriendly waste in packaging!"", 'received the product in 3 days even though it was shipped with free shipping with a number of other items. using it for my new cell phone to store pictures, movies, etc. and moved everything from my old phone with a mobile reader also purchased with this item. everything worked flawlessly.', 'shipping was fast,item arrived on time,item is the new ultra high speed uhs 1 standard of memory card and it works very fast in read and write speeds and watching bluray movies,customer is happy as well', 'shipped fast. works in my camera.. does store video much faster than my older memory card. for the price it is a good deal.', 'arrived very quickly. no issues whatsoever. lots of storage space for music and pictures when used with a phone that is compatible.', 'good product, it arrived extremely fast and performs just as described. it was considerably cheaper than any other store i found. i specially like the speed of this sd card. however do keep in mind that the speeds tend to be exaggerated. the speeds are way faster than normal sd card speeds and you will notice it, but not anywhere close to whats advertised. there a lot of factor that go in to consideration when it comes to the advertised speed. this is not the manufacture or seller fault, but it depends on the system that is being used.', 'shipped fast and worked really well! i use this just in case i have to take a lot of photos! loads fast!', 'fast shipping delivered as described.phone did not recognize the card right away. i had to format it as fat32 on the computer but it showed capacity of 32gb. to get the full capacity i had to format it again on the phone exfat format now shows 64gb.excellent capacity for lots of media files documents.', 'i received the memory card in great condition and packing,. i am very pleased with it. i put it in an outdoor camera to video comings and goings of wild life. works great', 'got it on sale during blackfriday, awesome! great speeds, lots of storage works wonderful with galaxy note 3. buy today!', ""i got this because i just couldn't pass up the deal, 17.99. it has been incredibly fast in my htc sensation 4g. pictures are taken and saved instantaneously. only had it a few days, but have been very happy. shipping was fast and the packaging was easy to open which is always great in my book. only issue i had was i had to format it on my computer first before my phone was able to recognize it."", 'it arrived on time as schedule. it was purchased on black friday sale so the price was much cheaper than current listing price. i am now regretting not going with the 64gb as recommended by my coworker. i purchased it for my new samsung galaxy note 2 phone.', 'shipped as described, was very easy to add to phone. works perfect for pictures on my cell phone. allows me to do more videos with no worries about memory.', 'arrived earlier than expected. been using it about a month now. easy installation into my lg optimus g pro. 50 for 50 something more gigs, deal.', ""bought it with retail packaging, arrived legit, in a orange envelope, english version not asian like the picture shows. arrived quickly, bought a 32 and 16 both retail packaging for my htc one sv and lg optimus, both cards in working order, probably best price you'll get for a nice sd card"", 'the item arrive in time, but was unfortunately defective as it would not accept a copy operation. further investigation led to discovering the card had bad sectors. refund is progressing without a hitch however, so not all was lost.', 'shipping was fast , the product has a great quality and a great pricing.i like this manufacture and i am going to order them for my other devices.lots of space', 'delivery was on time, works perfect with my galaxy note 2. great customer service. thanks for the product.able to store all my music and movies on my phone now.', 'i am very happy this come very fast, good packed, i usually used but its fantastic so fast with my new cards', 'they shipped it out to me right away. was packaged well and it works very well in my gopro camera.', ""shipped quickly, plug and play just like it says, and i haven't noticed any bottlenecking on my phone due to slow speeds."", 'great price, shipped fast, and well packaged. i have an incredible amount of space in my raspberry pi now! class 10 is the way to go...', 'i paid less than 60 shipped to my door. had it for 2mth and have had no problems after formatting it to fat32... and its as fast as my internal memory in my note 2.', 'ordered for my sons phone and was extremely happy with the card when it arrived. would absolutely order again if needed.', ""very good product that i am using with my smart phone. as usual, amazon packageing was acceptable and it didn't take forever to open as some packages seem to take.""]"
27,amazon credited me the difference when it went on sale a week later for 17. very satisfied great product and great customer service.,"['copied all the data from my phone 16gb sdcard to the new 32gb and everything worked fine the first time the card was installed. i had previously done the same with an 8gb to 16gb with same results. it does not increase an speed to the phone as it is controlled by phones operating system,', ""i hate how people complain the transfer speed isn't the 34 promised 34 30 mbs. it even says in the fine print that it depends on the product you are using the card on. i bought this to upgrade my galaxy note 2s memory. bought on sale for about 20 and amazon credited me the difference when it went on sale a week later for 17 . very satisfied great product and great customer service. thanks amazon!""]"
28,samsung galaxy siii i got the 34 ultra 34 becuase it said it lets your camera phone save pictures faster. the memory card is faster than the extreme 34 version of 34 oh wow 34.,"['i like it for using on my cell phone. if used on camera, it is slower then the 34 extreme 34 version.', 'i added this sandisk ultra 32 gb microsdhc to my smartphone, and it works perfectly. although i would not say that i 34 love 34 the memory card, i will say that i have no complaints about it, and i am perfectly happy with it.', ""i'm not sure what else to say other than, 34 it works 34 . i use this card with my sandisk wireless flash.....i think i'll buy a couple more."", 'i think the title says it all. this card is 34 super fast and works great 34 . so happy to have this in my phone. samsung galaxy siii', 'i got the 34 ultra 34 becuase it said it lets your camera phone save pictures faster, it seems to do that. also, it was a great price.', ""i placed it in my better half's samsung galaxy 3 cellphone, and she was blown away with speed her phone now has. she comments on it all of the time. most of the time, all i hear is 34 oh wow 34""]"
29,"sandisk bought a 32gb card for his galaxy's4 and another for my canon t3i. the card works no problem in it, detected and formatted out of box - and has not had any problems despite the failures of the cards he bought.","['love sandisk, never had a problem with them and still have not. popped this into my samsung galaxy relay 4g running android 4.0.4 and the phone detected it without a problem. has the write speeds expected and gets the job done. would recommend a different card if you plan to go to 64gb, buy the samsung uhs 1 sdxc, writes at much higher speeds and has less lag. would buy this again for the cheap price, fifty elsewhere.sincerely, isklcndykid', ""i bought one of the 32gb for my galaxy s4, and another for my canon t3i. it works no problem in it, detected and formatted out of the box. sandisk is one of the most reliable card manufacturers in my opinion. i've gone through and sold a lot of cheap lesser sd cards throughout the years, and almost all manufacturer has their failures, but to date i haven't had any issues with sandisk. i've bought this same card for my wife and family members everyone has the s4 , and so far there's been no issues. i use mine heavily everyday, new music and movies, and after 6 9 months haven't had any failures.as far as speed goes, using dd on a usb3 card reader i recorded almost 14mb s write speed and 33mb s read speed. making it by far the fastest class 10 card i've had. they do sell 34 extreme 34 versions of this card which are even faster, but most integrated devices won't see the speed increase benefits."", ""of late, sandisk appears to have lost their way a little with their flash storage products. it's almost a universal truth that all of their usb flash drives are hopelessly slow while they're usually reliable, transfer rates of 4mb sec or less are worthless when filling a 32gb drive. fortunately, their ultra line of sd cards still appears to buck this trend.formatted as ntfs and used in anelago mobile nano ii reader, i see write speeds on a 64 bit linux machine at a consistent 15 16mb sec when copying large 1gb or larger files to this card, which more than lives up to its class 10 billing. reads appear to run at about 19 20mb sec.i can't comment on reliability as i've only had the card a few days, but everything i've copied so far for testing has made it onto the card and off again with no corruption whatsoever the md5 checksum of every file i've transferred matches the source. that's more than can be said for the supertalent pico usb drive that this sd card and reader are intended to replace, which has never been quite right it's always occasionally randomly corrupted files of larger than 100mb or so, and the probability of 1gb or greater files surviving was near zero .32gb appears to be the sweet spot at the moment smaller cards don't cost that much less, and larger cards are beyond the sdhc spec and into sdxc territory, which isn't yet universal in terms of device compatibility not to mention they cost far more than double for 64gb .for what i paid for this around thanksgiving not part of any explicit sale, but definitely a lower price than appears usual as far as camelcamelcamel is concerned i'm extremely satisfied.edit i should also mention that the included mechanical full size sd adaptor is one of the worst i've ever encountered. there's a lot of friction when the microsd card is inserted, and it's a right bugger to get it out of the adaptor again. thankfully i have a few other such adaptors lying around should i ever need one this one's going in the bin.""]"
30,l learned that the advertised and actual available memory are two separate things before he bought it. a camera that was purchased for summer outdoor usage in november is going to sit for quite awhile before per gb is an acceptable price for high end sandisk class 10 memory. the real value was in being assured of authentic product and fast,"[""than i expected. i don't know if it would kill any manufacturers to actually have a memory card or stick or device to actually have available the advertised capacity. fortunately l learned that the advertised and actual available memory are two separate things before i bought it, always scroll down and read the technical spec of a device or anything before you buy as that way ideally, your actually informed. let the buyer beware, is more appropriate every day as most things are not exactly as they seem. and if it's food and cheap, it's likely cancer causing and don't feed your body and your car in the same place."", ""do not buy, card failed on the third usage. kicker not to my favoris you only have about 2 months to return this card for a full refund.then, it's a pro rated rated deal when you send it back to amamzon inlexington, ky.the failed card was in a gopro white edition. needless to say, a camera thatwas purchased for summer outdoor usage in november is going to sit for quite awhile before you have time to get your money back. card sat all winter and failedtowards the end of april. 6 months lag to get a decent, even pro rated refund.out of all the items i bought from amazon this is my only bad experience.64 gigs crammed on a tiny micro sd card is too much. i'll stick with thesmaller 32 gigs until this technology is meant to last.refund update, once again amazon did the right thing anbd refunded full purchase pricefor the dead 64 gig. amazon is where i shop for 2 reasons. 1. i live 50 miles frombig box stores and 2. they always make things right with no muss ...no fuss.i replaced the dead card with amazon brand micro 32 gig sd micro card.i have purchased amazon branded sd cards before and they work just as good as any.not to mention the cost savings."", ""i mean it's a 64gb memory card. the price was right caught a sale and its a big ole memory card. i like sandisk and haven't had any trouble!"", 'not a steal at 62 but anything under 1 per gb is a decent price for high end sandisk class 10 memory. the real value was in being assured of authentic sandisk product and a very fast delivery. i would buy again from this seller. the 64gb microsd installed, reformatted to nsfs with no issues, and performs as advertised.', ""you can't beat the value of this 32 micro m a cardbeliever that there is no such thing as a deal of a lifetime when it comes to electronics but for now this card really is a great value."", 'i mean we all know saddisk, leaders in micro memory card manufacturing. usually 50 got it for 35! unbeatable. yes!']"
31,"i use these in sansa clip mp3 players, perfect match for the sansung ativ. good price and fast enough to load files quickly from the computer.","['good price and fast enough to load mp3 files from the computer quickly. i use these in sansa clip mp3 players, perfect match.', 'perfect for my sansa clipp mp3 player. plenty fast, and was priced right.', ""it is a good match for the sansung ativ. i don't know that i have used it yet but, it's in there."", ""this worked in a sansa clip zip when another generic brand didn't. no complaints other than a couple cbs higher price.""]"
32,micro card is a class 10 unit so it's also good for expansion ports on video cameras.,"['bought this to add storage to a sansa fuze mp3 player.the card formatted correctly and works quite smoothly with the device.i also tried it using the adapter, in my kodak digital camera and it was recognized instantly. pictures were saved quickly, allowing the camera to shoot again without undue delay.', ""i have used many memory devices from sandisk, as well as a couple of sansa mp3 players. this card lives up to my expectations. it works well in my samsung galaxy s3 phone. i haven't bothered with the adapter, but i have no doubt it does its job. it is nice to have it just in case i need to read the card outside the phone."", ""i bought this for my mp3 player and it works great for moving music around. i like the fact it came with the adapter for card readers because cheaper ones don't."", 'using the card in a sandisk sansa clip and it works! 4000 songs and counting. what more is there to say?', 'i bought this to increase the music capacity of my mp3 player. as a bonus i can use the adapter with my old 8 gb micro in my digital camera.', 'i bought this to use with a portable radio that accepts the micro memory card. the 581 pieces of music i put on it took up less than 4 gig so i have used it with the adapter in a camera as well. it does the job', 'good card for the price. lots of room for music plays in the sansa mp3 without any difficulty or trouble', 'i a using this card with a sansa sandisk mp3 player and it is working flawless. i am glad, but i cannot imagine what could go wrong with a card like this, either it works or it does not, and mine is working. anyway, i would buy one of these again without a doubt.', ""i use it in my sansa clip zip 8gb mp3 player and now i have 40gb for music.the included adapter allows me to remove the card from my player and add and subtract music using a standard card reader on my computer without having to plug in my mp3 player.when i'm done i slip the micro card back into the player, let the mp3 player refresh itself, and i'm good to go.this card is a class 10 unit so it's also good for expansion ports on video cameras as well. v""]"
33,sandisk ultra 32 gb is very fast. usefull for all device. not problem. recomended.,"[""more like 8mb s in my note 10.1 and that's using sandisk's own app. a bit faster in my note ii, but still a disappointment for devices with quad core processors. not sure if it's the card or the device, so benefit of the doubt and four stars."", 'fast, reliable, plenty of size for the money. i ran sandisk memory zone on this and was reading between 22 and 29 mbps. not quite the 30 that it is supposedly rated at, but that is with a lot of apps installed and running off of the device.', 'the sandisk ultra 32 gb is very fast. the quiality is excellent. usefull for all device. not problem. i recomended.', ""i bought these in hopes to replace my standard sandisk 64gb models for quickness. i'm not saying they are lightning fast, but they are definitely faster than the standard version. i bought one for each of my phones and my tablets, they work great. when the 128gb is available, i will try the faster version of those also.""]"
34,"it is the real thing and not one of the fakes that are out there, like said, it works. there are no data copying or writing speed problems and it performs within manufacturer specs - it's a fantastic little drive, has all the gigabytes it says, works in all ways i can discern.","['this is a fantastic little drive, has all the gigabytes it says, works in all ways i can discern and i use it to hold the flac recordings i play on my excellent fiio x5 digital audio player. this is the real thing and not one of the fakes that, evidently, are out there.', 'like i said, this is a flash drive. it works. there are no data copying or writing speed problems and it performs within manufacturer specs.', ""this has some really fast speeds and has a good amount of storage. it's also almost as cheap as those bargain bin items that give out after a month or so of hard usage. this one didn't though. i'm pretty hard on flash, doing long sequential writes and what have you, and this guy just won't give up.""]"
35,"was working fine for 2 months. was not recognized by my cell phone, audio player or camera - is not a good product if it's not for me.","['works perfectly and for a fair price, it is immediately recognized by any device you use it . good purchase!', ""i have nothing to use this device with. i ordered by mistake. i'm sure it's a great product but not for me."", 'was working fine for 2 months. randomly stopped working. is not recognized by my computer or cell phone. i am beyond the amazon return window, so this absolutely sucks.wasted my money.', 'ordered two of these and none works w my cell phone, audio player or camera.guys, you have a problem......................................................................................', 'the first 2 i bought both had multiple problems with not being recognized, this one so far has had no problems.']"
36,the 64gb version took a total of 30 min to format. the price was not too bad either. it worked perfect with out having to formats it.,"['got this for my galxy s3 had another brand that the phone kept losing contact with and that corrupted a few files. much faster transfers with this i got the 64gb version for my note 10.1. as always, super fast shipping with amazon prime.', 'works great and price was not too bad either. worked perfect with out having to format it. transfer rate was fast when i loaded 20 movies and 9 gb of musice and 2 gb of pictures all at the same time. it took a total of 30 min. probably because i had multiple transfers at same time but works great for my new bought samsung galaxy note 10.1. thanks', 'i got it, formatted it for my phone, and it seems to be working perfectly. i am able to transfer and open files at a good speed, and i have had no problems with it. good product!']"
37,the last one we purchased got deleted and unformatted by the phone so we decided to replace it. the price for this card was almost 10 lower than everyone else's.,"['needed an inexpensive sd card for my new htc one m8 and this was a perfect choice. works perfectly and thus far have no issues at al with it.', 'i got this sd card for my phone. works well. no issues. it was cheap and exactly what i needed.', 'this sd card was exactly what we were looking for. the last one we purchased got deleted and unformatted by the phone so we decided to replace it. this is a great price and came with the adapter too.', ""this sd card is perfect for my phone. it is the right size and especially the right price. after looking all over amazon price for this card was almost 10 lower than everyone else's.""]"
38,the chip hasn't let me down yet and no errors. it is larger than i would normally need but on a long vacation he did not want to start deleting photos or videos - so this was way more than she needed for several hundred large photos and lots of 20 to 30 second videos as well with plenty of memory left over,"[""its amazing the amount of storage we are putting in micro chips these days. i use this for my dive camera taking videos and pictures. the chip hasn't let me down yet and no errors."", ""this is larger than i need but on a long vacation i did not want to start deleting photos or videos to make room for others so this was way more than i needed for several hundred large photos and lots of 20 to 30 second videos as well with lots of memory left over. actually a 8gb would have been enough. the card worked well and i'm happy with my purchase."", 'we were going on vacation and i wanted to take a bunch of digital media for the long plane flights and for chilling during downtime. this chip took everything i needed and worked without issue. glad to see the 128gb chips on the market, looking forward to the 256gb ones!', 'this chip holds way more than i would normally need but we were going on a three week trip and potentially taking about a million fotos. if you need a large capacity this card was fast for the writes and reads for all the fotos i took. the largest fotos were in the 10 12 mb range but most were 5 7 mb.and there were at least 15000 shots, some were absolute crap but that is the great thing about digifotos, the film is cheap.i bought mine here for 50.47, and that is still a good price i think for the ability to capture so many fotos and videos and data if you wish .']"
39,"the micro design was not required for my unit, but gives you flexibility for cell phones, etc. good buy good value for the money, would recommend having always around for all photo or film devices.","['good price, excellent for my camcorder. the micro design was not required for my unit, but gives you flexibility for cell phones, etc. good buy', 'good value for the money, i would recommend having always a few of these around for all photo or film devices', 'hopefully these will get cheaper but worth every cent to have more recording time i used 5 of these for christmas work great and you have good eyes !!!']"
40,"the sandisk ultra 32 gb microsdhc memory card doubles the memory of my new galaxy. the card is fast, i use it in my note 2 galaxy, and plays music while taking pictures constantly - and writes's notes with no lag or tutter at all'","['the sandisk ultra 32 gb microsdhc memory card is a good value for the money. it doubles the memory of my new samsung galaxy s3 and there is no perceptible delay between access to the card and built in memory.', 'i got two of these cards for under 40 ea on small business saturday and it was worth every penny. the card is fast, i use it in my note 2 galaxy s4 and i play music while taking sending pictures constantly as well as writing s notes with no lag or stutter at all. this automatically gives you enough storage for whatever you should need, no need to ever buy a phone with the most memory because a 16gb version or whatever the lowest version available is can instantly have 64gb, just make sure it has expandable memory! sandisk may have won me over since i always bought samsung kingston memory, would definitely buy this again!']"
41,"gf wanted music on here phone so she got her this, she hasn't put any music yet. the adapter works in my computer and printer.","[""formatted in computer, popped in phone and bingo bango bob's your uncle. phone recognized right away and i had music transferred in minutes."", 'i picked this up as a deal of the day. no issues at all. put it in my phone, and then connected the phone galaxy s4 to the computer and dropped music and pictures in the folder and everything was quick and easy!', ""moved my music library for phone car use.easy to set up and reliable.the drivers didn't like my older laptop so i had to work around it any teen can tell you how to do so with only a slight roll of the eyes."", 'my gf wanted music on here phone so i got her this, she hasnt put any music on her phone yet so i cant say how well or not this works, but the phone recognized it and its been sitting in there for a couple months now.', 'popped this into my samsung galaxy s4 right out of the box. no issues whatsoever. have saved music, movies, photos, etc, with no issue. the adapter works in my computer and printer.', 'i bought one for my daughter and one for my daughter in law they inserted them into their phones and transferred their itunes to their galaxy s2 and s3 phones.', 'got this super cheap works great in my phone, now if i could figure out how to put music on the phone']"
42,the 64gb is 20 far faster than 34 stock 34 memory cards. it is a great memory card for u.s. users who want to use it for their own devices if they want it - i would definitely recommend it to sailors and friends. the ur card is the fastest and fastest card ever.,"['fast and lots of storage, not a flimsy card either. fells like its build tough. i would definitely recommend this to a friend. side note, if your device supports it and you can afford it, get the 64gb. youll appreciate never changing out ur card.', 'not bad, i doesnt feel any quicker than a normal 32gb card. and you only get 27gb of storage. 20', 'far faster than 34 stock 34 memory cards, and plenty of speed to boot.for my usage it is more than enough to cover what i need, sure it may not be the absolute fastest memory card in existence, but at under a dollar a gb, it handles my basic needs with ease.', 'this 32gb card is fast. great for storing video and music and whatever you need to do without worry. it is plenty large and the price is very reasonable.', 'the data speeds are kinda slow but i am enjoying this card and thinking of buying a 64gb, nice buy.', 'very fast memory card. excellent price here on amazon as well. it still amazes me that this little fingernail sized memory card can hold 1600x more data then the hard drive of my first computer. highly recommended.', ""this is pretty cheap i wish the 64gb one had been on sale but this one was priced at about 11 dollars so i can't argue. i have this in my nokia lumia 1520 and there is no lag i love this card should have purchased more.""]"
43,the htc vivid is a memory card 30mb s with adapter. the system recognized it right off the bat! simple and easy to format the disk and then encrypting it was an easy snap!,"['works in a htc rezound. was running short of space on a 64gb sandisk so i ordered this when it came out, fast and no issues.', 'i just received my card, it is the class 10 64gb with the correct serial sdsdqua 064g a11a. i received it in an unopened sandisk packaging. i am going to use it on my htc rezound, i hope it works. from what i have read, it will work after reformatting the disk. i will update this review if i have any issues using it, if not, my rating will remain unchanged...', ""my previous card was a sandisk 32gb class 4 card. this card's speed is about 3x faster! now i can put more music and movies to my hearts content! the only thing about this that i can say is a negative is that in order for my htc sensation 4g to recognize it, i had to reformat the card, even though the packaging says it's android compatible. it even has the mighty green andy the android on it! lol but after formatting the card in windows 7, i was able to use it in my phone. i didn't use the fat32 utilities so i cannot remark about those formatting procedures.oh and i forgot to add the first card that was sent didn't work at all. the card didn't try to format. amazon sent me one overnight without charge! well i had to return the bad one of course, but the process couldn't be easier. the card was actually backordered a few weeks because of the deal of the day amazon had on the card, which i purchased under as well...this card is authentic, came in sandisk packaging and is indeed a class 10 card."", ""this item works exactly as advertised! those negative reviews for this product must be from people who mistakenly reviewed the wrong product or don't know what they have. this sandisk ultra 32gb sdhc micro sd card is truly a class 10, and works fine in my htc phone!"", 'sandisk ultra 64 gb microsdxc class 10 uhs 1 memory card 30mb s with adapter sdsdqua 064g u46a fits very nicely in the htc vivid and the system recognized it right off the bat! simple and easy to format the disk and then encrypting it was a snap as well. there are many reviews on the internet about this product possibly not working in the htc vivid....i am a believer in doing the research and reading the reviews. it works like a champ and the price was reasonable on amazon!']"
44,"amazon credited the old sd card and so far this one is working as expected. the sale is over, of course, and he've not been able to find them at retail stores - but they're not cheap at stores. i was surprised at the price and quality.","['great price for 32gb sd card it was delivered on time and i got it download from my previous sc card with out any problems. great shopping for electronic stuff at amazon.', 'great price on the 64gb mircosd card... my boyfriend has had it in his galaxy note 2 for the past few months.. and i just got a note 2 and just bought another one for my phone!', 'always the worry that an sd card is a fake, even at retail stores. but no issues here and the price is great.', 'the price for this 64gb micro sd card is excellent compare to retail. the card is reliable with no issues at all. i bought one for my samsung note 8 tablet and samsung galaxy s4!', ""pretty good price, great performance! i've been using micro sd cards for years, tried many brands mostly cheaper. there is a reason they've been around and will continue to be!"", 'great great deal!!!! i bought this for a really good price 25 after i bought my brand new galaxy s4. i looked in stores and found the same micro sd card selling for 60 80. this works straight out of the box and i have had no issues at all with it. buy it now!', 'good price for a good size micro sd. not the fastese card that i have used but for the price i am satisfied.', 'great price for a fast large micro sd card! recieved it super fast too! works perfectly with my droid 4! verizon wanted 50 for a class 4 card like this.', 'what they charge at retailers for sd cards is ridiculous. i always order via amazon, and never a dissapointment! great sd card, works great, as expected.', ""best price i could find for a high quality micro sd for my samsung s4 cell phone. every store in the area charged crazy prices for lesser quality cards. don't even think of buying any sort of card from your cell phone service provider. they are the worst ! amazon all the way for cell phone accessories. items like cases, screen protectors , micro sd memory cards."", 'the price is reasonable, quick 2 day delivery with amazon prime, i had to return a 32 gb drive because of malfunction, amazon took care of me right away, credited the old sd card and so far this one is working as expected, be sure to format this sd card to your device before using so it recognizes your device that you are using it in.', 'i was surprised at the price and quality. it works great and have not had any problems. i recommend this for anyone needed a micro sd card.', 'good price on this big micro sd card. works with my samsung galaxy s5 great.', ""the price was great. since this is an sdxc class 10 card,i expected pretty decent write speeds. i copied about 30gb of data from my computer hd to this card and it took over 8 hours.of course, since that was a one time thing, i didn't really mind. it works great in my microsoft surface pro. i just cannot believe that i could find a 64gb micro sdxc card for under 50. the sale is over, of course, and i've not been able to find them this cheap since.i would buy another one if it were comparably priced."", 'good price. works as expected. nothing much more to say abt a microsd card honestly. the frustration free packaging is really good. definitely better than the retail packaging.', 'with the black friday discount the price is great. i got free shipping by bundling other items to meet over 35 free shipping. comes in sandisk package so it is nice to know it is not a black market knockoff. i bought 2 of these babies.']"
45,"micro sd hc is great at transfering files from a computer. but it worked great for copying video files, placing the same thing into my led tv has an usb port and watching them from there. it's fast but not hyped as super speedy because it doesn't need to be it is good for","[""it's a micro sd hc, stores files, and is great at it.i don't really know enough about these kinda things to go into details of how fast it is at transfering files.but it worked great for copying video files from my computer, placing the same thing into my led tv has a usb port and watching the files from there. 8gb video files would play perfectly fine. perhaps that's saying enough about it? worth the money!"", ""a good size and good price for a small camera or phone that takes micro sd memory this is fast but not hyped as aiiiigh super speedy because it doesn't need to be it's good for all the standard usages of your average consumer photos, ringtones, games, lightweight video, etc ."", 'i love this micro sd because i used it as my main memory phone mostly because the galaxy s4 it comes with a 9gb of free space. so i can pretty much just enjoy this ultra 64gb for music, photos and movies but not for apps because my phone is not compatible with moving apps to the sd it stills works for other phones but not this one. i have to say this is one of the fastest micro sd i ever bought recommended a lot.', 'very fast and reliable this sd gives my gs4 so much more ability. but i am thinking about buying the 64gb so keep that in mind 32gb will fill up kinda fast if you shoot lost of photos and videos.', ""this is the best micro memory for an android phone! it's very fast running as fast as 38mb s. the 30gb was a splurge but if you have movies or videos on your phone than this is perfect! amazing product!p. s. do not get the ultra mobile version of this, it's slower than this one""]"
46,this 64 gb worked like a charm. now there is plenty of storage space for videos and music. i bought this to go with my samsung tab 2 7.0 tablet.,"['bought from bestbuy online the day it was announced. i have tested in my sony xperia z ultra and my 12inch samsung pro tablet.both work fine. shows 119gb available. only issue i have is that i paid 199.99 for it best buy will most likely match this though.', 'bought this to go with my samsung tab 2 7.0 tablet. even though the tablet indicates that it can only take up to a 32gb card. this 64 gb worked like a charm. now there is plenty of storage space for videos and music. recommended']"
47,"this works perfect in my dell venue 8 pro and works perfectly. no complaints, ordered it to put into a new tablet, plugged it in and it worked - nuff said!","['this works perfect in my dell venue pro 8. all i had to do was to reformat the card before using it.', 'got this for the dell venue 8 pro and it works perfectly. no complaints. here are more words to complete my review.', 'not much to say about this, ordered it to put into my new dell venue 8 pro tablet, plugged it in and it works as advertised. nuff said!', 'works great with a dell venue 8 pro.', ""i installed this item into my dell venue 8 pro and it has worked just fine at housing my programs. i'm very happy with this device."", 'what can i say. plugged it in and it worked.dell venue 8 tablet.have always had good luck with sandisk brand.', 'does a good job at a nice price. i like this. it came on time and fits well in my dell venue pro', ""so far working great, i'm using on my dell venue 8 pro and is working fine, no issues"", 'i used this product with my dell venue 8 pro. after a couple months of use, it stopped letting me add new files or delete old ones.i tried reformatting and wiping the disk, but nothing worked. since the vast majority of the reviews appear to be positive, i assume i just got a bad one.']"
48,the card works as advertised and allows files to be stored on this memory instead of tablets memory. the faster card can easily double this price.,"['i bought this for my dell venue pro 8 64 gb so that it would boost the memory to 128 gb. it is super easy to use, great shipping and i got it very quickly.', 'purchased to add to the memory for my windows 8.1 tablet dell venue pro and it works like a charm! also, i shopped aroundand it was the best price i found!', 'i bought this product in order to use with my dell venue 8 pro tablet. it works as advertised and allows files to be stored on this memory instead of tablets memory. i re formatted it to use ntfs mode and have not noticed any problems.ds', ""i've been using this card on my venue pro 8 without any issues. i used primarily to store photos and videos. the card is reliable but not fast. data transfers on windows range from 15 to 20mb s. that speed is sufficient for most purposes. i got my card at 32 which is s good deal. a faster card can easily double this price."", ""it is a good card and does the job well. now i am going to have to fill in this space as there isn't much else to say about this. using this as expansion for dell venue 8 pro. now have almost 64g of open capacity on the tablet."", 'i was surprised to see the main drive in my dell venue pro 8 was almost completely consumed by the windows os. i added this card to create some space for myself. the tablet recognized it as an additional disc with 29gb available. that gives me plenty of breathing room for what i do with the tablet, and the speed is incredible. i am very pleased with this product, and will purchase another one when i upgrade the card in my gopro this summer.', ""i purchased this for my dell venue 11 pro, which effectively doubled it's storage capacity. installation was simple and the card has worked flawlessly since i installed it. great price, great performance, no headaches. been going for a couple months now with no issues.""]"
49,"update 3 21 14i've had this for a few months and have had zero issue's since it was transferred from my s3 to my note3 and into. i bought this card when he got my notes 2 back in october, it is perfect and fast. no problems in any way and fully compatible with my","[""this think has worked out great.had a diff. bran 64gb card and if went south after 3 months.this one has held up pretty well since i had my s3, now on my note3. update 3 21 14i've had this for a few months and have had zero issue's since it was transferred from my s3 to my note3 and into a note2. this card is reliable and solid!cheers!"", 'i bought this card when i got my note 2 back in october, it is perfect and fast. no problems in any way and fully compatible with my device.update 1 15 14 i bought a second card for my note 3 and it it excellent. the frustration free packaging was much appreciated from the other packing last year. my first original card got corrupted when i put it in an old feature phone but i am confident it had nothing to do with the card in any way. i have tested these cards with the galaxy note 2, note 3, note 10.1 2014 and tab 3 7 and they all read the card no problem. i have been extremely satisfied so far.', 'works great in my note ii. no issues. reads and writes fast. no corrupted files and my note ii had no issues reading this card. my friend bought an off brand card because it was cheaper and every so often he gets a 34 card not found 34 error. good buy.', ""no problems in my note 2. slid what i wanted from the original 16 gb card on to this and couldn't even tell anything had changed. i mean that in a good way."", 'almost a year with this card and no problems so far. i used first with my gn 2 and now with my note 10 2014 edition. fingers crossed.']"
50,the problem is that it broke within 8 months with all my data in there. speed and capacity are fine. no problems.,"['great speeds and reliable so no complaints here! has lasted a few months now in my smartphone which is longer than some other knockoff brands that i have received.', 'use it on my phone and have some apps installed don it and the speed is great, havent had any issues with the brand before and noe still today!!!', 'so far so good works as described and on my lg motion 4g android smartphone. speed is pretty good too even though it reverts back to class 10 on this phone.', 'bought it for my lg l9 android phone and in the phone it stayed. speed is average. the problem is that it broke within 8 months with all my data in there.', 'great speed, great capacity, great price, and fits great in my htc evo design 4g android phone. i recomend it.', 'was using it for my tablet before i decided to switch to my phone.so far so good its really fast', ""what's not to like, works with my nexus. speed and capacity are fine. no problems. good quality and i'd recommend""]"
51,fast and reliable. works in my android tablet 7.0 with no problems. setup was no problem. good fit for my asus tf700.,"['fast and reliable. well worth the price. works in my android tablet 7.0 with no problems. setup was no problem.', 'fast and reliable. have worked with it for around 2 months now and nothing to complain about.good fit for my asus tf700']"
52,the only reason i didn't give it a 5 star rating was because it actually only had 29gb of space instead of 32. it came with the converter to change it to sd card. no issues with either. this has really just been used to store extra files and pass between computers.,"['love this 32gb micro sd card. i put it in my samsung galaxy note phone. i just returned from a 3 day trip where i used it as my camera video recorder. i kept it on hd quality the whole time. no problems at all. the only reason i did not give it a 5 star rating was because it actually only had 29gb of space instead of 32. if that is the norm then please excuse my ignorance!', ""this has really just been used to store some extra files and pass between computers. it came with the converter to change it to a standard sd card. no issues with either. it always amazes me how so much data can be stored in such a small space. anyway, it will get more use in the next month. i'm planning on upgrading phones and will knock it down a star if it seems to slow to record video to. so if you just see 5 stars, it means i am lazy and the disk is still good."", ""i was able to use this microsd card with my samsung galaxy s3. i just had to format it when it was in the phone. the only reason not a 5 star is that it's not as fast as the more expensive versions."", ""it feels odd to give 5 stars to something that disappeared into a piece of electronics, but to be fair, it works as promised, and there is nothing wrong with it. i use it to store the digital map for my garmin 810 bike gps computer. the file is about 4gb in size. the map loads quickly in the garmin, and i have not had a problem with entering a bike route or navigating one. i have taken it out twice, a 42 mile ride and a 60 mile ride, and it worked flawlessly both times. 'nuff said."", ""i give this memory card a 5 star because it works like a charm easy to use plug and play. the packaging is easy to open so you don't have to worry about damaging the card itself . slipped it right in my samsung galaxy s 3 maxing out the card slot with this sandisk 64gb but it only displays 59.47gb its stable and fast works really good. didn't have to format anything or do any extra steps to use it. i recommend this to everyone"", 'the only reason i give one star is that i cant give zero stars.just lost all my files in the sd in my s3. i cant believe i trust my valuable information in this company. avoid this item. dont recommend it.']"
53,"the card was in amazon frustration free packaging, but it was not counterfeit. it's still ok to buy 'false' cards from amazon if they're not sold in the store, and they are still available for sale despite the price tag of the 64gb card.","['was worried about some articles saying to use 2 x 32gb cards instead but this 64gb card worked out fine for me but was scared when the camera got real hot the first time around.', 'the 64gb version does not seem as reliable as the lower gb versions. i have had to reformat this card twice .. a real nuisance. when its working .. it does well.', 'with that said, there has been some skepticism related to the serial number of the card as it is displayed on amazon. i can confirm that i received a brand new 64 gb card with the serial sdsdqua 064g u46a.', ""the 64gb card i purchased actually contains 4gb of flash memory and some kind of hack that causes it to appear as a 64gb drive in various drives and readers. of course, this took me a while to figure out since i only just got around to copying more than 4gb of data to the card, but with some testing i have nonetheless discovered this to be the case.the card i bought was in amazon frustration free packaging. i don't know if cards purchased that way are less likely to be counterfeit than retail packaged versions, but i suspect that i will stick with manufacturer packaging from now on."", ""i wanted a 64gb card for my samsung galaxy note ii. i've learned my lesson about buying from that well known auction site we all know, and getting fake cards there. i've always had good experiences buying memory cards from amazon, and always got genuine stuff. this card was recognized by my phone right away, mounted, and formatted perfectly. i have a ton of music on it, and some videos, and still have about 12 gb free. i feel like i got my money's worth!""]"
54,the 64 gbe mirosd card is incredibly good for cellphones and storage space is immense for those like me that need it.,"['i have been looking for a 64gb memory card and i found one at our local electronics store but it was over 100. i logged onto amazon.com and found this at a great price. why pay more when you can come to amazon and get it for less.', 'i purchased four 4 items from amazon and when i opened the box my 32gb memory card was missing. so rating this product is truly impossible', 'if price is also double of 64 gb card, then it goes straight to my shopping cart. otherwise it will remain in my wish list.', 'this was an exceptional deal...especially since they actually sent me a 64gb card instead of a 32gb. price is right.', 'nice deal on the 64gb mirosd card. these are ideal for cellphones and the storage space is immense for those like me that need it. just wish the price was lower for the 128gb ones.', ""my review is a little backwards 8230 but i thought the most relevant should go first.warning only buy this card on sale!the typical price since summer 2013 is about 24 for 32 gb, and about 48 for 64 gb. do not pay any more than this, and you can actually pay less if you have the luxury of time patience.the lowest non lightning price hit about 18.00 for 32gb and 35 for 64gb, in early december. i basically buy when the price hits 20 or less, and the 64 nears 40.00.from december 2013 to january 2014, i watched these cards change price on an almost daily basis. they initially went on sale for about 17.95 and 34.95 for 32 and 64 respectively. i watched them slowly increase in price, with random dips and peaks for a month. on january 6th 2014, they still show as a 34 best deal on amazon 34 for 34 7 more days 34 but they are at the highest price point since last summer and higher than i have ever payed for these cards! so don't let the 34 best deals 34 section deceive you, at 27 50, these are not a 34 deal 34 in terms of price.okay, here's my actual 34 review 34 of these absolutely great sdxc cards. i have tried a variety of microsdxc cards, and so far the samsung ultra uhs1 are the best and the price can't be beat for all the most important reasons speed, capacity, reliability, durability.i have not had a single failure, and i use these cards in my nook hd , nexus 7 2013 via usb and my canon 5d mark ii with converter and macbook pro in the card slot . they're durable and waterproof, and i can use the same card in all these devices without reformatting. i even had one go through the wash, and i still use it for pictures.for the technically inclined, i have cards with both the clockwork mod bootloader for the nook hd and the magiclantern firmware for my canon eos 5d ii on the same card. i can pull it from the nook, shoot pictures with the camera, and look at the results on the nook by just pulling the card out of one device and placing it in the other. this should be possible with any sdxc sdhc card, but it turns out that the samsung uhs1 is the only card i've found that works reliably. some cards won't boot because they're too slow too finicky, but all my samsung uhs1s work great the 64gb will not boot in the nook, but no 64gb card will .i keep my eyes open for price drops on these cards because they've performed so well for me. samsung also has a newer, faster card, but its price point hovers somewhere north of 34 prohibitive 34 so i still stick with these. and that's good news regardless because as the new card increases its market share, these should drop even further in price."", ""buying two of the 32gb cards is even cheaper than buying one 64gb, too. it's a really is a solid value."", 'i would have gone for the 64gb, but they are still a little pricey. this one works fine for now. i have my entire cd music collection on the one card.', 'got a defective memory card. showed only 1 gb instead of the 64 gb. returned it for a replacement and never got the replacement! got my money back and went to walmart.']"
55,amazon price is good. never again will buy cheap for 'a memory card' amazon is a good quality card.,"[""i purchased this card for my parent's asus transformer tablet as a christmas gift. it installed with no issues and they love it. i made the mistake of buying a no name sd card for my tablet motorola xoom previously and had to return it as my tablet didn't recognize it. the sandisk brand is excellent quality. i guess it just goes to show you, you get what you pay for. the amazon price is good. never again will buy cheap for a memory card."", 'not sure what the point is of reviewing a stanard 32g memory card. purchased for a tablet and works fine.', ""it was exactly the memory card i ordered. i tested it using the adapter that came with it by plugging it into my computer. worked great.i replaced the 8 gb card already in my new tablet a month old with the new 32gb card and everything ground to a halt. waiting a long time made no difference.the maximum card size for my tablet is 32gb. i guess for now it's just an ornament. that's why it was the unexpected. that's why it only got 4 stars.update the memory card may not be at fault."", ""my fiance has had this in his tablet for almost a year now without a single issue. i feel that it's one of the best quality memory cards we've ever had. make sure you get the retail packaging and not the 34 frustration free. 34 the retail packaging only requires one quick clip of the scissors and it's worth it to get one that is sealed in a package and not at risk to be damaged."", ""bought it for my tablet. its worth it to pay a couple bucks more for quality instead of trying to seek out the rock bottom priced bargain sometimes. there's a lot of counterfeit cards out there but you don't have to worry about being suckered like that when you buy a sandisk or other quality name brand memory card.""]"
56,blackberry z10 holds all of her music from itunes and her most precious pictures.,"['reliably turns my blackberry into a jukebox full of music video files no buffering or stuttering to catch up', 'i bought this for use in my blackberry z10. it works great for me as i hold all of my music from itunes and my most precious pictures of my wife and kids.no problems whatsoever with my z10', ""works great in my blackberry z10. holds all i need and it is fast. i really wish there was more to say, but i can't think of anything. no cons."", ""i've been using this in my blackberry z10 for movies, music pictures for the past few months without issue. quick response, no lag or compatibility issues.""]"
57,"i bought this for the expandable memory in my galaxy note 2. it works perfectly without any issues, it is plug and play, no format required, at least with jellybean.","['i bought this for my samsung galaxy s3 to expand the memory. best money i could have spent. no issues, works as it should. fast shipping, great packaging. worth every penny.', 'i bought this to expand the memory in my htc evo 4g lte phone. works great and the adapter is a nice touch.', 'works as expected. this product has added 32gb memory to my samsung galaxy s3. love it. it adds so much more memory to your device.', 'bought this for extended memory in a galaxy s iii. great price. easy to install and the phone recognized it instantly. does what its supposed to do.', 'i bought this for the expandable memory in my galaxy note 2, and it works perfectly without any issues. it is plug and play, no format required, at least with jellybean.']"
58,samsung 64gig card has met my requirements. one for my wife's phone and one on my phone - a c10 card for her galaxy note 1 e.g.,"['i was better off with my 32gig card. this thing was nothing but problems. the phone does not see it half the time and it is slow. the phone keeps asking to re format it. i got it to see the card after a reboot. it is still slow.i will be buying the samsung 64gig card for my samsung galaxy note 1. i have seen good things from samsung.', ""this card has met my requirements. i wanted a 32 gb card with an adapter and i wanted the faster card and it is a c10. it worked out of the box with no problem. i bought 2 of them at the same time, one for mine and one for my wife's smartphone samsung galaxy centura. i am satisfied with both of them.""]"
59,samsung galaxy note 10.1 is supposed to use it! thanks amazon! keep it in the package!,"[""a few months ago i purchased a samsung galaxy 10.1 note. it was my very first tablet. i didn't know much about them, a friend told me i need one. i couldn't do without it now. i was having issues with the storage, and was told i needed a sd card, and this was the one i was recommended because it had the most storage.i managed to put the in myself after watching a video on youtube. my friend told me to downloaded app manager from play store, which i did and after clicking on app manager to open it, i successfully transferred all my apps to the sd card. i checked in settings, now i'm happy because i have tons of room for other things.i've had it a couple of weeks now, even though i've added several more apps and my bookmarks etc, i still have no storage problems. i was told that this card is the best, i have no complaints, it's doing a great job. i'm glad i didn't go for a cheaper version."", ""i got this to expand the memory storage in my samsung galaxy note 10.1. the tablet and paperwork claim to support up to 32gb, but other reviews for these cards and the note 10.1 said that a 64gb worked just fine. and work just fine it does.i store mostly music on here, as i've got over 22gb worth of music, which would have taken up most of the 32gb built in to the tablet. i also use my tablet for sheet music, so i needed to have the capability to have all that on there, too. so this was my best solution, and so far it's worked wonderfully.and, on top of that, it came with a microsd card to sd card adapter, making file transfers even easier. overall, i would highly, highly recommend this product!"", ""got two of these one for our samsung galaxy note 10.1 tablet and one for my samsung galaxy note ii cell phone. both devices had no problem recognizing the new 64gb cards. couldn't be any easier to use. nice to have a large amount of storage on both devices. the easy to open packaging was a real treat. i did not use the adapters as i just connect my phone and tablet to my laptop via usb to transfer music, photos and music."", ""i finally took the plunge and got this guy. i was worried it wouldn't work with my samsung galaxy tab 2 10.1. after reading some of the reviews how people 'got it working', i finally decided to give it a try.first of all, i want to say there was no 'getting it to work'. i put it in and it recognized it immediately. i didn't have to pre format it or do anything hokey with it. i used the tablet to format it anyways there might be some optimization things that can happen , but it work! now, i can load all my songs and movies onto one card as opposed to keeping them on two and swapping between them.hey samsung, why don't you make a tablet that holds more than one microsd card? i'd buy it. update i bought another one to go in my galaxy s5 for 40. even though the 128gb will work in the phone, i couldn't see paying literally 3x more for only twice the memory. so these work great!"", ""the size of a finger nail ! the little too easy to lose 64gb card plugged in so easy ! so quick ! in the samsung galaxy note 10.1 ! with out the adapter ! did it help ? still too new at this ! only required 32gb ! overkill ? price too close not to get it ! hope that it helps ! galaxy note phone is supposed to use it ! thanks amazon ! oh ! this is so tiny ! keep it in the package ! until you need it ! and keep that package some place where it can't be lost ! it is just too cute ! thanks again ! cute ! cute ! cute !""]"
60,the 64gb sd card is the max compatible with the devices i have. the ultrabooks or the galaxy galaxy are available in the us if you are looking for storage storage in your area - or in storage for the superbooks!,"[""when you buy a memory card, what are you looking for? additional storage, higher transfer rates, and good prices. this card is often on amazon's lightning deals and this is the second one i purchased! i use it in my nokia 808, which is my phone and camera. storing 41mp photos needs a speedy drive, and this one really works wonders! the additional space is also great for storage! the second one i bought for my laptop, it just stays in there in lieu of an ssd because my laptop only has an 80gb internal drive. if it were possible, i would definitely install windows to it, but this laptop will not boot from a memory card.bottom line need space? problem solved, 64gb is currently the max you can get.need faster transfer rates? for a microsd card, it's about as fast as you can get and if you can get faster, it'll cost a lot more cost? well, wait for a lightning deal if it's too much, but the current price really is not bad.5 stars.additionally, the sd adapter works perfectly! including the little lock switch to make it read only if you want."", ""best 64 gigs of micro sd out there. no lag accessing data for the smartphone, acts like the phone's own internal storage and is indistinguishable from it. the integrity of the data is well preserved."", ""this san disk micro sdhc is perfect for today's small electronics that need extra storage, such as smartphones, tablets, and cameras, etc. i've purchased several of these and this brand version, is among the best. while amazon usually has great prices on these, make sure you check out sales, especially at radio shack, which often beat all others. no, they don't pay me i just like to pass along info on good deals when i spot them. fyi radio shack's sale prices on no contract smartphones are usually tops as well. i bought my virgin mobile samsung s2 from them and am loving this phone!back to the memory card, it's so nice to have android products that take these to expand memory, something the i guys could really take a lesson in. and if you don't think you'll need the expanded memory, trust me, with photo taking and all the goodies you can get, you'll want it over time.as one person commented, yes, this memory card comes in various sizes, including the 32gb version i also purchased, which is the max compatible with the devices i have, although 64gb is also available for the latest tech. all this is amazing to this old timer, whose first desktop pc hard drive had only 500mb storage!"", ""the only company capable of making a reliable micro sd at 64 gigs. in all reality they are the only company capable of making a fully reliable sd card period, of any size and type. despite the galaxy phone issues, this card has excellent read spead, format speed, and decent write speed. i upgraded from my 32gig sandisk that i paid a mere 20 bucks for! in my smart phone to this and had absolutely no issues.as a complete side note, i'm amazed at the capability to fit 64 gigs on a micro sd. i love it. my friend runs a tiny homemade built pc off of a 16 gig sandisk as the harddrive and it works brilliantly."", 'price of micro sd per gb is much lower compared to a few years ago.works fine with lg g2x and galaxy note 2.with all the new phones with more than 6m pixels and 1080p video, your internal storage is going to dry out very fast. external micro sd is definitely a must.4gb and 8 gb are running out very fast . 32gb is definitely a welcome especially if you buy it during the sale pro 1. bought this during sale under 25 usd.2. class 10 fastest for now 3. trusted brand sandiskcons none.', 'i purchased this micro sd card with adapter to supplement my ultrabook which came with a msata storage of only 128gb.the 64 gb sd card is a whole lot of storage and the prices of these have fallen to low in recent times and believe will fall further as newer technologies will come.i would recommend this 64gb original sandisk micro sd card for anyone who needs large storage space at good prices, especially for the samsung galaxy s2 s3 or the ultrabooks.']"
61,"great value for extra storage on cell phones. adapter included with memory disk allows easy interface with standard computer card reader interfaces. a must for any device when u need extra space, adapters allow easy transfer of info such as pictures, music or documents very small size and huge capacity.","['great value for extra storage on cell phones. adapter included with memory disk allows easy interface with standard computer card reader interfaces.', 'a must for any device when u need extra space, adapter allows easy transfer of info such as pictures, music or documents', 'very small size and huge capacity.just what i was expecting to my cell phone.also, i can use the adapter to download the information directly to my computer.', 'this is exactly what i need.plenty space for just about anything.works on computers laptops, psps w adapter, cameras, camcorders, etc.', 'i have plenty of space for my pics and songs that i store on my sd card. the adaptor helps in easy transfer to my laptop.']"
62,micro sd card has 20 gb of videos on the card. it is a perfect fit and functions flawlessly - it features 20 videos and 20 video clips on it. i bought this card for my pocket camera.,"['i bought this micro sd card for my samsung pocket camera.i was amazed at how much storage i could shoot video in hd 1080 on such a tiny card.so far it is performing nicely.', 'i put 20 gb of videos on this micro sd card and it is a perfect fit and functions flawlessly.']"
63,the 16g storage can be sufficient for 'a short program' the 720p and 1080p video was good for the quality.,"['above average speed and perfect for the photographer needing ample file space. can easily be used as a micro or sd card in different format cameras. fair pricing.cons none', ""i wanted a good quality micro sd for video recording my nephew's wedding. this was more than enough storage for a couple hours of mixed 720p and 1080p recording with plenty of room to spare. video looked good for the quality of video cam."", 'great micro sd high speed card for digital photography i use in sony hdr cx160 . the 16g storage can be sufficient for a short program.']"
64,"solid sdhc card is fast at reading and writing fast for recording video and pics. read write to the card allows maximum use of special modes available with the camera as a backup. data transfer speeds to an computer are also good, no real complaints.","['solid sdhc card that is fast at reading and writing fast for recording video and pics , has great capacity, and is reasonably priced. i have had no issues with it.overall, highly recommend.', 'i use sdhc in my many cameras. they work well.', 'purchased this card for use with my new slr camera as a backup. read write to the card is fast which allows maximum use of special modes available with the camera. data transfer speeds to a computer are also good, no real complaints. overall a good sd card for the price.', ""solid card, used for music on phone and apps, but has been standing in on my dslr and has functioned great for the purpose. got the card at 20, which was a bargain, and it's finally full."", ""good fast and reliable sdhc for the price can't beat it! been using this for video and photos no issues at all.""]"
65,the 64gb sandisk ultra class 10 card is responsible for the occasional video recording. it has led each video only 3 5 minutes each to have several performance issues that by default i have to attribute to the card since nothing else has changed and no problems formatting this card or installing using it otherwise. the write speed isn't as high as,"[""i have to assume that the brand new 64gb sandisk ultra class 10 sdxc card is responsible for the occasional video recording stutter pausing that has happened since i started using it today. prior to that, never had an issue with my previous sandisk sdhc card. but today on its maiden trip, it has led each video only 3 5 minutes long each to have several performance issues that by default i have to attribute to the card since nothing else has changed and i've never had an issue in the four months that i've had my galaxy note 2. no problems formatting this card though or installing using it otherwise."", ""its probably better than i think it is. i got this to go in a samsung tablet which is about to get replaced with an ipad. but the sd memory card portion has not given me any fits yet. the write speed isn't as high as some sd cards and this funky form factor requires an adapter most of the time, so don't expect to pop this into your dslr.""]"
66,this is the fastest microsdhc i've ever own. it writes very quickly and then off to the next shot. this suits my needs of casual photography.,"['this sdhc is fast. great for cameras, the pictures take nothing to record and the next shot is quick and easy. i use it with raspberry pi, that needs fast media. works perfectly.', 'this is the fastest sd card i ever own, 30mb s i recorded full hd videos... and this card help me a lot with it.', ""this is the fastest microsdhc i've used. i got it for a tablet but it turned out the tablet had no microsdhc slot when it arrived. so, using it for a 10.1mp camera. it writes very quickly and then off to the next shot. i'm quite pleased with the performance of this card.i think there may be cards even faster. but this suits my needs of casual photography.""]"
67,"roku3 memory card works great. fast transfer rate, good capacity, and reasonable price. it would work equally well in any device that required a micro card. i'm very satisfied and suggest to anyone looking for fast micro cards give 'a look to this one'","['great memory card. using this along with out roku3. works great. fast transfer rate, good capacity, and reasonable price. what else could you ask for?', 'i could not get this brand of memory card to work in my roku. it would not format correctly. i had to return this for another brand which worked ok.', ""i took advantage of an irresistible offer from amazon, and this 32gb card performed like charm in my roku.i'm very satisfied and suggest to anyone looking for fast micro cards give a look to this one."", ""i put it in my new roku 2 xs and it seemed to work that is, it recognized and formatted it. i'm hoping to use my roku for music and video. i suppose that mostly i'll be streaming but i thought i'd give myself the option of locally storing some of the media."", 'i used this in a roku 3 video streamer. yes, at this point, the roku 3 will not take advantage of the size, but may in the future. also, the price was right.', 'good fast access memory card. i use it in my roku player, but it would work equally well in any device that required a micro card.']"
68,"great fast storage. works great as my galaxy s4 storage card. compact size is helpful and the transfer speed is quite good - it holds just short of 32gb of data, and transfers it at just a short distance of 30mbs, as expected.","['great fast storage. works great as my galaxy s4 storage card. you can always rely on sandisk products. pay a little more sometimes, but worth it.', ""this is a little gray square, with one corner missing. it holds just short of 32gb of data, and transfers it at just short of 30mb s, as expected. i use in in my cameras, which is what it's designed for, and it works as designed."", 'compact size is helpful and the transfer speed is quite good. highly recommend this for people who have large storage requirements.', ""didn't realize this was as small as it was, nice speed and great use cross device with the included adapter. lots of storage space for transferring files and films.""]"
69,"i bought this to use in my chromebook with a short sd card adapter. it took some time, but now he has double the space for the card to transfer 1.2gb movie to my usb 3.0 flash drive in about 1 2 minutes. if transfering movies from my desktop to the wd 2.5 inch","[""it works, but file writes are a bit slower than expected on a usb3 reader.also, both reads and writes are faster with the card inside the standard size sd adapter 15 mb s vs 10 write 45 mb s vs 22 mb s read on the same card reader. can't figure why..."", 'i bought this the day it came out for the great price of 119.99 and it finally showed up a month later. i knew this going in . i put it in my galaxy note 3 and it instantly recognized it and i was set.speeds in my laptop via the included adapter ranged from 15 30mb read speed and about 12mb write speed. i copied an entire 64 gb card over to this one, and it took some time, but now i have double the space.', 'i bought this to use in my chromebook with a short sd card adapter. i can transfer a 1 gbt file from the sd card to my usb 3.0 flash drive in about a minute.', 'my wife and i just upgraded our phone to note 3 and wanted more space. we had the phone for 4 days now and micro sd card works fine. however, i feel transfer rate is slow when transfering movies from my desktop to sd card. 1.2gb movie will take about 12 16 minutes. i have pretty high end gaming pc. intel i7 980x cpu, 12gb memory, 7870 ati graphic card, 120gb ssd card, 3tb hard drive for storage, 1200w 80plus gold pus, asus sabortooth motherboard,etc. when transfering movies or file to my wd 2.5 inch external hard drive will take 1 2 minutes. still satisfied, since i have more than 90gb of storage on my phone.']"
70,sandisk 32gb microsd card came with my htc thunderbolt in 2011. it's the best expansion you can add to most any phone. 1080p videos with no issues with read write stability.,"[""i had been using a 'regular' sandisk 32gb micro sd card that came included with my htc thunderbolt i bought in 2011. the size was decent, but i never realized until upgrading how much i was lacking on the speed.i finally got one of these to replace my old card with my galaxy s3. it is superb. i just recently got a galaxy s4, and again, this card is just about the best expansion you can add to most any phone.with my old microsd card, i had gotten used to just sitting there, zoning out, as i waited patiently for my computer to transfer pictures videos off my card to be backed up to my pc's hard drive, or copying some music files from my pc to my card. with this new card, almost any single file even hundreds of megabytes big is an instant transfer, that transfers too quick to even bring up that 34 moving 34 dialog box in windows 8. on my very big transfers lots of hd video files at once, totaling several gigabytes , i have to wait, but i'm waiting for seconds instead of minutes.combine the excellent speed with the fact that 64gb can hold a ton of data compared to typical storage sizes on phones , and you have a very satisfied customer. now i can procrastinate even longer the occasional transfers of all my pictures and videos to my pc, though i try not to.a lot of phones like my s4 specify 64gb sdxc cards as the maximum they support, so this is about the best you can even get for the moment, unless you want to pay almost double for sandisk's extreme cards. unless you have money to burn, i think these are a much better value and diminishing returns certainly kick in beyond this price point. but perhaps my next phone will support 4k hd video onto 256gb cards and i will yet again need to upgrade my card's capacity and speed... anyway, bottom line on this product awesome."", ""once i figured out the s3 wasn't liking the exfat file structure and formatted to fat32 it works quite well. i don't know if it's the phone or card and i'm not about to test it elsewhere, but i didn't see the 30mb s speeds. it works good enough for the phone and it's the best option i have for the biggest storage for now.1080p videos with no issues. no problems with read write stability. overall i'm happy i bought it.""]"
71,"samsung's 256mb card works perfectly in my galaxy note ii. comes with a converter to normal size, and works fast enough for taking pictures and videos with the mobile. amazon prefers the brand for my memory cards and the dslr camera.","['i put this baby in my galaxy note ii, formatted it, and ran an sd card app to test it. all seems to work well, maxs out my memory.', ""works well in my galaxy note ii. i've bought many sandisk memory cards and never experienced a failure, even the 256mb sd card purchased for a palm pilot still works."", ""works like a charm in my galaxy note 3. i'm tired of getting bogus sd cards off another major auction house."", ""the card i received works perfectly in my samsung note 2. it comes with a converter to normal sd size, and i used it to copy music and photos from my imac to the card. it picked up straight away in my mobile device and works fast enough for taking pictures and videos with the mobile.delivery was fast as usual from amazon, and packaging was good.on a sidenote, i own a couple of dslr cameras and generally prefer the sandisk brand for my memory cards. i've seen other brands fail at the most inappropriate of times, but never had a failure on a sandisk."", 'i love the card unfortunately my note 2 does not allow app install on the sd therefore i have not been able to fully test this card', ""added this card to my note 2 for massive storage capacity. phone recognized the card without any issues and it's been solid since its installation. read write when plugged into a computer is blazing fast.""]"
72,the card works nice and fast on my cell phone as well as pc to load it. it boots pretty quickly though not as quickly as when booting from emmc. the os boots and runs smoothly once at the android launcher.,"['got for my cell phone and this card works nice and fast on my cell phone as well as on my pc to load it.', 'i purchased this for my wandboard quad. i loaded the wandboard provided android 4.2.2 image and have had zero issues. as the os boots and runs from this card, it boots pretty quickly though not as quickly as if it were booting from emmc , and runs smoothly once at the android launcher.']"
73,"i bought this to expand the memory on my galaxy s4. it works perfectly, is very fast on both reads and writes. at 32gb, it provides a lot of additional storage on top of the 8Gb in the phone.","['i bought this to expand the memory on my galaxy s4. inexpensive, easily to install, and comes with an adapter to make it a full sized sd card, the sandisk ultra should be at the top of your list.', 'i got this to add more memory to my htc evo lte phone. it works perfectly, is very fast on both reads and writes, and at 32gb, provides a lot of additional storage on top of the 8gb in the phone. i recommend this specific card for any android phone. sorry apple users... no expansion slot for you!', ""use it in galaxy s3, note 8.0 and note 10.1. never had a problem. i'll continue to buy these when i get new devices. never tried a 64g one. might.""]"
74,sandisc has 2 hours with the 32 gbit compared to 20 minutes in 34 mode. all the rest of my memory cards are still working 100!,"['was expecting a better and faster, more efficient product, and was not disappointed. replaced a standard type 32 gb card and this does work remarkably better. pleased with the purchase.', 'great product and price from sandisc. i will be using it for my cell phone, replacing the 8gb. for my video now i have 2 hours with the 32gb compared to 20 minutes w 8gb in 34 super fine 34 mode. all the rest of my sandisc memory card from years ago are still working 100 ! thanks sandisc!!!']"
75,"samsung's microsd card works great with my galaxy. it gives me the memory that i need to store videos and photos instead of in the system memory, so it helps free up a lot of space for apps and things that have to be in system memories - and it works perfectly with google music.","[""from what i've read, some galaxy users have had problems with microsd cards, but this one works great so far lots of apps are willing to store their data on it, and samsung's built in camera is able to put its photos there instead of in the system memory, so it helps free up a lot of space for apps and things that have to be in the system memory. i've put all my mp3s on the card as well and they play back perfectly using both the samsung music app and google music."", ""it's amazing to have a 128gb micro sd. works with my samsung note2. i am using it on my yoga 2 pro with modified nifty minidrive"", 'i have a samsung galaxy s3 phone and the microsd works great with my phone, it gives me the memory that i need to store videos and photos instead of using the memory from my phone', 'is very good micro sd , i use with my samsung galazy s 4 and work perfectly , have more space to my music']"
76,"i can fit months worth of music, apps and ebook's on it with room to go!","[""super fast and lots of storage! i can fit months worth of music, app's and ebook's on it with room to go!"", 'as advertised this guy holds some serious stuff in its innards. solves my issues and is quite speedy. would suggest.', 'fast and holds all my music and larger apps.']"
77,"ootransfer speeds are great!really worth the price! fast data speeds, large capacity and worked right off the bat.","['not much to say other than plug and play, good quality and fits a lot of video ...good good good', 'high speed, high capacity of storage. great durability. i use in my phone and in my digital camera. work very good', 'quick speeds and a ton of memory.if you have an expandable slot, get this.it was nice being able to store all my photos, videos, and music on my phone finally.', 'a ton of storage, fast transfer speeds, not much more to say. i used this on a samsung vibrant and nexus 4', 'massive memory boost to my captivate glide.holds all my music, files, etc and i still have 20gb free! o otransfer speeds are great!really worth the price!', 'really fast sd card, large storage space. works perfect.i use it for all my music and photos. no problems so far. nothing much to say about it besides that it does everything i need it to.', 'fast data speeds, large capacity and worked right off the bat in my samsung siii. love the fact it holds my large music and audio books library on the device.']"
78,"i bought this for my son's nabi tablet for cartoon videos, movies and 34 all 34 games he'll be downloading. the price is hard to beat.","[""i bought this for my son's tablet for cartoon videos, movies and 34 all 34 games he will be downloading he's under 5 yrs so they'll be small simple games ."", ""i bought this for my 6yr old's nabi tablet. thing works perfectly allowing him to download music and games with ease. loved the price and trust sandisk products."", 'my young kids all filled their tablets with games and needed some space. these worked just fine. i like sandisk. i would buy stock in their company but i am not a gambling man. good ratings on the transfer speed too might i add with it being a class 10.', ""i got this for my 3 year old's nabi. i can put tons of movies and tv shows on this thing and keep her entertained for hours. for the price it's hard to beat.""]"
79,sandisk microsdhc class 10 cards are 5 stars. the card also allows obscene burst mode of 9 13 fps which is amazing for machines so far from my tests - but they are not so good for me. i have a problem with my test.,"[""i don't want to write a review for each of the 8, 16, 32, and 64 gb sandisk microsdhc class 10 cards. they're all 5 stars. they're extremely fast, and as class 10s, have allowed my canon sx50's shutter to speed up because it transfers information so quickly with the camera's very small processor. they also allow a burst mode of 9 13 fps which is amazing for a non dslr.these cards are also very reliable. i've had no read write failures in the two years that i've been using them.the one 34 negative 34 is that they're so small and can be dropped easily when getting them out of the adapter. still, if you've been working with computers since there was a gerbil running the power for your pc, you have to marvel at how anything this small can hold more than 30,000 high def 6 gb photos on a 64 gb card that is smaller than your pinky nail."", ""compactflash is just about perfect to use in a camera in the field. as the size shrinks, so does one's ability to easily handle the card. sd is getting marginal as far as usability in the field. forget about changing a micro sdhc card unless you are back at your computer! too small to handle and easy to drop and loose!however, with the 32gb and 64gb cards, that's not quite an issue especially if you leave the card in the camera! the camera is larger than the card my a great deal. set it down and it's a lot easier to find and handle than a micro card shown twice as large as life when i was writing this review .my cards came with sd adaptors so that they would be useable in my work flow, a plus. also, within the adaptor, i can use the card in devices with sd slots and download using my existing readers."", ""have ordered a couple of these 16gb class 10 microsdhc uhs 1 cards and they've done well by me. high transfer speeds, nice adapter, and no problems so far. works with android phones tablets easily, windows and mac machines so far from my tests.""]"
80,this item is great! imagine 64gb this size back in the 70's. it is large enough to run a full lamp server.,"[""this item is great! i can't believe how small it is. imagine 64gb this size back in the 70's when they had whole buildings full of computers that couldn't pack this much space! great item."", 'i bought this for my raspberry pi. it is large enough to run a full lamp server. the price speed are a good bargain.']"
81,"great sd card. it is my favorite microsD card, fast and so far no problems. we have 3 of these and this is the fastest one that we've been able to find - all of this in tiny little microdisk.","[""great sd card. i use it in a galaxy s3, and have no complaints.its quite fast, and works. i don't know what else to say.you can't go wrong with sandisk."", 'we have 3 of these and so far it is my favorite microsd card, fast and so far no problems.', 'have been using this non stop for 6 months without any failure or problems. it is the fastest one that i have been able to find and all of this in a tiny little microsd.']"
82,memory card has thousands of 5 star ratings. it's reliable and easy to use. i'll reserve 5 stars until they blow me away on the price.,"['i am giving this item a five star rating because it works well and can be used in a micro or standard format.', 'really the gold standard. i will reserve 5 stars until they blow me away on the price. otherwise, this is an excellent buy.', 'there is a reason why this memory card has thousands of 5 star ratings. good price and it works well.', 'this rating is based on multiple years of use of this memory card. its reliable and easy to use. i would recommend this to anyone looking for a memory card for long term use.', 'does what it is supposed to do. what more can you say? i have no reason to rate it lower than 5 stars for that purpose.']"
83,"16 gb is the sweetspot for price and size, can't imagine filling it. it is becoming very annoying that even with flash devices you buy 16gbe but only get 15gB - so why not label it as the exact size?","[""this tiny marvel does what it claims. the only possible problem is that it is so small that you may lose it if you happen to drop it during handling. but with 16 gb capacity, you won't be handling it often."", 'all though it states 16gig it only has 14.8gig available but i know that happens and expected it, keep this in mind if your wanting more storage you might want to order the 32gig card. it was exactly what i expected and needed so no complaints.', ""nice memory card. i think 16 gb is the sweetspot for price and size, can't imagine filling it. i only buy class 10 cards just in case a little speed boost is important. i have this in an android 4.2 player, works great."", 'works fine, but it is becoming very annoying that even with flash devices you buy 16gb but only get 15gb. why not just label it as the exact size?', ""16gb is a good amount for what i use it for and sandisk is 1 fir sd cards, i'm satisfied."", '16 16gb 32gb. lasts long time! waaaaaaay cheaper than the 32gb version of the s3 ip4s ip5! highly recommended! or get the 32gb for 48gb total...', 'why is you buy a 16gb card and when you install it, you have only 14.8 gb? exactly where does that 1gb i paid for...go to?', '16gb and it works!', 'great price for the chip, fastest speed on the market, and fast service good job. 16gb is a great amount of storage for the price, even better than 32 or 64gb, great for cameras, phones, tablets, etc.', 'just another 16 gb micro memory card. quality build and on sale, the cheapest around.']"
84,disk works great and give me plenty of room for storage. had had this for about 6 months now and it's in my samsung galaxy '4',"['just dropped right into the phone with no proble. disk works great and give me plenty of room for storage.', ""had had this for about 6 months now and it's in my samsung galaxy s4. haven't had any storage issues and it was a breeze to put in the phone. i went with sandisk because of their reputation and reliability. sure... i could have gone a little cheaper in price, but it wasn't all that expensive to start with, so why not spend a little extra and get something that will last.""]"
85,"the storage works for my phone but when you install it into the sd adapter, my computer doesn't read the data.","[""i bought this for a friend of mine to put some videos on it. initially, when plugged into the computer, we couldn't find the storage in the directory. however, after finding a micro sd to usb adapter...bingo! worked like a charm after that. install the videos, plugged the card in the phone, and we were off to the races.not sure if we needed the adapter, but we couldn't get the computer to recognize it. we also used a linux o s. go figure."", 'plug and play! stuck it in my phone and within seconds it was ready to go! great way to add extra memory for those of us who can use them in our phones!', ""i bought this card for my samsung galaxy phone. i have mounted the card and my apps are using it but i can't seem to get my photos to store there. it works just fine and gives me the added storage capacity i want i now need to figure out how to use it. this brand is really the only brand i would consider buying."", 'the moment i got this, i just plugged it into my sgs3 cellphone. i transferred some videos from my cellphone memory directly to the sandisk ultra, and it copied real fast. i plan to replace this soon with a higher capacity 32gb variant. highly recommended brand.', ""plug and play simplicity. popped it in and it works. didn't even need to format it. i believe sandisk said it was formatted as 'exfat' so i'm good with that and so is my wife's phone. it shows approximately 119gb before use. holds a whole heap of photos and videos."", ""i had to format it as fat32, you can google for how to do that, but once you do, it works great. i'll never understand why people would ever buy a phone that doesn't have a microsd slot. with this you can fill it up with whatever you want, such as movies, tv shows, music, and share it with whoever you want. just pop it in your phone and you are all set for a long trip, airplane ride, etc. i never need to worry about running out of space when taking full hd videos either."", ""the storage works for my phone but when you install the storage into the sd adapter, my computer doesn't read the data.""]"
86,the sd card arrived quickly and has worked ever since initial install. i have removed and used in adapter for laptop and put back in without issue!,"[""the sd card arrived quickly and has worked ever since initial install. i have removed and used in adapter for laptop and put back in without issue. i'm using on droid razr m and always select unmount option in storage section prior to removal to ensure data is not lost. i have no complaints with this item. i bought this card to replace a 32gb card i purchased previously and suddenly stopped working. i paid a little more but some things are well worth it. i put a lot of mp3 files on my device so this card is great."", ""not much to say about sd cards either they work or they don't. this one appears well built and required no formatting hassles and took to my galaxy siii as well as the original or better the original samsung card fried . a month into it, and no problems."", 'works flawlessly. i dont buy any sd cards unless its from sandisk. never had a problem with them and i know their class speeds are true or under rated compared to other brands.']"
87,samsung note 8 seems to be fast and supply the full advertised memory capacity.,"['so far i have not have any problems with this memory, the transfer speed is good and it works just great on my samsung note 8', 'i have a couple of these and have had no problems with them at all. they seem to be fast and supply the full advertised memory capacity.']"
88,"the card handles high transfer speeds which is good for music, pictures and videos. do not get any lag or have to wait for card to load up.","['good buy on this card. was just what i needed for my tablet. super fast spead on this so up loading or down loading from my pc or laptop is fast.', 'this card is great and at 20 bucks its a steal. the card handles high transfer speeds which is good for music, pictures and videos. do not get any lag or have to wait for card to load up.', 'i have had this card for a couple of days and i am very pleased with it. i bought it for use in my toshiba thrive 7 tablet, mainly for storing movies. i used it with the included adapter in my hp netbook which is where my movies are stored and it worked with no problem. the transfer of 4 movies took about 15 minutes altogether, and they all played perfectly when i put the card back into my thrive. for this price and with prime shipping, there was no way i could pass it up! i will probably be ordering more of these in the future.', 'i love this card. it provides a massive storage boost for my tablet, and has really fast access speeds. i have never run into loading problems, even with very large video files, and am happy with its performance.']"
89,"8217 s reliable, never missed a photo or music file.5 stars well deserved.","[""this card is great. it's really fast compared to common cards even from sandisk, kingston, etc.if you need to copy files to your card in the shortest time, then this is the right one.it 8217 s reliable, never missed a photo or music file.5 stars well deserved."", 'love this card, its fast and sports an insane 128gb of storage. amazon had a killer price on it too, well below the big box stores. works perfect with my phone and my hd video recorder.', 'best card for an 808 26. gives you 2.5 charge cycles worth of recording without having to dump memory. but ya 32gig is better!']"
90,"amazon had the item for the lowest price. my girlfriend needed an upgrade for her smartphone and this memory card works quite well. she said there is plenty of room for apps, games, photos, and of course, videos.","['does the job. this item is available almost anywhere, but amazon had it for the lowest price. my girlfriend needed an upgrade for her smartphone and this memory card works quite well. she has tested it by shooting some sample videos and they came out very clear. she said there is plenty of room for apps, games, photos, and of course, videos. i highly recommend this all who need it.', 'works great and faster than a conventional memory card. videos, pictures and access run smoother. highly recomnended for those who are in need of great space.', 'already many reviews on the product so i just wanted to say i have a few of them and these cards are just plain solid and priced right as well. hope to see the 128 gb soon.', 'great card. now they need to make a more 128 gb cards so i can buy one of those without having to pay double. 200 bucks..? no thanks.', ""i really wanted a 128 gb card, but at less than half the price, as well as actually being in stock right now, this is a good buy, and works well. i couldn't find anyone that would say for sure when i was looking to buy, but this is compatible with mac.""]"
91,"the card works fine, and none of the three had any trouble with the memory card this far. do yourself a favor and pay the extra money for this card.","['way less than anything i could get in a big box store. no issues with the card this far. would buy again and again.', 'i bought three of these one to replace my old 1 gb card and two for first time users to add to their phone memory. these cards work fine, and none of the three had any trouble.', 'i have had no problems with this memory card. owned it a couple years and transfered it from phone to phone.', ""do yourself a favor and pay the extra money for this card.seriously, you spend all that money on a nice phone and it's like you're only using it at 1 4 or 1 3 of it's capability.get this memory card and enjoy your phone how it's supposed to be run."", ""what can i say about this memory card other than that it worked when in my phone after the old one caused all manner of problems. it does the job it's supposed to."", 'i feel a little cheated, they state that this is the best for android phone yet it failed. i never even removed.i have had other memory cards last me years upon years. have to look for another one so disappointed. the phone moved smoother but not sure it is worth it', ""i really don't know what to think about this i got it thinking it would solve my memory problems but that's not the case turns out you can only put certain things on this and of course none of the thingsthat are eating up your memory on.your will go there is a way to swap your internal memory for your external card but it's not easy and you have to root your phone""]"
92,i bought this sundisk memory card for my knew cellphone. it stores all my cell contacts and leaves much space to store any apps or programs he wants - a great memory cards for anyone that has pcs!,"['i bought this sundisk memory card for my knew cellphone and it is fantastic, it stores all my cell contacts and leave much space to store any apps or programs i want, i recommend it with all my hurt.', 'i wanted a memory card for my phone so i started looking around online, this is by far one of the best you can get and the price is un beatable', ""great memory card! got this on one amazon's daily deals at a terrific price! getting ready to upgrade my cell phone and want to have a larger capacity memory card ready to go. this is just what i needed!"", 'i would recommend this memory card to anyone that has a cell phone, or a tablet pc. this memory card is fast and efficient.', 'i bought this memory card because i love to have a lot space in my fhone o or computer and seems to work very well i love it. i recommend this product!', 'perfect memory card for cell phone use great amount of storage and has really good read write speeds. would recommend to others']"
93,"i was running out of room on my 32gb card on a galaxy note 3. this solved my problems nicely! now it has enough space for movies, music and photos on her device! inexpensive and it includes an adaptor card so he can use it in applications without sd slot.","[""works great! i was running out of room on my 32gb card on my galaxy note 3. this solved my problems nicely! now i have enough space for movies, music and photos on my device! i don't think i will be running out of space for a while!"", 'i got this to go in my smart phone and it does the job great! inexpensive and it includes an adaptor card so i can use it in applications without a micro sd slot. this expands its versatility.']"
94,"samsung's documentation says it is compatible with a card. the galaxy note 10.1 read the card perfectly when installed, and it was re-installed and rebootes the tablet, causing the problem to go away. it will be the cards has been stable since i've had it installed for less than two","[""i was a bit concerned when i first ordered this microsd card. samsung's documentation says it is compatible with an sdhc card, but this one is sdxc. i read a bunch on google about incompatibilities, but they were older forum discussions. i read the sdxc used to be incompatible, but that samsung published an update late last year that allowed the galaxy note 10.1 to work with this card without the need for reformatting to a fat file system. for the price, i thought i didn't have much to lose and would give this a shot.my report the galaxy note 10.1 read the card perfectly when installed. there was a small glitch where the note asked to format the card after i removed it from the tablet and transferred about 25gb of data to the card from my pc while it was in a card reader . all i needed to do was to remove the card again, and reinsert and reboot the tablet, and the problem went away. have been using this for hours doing extensive read writes to the card with no failures. will update if i have any issues, but for now, i am extremely pleased with the performance on this."", ""i searched for an inexpensive 64 gb micosdxc card for my new samsung galaxy note 10.1 2014 edition 32gb tablet and this one caught my eyes regarding positive comments and price. the note was a christmas gift and it will be used for media entertainment while on business travel and as a replacement for an aging toshiba notebook. there were no problems with the install ... the card was recognized upon boot up after the installation. i don't require great transfer speeds for my tasks. a quick test using es file explorer copying a 400 mb media file from the tablet os card to this expansion card yielded 10 mb s write and 40 mb s read speed, which is more than sufficient for all my tasks. as a bonus, i added this card to my shopping cart at 46.99 and the following day the price dropped to 37.99. that was all the incentive needed to push the 34 place your order 34 button. i can't speak much of reliability since i've had the card installed for less than two weeks. so far it has been stable.""]"
95,"this was the fastest microsd card i have tested, unfortunately it died after about four months of use in my android phone. the test results from my older but still functional 32gb class 4 sandisk sequential read 23.022 mb'ssequential write'","[""i purchased the card in the sandisk packaging, so i am pretty sure it is genuine. i tested it with various programs on the web that apparently can detect whether they are fakes or not. this one turned out to be a real sandisk card. the card came formatted with fat32.i read on the web about these micro sds, and apparently they are not as fast as the full sd card version. i borrowed my brothers sandisk 32gb full sd card to make comparison tests. here are my official unofficial test results using diskbench v2.6.2.0 and h2testw 1.4 test. i will give the results as an overall result, because after testing these cards over and over with speed writes and reads, the results get mixed and varied to a big degree... much larger than i expected, but the numerous tests showed me a general trend. the trend is that the full sd cards do write faster than the microsd card. but, also remember that the microsd had to be put into an adapter to do the test on my pc while the fullsd card was put into the computer reader directly.these are just my averages, but small file writes both sd cards wrote at close to 10mb sec. the microsd was less consistent in the tests and sometimes dropped to 8mb sec.small file reads both sd cards read at close to 20 mb sec at their fastest.large file copies to card microsd wrote at 3.5mb sec while the fullsd wrote at about 4mb seclarge file reads copies from card microsd was 10mb sec while the fullsd read at about 14mb sec.my conclusion my tests were by no means official for this card and showed much variance dependent on file size of the reads and writes, but the fullsd card was faster in many cases, but equal to microsd in most cases. the small file writes and reads showed that they are similar enough. but, my only concern is with large file writes.... is 3.5 mb sec good enough for rapid photography on a high pixel camera? i don't know. i have had no problem using these cards with h264 movie capture for hours. i am surprised that 3.5 mb sec is enough.also, never during the huge file copies to the card did i get any noticeable heating of the card itself, by touch even for an hour. i've noticed that it has been a complaint from many people on the web, some stating that they felt they might burn themselves. i copied files that took more than an hour with no noticeable temperature change, other than, perhaps a couple of degrees. of course, this was on a pc and not installed in a camera.the card performs well for video work, and appears to meet many other tests performed by other people. i never saw a read close to 30 mb sec... they were very consistent at 20 mb sec at the highest performance.i would get the card again, if the price were right."", 'this was the fastest microsd card i have tested, unfortunately it died after about four months of use in my android phone. at first my phone would randomly say the card had been removed, then eventually neither the phone nor any reader i had could access it.the test results from my older but still functional 32gb class 4 sandisk sequential read 23.022 mb ssequential write 4.460 mb srandom read 512kb 22.387 mb srandom write 512kb 3.144 mb srandom read 4kb qd 1 3.414 mb s 833.5 iops random write 4kb qd 1 1.231 mb s 300.5 iops random read 4kb qd 32 3.309 mb s 807.8 iops random write 4kb qd 32 0.993 mb s 242.4 iops compared to this product, 32gb class 10 sandisk sequential read 41.492 mb ssequential write 15.653 mb srandom read 512kb 43.380 mb srandom write 512kb 17.685 mb srandom read 4kb qd 1 4.696 mb s 1146.5 iops random write 4kb qd 1 1.595 mb s 389.4 iops random read 4kb qd 32 4.859 mb s 1186.2 iops random write 4kb qd 32 1.334 mb s 325.6 iops']"
96,"sandisk class 4 16gb card was reported as damaged by two different android phones. if the card had nothing on it then the phones recognized it but as soon as data, music or pictures were added then they reported it as damage - i had this card returned to amazon after 3 days of sheer frustration.","[""i was out of space on my droid razr 16gb and still had an empty microsd slot, so i figured i'd pick this up seeing as how it is a reputable brand in flash memory. i am glad i went with the sandisk ultra, because there is seemingly no difference in speed between this drive and the built in internal memory of my phone. i record a lot of videos with my phone and i've been recording straight to this card in hd with no problems at all.installation was a breeze. i took the memory card out of the package and inserted into my phone. then my phone brought up a menu asking if i wanted to move my music, videos, and photos to the memory card. i selected all three categories, and in minutes it had moved all of my media onto the memory card. i didn't even have to do anything else. i had read some other reviews that said they had to reformat the card or mess around with moving files by hand, but i didn't have to do any of that.i haven't tried using the included sd adapter yet, but i imagine it will work as well as any other adapter. the adapter and memory card were both shipped in a little clear plastic case, which makes it easier to carry the adapter around with you. so you have it with you when you need it.the price on this card when i bought it was a few dollars more than the generic brands. i decided to spend a few extra dollars on it since i would be really upset if i lost all my photos and videos due to a corrupt memory card. i am very satisfied with the product and i would highly recommend it to anyone looking to increase the storage capacity of their phone or anything else this would fit in."", 'the class ten card failed and jamed my phone a kyocera rise it was replaced with another regular h d 32gb sandisk card and is working fine. the micro sdhc cards are 1 3 less in price than they used to be and are a best buy by far.your music paljoe mal', 'this review is for the sandisk ultra 32 gb microsdhc class 10 uhs 1 memory card with adapter sdsdqu 032g affp a that was purchased for me from amazon.frustrating in a word. this card was reported by two different android phones as damaged but my windows computer recognized it with no issues. if the card had nothing on it or had just been reformatted then the phones recognized it but as soon as data, music or pictures were added then the phones reported the card as damaged. i had this card returned to amazon after 3 days of sheer frustration.i read another review that suggested the class 10 cards were not ideal for smart phones. i was already using a sandisk class 4 16gb card in another phone and had never had issues so i purchased a class 4 sandisk 32gb and it was as smooth as butter. both phones recognized the card right away and added data, music and pictures seamlessly and quickly. the second card purchased was the sandisk microsdhc 32gb flash memory card, black, sdsdqm 032g b35 retail packaging .in summary this card may work just fine for other devices but based on the sheer number of other reviewers here on amazon and elsewhere on the internet that had similar issues with smartphones i cannot recommend this card for a smartphone.']"
97,i have a 34 sneaker net 34 plugged into my asus transformer tf300t tablet. it allows me to move 30 gb of data to what ever she am using at the time. the speed is high enough to ply high definition video from it.,"[""i have this regularly plugged into my asus transformer tf300t tablet as extra storage. but with the included adapter i can also plug it into my laptop. so i use it as a sort of 34 sneaker net 34 , allowing me to move 30 gb of data to what ever i am using at the time. it is filled mostly with pictures and movies. the speed of this makes it convenient for transferring large amounts of data. i'll be buying another one of these in the near future."", ""bought this to add to my daughter's new asus transformer. excellent access and storage speed."", ""i put this in my mom's asus transformer book t100ta c1 gr to provide an ample amount of storage for all pictures, music, and movies. this performs very well and we've experience 0 lag so far. great product."", 'i wanted one of these badly, in fact i ordered two. aside from someone stealing the first package they sent me, i am glad i could just go on amazon, see the super cheap price and have it delivered in 2 days, which is quicker than i could go and get one living here in nyc. now i have tons of stuff i can quickly load onto it and put into my asus transformer t700 instead of waiting for the super slow usb cable transfer directly to the tablet. the other one i put in my galaxy s4, which is sheer overkill but i dont have to worry about running out of space', 'excellent product at a great price. i use it with asus transformer pad 700 and it works great. speed is high enough to ply high definition video from it.']"
98,"i am using this to add capacity to my android powered hp slate 7 34 tablet. the 32gb specification seems to limit the size, but it works great in my asus android tablet.","['i am using this to add capacity to my android powered hp slate 7 34 tablet, had to re format to ntfs to work but then it worked great! note many devices will only work with up to 32 gb card only, check your specs before ordering', 'works great in my asus android tablet. the 32gb specification seems to limit the size, but it works great, some i am happy to write more words.']"
99,"the microsd slot on the t100ta is a bit too shallow 34, so the card protrudes slightly. bought this for one purpose to plug into my windows 8 tablet. it worked perfectly nice and fast enough, at least 64gb capacity recognized.","['i loaded this memory card into my tf700t and could not get it to install. i found it to be a format issue and could not reformat it to get it to work. i sent it back and got the class 10 sandisc card non ultra and it loaded perfactly.', 'bought this for my asus tf700t transformer tablet. no issues whatsoever. great having 64gb internal plu, now, an additional 64gb in sd.', 'i bought this for a tablet that i bought alldaymall tm a70x 7 inch android 4.2 4 gb a20 dual core tablet pc i was skeptial at first but it worked great for my tablet and for the price it boosted my memory from 4 gb to 36 gb in total good product!', 'i have an asus tf300 16gb, and i just plugged it right in and it worked without a flaw. the only annoying things, the card may get stuck in the sd adapter, so you might want to be careful with that. other than that its great. shipped on time, great prices, these are regularly like 70 to 100', 'this works great for added memory on my new asus t100 tablet laptop. it came with a 64gb hard drive and now with this i have 128gb.', 'i put this in my asus tf700t tablet. there were mixed reports of whether the tablet would support such a large card, as the official limit for this tablet is listed as 32 gb. i have had no problems with this in the tf700t, and leave it in the device all the time. this is a great way to ensure that you have a hefty amount of media available anywhere.', 'i was little hesitant to order this initially but turned out to be an excellent product,did a initial test on crystaldiskmark.enjoying it on my asus tf101.the shipping was quick too.', 'i purchased this card as memory storage for my asus tf700 tablet and it works like a charm. highly recommended!', 'i use this on my small asus 10.1 34 notepad to get a little extra storage space. installs well and works great. just be sure you orient it right when inserting it without and adapter to protect it in a small slot like the one that comes with the asus. thought i was going to break it since it is so tiny and looks so brittle but got it in ok.', 'bought this to expand storage in my windows 8 tablet.so far, so good. minor point, the microsd slot on the t100ta is a bit too 34 shallow 34 , so the card protrudes slightly keep that in mind if buying this card for that tablet.', 'bought this for one purpose to plug into my asus tf700t tablet. worked perfectly nice and fast fast enough, at least and full 64gb capacity recognized.', 'i purchased this to wxpand the memory in my asus t100 hybrid windows 8.1 laptop tablet. it came very quickly and in the easy open package i hate plastic bublbe packaging . when it arrived i put it in the micro sd slot on my tablet and it just worked. i got it when it was on sale, so it was a great value too.']"
100,"samsung branded card works well in my galaxy. poor packaging don't understand why these manufactures seem to think that putting all this plastic wrap all over the cards is good, anyway the card is high quality sturdy and quick to save and pull information from on my wife's e-mail tv.","['perfect card for my galaxy s3 lots of capacity at a decent price, and not a no name brand either.', 'better price than the samsung branded card and works as well or better. make sure that you check the requirements of the device that you have so you get the best card for your device.', 'not too much to say about the card, other than it works well in my samsung galaxy s4. the price was great for such large storage and i believe you will be very happy with your purchase.', ""this card is great for the price it's exactly what i ordered. works great with my samsung s4. plenty of memory."", 'shopped around a bit and this was by far the best deal on this card. works great in galaxy s3.', ""great card but poor packaging don't understand why these manufactures seem to think that putting all this plastic wrap all over the cards is good, anyway the card is high quality sturdy and quick to save and pull information from on my wife's samsung galaxy s3""]"
101,"amazon insists on a minimum number of words. if you've got more than one word, you can use amazon's e-mail to get the item at the gold box discount. amazon is not required to write more words but i'll type them since they're required.","['came in fast and managed to get it at a gold box discount, seven more words are required? thats cool i guess.', 'works! and why should i write more..... damn it! eleven more words... finally am done with this, crap!! three more words??', 'this item came on time nice works well they want 12 more words i just dont have then . .', ""simply works, what else matters? why does amazon insist on a minimum number of words? this is a simple product that works. that' s all that needs saying."", ""no issues it works great in my device. i don't think it would require more words but i'll type them since it's required.""]"
102,"i've had this card for over a year, and it has worked great. it's been working for 4 years on my gp camera. has not crashed nor failed me.","['this card has met my every expectation. i use it for still pictures and video streaming in my samsung camera, and thus far no problems at all.', ""i've had this card for over a year, and it has worked great as a backup storage source for our digital camcorder 1080p 60 . it seems to keep up just fine, and functions perfectly.the only albeit minor nit is that the microsdhc to sdhc adapter seems to not work in all card readers. i'm not sure why, but it wasn't worth removing a star for that."", ""it's been working for over 4 years on my gp camera. has not crashed nor failed me. i've shot over a hundred hours of footage on this card. i will buy again for sure."", 'i use this card for watching workout videos on my smartphone so i can do them outside. it works great.']"
103,"samsung has a max temperature range of 5 stars. the heat issue is something else and i won't take any star off just because of that. if you have any questions, please contact mrs.sandisk.","[""my card got so hot it almost melted. crazy! but you card somewhere else, i know i wii! i'm not taking the chance of ruining one of my devices. no thanks"", ""yeah. ultra hot. i could not get any of my devices to recognize this card. when i finally was, using a usd reader, i tried to format it. it wouldn't format and burned my fingers when i removed it. others have also posted this. maybe they are not all bad, but many are. perhaps they are counterfeit, i don't know. but the hassle of having to return it isn't worth the 10 you may save."", 'i purchased 2 of these, 1 for my htc incredible phone and the other for use in a key chain storage device. both of these cards run very very hot. after copying over 4gb of files, it was almost scalding to the touch. but both have been reliable with only a few issues of reading them, both times in the thumb drive adapter, so that may have been at fault and not the card itself.', 'first, it kept unmounting on the galaxy note 10.1i got it replaced.i used the replacement on my galaxy s4 and it heats up my phone when charging. it gets very hot. gs4 does not get hot with other sd cards. awaiting my second replacement.', ""arrived today. as always shipping from amazon is the best.i read the reviews, and decided i would give the sandisk 64gb microsdxc a shot, normally i go with patriot for all my flash memory.so one thing i read that worried me, was the heat issue. well i can say that it does run hot.how hot you ask? i can feel it through the back cover of my samsung galaxy s3. not plastic melting hot. but i know it is there.is that an issue? maybe? maybe not! i have never really noticed any of my previous cards getting hot. sure even some of my usb sticks run hot after a transfer.is it cause for concern? i honestly don't know, yet.i will use it and see if heat causes any issues. if anyone has had the same problem feel free to comment and tell me what happened or if you contacted sandisk.i am thinking about calling them and also samsung to find out what max temperature range is acceptable. as i really don't want to ruin my bad a new phone.otherwise this is a lot of space for cheap. can't complain there. i gave it 5 stars for that reason alone.the heat issue is something else and i wont take a star off just because of that.but i will still be concerned until i have some answers.thanks for reading.""]"
104,"rip.i bought this for my wife when it was on sale for black friday 2013. she has extra other than built in storage for her phone to be able to hog on to more pics, music, and games. it arrived quickly before the phone was is my hands!","[""bought october 7th. passed away december 23rd. rip.i didn't really even use it because of the built in storage on my gs3. i had about 15 gb of music and movies on it, but only for when i was unexpectedly bored and without my zunehd. on to the next brand i guess."", ""i ordered this in anticipation of getting my new galaxy s4. it arrived quickly long before the phone was is my hands! and was easy to install. after almost 2 months, i've had no problems at all so far. i store all my photos and music on it, and it's great not to have to worry about maxing out the phone's native memory."", 'i bought this for my wife when it was on sale for black friday 2013, and has been coming to good use since. she appreciates the fact that she has extra other than built in storage for her phone to be able to hog on to more pics, music, and games. great deal on a great product.']"
105,"easy to install, good performance, can be used in phone, photo machines, computer. easy installation, immediate functionality, great way to expand my phone's photo storage capacity.","[""easy to install and performs per specs. i have expanded the capacity of my handheld scanner with this product. the convenience of these micro products is phenomenal! i began my career in it in the 70's and can attest to the truly wonderful progress tech has made over the years. we do more with less that's innovation, that's capitalism at its best!"", 'easy to install, good performance, can be used in phone, photo machines, computer. now i have extra space in my cell phone.', ""easy installation, immediate functionality, great way to expand my phone's photo storage capacity. i am very pleased with this purchase,""]"
106,samsung galaxy note 2 is a 64 gb version of the 64-bit. the microsd card is much more secure and less likely to be damaged than hard drive while crashing hard drives are damaged. photes'saved',"['well since 16 gb is not enought for me i purchased this one specifically for my samsung galaxy note 2 which by the way is far better than the iphone 5 ... i have both so i can compare and i am not trolling... in any casethe sandisk 64gb works perfectly with the note 2. i transferred the original info from my previous 16 gb sdcard to this in a heart beat. now i have movies, music everything. works great.dont understand how people can rate it with a 1... product works as described 5 5', ""got a transformer infinity tablet 32 gb which was a decent amount to begin with however i wanted a microsd to double it to have a decent storage size. i decided to go with sandisk since i've never gotten any bad portable storage from them before.microsd is still working fine in my tablet. has my videos i wanna watch on the go when i have my tablet. also useful to store and apps to for installation."", 'i bought the 32 gb and 16 gb versions to backup photes to my galaxy tab 2 while travelling. it works very well an dallows me to view edit pictures while on the road. it is my primary photo backup system while on the road. the micro sd card is much more secure and less likely to be damaged than a hard drive while travelling.']"
107,it works great in my samsung galaxy note 10.1 tablet. it's easy to upload and export items from multiple devices with the adapter that comes with it.,"[""got it for my note 10.1 and it's great being able to pop it into my computer via the adapter to load large amounts of pictures on and then back into my tablet. kinda wishing i got a larger capacity one."", ""this product was early coming in. it works great in my samsung galaxy note 10.1 tablet. it's easy to upload and export items from multiple devices with the adapter that comes with it."", 'gave to my samsung galaxy note 10.1 the power to take and use it with any kind of application. quick, easy, install and play.', 'bought it for my galaxy note 10.1 and worked since day one. easy to use in multiple devices for transferring files also.', 'bought this for my samsung galaxy note 10.1 2014 edition. was a little worried about it being the right one because the documentation was skimpy and some people had problem getting 64gb working.no problem! just slipped it and when i went to settings it recognized it immediately.nice having the adapter so can move photos and files to my pc when i need it.']"
108,i bought this micro sd card for my galaxy note 2 about 5 months ago. the card recognized it immediately and right after transferring 20gb of videos music to my phone right away.,"[""i got this for my samsung galaxy note. after reading various reviews and comparing different micro sd cards, i decided to get this. one of the main reason was because of the speed of this card uhs 1 . the card has been good to me and i'm happy with my purchase."", 'slipped perfectly into the microsd card slot of my galaxy note 2 and was immediately available. no formatting required, and writes to this card are fast enough to use it for video captures. sweet!', 'this card is one of the fastest sd cards on the market. it works great for your samsung galaxy note ii. no issues with installation or device recognition. highly recommended.', ""i bought this memory card for my galaxy note 8. it's a sandisk and worked great. the card was recognized quickly and i put all my music, videos and other files on it to save room for my internal memory. the price was also very good."", 'i bought this micro sd card for my galaxy note 2 about 5 months ago and its been great. plug and play with no problems. it recognized it immediate and right after i was able to transfer 20gb of videos music to my phone right away. the transfer speed is good and is what i was expecting from reading guides on these type of sd cards. this is a good product and i recommend it to anyone looking for a sd card.', 'bought this micro sd card for my samsung galaxy note 2 and it works flawlessly. lots of space and fast!', 'i just received this micro sd card. everything works so far. i purchased 2 for my galaxy s5 and my tablet. so far so go.']"
109,"file system as shipped may not be appropriate for all phones. plug in to the phone shows up sd card, but didn't give me the option to format, plug into to laptop, same thing - but later realized that i had to formats the card from the flip down menu 'i'm going to look for a gen","['file system as shipped might not be appropriate for all phones but just stick it in and format it in the phone and you are good to go.', ""plug in to the phone shows up sd card, but didn't give me the option to format, plug in to the laptop, same thing. thought it was doa. but later realized that i had to format the card from the flip down menu. now it works perfect. was going to look for a gen4 64gb ipod touch, 350 vs 55 makes no sense. plus the galaxy s2 t727 works just fine as a media player.""]"
110,the older card readers are not compatible with class 10. the new cards could not be written to without the operating system win7 reporting write errors. i bought two of these for my galaxy note 10.1.,"['i bought two of these for my samsung galaxy note 10.1. just to be on the safe side...i put them in my note first and formatted them, then took them out and put media on them. i use the media card reader with these and it works just fine on my computer and tablet.', ""works great in my modern phone and tablet. however i was unable to use it on my pc's sd card reader. it appears the older card readers are not compatible with class 10 as both my new cards could not be written to without the operating system win7 reporting write errors.i probably should blame the card reader, but it never failed me until trying to write to this card."", 'no problem here. i use it in my samsung note 10.1. it is a little slow writing to it but such are micro sd cards.']"
111,i bought this for my samsung galaxy note 10.1. it works great! seller was also very fast in shipping!,"['works great with my samsung galaxy note 10.1. fast and dependable, no problem with viewing videos from it on the note 10.1. try it you will like it!', ""this doesn't work on the galaxy note 10.1. it is getting detected however it is not being utilized by the note 10.1."", 'i bought this for my samsung galaxy 10.1. it works great! i have had no problems with it!i would definitely buy this again. seller was also very fast in shipping!', 'i use this with my samsung galaxy 10.1 tablet and it works great. the sd card loads fast and i have had no issues.']"
112,the 32 gig san disk memory card went into a tablet given christmas gift. it loaded all the music and some video that was stored in the laptop - but still has 12 gigs left. i plan on installing lots of memory hogging apps if chosing your tablet.,"['the 32 gig san disk memory card went into a tablet given as a christmas gift.no problems and fast performance.i loaded all the music and some video that was stored in a laptop.i still have 12 gigs left.very happy with the memory unit.', ""installed as sublimental memory for samsung tab 3 8 inch tablet. doesn't look like apps can be installed on the card, but that is a tab 3 issue, not a san disk issue. something to think about when chosing your tablet. i plan on installing a lot of memory hogging field guide apps, so thetab 3's 16 gb built in memory may be a problem for me. on the other hand, i have a lot of music, so the sd card will be useful.""]"
113,i use this in an asus android tablet. no problems using it to transfer data between the tablet and pc. currently using this for my retro gaming and it works great.,"[""i use this in an asus android tablet. i've had no problems using it to transfer data between the tablet and pc. no trouble with storage errors either."", ""currently using this in my tablet for my retro gaming and it works great. haven't lost anything and speed works fine. i don't have a negative thing to say it."", ""using it in a 10 34 android tablet and have had no issues. mounted easily and seems to be doing it's job!"", 'bought this item to use in my android based tablet and it has worked just fine. doubled my storage capacity at a very reasonable cost.']"
114,we bought this to go with our new samsung galaxy work pro 12.2 tablet.,"['we bought this to go with our new samsung galaxy tab 4. works great and allows us to add a lot of videos onto our tablet.', 'i use this in my samsung galaxy work pro 12.2 tablet. it woks so what else can you say?', 'for the one that are afraid of buying it to use with your tablet good news. is tiny piece of memory works fine with samsung galaxy note n8000. i had to do nothing. just plug it. no problems at all. it runs smooth so far.']"
115,i installed this on my samsung tablet tab 2 7.0. plugged it in and it works fine.that is about all there is to it - it's going pretty smoothly.,"['i installed this on my samsung tablet tab 2 7.0. there is definitely a performance difference on my tablet especially when i load up all my apps.', 'got for my samsung galaxy tab2 7.0 . plugged it in and it works.that is about all there is to it.', 'i am loving it so far.my samsung tab loves it too. dit seems to be going pretty smoothly.', 'good stuff! works with my newly bought samsung galaxy tab 2 10.1 inch, wi fi no problems at all. i am happy.', 'i am not a technical person who can give all the specs on this but i put it in my samsung galaxy tab 2 and it works fine.']"
116,"i purchased two of these for my samsung tablet and a galaxy note. great hardware that is truly speedy, responsive and meets my needs! works perfect with my tablet, very satisfied with this product, good quality and awesome, highly recommended, fast shipment,a plus works perfectly in our tablets and phones!","['i purchased two of these one for my samsung tablet and one for my samsung galaxy note. great hardware that is truly speedy, responsive and meets my needs!', 'works perfect with my samsung tablet, very satisfied with this product, good quality and awesome, highly recommended, fast shipment, a plus', 'works well in our tablets and phones', 'works perfectly in my samsung tablet!']"
117,"i bought this for my samsung galaxy tablet 2 7.0. works great, fast and have not had a problem - it will also work with the'sammsong galaxy r4'","['does exactly what you would expect, use this in my new galaxy tab and not disappointing as always a great product', 'does what is suppose to do. i purchased it for my samsung galaxy tablet 2 7.0. no problems or complaints.', 'bought this for my samsung tab3. works great, fast and have not had a problem. this will also work with the samsung galaxy s4.', ""works great for my samsung galaxy tab 2. just plugged and played. didn't have to do anything special. i would recommend."", 'works perfect in my galaxy tab 4', 'just what i needed for my new tab 4. i have absolutely zero issues with it in my samsung tab.']"
118,"thesandisk extreme 64 gb microsdxc memory card bulk package is the best card on the market. the card is very fast, was easy to set up and is reliable and offers plenty of storage.","['i keep growing with these things as they grow in capacity and speed. this device, however, stands out above all the others microsd cards i have used. i experienced an incredible and noticeable difference in speed between this and thesandisk 32gb microsdhc memory card bulk package i have used in my phone for the last two years. besides doubling the capacity from 32gb, i am enjoying the benefit of the speed this thing brings with it and adds to my phone. the price was really right for this too. i can only imagine what thesandisk extreme 64 gb microsdxc class 10 uhs i memory card with adapter sdsdqx 064g u46a is like. i was not yet willing to pay the price for it to find out.', 'this has got to be by far the best microsd card on the market. it is very fast, was easy to set it up. i am using it in a samsung galaxy s3 and it works flawlessly. well worth the money.', ""an excellent microsd card from sandisk. i purchased this to format fat32 for use with mysamsung galaxy tab 3 7 inch, white and, once so formatted, works flawlessly. it never has unmounted on its own, it's lightning fast, it's reliable and offers plenty of storage. reasonably priced as well. in fact, i purchased this on sale at my local big box blue retailer with the yellow price tag for a logo for 27.99.""]"
119,samsung galaxy tab 2 10.1 is a memory card that works well with the galaxy. the device was bought for ipad and works great with it with no additional formatting.,"['this device was bought for a galaxy tab 10.1 and it works well with it. the price was decent and i have not had any issue with the disk.', 'worked perfectly in galaxy tab 3 10.1 with no additional formatting. seems as fast as the internal memory of the tablet so no need to pay for more than 16 gig in the tablet if you buy one. adds 64 gig of storage for less than upping the tablet to 32 gig. fast shipping as always with prime.', ""used it for my samsung galaxy tab 2 10.1 tablet. stopped working after about 10 months without warnings. my tablet now recognizes as blank or un formatted card my computers won't even recognize it at all! i am still trying to recover some priceless photos of my kids since my last backup of the card..."", 'i have always trusted sandisk. this card works great in the samsung galaxy tab 10.1 2. i have been using it for about a month.', 'i purchased this to use with my samsung galaxy tab 2 10.1. i chose this memory card because i have used sandisk products many time in the past and have never had a problem.', 'this sd card does work with the galaxy tab 2 10.1. i was unable to format with a windows 7 machine, however utilized my macbook pro disk utility to format. works greats reads and writes videos and pics fast. i have not tested saving apps yet, but will adjust the review when i get the chance.']"
120,i bought this product for my samsung galxy tab pro 10.1. it works perfectly for the tab and has 7 movies and other crap on it.,"[""i purchased this product for my samsung galxy tab pro 10.1, and so far it's been flawless. everything works just right."", 'got it for my samsung galaxy talet 2 10.1, its ideal for the tab. no problems with it got it in the day i got it, does exactly what i want it to do', 'i bought this for my galaxy tab 2 10.1, for some reason i couldnt get it to work in it. so i put it in my galaxy note 2 phone and it works great. i have 7 movies and other assorted crap on it and it still has plenty of room.']"
121,"it took 8 blinks on the led for the image to be written. this time is 5 blinking - it works great, good size good and good price. only giving it 4 stars because it is 'a 34 little 34 slow'","['great card for a great price read and write speeds are on par with what is posted on the specifications detail report.', 'stil not getting the write speed as i need, but considering the cost capacity speed it is a good card!', 'i used this card to reply a class 4 on my fujfiilm x20 and the writing speed is much better now. before, after shooting a picture in raw format, highest quality, it took 8 blinks on the led for the image to be written, with this card the time is 5 blinks. this is a substantial increment in speed.', 'it works great, good size good and good price. only giving it 4 stars because it is a 34 little 34 slow to write and read from but it is to be expected from an xc card with speeds up to 10mb s i believe.', ""i'm running a live linux system off of this card right now, via a usb port. seems to have good read write speeds and is durable.""]"
122,this is a good buy for any device used this in an android tablet. the more capacity ones will come down eventually but it is perfect right now.,"['i use in a tablet. works perfectly. good size price. the more capacity ones will come down eventually but this is perfect right now.', ""i use this in my hisense sero 7 pro and it works great. it's a good buy for any device"", ""used this in an android tablet. it's fast, reliable and performs exactly as expected.""]"
123,i bought this to use in my 8 inch onda tablet. it is easy to install and works well - and it has been working now for about 6 months. would recommend to others and the price was good too.,"['bought this to use in my 8 inch onda tablet. no problems or issues installing or using. have about three months. would recommend to others.', 'it is an almost required piece for my samsung tablet. it was at a good buy. it is easy to use, and easy to install.', 'this is a very good item, fits perfectly in my tablet, its confortable, and protect it. works very nice, great item...', 'bought it for my tablet. it works well, and it has been working now for about 6 months. i have no complaints.', 'i put it in my tablet and so far nothing to complain about. will see how long this one can last.', 'just what i am expecting for this brand, i installed it in my tablet the moment it arrives and it works perfectly.', 'bought for android tablet. the best part of android is adding these. works great own 4 of these!', ""this is the second one of these that i've purchased. the first was inexpensive, quick, and easy to install in my wife's samsung tablet. i was so impressed that i bought another to install in my samsung."", 'ordered this to go with the tablet i ordered for my fiance. it works well and she loves her tablet!', ""to be honest i purchased this because my son said i needed it with my tablet...i'm sure it will be fine..."", 'needed this to put into my new tablet. this is exactly as described and works great no complaints . would recommend to others and the price was good too.', 'item as described. fits well in my galaxy tab 2. can access instantly both from my tab and from my computer when i plug my tab to laptop by usb cable. i like it!', 'i installed this in a tablet that i am giving as a gift, and so far so good. this is the second one i purchased i installed the first one in my tablet and it seems to be working fine also.', 'this is what i needed for my tablet and it works great. i will buy two the next time. thank you .', 'just what i needed for my tablet. recommend the product and getting one for my phone too. fits my expectations.', 'works great i purchased two one for my new cell phone and one for my new tablet.']"
124,"sandisk delivers again with this card. very fast transfers and a lot of data to use up. it works great - it's great card, great price and great value!","['as expected, sandisk delivered again with this card. very fast transfers and a lot of data to use up. bought it for a galaxy s 3 and it works great.', ""i've always bought sandisk sd cards, and have never been disappointed. this one is no exception. i'm using it in my galaxy s iii and have no problems. transfer speeds are as advertised. great card, great price.""]"
125,sandisk card is by far the fastest and most reliable card i've used. the price was right at 27.,"[""replaced a smaller and slower micro sd card in my phone. i've had other brands corrupt and die in the past. i've grown to only trust sandisk.it is faster than most other micro sd cards, the price was right at 27."", ""i've tried several brands of microsd cards in various smartphones and this sandisk card is by far the fastest and most reliable card i've used. like others have mentioned, i did have to format it using the tool from sdcard.org but once i did, it was faster than any other card i have ever used. completely error free and no issues whatsoever"", ""what's more to say, this is the biggest microsdxc card at the time with the reliability of sandisk with great speed. i have one in all of my tablets and both mobile phones. i have yet to have an issue with this card and don't expect to.""]"
126,the 64gb one is good and works just fine in the note 'ii' the htc evo micro sd card comes with an adapter so you can use it in bigger older size d cards if you want to upgrade.,"['i only buy sandisk cards and this one is good just like i expected. great read and write speed and no issues whatsoever. i also own the 64gb one and its just as good...also comes with an adapter so you can use it in bigger older size sd card slots.buy with confidence!', ""i wanted to upgrade my htc evo micro sd card. i found this sandisk at a good price. i have had few sandisks earlier and had no problems with it. i ordered and it was shipped fast. it comes with sd adapter and makes it usage as regular sd card. i unmounted the existing card from the phone, copied over the contents from one sd card to another using adapter and loaded up the new one. works great. i didn't see a huge difference in speed, but may be i didn't run any speed tests or anything. i like the price for the brand and 32gb card. i will recommend it."", ""once you cut and pry your way through sandisk's packaging, you will be rewarded with a nicely made and high performing microsd uhs1 flash memory. it comes formatted to sd.org's standards in fat32, so it's ready to go for most applications. my single gripe about this product is that they have omitted the usual small plastic box that holds the card and adapter. i use those! since i frequently switch cards between uses, and frequently have them in storage, those little boxes are very useful. it's way too easy to lose a microsd.anyway, here are the results from atto disk benchmark settings anticipating digicam use total length 64mb overlapped i o and qd 4 but it never exceeds 1 segment size in kbytes, read write in kbyte secsize write read.5 9904 163431 14555 170332 13454 273244 14194 353378 15065 3985316 14154 4062932 14277 4295764 13212 44291128 17567 44247256 16209 44442512 15391 444421024 17408 444422048 16229 44442 sorry for the ugly table, amazon does not support consecutive spaces, including alt 255, or embedded tabs this is very fast for a microsd. it's not quite up to what sandisk achieves in full size uhs1 sd cards that can write over twice this speed, but those are electronically more complex cards. the micro form factor likely doesn't permit the additional hardware to achieve speeds comparable to the larger cards. note that the read speed is a lot faster than what sandisk promises. note also that you will not achieve these speeds with a usb2 reader. you will need either a usb3 or built in pcie reader to get accurate results. so do not complain to me if you use a usb2 reader and don't achieve these speeds. in any event, you'd be hard pressed to find anything faster.my personal experience with sandisk products is very good. that is, i've never had anything fail on me. given the very reasonable prices of these, i rate them as highly recommended."", 'purchased two of these as they are the best. yes there are faster sandisk cards but this works just fine in the note ii .']"
127,sandisk memory cards have a lifetime warranty. i bought it 34 pretty cheap 34 for storage.,"[""nowadays this memories don't have the fastest write speed, but even tho those are good speeds.on the other hand, sandisk is a good mark.and, what adds even more value, imo, it's that those specific memory cards have a lifetime warranty.i got one damaged in 1 year, and they changed it.i really like this warranty service."", 'good write performance. it sped up the time to load my pictures as well. this was a good buy. there are lots of manufacturers for memory cards but i feel most confident with sandisk.', ""i've used many sandisk memory cards over the years. this one ranks way up there just like all the others. i am using it in a samsung tablet and it does all i want it to do. i cannot comment on speed, since that isn't an issue to me. for storage this is quite the gem. and i bought it 34 pretty cheap 34 .""]"
128,the sandisk ultras have not had a problem with the cards on my cameras. it is not always true of some common but less expensive cards.,"['i have several devices that use micro cards, so i buy these in anticipation of needs in the future. so i am not going to test this to see if it works when i get this. most items i buy at a good price. now if i am loading up cameras and recording gear for a trip or maybe a day at le mans. i will check them before i travel, as i check batteries and spares and chargers.so far i have not had a problem with sandisk, i am gearing up for a trip, my destination is a bit in question at this point.', ""i've had good luck with sandisk cards on my cameras, and so far this card for my android phone is no exception. fast and no errors, though admittedly i haven't had it very long."", 'the sandisk ultras tend to work reliably on all my different cameras and phones which is not always true of some common but less expensive cards. this simplifies ordering but they do cost a bit more.']"
129,usb microcard adapter is great for a storage device. comes pre formatted and easy to install.,"['very simple to format and use. excellent storage. buy it along with a 3.0 compatible usb microcard adapter for downloading to 3.0 capable computer. makes for very fast and hassle free transfer of your pictures.', 'came pre formatted and easy to install. came with adapter which is great. i recommend this if you are looking for a micro memory card, very worth the price.', 'it was already formatted and ready to go. just plug it in and start recording nothing more to say for a storage device just want it to work with no hassles.']"
130,microsdxc is a sandisk ultra 64 gb micro d card that can store an enormous number of data. it's incredibly reliable & reliable.,"[""this sandisk ultra 64 gb microsdxc class 10 micro sd card can storage an enormous among of data. and with the class 10 reliability and speed, it's a great buy."", ""microsdxc is the wave of future storage for any manufacturer that has any sense. these little cars can increase the storage capacity of the most basic of devices for far less than buying more expensive models that don't allow external storage. easy to use and with an industry standard that expands up to 2tb in capacity.""]"
131,the storage space is awesome and works as it should. it holds a lot of information and is easy to use and to transfer information as necessary!,"['i use this in my tablet for extra space and it works as it should. the storage space is awesome and works good i have had a few months now and not having any issues!', 'excellent used to upgrade the capacity of my asus tf 700 x tablet, has greatly enhanced the abilities of the tablet, easy to use and to transfer information as necessary.', 'i purchased this for my tablet. it holds a lot of information and i do not have any problems with this at all']"
132,good price and reliability are the strenghts of this thing. using it on an gn 8.0 and performs quickly went bad.,"['great item. runs a lot faster then the cheap ones and still a really good price. worth the extra money', 'excellent. got 2 of these but still testing to see if speed is its greatest deal. anyway cheap at the time.', 'it has it all, i got at great price....but speed, and reliability are the strenghts of this thing. using it on a gn 8.0 and performs', ""quickly went bad. i used it for maybe 2 weeks. better keep your receipt. too bad i didn't.bad deal. period."", 'i tend to hold my reviews until i test things thoroughly. is 2 years is thorough enough? works, no issues. stated capacity, good speeds.', 'great price size and speedyou cannot go wrong with this itemi have bought several of them already in different sizes', 'made the mistake of leaving it in the car when i had a flat and had to buy 4 new tires. went missing at the dealership so i never got to use it.', 'bought this one to add to the standard one i had already purchased for the size and speed and price it was worth it', ""got this in as described. so far it's working very well. i am not a technical person on calculating the speed. for a normal person, it's pretty fast and easy to access. great product.""]"
133,sand disk ultra is the best dang i've ever used. it sits in my phone and enables extra storage for photos and videoshowever it's really good because it is just sitting in her phone so it doesn't have to do anything about it - he knows it will perform great and not let you down,"[""there are things that i would like to say about the sand disk ultra.it is the best dang sd card i've ever used. all rights so let's be honest i just put this in my phone so that i would have extra storage for photos and videoshowever it is really good because it just sits in my phone and i don't have to do anything about it.seriously i can access everything by just connecting my phone to usb so it is essentially like the phone has another hard drive."", 'i knew buying sandisk i would get a great sd card and its super fast. i really like it in my phone.if you need a micro sd card this one will perform great and not let you down.']"
134,ultra allows for faster uploads and downloads onto the card! great for pictures and apps!,"['great product! came with an adapter to plug into a camera or a regular sized card reader. the ultra allows for faster uploads and downloads onto the card! great for pictures and apps!', 'i love the ultras cause it writes fast to the card with my samsung s3 with not much time in between pics. i also got one for my fuji waterproof camera and it takes a few seconds before i can take another photo but that is the limitation of the processor of the camera, not the card. overall, i love it. my computer can read them fast and videos are played back at real speed', 'i have two of these, one for each of our smartphones and they work great. ultras far surpass the basic microsds', ""i noticed amazon had the 'ultra' version for only a couple bucks more than the standard black version. and this one comes with an sd adapter in case i ever need it. i haven't bothered to speed test it since i'm using it for the tablet and don't feel like removing it from the tablet just for a test but seems fast enough from my experience so far. definitely faster than the regular black sandisk cards.from my experience with sandisk products, their read write speeds are much faster than they claim in their conservative estimates. it's not worth messing with their standard line if you can get 'ultra', 'extreme', or 'pro' for not much more."", 'i tried using the non ultra models. after one year one of the two stopped working completely used in a galaxy s3 phone . we switched that one out for one of these a few months ago. no issues. speed is more reliable also. highly recommended.', 'so far this has outlasted my 32gb scandisk micro, faster data transfer and my phone seems to breathe, highly recommend the ultra over the regular', 'super fast access to my samsung galaxy note ii. sandisk ultra micro hc is blazing fast compared to the other microsd cards i have bought including pny, sony and more!']"
135,scandisk 63 gb card records video and photos without skipping the beat. it's an excellent value - and it is just another of them.,"['a new camcorder required fast sd micro and sandisk products have always provided first class service, so the extra cost is well worth it.', ""sandisk makes great products and this one's just another of them. i'm using it in a vehicle dash camera to record hd .mov format video and on my shakedown run the camera and the disc worked perfectly together! 32gb of space gives me plenty of room to record, and the class 10 rating means the card is plenty fast enough to keep up and produce crisp and clear video. color was also good."", 'sandisc makes awesome products. if you have a digital camera camcorder you should only use sandisc class 10 memory cards. they are reliable, tough and work flawlessly. best value for your money!!!', 'sandisk is a very reputable company, and this class10 microsdhc card is quick. i use it in my galaxy s3 and it records video and photos without skipping a beat.', 'sandisk makes the most reliable sd cards. after working in tech support for a company that relied on maps loaded on sd cards, i only recommend sandisk now. class 10 is great, it means you have the fastest card made. the class shows the minimum speeds for data transfer to and from the card. a class 10 will always have at least a minimum transfer of 10mb sec. these are the cards professionals use to record hd video and high quality images.', ""the scandisk 63 gb sdxc card is a geat value and i get hours of recording hd video with wonderful results. i prefer scandisk because they are reliable. setting up a video shoot with a client, spending hours recording and then calling my client to explain that i bought a cheap, unreliable card that failed... and now i have to reschedule a re shootand the project will have a late delivery... just isn't smart. i must have reliability and scandisk delivers!""]"
136,32gb is the official max of dhg devices so be careful if you see 64gg.,"['at the time, this was one of the best you can get. even now, at uhs 1, you will be doing better than the older, slower chips. the form factor is handy for products which can take the micro sd.', ""there really isn't anything bad you can say about a well performing micro sdhc. it gives me good speeds and works fine in my devices. there may be a bit of confusion given its look but this is an sdhc micro sd in case anybody was confused or wondering. 32gb is the official max of sdhc devices so be careful if you see 64gb sds."", 'fast. sleek. small. not really much to say about a microsdhc... most of you buying this knows what they do.', ""it's very fast micro sd card i use it for my mobile and gopro camera , sandisk is the best ever""]"
137,"fast card with the highest capacity you can currently buy in a microsd format. sandisk is slow 16gb, but cheaper than some other brands, and it works.","[""fast card with the highest capacity you can currently buy in a microsd format. it's probably the fastest microsd of this size also."", 'when you are looking for a high end sd card with great write speeds look no further than scan disk ultra', ""it's a little more than sandisk's slow 16gb microsdhc, but cheaper than some other brands, and it works.writes are a bit slow when the card fills up, but that's endemic to all sd cards, and it's not as bad as some other cards.""]"
138,the samsung galaxy tab 3 10.1 tablet has 64gb. the card was immediately recognized by the system and is intergrated seemlessly. it was saved a bit by adding this 64 b card to my galaxy tablet.,"['lot of questions about this memory card fitting the samsung galaxy tab 3 10.1 tablet. it fits and works no problem at all. the only thing is that after installing, instead of showing 64gb available, it only shows 59gb.tried formatting the card but with same results.have no idea if this is a limit set by the the galaxy tab 3 tablet, or is it just 34 normal 34 to buy 64gb and get less than that.as this is surely not a problem coming from the sandisk memory card, my rating is a 5 star. excellent price, works great, and very quick delivery.', ""we bought this card to use in a samsung tab 2 7 34 , since it came with only 8gb of storage only about 4gb left after all the junk and bloatware it comes with. we found out we couldn't delete the extra, unneeded apps without messing up the system. with the 32gb card, we hope to not need anymore storage for the foreseeable future. the card was immediately recognized by the system and is intergrated seemlessly. being able to use additional memory storage was one reason we got the samsung instead of the apple products."", 'i got this for my samsung galaxy tablet. according to samsung, the tablet can only take a 32 gb card. but other reviewers of the tablet said it could take 64 gb. i went ahead and bought the 64 gb one and it formatted fine in my tablet.', 'i have a samsung note 8 tablet and by adding this 64 gb sd card it saved me quite a bit as i did not have to move to 32 gb internal disk simply just slipped the 64 gb into sd slot and off we go.', 'bought this by accident for my samsung galaxy s3 but the phone reads it and accepts all 64 gb so i am a happy camper. worked the first time so i bought one more for my galaxy tab 2. again, no problems! awesome card!', 'after extensive review research i wanted the best 64gb available to improve increase memory for samsung tab 3 7.0 many cards out there but this one loaded up quickly and appears to be ready for add on apps and preserving meory storage. the price was right, delivered quickly even with holiday, loaded and was quickly loaded compatible with samsung tab 3 7.0. sandisk actually has a use chart that will show shopper what card to use for their device. very helpful']"
139,sandisk 32 gb class 10 of size can be upgraded from a smaller microsd card. you can use hdd raw copy tool freeware to create 'img' file in the new card with the old md drives are different sizes when image is applied to the larger if you want to save space,"[""what else can i say... this sandisk 32 gb class 10 works like a charm in my galaxy sii i9100 unlocked . if you're upgrading from an old smaller microsd card, i did this 1. create a .img file of the old microsd with hdd raw copy tool freeware 2. recover the saved .img file in the new microsd card with hdd raw copy tool since the old microsd had only 8 gb, the new microsd card will have only 8 gb d 3. install minitool partition wizard freeware and choose the new microsd.4. choose the move resize option.5. drag the space to the full size of the new microsd card6. don't forget to apply7. put the microsd in your phone and there you go all your stuff and apps saved to the microsd working."", 'ok, this is how i transferred the files on my old microsd card to this one.1. turn off device and remove old microsd card2. put old microsd card in adapter and put into laptop sd card can be found in 34 my computer .3. copy all the files and paste onto laptop in 34 my documents 34 4. remove old microsd card and insert new microsd card into laptop.5.copy files in 34 my documents 34 and paste them directly to new microsd.6. put new microsd in the device and turn device on. enjoy the space! quick note the actual space on this card is roughly 29.7 gb due to some formatting and files already on the card. hope this helps.', ""most mobile devices and tablets that are of any count state that the limit to their sd storage is 32gb...but on a few of those they can and do read sd cards that are in fact larger than this. i would suggest anyone that thinks they need space beyond those stated limits of their device do a quick search on line for their particular make and model cellphone or tablet to see what size sd's others have been successful at using. once you have found out and that you can in fact use such an sd...go and search online for hdd raw copy tool from hdd guru...and it will allow you to make an image of your old sd to apply to the new sd and or even make a backup of one's sd. since the sd drives are different sizes when this image is applied to the larger...you will need to use a partition manager, such as minitool partition wizard which is free for home use and resize the partition of the larger drive. this will allow you to take advantage of the whole drive space. i love the upgrade and added space...can't go wrong with this price for a class 10 sd of this size.""]"
140,at 30 with an adaptor and in retail packaging he jumped at it and am glad!,"['i like to keep track of the 34 daily deals 34 and check them almost daily resulting in me spending more than i should , but this was too good of a deal to pass up. i will be upgrading my cell phone soon, so i knew i would be needing it soon. so, at 30 with an adaptor and in retail packaging i jumped at it and am glad i did!', 'there is not much more you can ask for than that. i will be buying more for my airport boredom fighting collection.', 'is there any more i can say? no! i get it less than 30 bucks! you can use it in your cellphone or whatever support it.']"
141,"the 64 gig card works fine on galaxy s3 and the entirety of the card is recognized, not just the first 32 gb card. i would like to get up to 64 but 5 star rating for this card.","['i picked this up to slam into my s3 phone it works greatif you are thinking about it for that just order it.if you have an s3, 64 gig is the largest card it will support', 'heard wonky reports on using a 64gig card in the s3, i have no experience or background in knowing that personally, so i did the safe thing and went with the 32 gig. i would like to get up to 64 but 5 star rating for this product.', ""i bought this card for increased storage on my galaxy s3. i had zero issues using it this way. if you're contemplating doing the same, ignore the theoretical limits you're reading about. the 64 gb card works fine on galaxy s3and the entirety of the card is recognized, not just the first 32 gb.""]"
142,"razr maxx hd is compatible with a 32gb memory card. the 64gig card works fine for some users, but the storage on the card seems to be working fine.","[""this memory card works on my motorola droid razr m! even though my phone's 34 information guide 34 says it is only compatible with a 32gb memory card. once formatted, it works great. so worth not spending the extra money just to get a phone with a ton of built in internal memory."", 'got this 32gb card for my droid razr maxx hd. it was recognized by the phone and i have had no troubles with it. shipping was only a couple of days.', ""the sd slot on my laptop recognized this card immediately. when i put it in my droid razr maxx it recognized the proper amount but the phone required a reformat.since install my phone has had some instability but i haven't had enough time to troubleshoot to determine whether or not it is due to the card. motorola says the phone can handle 32gig cards. some users have reported the 64gig works fine. other users have reported problems with the 64gig card. other than the phone instability the storage on the card seems to be working fine for now."", ""altough motorola says the droid razr maxx only supports a 32gb card, i've read many reports of people using this 64gb card, so i took a chance with it.i formatted it in my phone and started loading music and movies onto the card by connecting my phone to the computer with the usb cable.note i had read to not format the card in the computer because it will only show up as 27gb of memory available i was careful to heed this advice, though did play with it in the computer itself without formatting it, just looking and it does only show up as 27gb . however, in my droid it definitely shows as 64gb well 59 and change so far the card is functioning as it should i have played music, looked at pictures, and watched a little bit of a movie, all stored on the card, and eveerything seems to be working iin blissful droid perfection.""]"
143,samsung phone is a great item for family members. it's best to avoid buying them in big box stores because they seem to be overpriced.,"[""as a quick note, unless they're on sale, it's best to avoid buying these in big box stores because they almost always seem to be overpriced. i purchased three of these for family members for their samsung s4 phones and they're all very happy and pleased with them."", 'so far this item is great. purchased one for myself and then one for my niece for her phone for xmas. another plus the shipping was great.', ""great price and great manufacture. the item met my needs for my new phone, i'll have ample storage now using this device.""]"
144,"micro sd card works great, but adapter is defective. it allows me to plug it into my computer into the regular sized 'disable' port - but it doesn't transfer files faster than if he had to reinstall it. i bought this card to add storage to my acer tablet.","[""i purchased this micro sd card to add storage to my acer tablet. unfortunately the tablet did not recognize the device. after uninstalling the card several times i decided to use it in my samsung phone and it works fine there.if you are going to buy this product for a tablet, i recommend you do you research and make sure it's compatible."", ""this is the largest capacity micro sdhd card that will work in theasus memo pad smart me301t a1 bl 10.1 inch 16 gb tablet blue . the card itself works great, but the adapter is defective. if i didn't already have another adapter, i would have to return this item."", 'i got this for my new android tablet and it works perfectly. the microsd to sd adapter is great. it allows me to plug it into my computer into the regular sized sd card port to transfer files much quicker than if i were to plug the tablet into my computer over usb.', 'i got this sd card for my android tablet. my only complaint is after the tablet installed its file system my computers would no longer recognize the sd card. still love it.', ""i bought this to use on my tablet an asus transformer tf101 to backup some of my data before i flashed a custom rom. works as expected out of the box no formatting or fiddling needed. it comes with an sd card adapter and a little plastic case for it and the adapter. android and the recovery kernels i've used have no trouble detecting whatever the default filesystem is on it.the one thing i would note if you have an older sd card reader on your computer, it may not be able to read hc or xc micro sd cards. you may want to check if your read supports them.i recommend this to anyone who needs a sd or micro sd card for any purpose. it's cheap, tiny, and has massive storage capacity for it's size, so long as your device supports it.""]"
145,the samsung tablet has replaced it with'sad card' it works perfectly in the camera and can get my pictures off the card.,"['purchased it for data2sd on my asus transformer prime. it did a great job but eventually the tablet started slowing down anyway so i have replaced it with a samsung tablet, which i will use the sd card in it but as a regular form of storage.', 'i got this microsd card to use in my new asus tablet. it works great. i also wanted it to use in my camera as its sd card. fitted into the sd card adapter and it works perfectly in the camera. pull it out and put it into the tablet slot and i can get my pictures off the card as well as use it for some other things. perfect.']"
146,i bought this memory card for my galaxy note 2 phone. it's the cheapest 32gb card to find. works well - no complaints so far.,"['upgraded from 32gb to 64gb card for my galaxy note phone. looks like it works fine and has full capacity. good product.', ""i recently upgrade my cellphone to the samsung galaxy note ii super phone and needed wanted a larger memory card. this unit is much better than i could've every ask for with it performance and reliability."", 'i bought this card to expand the memory in my note ii. works well, no complaints so far. will probably purchase a 64 gb when this one fills up.', ""i bought this memory card for my galaxy note 2 phone. i saved a lot of money by purchasing the 16gb phone and just buying this memory card. i haven't came close to filling it up yet, but when i do, i'll just upgrade to the 64gb version of this card. great product! fast shipping! great price!"", 'since my samsung s2 could not take the 64gb card, i bought this one. like i expected it works great and no problems so far.', 'i bought a new samsung galaxy note 2 phone and needed an expansion card to boost up the memory for photos and music. this is the cheapest 32gb card i could find. works well.']"
147,the item is super fast and reliable. no issues at all. it works well with my tablet.,"['i never faced any issues ...so far..so good. it works well with my tablet. it is super fast and reliable.', 'no issues at all. i ended up utttingthis in my samsung galaxy s3 instead of my tab2 like i had originally planned. i will be ordering another one soon.', ""had this item for a week or so now and it seems to be working fine. i haven't put it through any kind of stress or anything, just stuck it in my phone and let it do it's thing. so far, so good."", 'no problems so far! not much to say really. i got it for my canon power shot and it works as it should. came perfectly packaged and was easy to use.', ""so far i haven't had any issues. it's working and is compatible with my phone. quick shipping. im satisfied with my purchase""]"
148,"so far its been fine, no problems other than when installed phone only read 59.45gb instead of the 64. it works just fine - it's just excellent. if anyone can give me a answer please let me know!","[""so far its been fine, no problems other than when installed phone only read 59.45gb instead of the 64 gb, thats the reason i'm only giving it 4 stars. if anyone can give me a answer why it only read 59 instead of the 64 please let me know!"", ""it works just fine and i'm thinking of getting a 64gb for my tablet later on. i don't have too much more to say except buy!"", 'simply excellent. this is the second 32 gb ultra i have purchased for my samsung galaxy ii. both are working perfectly. data access rate is exceptional for movies. system both stores and overrides data very easily.', 'have not had any issues, works as intended. i would recommend this and the price was just right. so, if you buy a tablet that supports 32gb just get one, or two.', 'has worked fine, had no problems but i decided to move up to 64 gig and ordered one. i moved this one to a usb drive i have.', 'as described, no problems. recommend it.only problem, price is too high. ...i may order the 64 gb as well.', 'i bought this for my girfriend and she is happy with it, she is not very data demanding as i am, i bought the 64 bit extreme model.it works fine, not even needed to format it.', 'works as advertised. using this with q10 which supports only 32gb. so far no issues. totally happy with the purchase.', 'i love it so far it works as it should the price was good and i am very pleased in fact i bought a 64 gb as well for my phone i bought the 32 gb for my wife', ""what can i say that hasn't said already for this product, very fast delivery, excellent packaging, right price and it works perfect with my samsung galaxy sii.looking forward to buy a 64gb for my new s4"", 'worked exactly as advertised, good price, happy with our purchase. will probably wait for the 64gb version to drop a bit in price before i get one for my phone. this one was for the wife.']"
149,"htc evo 3d is supposed to have a maximum cap or 32 gb. the phone will read it, and functions w out any issues - unlike my old memory cards obscene pictures or videos...","[""needed more room on the phone and i picked this card up. popped it in and let the phone format it, works just fine. specs say that this phone max out with 32 gb card but that's just not true. really glad i got this card, it's fast so when i am taking photo's in burst mode it moves every one.... not missing out on photo's due to a slow card."", 'bought this to use on my htc evo 3d, which is supposed to have a maximum cap or 32 gb, however after formatting the card in fat32 format, the phone will read it, and functions w out any issues. unlike my old memory cards, even with a power loss i have not experienced any lost pictures or videos. worth the price since when i bought this over a year ago, it was still double the price retail and no one carried it locally.', 'i went from 2g to this 32g card and really love it. the price is way lower than the verizon stores. you will not have storage issues after popping this in your phone.']"
150,roku2.you can't beat the quality and price. the price and quality of the product are extremely low compared to the average price in the u.s.,"[""i've used the 32gb version of this card since i got it in two android phones and no problems with either phone. it gives me all the music, pictures, downloads, etc. storage i'll ever need. as fast as any other card and faster than most. i also love amazon frustration fee packaging. since there are so many fakes with online retailers, buy from a trusted source like amazon."", ""bought this for use in my phone to expand the memory in it. i have the 32gb gs3. i wanted to double the memory of my phone but i wasn't sure if my phone would take a 32gb card it did and i'm happy with the product, i also loved the easy open cardboard packaging. i like that it's easier to open and ship but mostly i like that it's not plastic since i hate the excess trash that puts in landfills."", ""purchased this for my galaxy s3. went from a 32 gib internal to a total of 64 gib of storage. the card hasn't presented any problems and seems pretty speedy. i use it for storing all my nandroid backups and rom downloads."", 'i ordered the regular packaging after reading the frustration free packaging is sometimes counterfeit. anyway, the 32gb card i received was formatted as fat32, and it seemed to work just fine in my new moto g lte phone running android 4.4.3. moved apps onto the card, put some music on it. works great, no complaints.', 'there is a lot of conflicting info on the we about whether cards larger than 32gb work in this phone. the phone specs say that it only supports up to 32gb. i put it in, formatted it and got 59.7 gb of usable space, which is exactly what you would expect. i have been using it for 3 weeks now and it has worked perfectly. good price too.', ""i've purchased 3 of the 32gb cards now. one each for my galaxy s3 and my wife's. also one for her galaxy tab 2 7.0.the cards are super fast and there have been no problems. the one in my s3 has been in it since they came out last year no issues at all.i purchased a 16gb for our roku2.you can't beat the quality and price.""]"
151,"32 gb added to my dell venue 8 pro tablet just rocks. it was critical for all downloads, videos, photos, etc to be on the microsd.","[""very satisfied with the product and price.sandisk has not let me down never and 32 gb added to my dell venue 8 pro tablet just rocks.i could have gone for the 64 gb but i really don't need more than 32. and the price was right"", 'got this for use with the dell venue 32gb. with a smaller hard drive space, it was critical for all downloads, videos, photos, etc to be on the microsd. speed is more than adequate. great deal for 20']"
152,i added to win8.1 and android tablet. no problems. plug and go. it is nice to have 64gb of extra space for media to use in my phone.,"['not a bad prices and really adds the needed storage. i added to win8.1 and android tablet. no problems. plug and go.', 'i got it at a good price, and it is nice to have 64gb of extra space for media to use in my phone.']"
153,"this is a brand i trust and excited to continue with. excellent, quality item. great value and works perfectly.","[""i use these for every project i work on. it's a brand i trust and excited to continue with."", 'excellent, quality item.', 'great value and works perfectly.']"
154,this card holds about 29 gb. it comes with an adapter allowing the card to be used in a laptop or card reader.,"['this is a nice card. holds about 29 gb. you can store data on it. it is a microsdhc card.', 'this is a really small card, but it holds the data and does the job. it comes with an adapter allowing the card to be used in a laptop or card reader. it has worked well for me so far and has my recommendation.']"
155,"the adapter works and fits what else is there great price. it goes in n out sometimes he will probably never take it out of my tablet - but it is working fast. the price is good, it worked as expected, there is not a problem with it.","['had to return this item, it would not fit properly into the adapter that it came with. return was no problem, but i am reluctant to buy another one.', 'the price is good, it worked as expected, there is not much more to say about it. have not tested the adapter.', 'gets stuck sometimes in the adapter and is a little hard to pull out. but other than that is a great product', 'works, was priced right, has adaptor.now i have to fill in more words to meet the minimum requirement. e', 'and it got stuck in the adapter they sent with it, had to break that open. it fit in another adapter though', 'no complaints as yet.....it came with an adapter as advertised. i wished that i had purchased two instead of one.', 'um nothing much to really say about it . the adapter for it works but i gave it 3 stars because it goes in n out sometimes', 'i will probably never take it out of my tablet, because it is so hard to get a hold of, but it installed and is working fast. i did not use the adapter, good to have in case i need it.', 'works great at a good price and comes with an adapter. it has been very reliable and seems very fast', ""i would like to give 5, but only adapter is bad on this. with adapter data transfer rate is very slow. that's why i gave less rating."", 'what can go wrong? right? it works and fits what else is there great price and i love the adapter']"
156,"32gb sd card can take music video downloads, personal videos, files,docs and multimedia images with class 10 speed and still have enough space for apps.","[""it's hard to believe how affordable digital has become. 32 gb in a device one quarter the sie of postage stamp would have been science fiction less than a generation ago.i picked this up for portable music when i didn't want to schlep or risk a phone or ipod. works great with all sd card readers.select with confidence."", 'i like this sd card because it can take music video downloads, personal videos, files,docs, and multimedia images with a fast transfer rate of class 10 speed. it can take games with large files very easily and still have enough space for apps. it 34 s great for video cameras and camcorders with the supplied adapter. fits very easily into smartphones and tablets sd card slots. i recommend this 32gb sd card to everyone.', ""this is a great 32 sd card it works real good for my samsong rush and it hold a lot of pictures a lot of videos a lot mp 3 and mp4 4matic songs this is a good sd card i would recommend it to everybody that's why i gave it 5 stars"", '32gb card takes my smartphone to a new level. recently purchased a razrm and this huge capacity card allows me to take tons of picture even with a good percentage of my mp3 collection and about 9 movies on mp4. fast and so far so good as far as data integrity. highly recommend', ""it's a giant, fast micro sd card for your phone. it works and it's reasonably priced. i've swapped this card through the past 3 phones i've owned and it continues to serve me well on the road. you can bring along enough 1080p movies for a 20 hour flight or several of them and still have plenty of room left over.the only downside is that it isn't even more capacity. but really, 64gb is probably overkill."", 'awesome little sd card, my phone is 32gb but i still wanted more for music and videos and this totally works great, as soon as i put it on my phone read it and also it is fast.. i am happy with my purchase..']"
157,32 gb microsd card works well on my samsung. it was bought for an optimus ultimate cell phone!,"['32 gb micro sd chip. if this is the size and memory amount you desire, this memory card has never failed or had errors on me. 5 stars for that and being the cheapest i could get at the time.', 'this does exactly what you would expect from a 32gb microsd memory card. plenty of storage and fast access times make this a solid purchase.', 'good 32 gb sd card. i bought it to upgrade memory stotage on my cell. it works on my samsung s3. also comes with adapter.', '32 gb sd card works well, and the price was reasonable, very happy with purchase so far! worth a try!', 'it is a 32 gb micro flash card. it was bought for an optimus ultimate cell phone. it works just the way it is supposed too. it gives me added space for pictures, and comes with the full size adapter.', ""my sd card showed only a little more than 29 gb available for my 32 gb card. that's the bare minimum i'll accept without sending it back. i'm normally happy with the brand name sd cards i buy on amazon, though. for the price i paid for this particular card, my expectations were higher."", '64gb microsdx class 10 memory card. i use it as external storage for my samsung galaxy note ii phone. so far it has worked great.', '64gb sdxc for 50...ish!!! amazing price for a great product. popped it into my galaxy s4 and have had no problems so far.']"
158,"the adapter case worked as advertized, loads fast. only problem was pulling it out after loading it on my computer.","['working flawlessly as it is supposed to. i like the speed of the product. the adapter case is also nice to have.', 'worked as advertized, loads fast. only problem was pulling it out of the adapter after loading it on my computer.']"
159,"amazon offered very good price, will recommend it to everyone. works great and is very fast. does everything it claims to do.","[""seems to be working just fine...bought as a gift for a family member and they're using it for video recording."", 'works great and is very fast.', 'works well, and fast, does everything it claims to do. these sshd items are the best. you cannot hurt them, and they last forever.', 'works well, as advertised. i like the class 10 speed. price was right. would recommend this product to others. thank you.', ""works great, i'm not a techie kind of person hence don't know if the speed and ratings are for real.. but it works for me"", ""best in it's class. very happy with it, amazon offered very good price, will recommend to everyone. so, far works with everything i used with."", 'works great. great for video capture since it is a class 10 rating. works as it should and the shipping was fast as well.']"
160,"the u1 marked model is a lot faster than others. the write speed is around 15mb s. it's faster, and the memory feels to read and write pretty fast.","[""the only thing better doesn't exist yet, just be sure to get the u1 marked model as others are slower bins."", 'excellent delivery time, and the memory feels to read and write pretty fast. i have a previous experience with a class 4 16gb micro sd. this is a lot faster.', 'very impressed with the speed of this 32 gb micro sdhc. very good performance for data read and write .', 'good quality sd memory. the speed suggested is true for the read speed. the write speed is slower, around 15mb s.']"
161,great price for the product. class 10...good name brand. way cheaper than at the wireless atore. comes with adaptershipping speed is excellent.,"['great price for the product. class 10....good name brand. way cheaper than at the wireless atore. with lifetime warranty. too.', 'the price is goodthe looking is nicethe speed is goodit came with an adaptershipping speed is excellenti used it with my surface pro samsung galaxy s iii, working good on boththis is a good choice to have', 'great price great for cellphones, tablets, etc. easy to put in and easy to use. it comes with a adapter too.', 'it was a good value for money , product was delivered on time and in good condition. i am using it with my tablet and am happy with the performance.', 'correctly priced. i bought it to use with my surface pro. works great out of the box and transfer speeds are excellent.']"
162,64gb is the biggest memory card i have at 32 gig. it works fine!,"[""it is handy. 64gb is a good size. even though many devices claim only to support up to 32 gb card, many of them actually do support 64g card.i like sandisk, it is a brand you can always trust not saying they dont have lemon,but it's happened to everything ."", 'this is the biggest memory card i have at 32 gig. it works fine! i am using it on an 8 inch dell tablet with windows 8 and a solid state 8 gig hard drive.']"
163,64gb cards are often available on sell for a great price and work fantastically. google it and discover that other people had the same problem if you can only use 32 gbit instead of the 64.,"[""many devices still don't work well with 64gb capacity cards. these 32gb cards are often available on sell for a great price and work fantastically."", ""anybody getting this 64 gb card be aware that this card before use needs to be formatted. the problem is that computers only format 32 gb or less i got only 28 gb formatted of the card. sandisk don't tell that to nobody. so what's the use to buy such expensive card when you can only use 32 gb instead of the 64. you can google it and discover that other people had the same problem. i wish i knew.i bought it to put it on my galaxy note 2 android phone. i think they shouldn't even sell the 64 gb or at least informed the people. i heard that there are applications that could make it work but when i buy something i expect that to work without the need of hassling around since i'm not a geek."", 'first off, companies need to mark these right, they consider 1000mb to be 1 gig, when 1 gig is actually 1024 mb.that means you will end up with 62 gb 60 and in all actuality it will read as 59 gb in your device 62 other then that this card works awesome. i would highly recommend it!one star lost due to them not knowing how to measure data.']"
164,when installed it shows 27.4gb available with 1.68 used. it listed it on the card but this was tested and at most was 1gg and very oldi would steer far away from sandisk sold online unless it is in original packagingi returned it for a full refund and reordered oem 64,"['never looked to verify the capacity of this card, it is clearly labeled 64gb but when installed it clearly is not. when installed into any computer it shows 27.4gb available with 1.68 used. so beware if you order one to make sure you are getting what you pay for.', 'item i ordered was 64gb it listed it on the card but this was tested and at most was 1gb and very oldi would steer far away from sandisk sold online unless it is in original packagingi returned it for a full refund and reordered and oem 64gb card from samsung', ""not sure if it's the card or computer but it only shows up as 32 gig. i tried reformating it and everything and it still says 32gigs.""]"
165,"64gb scandisk ultra is a 76 gp tablet. it comes with an adapter to normal sd size and enables it to expand memory - and it's now 46.00 at 34.99 i guess it was good for me, but it will work fine if he has any other devices.","[""got this yesterday, the 64gb item. installed it in my new samsung tab3 and turned it on. the tab3 saw it right away, and i decided to format it,,, only took a couple of seconds and i was good to go. it shows that i have 59,000 memory units available, they must use the rest for overhead i guess. i haven't used it yet, but i am sure it will work fine. if i have any problems i will note here,,, also if i have great praise for it i will note that also. at 34.99 i guess it was a good price as i see it is now 46.00, maybe i shoulda ordered two of them. this is my first time for a lap top, and i will be on a big learning curve. i got the lap top at costco last week,,,,,,,, i sure hope a old dog can learn new tricks....."", 'i recommend anybody to get the 64gb scandisk ultra from amazon, if you are looking to expand your tablet or any device memory. this product was delivered on time with simple to open packaging. inserted into my windows 8 tablet and was able to save, edit, and so on with no problem.', 'amazing how 64gb now fits on a micro card. i added this to the asus vivo tablet to extend the memory and am very glad that i purchased it. working great and have always trusted scandisk!great item......great purchase!', ""i now have a 76 gb tablet, thanks to this reasonably priced micro sd card and easeus partition master. as the description says, it comes with an adapter to normal sd size. just put the micro card into the adapter, put the sd card into the sd slot on your computer, launch easeus partition master free , and right click and choose partition format. after that was completed, i put it in my tablet, and it showed almost 60 gb free. together with the 16 gb that came on my tablet, i am extremely pleased. as always, amazon delivery was fast, and i couldn't be more pleased.""]"
166,this maxed out my note 2 smartphone and has been working without any problems ever since purchase about 8 months.,"[""good price, good quality. put it in my phone for some extra storage, and it's held up very well since i got it."", ""for the price it's a very good deal. i have lots of space and it works perfect in my cell phone."", 'great price especially for the size and speed, this maxed out my note 2 smartphone and i am very pleased with the speed of delivery and the cost.', 'good price at the time of purchase. used this on my pda cellphone device. has been working without any problems ever since purchased about 8 months now .']"
167,great price and works great with my samsung galaxy 4. amazon love you guys!,"['good price and working well. i used it for my galaxy s3, s4, note2 and asus tf700, also purchased one for spare. highly recommended.', 'great price and works great with my samsung galaxy s4.such a relief not having to worry about space for pix and apps.', ""good price. i searched everywhere locally and couldn't find a better price. they work just fine in my galaxy s4 and tab 8."", 'great price for a great product works great in my new samsung galaxy 4 why anyone pays full price at the cell provider is beyond me! keep up the good work amazon love you guys!!']"
168,the adapter cards are out of spec and sticking in the sd slots. a card reader isn't getting that for an hour at 23 per card. it is excellent for its intended purpose.,"[""i've gotten four of these for both of my nikon d7000's and have had little bit of an issue with the adapter cards being out of spec and sticking in the nikon camera sd slots, and one of my card readers. sure enough, i sanded one down carefully and it fit perfectly.performance wise, these things scream over regular class 10 or class 6 cards and perform nearly excellent. i cant complain other than i wish they were faster, but i'm not getting that for a while at 23 per card."", ""the micro card is excellent for its intended purpose. i bought several and have had no problems with them. that i don't like having to deal with cards of this size has absolutely no bearing on its performance or its rating. i have never used them with their adapters and so cannot comment."", ""i've started buying all of my sd cards with the adapter. these is no reason to limit myself with having a large card when i need a small one. at first i was concerned about connection reliability when the small card was inserted into the large one, but i haven't had a single problem so far.this one performed as expected and otherwise is more flexible than a standard large size sd card. fully recommended.""]"
169,i bought this for my husband and then the 32 gb one went on sale. it is the perfect size to add storage to my tablet - it holds lots of data with fast read write capabilities.,"['i bought this for my husband and then the 32 gb one went on sale so i bought that one for him. i use this one in my tablet and i love it! no issues!!', ""pros 32 gbs more for my tablet. works great.cons none to speak ofoverall i hold this and i feel like i'm going to lose it. it is the perfect size to add storage to my tablet, though, and that is what i want it for."", 'holds lots of data with fast read write capabilities. sometimes i wish i had gone for the 64gb version, but the 32gb is great for adding memory to a ssd tablet like the surface pro.', 'got this for my sweetie. her tablet has 32 on board. she likes books and this will hold a lot. that and the quality and price are great.', 'only can use 29g after formatted butwhat can you do, i still like it for my psp, works great fast!', ""29.71 g appeared upon installing. i'd say it worked as excepted and wished. 5 stars quality. worth the money there."", ""bought this for my android phone tablet love it, 32gb is a ton of storage and being class uhs i it's fast"", ""this is one of those products that either works or it doesn't which rarely happens , so what can i say. it work's great. 32 gb allows plenty of room for storage in my tablet, and with the high rate transfer speed apps run as quickly as if they were using internal memory storage."", 'with the small 16 g onboard memory in this tablet, the added 32 makes it pleasurable for textbooks, music and pictures.', ""worked immediately after i inserted.29.71 gb recognized, doesn't really bug me but i wish i got the full 32.""]"
170,"this memory is very fast, perfect for phones, very good product i give it 5 stars and recommend it for all types of use.","['this memory is very fast, perfect for phones, very good product i give it 5 stars and recommend it for all types of use ...', 'all is fine with this memory. it works very well with my smartphone, very fast communication with my pics and videos. good purchase!!! the product arrived on time too.', 'using it in a cell phone, and so far no problemsi would recommend this o anyone who needs more memory']"
171,samsung is my preferred memory brand but runs close 2nd. 64 gigs are great if i upgrade my motorola razr to new galaxy note 3 with it's 16 mp camera.,"[""sandisk is the only brand i use i probably should have gotten a 64 gb as well but prices keep falling, so i can't really lose."", '64 gb additional memory for a great low price. sandisk provides exceptional quality at an affordable price. easy to install.', ""great product at an affordable price! there's just no messing with sandisk quality, and with 64 gigs you'll have plenty of room to store anything and everything you want!"", ""samsung is my preferred memory brand but sandisk runs a close 2nd. 64 gb should be great when i upgrade my motorola razr to a new samsung galaxy note 3 with it's 16 mp camera."", ""just got a new razor max hd with 32 gb and wanted to add more memory, paid a few more bucks for sandisk and it's always worth it! the phone recognized the additional memory and i'm good to go with 64 gb now.""]"
172,the quality is out of this earth's modern technology. pair this baby up with an android and you got yourself and unstoppable memory machine.,"['this memory helps me to keep all what i want to keep on my cell phone.it is a good brand and its on the right price.', 'very nice product. the memory works perfectly and it is exactly what i was waiting for. i recommend it 100', 'very affordable memory with a lot of storage this was an excellent purchase that was worth it thank every one', 'i like it, good product next time i will order the bigger memory. i will recomend this product to my friends', ""what else can i say other than the price is right. the quality is out of this earth's modern technology. pair this baby up with an android and you got yourself and unstoppable memory machine."", ""yeah baby. love getting this amount of memory for so cheap. i'm not a pro but for everyday use it's a great deal.""]"
173,some of electronic equip require use of a mini mini. some require using the mini Mini mini.,"['memory either works or not what more can be said than it works as designed. i was very happy with the price.', 'does all it should without any notable negatives. what more could i ask?i would buy more as i need memory.', 'the memory is fine but the adapter that it came with was useless. i did not contact the seller about it since i had another to use.', 'i like the that this is small but holds a lot of memory and fits in the adapter, i have yet to find anything bad about these kind of memory. i have to have this kind as some of electronic equip require use of a mini']"
174,"sandisk ultra microsdhc class 10 cards work great in my galaxy note 8 tablet. they work just as well in non smart phones and are highly recommended to get the best experience from your gadgets and devices. the ultra class10 is lightning fast, and the recognized capacity is not 32gb but 29,71gB in her asus","[""these sandisk ultra microsdhc class 10 cards work great in my samsung galaxy note 8 tablet and my samsung galaxy s3 phones. i've also used them in non smart phones, and they work just as well. fast write read speeds are highly recommended to get the best experience from your gadgets and devices, especially when taking pictures videos, viewing editing them, opening editing files, etc. sandisk has come a long way in terms of quality and performance, and i would not hesitate to buy more of their cards."", 'i needed some new sd cards for my new tablets. after researching i bought the sandisk ultra 32 gb microsdhc class 10. it is way better than the almost same price sandisk ultra without class10!! the ultra class10 is lightning fast. you can see the difference when you copy large files, you will note that read and write procedures are much faster, whether you use it in camera, smart phone or tablet. the price is also ok. only drawback i noted was that the recognized capacity is not 32gb but 29,71gb in my asus memo pad. other than that i am extremly pleased with this micro sd.', ""update 6 19 2014 so my lovely wife bought me a samsung galaxy tab 4 for father's day and i've been loving it ever since. just as other with samsung products, the galaxy tab 4 has the ability to add a microsd card to expand the memory on the device. since it's been over a year, i decided to do some more research to see if sandisk offered anything new. as of 6 19 2014, their product lineup for microsd cards from worst to best performance wise are the as follows sandisksandisk ultrasandisk ultra plussandisk extremesandisk extreme plussandisk extreme pronow, the difference between all of these cards are simply the speed in which you can read write data to the card. yes, the published rating of most all these cards except the sandisk regular are class 10 uhs i but that's just a rating... actual real world performance does get better with each model, but with faster cards come more expensive prices. since amazon doesn't carry the ultra plus model of microsd card, i had to do direct comparisons between the sandisk ultra 34.27 , extreme 57.95 , and extreme plus 67.95 .as mentioned in my earlier review, i purchased the sandisk ultra for my galaxy s4. my question was, did i want to pay over 20 more for a card that is faster than the one i already owned? or i could pay almost double to get sandisk's 2nd most fastest microsd card.the ultra works perfectly fine for my style of usage storing capturing pictures hd video and movie playback on my phone. so in the end, i ended up just buying another sandisk ultra 64gb card. i use my cell phone more than i do my tablet and if the card is good enough for my phone, it's good enough for my tablet. i don't own a 4k hd camera or anything like that, so i honestly didn't see a need to get one of the faster cards at this time.i am now a proud owner of 2 sandisk ultra cards and have absolutely 0 issues with it in my samsung devices. original review 5 1 2013 i haven't had to buy a microsd card in a long time. the last time i bought one was for my cell phone over 2 years ago. but since my cellular contract was up, i knew i would have to get a newer card in addition to my new phone, the samsung galaxy s4. reason for this is because i knew my small 16gb microsd card wasn't going to cut it.doing research on the galaxy s4, i wanted to get the best card possible that had decent capacity 32 gb or greater . this led me to find that the galaxy s4 supports the microsdxc class 10 uhs i card, which is the fastest possible given that class. searching for that specifically on amazon gave me results of only 3 vendors as of april that makes these microsdxc class 10 uhs 1 cards. they are sandisk the majority , samsung and lexar. nobody else makes these that are sold on amazon.seeing how sandisk is a pretty good name out of the 3 i've used them the most , i decided upon the sandisk because lexar was overpriced and the samsung one was overpriced as well as not eligible for amazon prime .but the scary thing is that when you filter by the sandisk, you literally get dozens of options. all of them have different model numbers, different sizes, etc. then there's that confusion of what's the difference between sdhc sdxc?sdhc vs sdxc sdhc stand for secure digital high capacity and sdxc stands for secure digital extended capacity . essentially these two cards are the same with the exception that sdhc only supports capcities up to 32gb and is formated with the fat32 file system. the sdxc cards are formatted with the exfat file system. if you use an sdxc card in a device, it must support that file system, otherwise it may not be recognizable and or you have to reformat the card to fat32.fat32 vs exfat the differences between the two file systems means that fat32 has a maximum file size of 4gb, limited by that file system. exfat on the otherhand, supports file sizes up to 2tb terabytes . the only thing you need to know here really is that it's possible your device doesn't support exfat. if that's the case, just reformat it to fat32. remember formatting erases all data!to clarify the model numbers, i i hopped over to the sandisk official webpage. what i found there is that they offer two highspeed options for sandisk cards. these are sandisk extreme pro and sandisk ultra. sandisk extreme pro is a line that supports read speeds up to 95mb sec, however they are sdhc only. to make things worse, they are currently only available in 16gb 8gb capacities. since one of my requirements was to have a lot of storage, i ruled these out.the remaining devices listed on amazon's search were the sandisk ultra line. but here, confusion sets in because sandisk separates these cards to two different devices. cameras mobile devices. is there a real difference between the two or is this just a marketing stunt? unfortunately i'm not sure but i do know the price difference between the two range from a couple cents to a few dollars. since i wasn't sure, i opted for the one specifically targeted for mobile devices just in case there is some kind of compatibility issue . to find the exact model number, i would go to sandisk's webpage sandisk.com and compare their existing product lineup. from there, you get exact model numbers and you can then search amazon for these model numbers. that is how i got mine sdsdqua 064g .as for speed tests, i haven't run any specific testing, but copying 8 gb worth of data from my pc to the card literally took just a few minutes.one last note is that amazon attaches additional characters to the end for example sdsdqua 064g affp a vs sdsdqua 064g u46a . the difference between the two is that the affp a means amazon frustration free packaging . other than that, these are exactly the same. if you're wondering what i got and want to use it in your galaxy s4 , i got the sdsdqua 064g u46a and it works like charm.""]"
175,"the sandisk ultra is a very high quality microsd card. the card and sony are both made in china and are the performance specs to my intermediate tech experience eyes were virtually the same - with the mobile version slightly higher, the price was also similar, with fyi the 34 mobile 34 version is the older, no longer","[""the sandisk ultra is a very high quality micro sd card. i have bought several and have never had an issue with any of them, which i can't say about less expensive cards. if you need a card for your smart phone or tablet, this is it, just make sure not to get a bigger capacity card than your device can use."", 'bypass the 34 cheaper 34 clones and get sandisk. your data is wprth much more than the little that you 34 save 34 using the cheap imitations. trust me, i just found that out for myself.', ""first off, i've always bought sandisk for the warranty under the reasoning that a lifetime warranty means they must be a little better than the others and sandisk's lesser lines. i have 5 class 6 sd 8gb extreme iii series cards all pushing 5 years old now with zero problems, all of which write nearly twice as fast. not sure what the limitation is, class 10 uhs 1, and 5 year newer tech should blow these away. the 'micro' packaging shouldn't make a difference either. i can only guess it's marketing differentiation.again this card will write at published specs but you may want to check out the sony sr32uya tqmn of the same capacity, it reads and writes faster and is a similar price, though only a one year warranty. i picked it up with a hisense 7 pro tablet awesome and couldn't wait, and they were on sale locally for 26. was a pleasant surprise. came with a sd adapter as well and some file recovery software a link . not a fan of sony web sites support or or documentation for any of their gear the last 15 years but these are commodities now i suppose and you can't expect much any longer. i now kind of think if these things work 30 days, they'll probably work 5 10 years until they are obsolete. fyi the sandisk and sony are both made in china."", 'the last few days i have been diligently shopping for a microsdxc card to utilize in my new smart phone. i have a long term positive experience using sandisk cards. i quickly became confused about the differences between the so called mobile ultra cards and the ultra cards. the performance specs to my intermediate tech experience eyes were virtually the same. the prices were also similar, with the mobile version slightly higher. to finally resolve my confusion i contacted sandisk technical support. to my surprise, the mobile version is the older, no longer manufactured version. the ultra is the current model. so i immediately bought the current ultra version, which very fortunately amazon had on sale!', 'i have a long term positive experience using sandisk cards. i have been very pleased with the way these cards work in my samsung galaxy note 8.0. no problems whatsoever and the capacity is huge.i quickly became confused about the differences between the so called 34 mobile 34 ultra cards and the ultra cards. the performance specs to my 34 intermediate tech experience 34 eyes were virtually the same. the prices were also similar, with the 34 mobile 34 version slightly higher. to finally resolve my confusion i contacted sandisk technical support. to my surprise, the 34 mobile 34 version is the older, no longer manufactured version. the ultra is the current model. so i immediately bought the current ultra version, which very fortunately amazon had on sale!', ""with most of the world's electronic devices finally standardizing to sd thank you sony for finally adopting this standard , it seems most things we own work on either the microsd or regular sd card. that's why this little package is so handy. you get both in one neat little package and at 64gb, you'll have plenty of space to store most of your programs, files, etc on your device.the class 10 rating ability to move data on off card at the current maximum speed is a must for anyone that doesn't want to sit for vital seconds waiting for data to write to the card. and sandisk has proven themselves over the years as making a quality product. sure, you may occasionally find a dud in their inventory, but they are quick to fix replace it and that is what matters most. buying cheaper cards will land you with a read write error when you can least afford it. don't be the person that loses those important family photos or that document that is due today because of a cheap and defective card.i purchased this particular card for my asus transformer, as it fits nicely into the pad itself and with the optional keyboard attachment which is capable of holding standard sd cards it fits there as well. making this the perfect solution for my extra memory needs and at a much better bargain than most competitors. you can certainly purchase more internal memory on your iproduct or android device most seem to have 16gb or 32gb variants , but why spend the extra cash for 16gb extra, when you can buy far more in an external card?"", 'sometimes when the price is too low you get less than you paid for. my suspicions were deepened when the package arrived with generic packaging, not the brand label of 34 sandisk ultra. 34 nevertheless, i am satisfied with the product. it works fine. sure beats the price walmart was charging for a 64 gb micro sd card.']"
176,the sandisk micrsdhc 32gb is over 2 years old. it's a great value compared to places he had priced locally. if these units are going to fail they fail in the first few days weeks.,"[""there really isn't much to say about a micro sd card it either works or it doesn't. i bought this to install in my phone and it seems to be working fine. the fit was perfect and the performance is totally satisfactory. i've never had any trouble with sandisk products and this will likely be no exception. it was a great value compared to places i had priced locally."", ""i have had good look with the sandisk brand microsdhc. i still wanted to wait a while before reviewing, usually if these units are going to fail they fail in the first few days weeks. this has been running in a lg optimus phone and has been flawless since install. still have a working sandisk micrsdhc 32gb that's over 2 years old, that i transfered from my old htc to the optimus and now in my galaxy s3."", 'this sandisk class 10 microsdhc is installed in my phone and works great. as always, sandisk lives up to its name.', ""while sandisk's packaging makes much mention of android phones and tablets, there's nothing android specific about this microsdhc card. i bought the 32gb version to use in an automotive dashcam , where it works perfectly.the packaging also says that an android app is included , suggesting it is preinstalled on the card, but the very! fine print on the back says you have to download it. unlike another sandisk flash product i got recently, there was no bloatware preinstalled on the card.i like that this card is also said to be resistant to temperature extremes, important to me as it will be behind a car windshield and will get hot at times."", 'works fine. always likes sandisk products. fits in my samsung digital camera takes microsd fine and works great. fast and reliable so far.']"
177,"samsung galaxy note 10.1 works flawlessly in the sch i605'saamson' galaxy pacific cdc. it uses microsd as storage for photos mp3s and documents on the goii love this card, it is fantastic and great way to add some serious expandable storage onto","[""my pour note 2 has been working absolutely overtime. i just love it so much. so i am downloading a great many pictures, audible books, and of mp3's from amazon. with all of these many interest of mine working over time i soon found that the 32 gb microcard was just too small. so when amazon had a great sale on the 64 gb ones i purchased it. my main concerns was would it work in my phone and be fast enough to do so seamlessly. well that it was this 64 gb microsdxc class 10 did. so whatever sandisk wants to name it, the bottom line is that it works seamlessly and now i don't get those nasty warnings telling me my memory was almost full. it is very nice that samsung realized the need to be able to use such larger memory cards, and the note 2 allows this size card use without any issues at all."", ""got a samsung galaxy note 2 7.0 i'm gonna use for a carpc and found that you could install a 64gb microsd. tried this one and it worked flawlessly. pretty zippy too for a tablet ugh....tablets read write is stupid slow but just good enough for media i suppose plugged this thing right in and used the tablet to format it. got 60gb out of it. good good."", ""stay away from no name brand flash memory and get a quality sandisk. i've owned dozens of their usb flash drives, compactflash, sd and microsd cards over the years and they just work!as for this particular model, i have the 64gb microsd in my galaxy note pro 12.2 tablet and a 16gb microsd my galaxy note 2 smartphone...popped 'em in and the devices recognized them no problem. i can drag drop copy paste files from internal storage to the cards without issue, on the fly or plugged into my computers. i always recommend sandisk to anyone looking to expand their storage capacity."", ""i have always been a sandisk guy. this cards works both in my note 3 and s4, gives me 119gb after format. can't ask for much more, including the fact that sandisk stands by their products and has excellent customer service. i could never imagine buying a micro sd , sd , or ssd from anyone else."", 'i use these for cell phone and other devices requiring a microsd card. this one is compatible with all my devices, even the ones that are 34 outmoded 34 like my cell phone. works great. no problems storing or reading data, ever. i consistently use sandisk for my cameras, music devices, etc. highly recommended.', 'i bid on a 64 gb micro sdxc on ebay which never worked to start out with and realized it too late to return. the multiple issues i had with my newly purchased samsung galaxy note 10.1 was caused by the inferior memory card. all the problems with the tablet disappeared once this memory card was inserted. lesson learned, any technology accessories should be purchased from a reputable retailer like amazon to ensure quality of product.', 'this is my 3rd sandisk micro sd card for my 3rd android device, and just like its predecessors, the ultra 64gb micro sdxc class 10 worked flawlessly in my sch i605 samsung galaxy note 2.i simply inserted the card, power cycled the device, and once rebooted, the note 2 recognized an unformatted sd card and asked if i would like for it to be formatted in order to be read. once i chose yes, i now had an additional, fully usable micro sd card that i use for media and ebook reading storage.the response time is excellent, so i have no complaints on performance.i also love the fact that i ordered this at 3pm on thanksgiving day when i was alerted of the 39.99 price tag.', ""this is the second time i have purched this sandisk card. i have one in my note 3 and now one in my new galaxy note pro 12.2. i really wanted the 128gb for my pro but the price was too high for me to justify spending around 120 when this one is currently around 43. i hope the price drops soon on the 128gb! this was simple to install and didn't require formatting on either device, just plug and save. it was that easy."", ""i inserted the 128gb microsd card and it works great. i didn't even have to format it. my tablet see 119gb which is still good. once i read the reviews about the card it made me think second about it. sandisk fixed all the issues they had in the previous years to the point where all i have to do is stick the card in the slot and the space is available. great job sandisk for listening to people's complaints and fixing issues in the past."", ""there really isn't a whole lot to say about this. the amount of storage space is fantastic.there are options for using this on older devices, that don't necessarily support microsdxc formats. windows, by default, will only allow you to format the card as exfat or ntfs. these formats will work for most new devices, but some may have issue.if you use fat32 as the filesystem instead, you can use this card for older devices, and it still works great with android. i've been using this card on my old sandisk sansa fuze running rockbox and it works great. i was not expecting that, but i am very happy with it!"", ""i have tested this card in both a samsung galaxy note 3 phone and asamsung galaxy tab 3 10.1 inchand it was immediately recognized by both devices. as i write this review the card has been running in my tab 3 and constantly used for over a week.other reviews have dissected the specs of this card, so i'll share how i use it and why i prefer these over the 64gb cards which i also own and use . the price point on these 32gb cards have dramatically fallen and as of the date of this review they are priced as commodities. i use a few pairs of these to rotate backups on my laptop, so i always have a daily snapshot of my documents. for that purpose alone these cards are well worth it.for my tablet i have divided my extensive music library into genres and have them backed up to these cards. a 32gb card will hold about 150 cds, so the space savings along over the physical media is significant. in fact one of these cards cost about the same as a rack for 150 cds.these are also excellent for saving practice sessions that i sometimes record using my phone or tablet. i pop my primary sd card out of the device and swap one of these in to video record. since this card will hold about six hours of video it's perfect for that use.overall, these are reliable cards that have worked in a number of devices i own. i can assure anyone wanting to use them in a newer samsung note 2 or 3 phone or tab 3 tablet that this card will work, and it is also excellent for hd video recording. at the price point it's an absolute bargain."", ""sandisk is well known for their microsd cards. i placed one of these 64gb cards in my galaxy note ii and love all the extra storage on my phone for video, music, work docs, etc. haven't had any issues with the card thus far and it has been working great in my note ii."", 'i purchased this sandisk ultra 64gb microsdxc class 10 uhs 1 memory card with adapter for use in my samsung galaxy note i 717 under android 4.1.2. apparently, my phone had no problem with recognition of this large sd card. this makes it possible for me to save a lot of photos and videos. i had some feeling it 8217 s even possible for me to get the 128 gb version to work as well on this phone. to make sure that it is fully compatible, i did a reformat using the phone of the sd card. the phone was able to detect and utilize the full capacity with no problem.overall, i am extremely satisfied with this product.', ""the primary reason for buying this extra capacitysandisk ultra 64 gb microsdxc class 10card was to use it insamsung galaxy tab 2 10.1 inch model gt p5113 and i am happy to share that you can get this to work flawlessly after some initial glitches. read below firstly you need to be aware that the samsung tablet model gt p5113 currently runs with android os 4.1.1 with kernel 3.0.31 523998 and build number jro03c.p5113ueclk7. jelly bean my experiences shared here are with that level of android os your experiences may vary depending on what version of os you are running. the sandisk ultra 64 gb microsdxc card purchased from amazon retail packaging gets recognized just fine however when the tablet's media device a.k.a 'mtp' application attempts to talk your pc via usb cable the tablet simply reboots! and after that the card is presented to the pc. really strange indeed!this baffled me for couple of hours. firstly, i attempted to format the card exfat in pc and it formatted just fine. after that i attempted to use it in the tablet to see the same behavioral oddity of instantaneous reboot of the tablet as 'mtp' application tries to communicate with the pc. this made me investigate the issue further and i determined the root cause was the fact that sandisk now seen to factory format the card with 'exfat' but also somehow seen to include an 'offset' of 16mb at the beginning of the card which shows up as 16mb unallocated region in the initial sectors on this card under windows disk management tool.the solution is to get rid of that 'unallocated' 16mb partition on the card. you could do it in pc but that might require some windows command line experience and using 'diskpart' utility and what not and i do not want to confuse people here with that process. for most novice users the process should be very simple, just insert the card on the tablet and use the 'native' sd card format tool under 'settings' that android os 4.1.1 has and it will get rid of that 16mb partition and happily remount it. now after this simple process the 'mtp' application works just fine with pc to transfer files to the sd card without any strange reboot phenomenon.not sure why sandisk formats their class 10 card in this fashion they never did it with their class 6 cards earlier and there's gotta be some technical explanation for why they include that 16mb partition that only sandisk can give. in the end if you reformat the card in the tablet which defaults to exfat the card is seen to work just fine.bottomline this is an awesome 64gb capacity microsd card from a reputed manufacturer for budget minded people and gets the job done beautifully. the read and write speeds are adequate enough for most audio,video picture file formats in a tablet. the glitch mentioned above forced me to give four stars instead of five stars but let that not stop you from making a decision to buy it.highly recommended!cheers!"", 'disappointed that the acer netbook could not read the 32gb microsdhc using included adaptor but the memory card functions perfectly in samsung galaxy ace plus android telephone. moved large video files very quickly.', 'sandisk is the highest quality of micro sd and this one will work in basically any android phone or tablet made in the last 2 years, including samsung galaxy s3 s4 note 2 note 3.', 'i ordered this before amazon fixed their price and it cost 199 usd. the product is great however it is over priced at 199. i think their 128gb thumb drives go for about 79 usb and were on sale at brick and mortar stores for 69 last week.this is a product that should have been released at least 24 months ago and sandisk is a company that likes to drag its feet and squeeze people with older cards like the 64gb cards.all i can say is where are the 256gb, 512gb, 1tb and 2tb micro sdxc uhs i or uhs ii cards? they all use the ex fat file system i have tested my gs3, gs4, note 3 and note pro 12.2 with this card and all of them read it just fine.', ""sandisk announcement of the first 128gb micro sd took internet by storm. our phones evolved into multimedia powerhouses with 5.5 34 6 34 displays, desktop grade processing power, otg support for external peripheral accessories, powerful cameras, and more. the only thing was missing a super high capacity internal removable storage at an affordable price. 128gb micro sd announcement finally filled that gap, supported by amazon current sale of 119 shipped, but the question still remained if some of the older smartphones will be able to handle recognize this capacity. i was personally curious considering original note 2 spec was calling for support of up to 64gb only.now, about the card itself. its their ultra edition with a read speeds of up 30mb s and class 10 performance. as part of ultra edition it's considered to be waterproof, temperature proof, x ray proof, magnet proof, and also shockproof. in addition to a flash card itself, it also includes sd adapter for compatibility with digital cameras and also direct reading on laptops pcs support sd card.so here comes the verdict it works with note 2!!! my note 2 is all stock, verizon sch i605 version, running stock android 4.3. i checked the card first with an adapter on my laptop and then mounted it on my note 2 where it was recognized with a right capacity. i also ran a1 sd benchmark app both long and accurate benchmark tests to verify it with success. read write speed were not quite near 30mb s, but it's still pretty good.my opinion? this card takes multimedia powerhouse note 2 to the next level!!! now you don't have to be limited and can store your favorite albums in flac audio format, or have a small library of your favorite movies stored permanently, or take more high def videos, and so on. just always stay up to date with backups. if flash card fails, it will be covered under warranty, but your pictures and videos will be lost forever."", ""i purchased this sandisk 64 gb memory card so as to get the full benefit for my samsung galaxy note 8.0, when i received it from amazon, i just inserted it in the note 8.0, and within seconds, it was recognized shows as 59.47 gb and i installed ebooks, magazines, music, pdf files, photo's and several full length movies and still have much more room to spare. the price was right and i wanted the 10 uhs 1 speed so as to take full advantage of my note 8.0. sandisk memory cards have never failed me so i'm very pleased with this card."", ""popped it into a surface laptop tablet. it worked straight way.little card has a big memory by today's standards. but in the morrow of the future it won't bemuch space. for now, this is the maximum space for a microsdhc card. there ain't no card bigger than this. there ain't no 128 or 256 gbs microsdhc card.good deal. fast arrival.what more can i write."", ""so i recently got a new chinese brand android phone inew i4000 quadcore, 13mp camera, 1gb ram, 16gb internal storage microsd support. also comes with app2sd software support as well.i had an old samsung class 10 32gb and tested that it works with the i4000. but wasn't enough for a power user like me.decided to give it the extra storage boost!with the sandisk 64gb class 10, i now hold within 11gb music collection mp3's at 192 kbps 20gb of graphic novels manga manwhabooks with a manga app reader2gb of apps migrate the core apps from internal storage to external storage 8gb of photos taken with the phone uses microsd as storage for photos 30gb of free space left for downloading movies mp3s and documents on the goi love this little card, its fantastic and a great way to add some serious expandable storage onto any smartphone that supports the storage.fyi, i had to format the sandisk 64gb card using my smartphone i4000 in order for it to set the microsd to fat32. don't use the pc laptop to do the format, it will mess it up.was debating between class 10 sandisk 64gb or class 10 samsung 64gb, i decided to throw my lot in with the 6000 reviews for sandisk with an average customer rating of 4.9 stars. samsung had 4.9 stars but was from 11 people. so lol!highly recommend this to others!"", ""i purchased the sandisk ultra 32gb microsdhc for some extra storage room for my samsung galaxy note 10.1 tablet. i was considering the 64 gb, but went with this card because i have the 64gb version on my galaxy note 2 phone and i have never come close to needing all that space. granted, i don't store any music on my phone but i do take a lot of photos videos and store as many apps on the microsdhc card rather than use the phone's internal memory.for the cost savings of going with the smaller 32gb card, it was a no brainer.the card has worked flawlessly since i installed it on my tablet and have had no problems with it whatsoever. plus sandisk is a big name in storage so again, it's a no brainer buy it!""]"
178,"the specs say maximum 32gb, but 64 works fine with a formatted capacity of around 58gB.","['i love the 64gb capacity, and it is compatible with my devices. i have one in go pro hero3 and one in a samsung galaxy 7 34 tablet.', ""this is the second one of these chips that i received. the first either had a latent physical defect or damage in transit, but it snapped in half on first use. i was really bummed, but determined to try again. this was a breeze! the chip blazes, doubled the capacity of the 32 gb chip it replaced in my asus tf700t tablet, and holds all of my music and documents with plenty of room left over! i now have 128 gb available on my tablet, and it all works flawlessly.anyone that is looking to upgrade needs to do a little due diligence in determining that your device is able to address 64 gb's, but with that reservation, i strongly recommend this little gem!!"", ""i bought this for an atrix hd. the specs say maximum 32gb, but 64 works fine with a formatted capacity of around 58gb.i did a speed benchmark here i don't know if amazon strips links ..."", 'it says on the acer that the max is 32gb but i popped this puppy in and it read the 64 gigs just fine. i have my mp3s and some photos on here so i do not clog up the hd for my tablet.']"
179,i washed this in the washing machine and was preparing to buy another. after checking it for errors it came up with none. it makes life easier and allows for plenty of storage.,"[""excellent price for the amount of storage and speed. i just washed this in the washing machine and was preparing to buy another. after checking it for errors it came up with none. needless to say i don't have to buy another but did feel compelled to write a review. cheers!"", ""i've heard horror stories about other models but this one is good and it really makes life easier and allows for plenty of storage."", 'great price and works great. if you want more storage at a reasonable price, i would highly recommend this product.']"
180,"works as described, good packaging, fair price, and i have no issues with the product up to this point. this product met my expectations. it was easy to install and worked as you would expect it to.","['works as described, good packaging, fair price, and i have no issues with the product up to this point. thanks.', 'this product met my expectations. it was easy to install and works as you would expect it to. shipping was fast as usual.', 'product arrived on time as expected and worked exactly as advertised. a good buy on a product that will be used as part of a surveillance system.']"
181,expandable memory is dirt cheap these days for how much you get. it works without problem with my newer android tablets.,"['i wish i could install one of these in my head. but i will have to settle for installing it in my brain. the increased memory for my tablet has been great allowing me to use it for many things.', ""this is great! this is why i don't buy apple products and get charged up the for non expandable memory. expandable memory is dirt cheap these days for how much you get and it's more reliable than apple. works like a charm. i've got two of these, one in my phone and one in my tablet, and i've never had any problem or inconvenience with either of them."", 'this is a great little memory device. i now have several and they work without problem with my newer android tablets. older versions before jelly bean have problems accessing all 64mb jelly bean works great.']"
182,"samsung galaxy note2 is a nice big, cheap, effective, microsd card. it works fine for media files and has no problem for my galaxy notes 8.0.","['great micro sd card! very helpful to store my media files and has no problem for my samsung galaxy note2!!', ""what is there to say? it's a nice big, cheap, effective, micro sd card. i use it in my galaxy note 8.0 for extra storage and it works fine.""]"
183,"this was purchased on a special and the price was right! it works great, plenty of storage space, and great price sealed the deal!","[""couldn't find this in the local stores. it is what we needed and it was brand new as stated and works great."", ""back 4 years ago, you'd be crazy to buy this thing, because it was so expensive. 10 years ago, you'd practically had to make 6 figure to buy this, really, for show, because nothing can utilize it that well.today, it's cheap, it's stable, and it works.plus, it came with the adopter. good deal."", 'this was purchased on a special and the price was right! it works great, plenty of storage space, and the great price sealed the deal!']"
184,amazon is still running the best buy craped out after 6 months. amazon still runs the worst buy h.rhodes can't beat the price.,"['best price anywhere!!!', ""my headline says it all! how can u go wrong? the price was better that what i was looking for. if u have read any of my past reviews i hope that they have helped of u're on the fence about a pending purchase or have nothing to base a decision on."", 'a fantastic discount and remarkable value for a name brand product that would cost three times the amount that i paid', 'this company is as about as good as amazon. they offer a great product, great customer service at a fair price. they just work well together, dont sweat it just buy it, its a no brain er.', ""i only buy thru amazon i've tried ebay and you always come thru and i got messed over four times and no real recourse you just lose and paypal is nobodies pal. and these no more rack are terrible and all these others take my advise stick with the one that has always came thru every time for me. amazon and only amazon . h.rhodes"", ""can't beat the price."", 'we bought 2 of these 1 from best buy and one from amazon and the amazon is still running the best buy craped out after 6 months', 'i can always count on a good bargain on amazon. not only is the price good but their prime program has saved me big time...', 'got this on sale! what a deal!', 'balance of trusting the name on the brand price. felt like the price i paid was a good value.', 'best best best productreliableown a fewone isnt enoughgood price i guesswill prob buy more at some point', 'great price', 'responsible seller. excellent product', 'reasonable price, good quality. not much more needs to be said.', 'i was looking for a while for one happy i found this the price was great bestbuy wanted double the price for it ill never buy on bestbuy again only amazon', 'a name you can trust. good price, now i just have to figure out how to use it in my note.', 'performance and capacity were not in line with cost and expectations. these are most likely counterfeit or back door sales in my opinion. very unsatisfied.', 'name brand, great price, great shipping', 'i bought this when it was on a special deal. am happy with my decision to purchase this and do recommend it.']"
185,"32gb of micro storage can fit tons of songs or movies on it. at about 75 cents a gig, this is an excellent deal thanks amazon!","['well i was almost going for less space memory for my sony xperia zl, but wow 32 gb of memory is a must these days i love my choice and this product works very good! excellent.', ""i can't believe 32gb fits in such a small space. it blows my mind. my first computer only had half a gb for a hard drive and was the size of a book. what is this sorcery!?!"", '32gb of micro storage. can fit tons of songs or movies on it as well as games which is nice for your phone or tablet. also the fact that i got it for 24 is pretty awesome too. thanks amazon!', 'at 32 gb, this holds plenty of music, movies, apps and files. at about 75 cents a gig, this is a great deal.', '32gb worth of memory space, perfect if you love installing a variety of apps and it is useful when you need to store memory into your phone, camera, or tablet.']"
186,"the 32gb is the same brand, class and speed as his old one. it would of been just as good as it was if it had been able to re-use the 64's so much memory'","['i bought this as a gift for a co worker he went from 512 megs to 32 gigs what a difference. although it will take him a while to fill it up, he still enjoys it compared to his old one.', ""on time, so much memory!!!!!! i used my 32gb on a week vacation and didnt even fill it up. i'll use this one next, but my 32gb is the same brand, class and speed."", ""i don't know why i bought this but i'm glad i did. 32gb would of been just as good. i bought this considering i have a huge itunes collection of about 28gb and would increase pass the 32gb so i bought the 64. problem is since i have a playstation plus account i bought a sony music unlimited at a reduced price of 12 bucks. which left me having pretty much my entire music catalog in the palm of my hard without me wasting a single gb of memory. i still love the product and does work would definitely recommend.""]"
187,"64gb is a lot of memory, but it has given me no problem so far. it's easy to fit 64 gbits on the small piece of plastic so it can be hard to believe if you are lucky enough to have it - it will give you 60.","['still have 26 gb left came in hard case fore protection', 'perfect.get the 32gb.', 'i mean, its obvious lies, this whole 64gb thing.. you get maybe 60 if you are lucky..seems to work ok so far.', 'buy it. i could never commit to paying so much for data until my 32gb filled up so quick. so i wasted money buying the 32gb when in the end i still ended up buying the 64gb.', ""good deal at a great price. it is sturdy and has over 31 gb after its format. i'll be getting another."", ""i got an amazing price and this is an amazing product. 64 gigs is a lot of memory. i don't think i'm ever going to fill it up but it's nice to have it. it has given me no problem so far."", 'i have it more then half of year now and still can not believe how they manage to fit 64gb on that small piece of plastic..']"
188,"great storage, has not failed yet after about a year of usage. works well and does everything i need it to plus it came in at good price.","['great storage, has not failed yet after about a year of usage.', 'excellent storage and small! works well and does everything i need it to plus it came in at a good price.', 'good storage', 'there is nothing really to say except that i love having this much storage and not having to worry about running out.']"
189,i got these on sale and must say they really have so much space for a good price. he bought this for my father and 'he definitely enjoys the extra storage space',"['love the large storage space, great when you get a less expensivettablet and make it better than an expensive one.', 'i got these on sale and must say they truly have so much space for a good price. so anytime you see them on sale start snatchng these babies up especially if you like to travel.', ""i bought this for my father and he definitely enjoys the extra storage space. who wouldn't. it came in a timely manner and was easy to install.""]"
190,"good product that is working well, was packaged well and delivered as promised. it was a birthday gift for my sons laptop easy to use.non stick and bulit well.would buy again no question.hope it last longer than the last.only issue is it's longevity.last one lasted less than 3 years.for that","['good product that is working well, was packaged well and delivered as promised. it was a birthday gift for my sons laptop', ""easy to use.non stick and bulit well.would buy again no question.hope it last longer than the last.only issue is it's longevity.last one lasted less than 3 years.for that price it should last longer""]"
191,"this was ordered as extra memory for my samsung galaxy pro 10.1. provides lots of extra space for storage, beyond the onboard ram. very easy to install and works in my tablet to expand memory.","['purchase for hp tablet to have more memory for music download, pictures, and video. have enough room to store and some memory left over.', 'bought this for a samsung note 2014 ed. this will give me plenty of data storage as i will be using the note to some quick picture editing', 'if storage is what you need for your tablet, then this is pretty much a no brainer as long as it supports it would recommend if you have a galaxy note 10.1', 'i bought this as additional memory for my ten inches samsung tab and i happy with it and noe have more storage', 'this is just what the tablet needs, it increases the memory up to nearly 100 gb so i will bnever run out of storage space.', 'i needed some extra storage for my galaxy note 10.1. this works perfectly in my tablet and at this time, i have yet to fill it. copying the files i want to this have been fast and reliable. i would suggest this to anyone needing extra space.', 'i bought 2 of these one for my phone and the opther for my tablet. you cannever have enough memory', 'i purchased this item to expand my samsung galaxy tab3 7.0 memory and it fit well and is what i wanted, i would recommend this item.', 'i bought it to expand the memory on a cheap android tablet. it is recognized and works fine. no problems.', ""maximize your storage now with this product. installed easily, even for tablet new bees. the tablet recognized it no problem. and i'm pretty techno challenged, but have used it for picture storage and successful transferring data from the device."", 'i am using this item to extend the memory capacity on the samsung galaxy 7.7 tablet. very good price with free shipping order 62 35 and it works as advertised!', ""i bought this to use i'm my galaxy note 10.1 tablet. so far so good. simple put into microsd slot and began storing data on it"", 'it arrived quickly, was easy to install, now, if i can just figure out how to save data onto it from my device...', 'installed this into my new galaxy tablet and sure is nice to have the extra memory, allows for additional apps.', 'works perfect, price is perfect, cant beat it! i bought this for my galaxy note 10.1 and i now have about 48gb total of storage!', ""this was ordered as extra memory for my wif'e's tablet. provides lots of extra space for storage, beyond the onboard ram."", 'very easy to install and works in my samsung galaxy pro 10.1 from the get go.great way to add storage.', 'extremely easy install for samsung galaxy tab 3. gives me fast easy storage for movies and games. everything you could want from a micro sd.', 'just wanted extra space on my tablet and this sd works just fine for what the job i needed it for', 'this product is perfect for what i needed it for. providing a ton of memory in my samsung note 10.1 in a small package.', 'installed in my tablet to expand memory. works very well for this application. recognized by the tablet and my desktop computer with no problems.', ""it's an inexpensive way to expand the 16gb tablet we bought for my wife's sister, who wants big storage. was pretty easy for the tablet to detect it."", ""have saved all the tablets photos, free apps and oodles of other stuff. i don't see any way to ever use all of the memory."", 'i bought this to go into the new samsung galaxy note 8 tablet i bought. works like a charm and big enough to hold my data.', 'it works fine so far easy to quickly upload data on this microsd bought this for my daughter who uses this with her samsung galaxy note tablet that was also purchased on amazon will update if i see issues.']"
192,"i added 128bg with two san disk ultra 64gb memory cards to my psp. the adapters didn't say it would work but it all worked out great, he wanted his nephew to upgrade to 64 gg from 2 to 2 g from a 64-bit memory card - despite the","['i added 128bg with two san disk ultra 64gb memory cards to my psp with a micro sdxc adapter to the memory stick duo.', 'i used this sd in my psp with an adapter and works fine, all the games stored into this memory ran perfectly without lags', ""tried this out today in one of those 'memory stick pro duo dual slot adapters', basically you use two microsd cards in one and then use it for your psp, or camera, or whatever. worked great, two 32 gb cards were just a little cheaper than one of these and i wanted my nephew to upgrade to 128 gb if he wanted. the adapter didn't say it would work with xc and we were worried that the psp would have a problem with it but it all worked out great. he is upgrading to 64 gb from 2 gb, it was a little overwhelming. he has lots more space now and might get another one of these cards to put in the same adapter. i'll update this if anything goes wrong.""]"
193,the job is for my new galaxy note 2 s2it does work and is very pleased!,"['it was for my new galaxy note 2, i am not sure if i ever need one 64gb, but why not, when these is a bargain for one.', ""wasn't sure 64 gigs would work on my galaxy s2it does work and i am very pleased!does the job!""]"
194,"64gb works like it should at reasonable price. not all phones tablets devices support 64 bb, so you may have to get the 32 cb instead of 32cm - the volume is enough to fit every device for me if you want to re-order the device from samsung.com.","['64gb...delivered fast and installed quick! works like it should at reasonable price. i only wish i could get more memory in my note 3...so much media!!', '64gb for this price is a nice deal, especially when you are trying to add storage capability for a tablet or phone. keep in mind that not all phones tablets devices support 64gb, so you may have to get the 32 gb instead. performance is very good, especially when weighing with price and capacity.', 'first, it is 64 gb. the volume is enough. in addition, it can fit every device for me. i love it.', '32gb, this is just what the doctor ordered. take 32gb and call me in the morning..the ultra runs fast and has lots of capacity for your electronic needs. seller is great getting package out quick. price was right! highly recommened..', ""64gb... i'm set for i don't know how long. i bought one for my note 8 and my s3. i've loaded tons of pics and music and still have more than enough space to last me for a long, long, long time.thank you samsung for having your new devices able to read 64gb microsd cards."", 'its 64 gigs it works great not sure what else to say about it really. not much else to say.', ""it's 64gb and it's in my phone. really, that's all you need for a review. what more could you want? i have all my music, several movies and i can record stuff on camera at full hd without worrying about running out of space. no issues at all. did i mention it's 64gb?""]"
195,"the price is almost half the local price, but it's cheaper than a micro sr card.","[""best deal i could find on fast microsd card. seems to work fine in our new android tab. can't lose!"", 'i purchase three of these and they work great, and were almost half the local price. if you need a reliable high speed micro sd card, this is for you.', ""bought these together with the sd and couldn't found any better pricing than these. just don't know where i will be using it for but it will come in handy and that's lowest price i've ever seen....thanks for the great product .....""]"
196,"it's a memory card. you take pics, the card stores them. it works s and writes files very quickly. the price was right.","[""a memory card either works or it doesn't. this was always going to be a one star or five star review no middle ground.the adapter is a nice bonus too, though i don't think i have anything to use it with."", 'good memory card, a gift given to junior partner, after receiving very beautiful, beautiful packaging, received a big surprise, do not know how to evaluate it.', ""it's a memory card, stores memory well, no problems after 2 months of use in my note 2. great price online."", 'what is this thing? oh, yeah. a memory card!it does what it says and nothing else.keep remembering things even when you forget. like my last girlfriend!', ""what can i say it's a memory card okay it is fast and compatible good quality perfect perfect perfect perfect"", ""it's a memory card. it's tiny, it works. i need ten more words to post this review. that is all."", ""it's a memory card, what can you say? it was a good value, and has held up its end of the deal."", ""it's a memory card. it holds info. 62gigs. can't say more. lower cost would be good, but it works just as it should."", ""it is a memory card. it works and gets the job done. hasn't failed on me yet knock on wood"", ""what can i say its a memory card. it remembers what its supposed to. at least it remembers as well or better than i do.only problem i have with these micro sd cards is they're so small they're easy to lose. if these things get any smaller we will start inhaling them by accident when we sneeze or something."", ""it functions...it's a memory card, not sure what else to post. it works great and i haven't had any issues. great price too."", ""it's a memory card. it works. what else do i need to say. i'll be using it in a data logging project soon."", 'what can you say. it is a memory card and it works. the price was good for the size of card.', ""it's a memory card. what else is there to say. this is a class 10 so it reads and writes files very quickly."", ""what can i say? it's a memory card! bought for my blackberry z10 some months back. oem quality. the price was right. arrived in retail packaging. i recommend this seller and this product."", ""it's a memory card. it works as expected. i got a full 32gb of data on this card. two more words."", ""what can i say, it's a memory card."", ""it's a memory card. you take pics, the card stores them. if this is too complex a concept, ask someone for help..."", 'its a memory card that simply worked when i plugged it in. not the fastest, but not the most expensive.', ""what can i say, it's a memory card. good price for a nice performing card i'd definitely buy again.""]"
197,the memory card recognized it as sandisk ultra 64 gb class 10 used as extra storage space for surface rt. it comes with a adapter so he can use it with my camera - it's btw is the worst tablet ever. the card is fast enough so you can access files quick.,"['i bought this for media storage on my surface 2 and absolutely love it. it allows me to store my videos, pictures, and music on a removable drive and keep my tablets memory free for apps. i would recommend this to anyone with a tablet looking to expand their storage capabilities. shipping and packaging were perfect and quick.', 'i use this on my 32 gb microsoft surface rt and it does the job as advertised, so 5 stars.i have used it to extend the storage capacity on the tablet to 64gb for storing documents, pictures etc. there are many articles on the internet that show you how to do that.', 'added this to my microsoft surface rt tablet and it works perfectly and is extremely fast. perfect for storing videos!', 'i bought this memory for my microsoft surface rt. it works great and it is super fast. i am storing movies, music and pictures. great!', 'i use this to store all my music pictures and hd video on the limited storage of the surface pro and it simply works! at the price point of below 60 i think its a steal!', 'this was the perfect addition to my surface tablet. it came in easy to open packaging and it worked from the moment i pout it in the microsoft surface tablet. expanded my 32 g tablet to a lot more storage for movies and music.', 'i bought this microsd card to expand the storage on my surface pro it works seamlessly and is easy to swap out definitely a worthwhile purchase.', 'am using this as additional storage on my new surface pro. works great and seems fast enough for my needs!!!', ""recently i bought a microsoft surface rt tablet and used the 32gb version of this memory card. worked great and i didn't have any problems. so, when i heard that the surface rt could be expanded to 64gb, i immediately looked for a great deal online. behold... amazon offered this card for under 50 and it was prime eligible! woo hoo! to me, it was a 34 no brainer 34 and i quickly ordered this inexpensive upgrade. like its predecessor, it comes with the memory card, an sd card adapter, and a small plastic case. installing the card is super easy on the surface, because you just line it up with the slot and push it in till it clicks! that's it! no formatting required and the card runs quite fast! normally, i buy sandisk extreme memory cards which are faster , but this particular card had no problem running video files or playing music.anyway, if you get this card for your surface rt tablet, don't format it! why? well, the card is already formatted, so why risk messing up your card? just pop it in and enjoy greater space on your surface!note as far as i know, you cannot install surface apps onto the memory card, only media files and documents. still, this card is a great upgrade and i highly recommend it!"", 'bought this for my microsoft surface pro for extra storage and it works great i just put it in the slot and it showed up in my computer just like it was supposed to.', ""i got this to increase the storage in my ms surface rt. it has worked like a charm and i've never had any problem with it."", 'i bought this to expand the memory on my ms surface, it works perfectly, my music and photo are perfectly stored and it works like a charm', 'got this to go in my daughters microsoft surface rt and it is doing great! she loaded a movie on it and is happy her device has some extra memory', ""i bought this for my ms surface tablet and this tripled my storage space. i copy all my media to this and have endless hours of entertainment when i'm on a plane ride or in hotels."", ""using it on my surface pro to add extra storage and is working fine. it's as fast as i would want it to be and was plug and play like a memory card should be.came as exfat which with windows 8 isn't a problem, but if you are using an os that is over a decade old looking at you, xp you may have issues.bitlocker to go works fine with the card as you would expect."", 'i purchased this card to double my disk space for my ms surface rt. the price was right and i am happy with my purchase. i would recommend this card to anyone needing a 32gb microsd card.', 'i got this to expand the storage in my microsoft surface and it works great. i can quickly transfer data on to it and then pop it out and put it into my desktop or phone. definitely recommend if you need big storage for your mobile device.', 'installation on my surface was simple and added a lot more storage to my tablet. i liked the sd adapter so that i can use it like a mini usb drive from my larger pc.', 'i bought this for my microsoft surface pro, and it works great and is really fast. it also comes with the adapter so i can use it with my camera. i would definitely recommend it, besides its a really good price!', ""i bought this for my surface pro 128 gb. so now i have an additional 64 gb which i use for movies and music etc so i don't use up my 128 gb ssd for that stuff. works great!"", 'got this card for my surface rt, which, btw is the worst tablet ever. no problems gets and it recognized it as soon as i put it in.', ""awesome! worked well with the surface 2 tablet.i later return the surface 2 tablet , since it didn't seem like that i needed it but i made sure to take out the memory card never had any issues with it though when i had it."", ""my surface's disk space was very limited until i popped this in. it is a wonderful solution to the 64gb surface pros and with windows 8.1 we will have even more flexibility when interacting with sdxc cards. the pictures and videos load just as fast as if they were on the native hard drive."", ""with a little work, this card is an excellent way to inexpensivly upgrade the storage space on your surface rt or surface pro. all you need to do is reformat the card as ntfs and add a virtual hard drive done in disk managment once that's done, you have an extra 32gb of space for very little money!"", 'i purchased and use with my surface. it stores quickly and is easy to use. i really like that sandisk makes it compatible with regular sdxc and micro. good product.', 'delivery was on time and the device worked perfectly for my microsoft surface pro. i needed extra memory for my surface and this 64g was perfect.', 'perfect addition to the microsoft surface i purchase for my daughter. quick and has worked well so far. sandisk is a reputable brand.', 'i got this for my new microsoft surface pro, just in case i needed more room. it comes with a adapter if needed and works great for more storage room.', 'purchased this as a memory addition for the surface. great way to add all files for a meeting, so the laptop can stay behind. this card is fast enough so you can access files quick. great product.', 'sandisk ultra 64 gb class 10 used as extra storage space for surface rt. everything worked as expected. well worth the money.']"
198,i bought this micro memory card for my phone. it gave me the extra storage to take long videos on phone it worked ok he bought it for his phone for samsung galaxy's3' it was surprisingly easy to use and now has tons of room for all my photos and apps and stuff.,"['i bought this card for my phone. it gave me the extra storage for my pictures and video that i needed.', 'bought this micro memory card for my smart phone so i could take long videos on phone it working ok', 'i bought this for my phone because the apps i was using were filling up the little space on the phone i had. i had never changed out the card on a phone before but it was surprisingly easy and now i have tons of room for all my photos and apps and stuff.', 'i got this for my samsung galaxy s3 phone for additional storage.i originally had another card in it that was apparently not fast enough or something and gave me errors while shooting videoit would let me shoot video but not watch them backthis card fixed this problem']"
199,"the card is fast, has 'good warranty' and comes with adapter to use in regular sized slots. easy to open thanks to amazon.","['this card was great! i originally bought it because it was cheap for being a class 10 card and having 32gb of storage. no problems so far.pros cheap, most other cards would cost a lot moreclass 10, 32gbfastworks on smartphonecon none so far', ""i bought this card for my galaxy s4, but with the included adapter i can also use it in my canon 6d in a pinch. as it meets uhs 1 spec it can keep up with the cameras buffer.there are plenty of details in these reviews regarding transfer rates, etc so i won't revisit that. i have had no issues with the card overheating, it performs exactly as i expected. the price was also fantastic.i would recommend this card to anyone for a wide variety of reasons. it is fast, has a good warranty and comes with the adapter to use in regular sized sd card slots."", ""this card is great. ive noticed slight improvement in every aspect of my phone. so much space! very pleased. came on time. brand new. easy to open thanks to amazon. and it mentions on the tiny booklet that this thing is temperature resistant. thats a big plus since overuse of smartphones tend to heat em up pretty good. being from texas, the heat out here only makes em hotter. and my last sd seems to have fried. well this is a good buy. if i need another i'd definitly buy again. maybe the black and gold one. it only available in 16gb but its super fast."", 'my wife and i both own samsung galaxy s2 skyrockets, and i bought these to replace the cheap cards that we originally used in them. the space is wonderful, and the whole phone seems faster with these cards installed. very happy with this purchase.']"
200,"i got a replacement, but it suffered from the problem of letting me format it yay. when copying files to it, the transfer speed was below 1mb s and when ejecting the card the contents he just transferred would be lost. the lock was on when it was not.","[""i got a card and it wouldn't let me copy files to it, it would a not recognize on any of the three computers or my android tab at home, and b unmount itself in the middle of file copies. these two things happened randomly. i got a replacement, but it suffered from the problem of letting me format it yay, farther than i got with unit 1 , then crapping out 300mb into a file transfer.avoid this guy."", 'this card was dead on arrival and did not work whatsoever. when copying files to it, the transfer speed was below 1mb s and then when i would eject the card the contents i just transferred would be lost. the card refused to format, i got an error message that the lock was on when it was not. definitely a dud. i exchanged for a kingston card of the same size which worked and still works flawlessly.', ""the cars seemed great, but occasionally the card is suddenly 34 not formatted 34 , even without writing new data to it. has happened in multiple devices.i lost some video i can't rerecord on it, and am fairly upset.some forums say that the early runs of these cards did that occasionally and that it has been fixed on new runs, but i find it difficult to trust them now. i have never had this problem with any sandisk product before, including the 5 of these cards i have in 32gb.very disappointed."", ""i dunno if it's a bad copy or what but when i try to transfer files like 2gb or 3gb it doesn't copy! it ejects itself and then mounts itself again. i had to transfer all my songs from my pc through airdroid which was a pain in the a i can't transfer movies from my pc and by the way i tried formatting it and checking for some errors but same issue but i can move smaller files like 20mb or sovery disappointing especially for such price!update now i have more problems! my phone tells me every now and then that the sd card was unexpectedly removed and i tried on other phones with the same problem""]"
201,"the sd card has never had any issues, it transfers data pretty quickly and 32gb is a good amount of space.","[""i've had the sd card for over 6 months, and use it in my galaxy s4. it has never had any issues, it transfers data pretty quickly and 32gb is a good amount of space. great price too!"", ""i use this card in my samsung galaxy s3 and have not had any issues with it at all. i have had other brand memory cards which have failed and become unreadable in the past, this however has accepted anything i throw at it. i use it to store all pictures that i take on the phone currently 1,700 , music and videos. i have mp3's and a few movies on it and there is never any lag or random un mounts. i highly recommend it.""]"
202,sandisk memory card doubles the memory of my asus tf700. it has a good read write performance and it's highly recommended!,"[""i have always been satisfied with sandisk products this memory card did not disappoint with it's fast reading and writing ability sandisk has done it again."", ""what more can i say?i'm using it to double the memory of my asus tf700 from 32 to 64gb and this card has a good read write performance and it's sandisk!recommended.""]"
203,"so far has worked as expected, it's difficult to tell is it is going to fail or not soon but for the moment is working pretty well with a good performance.","[""so far its working fine, i've read some negative reviews on it giving up on one, but nothing yet so good buy."", ""haven't been using very long but so far it's working great"", ""i'm hoping this one behaves as good as it is now for at least a year.ill update if something goes wrong.very fast."", ""so far has worked as expected, it's difficult to tell is it is going to fail or not soon but for the moment is working pretty well with a good performance."", 'so far, so good. no complaints, does what it is supposed to do.']"
204,a sd card is the best i own. it comes with an android tablet and comes pre formatted to work with android devices and windows devices.,"[""what is there to say about a sd card. it works, and it's a class 10 card. the price was decent. i needed one for my android tablet, shopped around and this one seemed like the best choice."", ""this is the best class 10 microsd card i own. i have compared it to my other cards and it out performs all other cards i have. it came with a sd to microsd card converter which is a nice plus. this card come pre formatted to work with android devices and windows devices. can't get much easier than that.great card fast shipping no complaints""]"
205,sandisk is a well known reputable name. if it fails then you've lost what's on the card most likely!,"['its a sandisk, cant go wrong. i use it for my gopro and it dont skip a beat. i have 2 of these and they write data fast.', 'i use this in a d link web cam and it is fast read write and reliable sandisk are the best! i have tried other brands but always fall back on sandisk!', ""get a fast card for your gadgets, this is a class 10. higher the number the faster the read write it is and sandisk is a well know reputable name. i would avoid the cheap junk as if it fails then you've lost what's on the card most likely!""]"
206,"sandisk is a great company when it comes to flash memory as usual. it does what it is supposed to do and is pretty fast, as is the price.","['it does what it is supposed to do and is pretty fast. sandisk is a great company when it comes to flash memory', 'as usual, sandisk does not disappoint. the speed is incredible, as is the price. although you can get a variety of different manufacturers, none are as reliable as this one.']"
207,"does the job. no complaints so far. do its job? does it job. if you have a problem, you can do it.","['does the job. no complaints so far.', 'doing its thing, no complaints']"
208,"sandisk is rated at 40mb sec write speed, enough to keep up with even the fastest real camera or phone camera out there in the wild. if it works for that camera perfect, chances are it will work for your setup great also!buying the memory module costs what, 5 7 more than the others max, right?","['i was impress with the value and quality. i used sandisk ultra 64 gb microsdxc class 10 with my asus 300tf it works great!', 'i have rip music from sacd and dsd to put on this microsd and it can playback smoothly on fiiox3 digital audio player, no matter how big the file is.', 'absolutely a perfect microsd chip.4500 songs were transferred into it, effortlessly and i have balance of about 50 of usable space.sandisk is a synonym with all engineers and i need not add any thing to glorify it.thank you sandisk thank you amazon.sincerelykj kumar', 'there is no question about sandisk, and their continued innovation with really keeping storage from any computer for those on the go. with any need for electronic files, or music or games securely stored and protected from computer to phones and mp3 players and tablets, micro sd cards are becoming a increased need for laptops and computer needs. sandisk has made several products through time, and they have continued to get better with innovation. their ultra micro sdhc memory card handles very well. it works nicely with storing all my media files into one convient package. i like it because i can safely have all my mp3 files, in this card and play them with my sandisk mp3 player nicely. this is definitely a good buy for anyone that really wants a bit of extra space. i definitely recommend this micro sd memory card for all the extra storage space.price bconvience b overall b 1 2', ""people often ask me about bargain basement pricing on no name brands of media, and you know i just have to cite my own experiences with cheap media, and it's just that, cheap media, prone to failure or worse if it's a complex format as this one is, the sdxc format. they have crammed a ton of memory modules in that little bujgger, you know? i say go with experience, go with a leader in the field, so there's pretty much sandisk at the top of the heap, and the rest trail far, far behind in volume and precision assembly techniques...so i vote for sandisk every time, and unless my experience is changed by some anomaly i'll keep on recommending sandisk above all others.it's rated at 40mb sec write speed, which is enough to keep up with even the fastest real camera or phone camera out there in the wild, and it certainly keeps up with my samsung note 3's 13 mega pixel rocket camera, one that shoots up to 8fps in burst mode taking certain shots, so if it works for that camera perfect, chances are it will work for your setup great also!buying the sandisk memory module costs what, 5 7 more than the others max, right? i say buy this one here, it's a winner in all respects.wavey davey 1 12 2014""]"
209,the wife is using the product and it is not causing any problems. she has had it for six months or so now and has no problems with it.,"['since the wife is using it and it is not causing any problems, then it must be functioning normally. looks good so far.', 'i have not had any problems with this product and it works as it is supposed to so i would buy again.', ""i have had it for six months or so now and have had no problems with it. it's awesome. thanks!"", 'the product works after several months. i have no problems with it, and its holding out well! thank you very much']"
210,sandisk ultra 32gb microsdhc c10 uhs1 memory card with adapter handles its job as you would expect from. amazon.com a class 10 micro d with 32 gd and'san disk',"['sandisk ultra 32 gb microsdhc c10 uhs1 memory card with adapter...sandisk ultra 32 gb microsdhc c10 uhs1 memory card with adapter...works fine.', 'exactly what it looks like. 64 gb micro sd card. reads and writes well. comes in good packaging with an sd card adapter. sandisk brings a high quality product and i tend to stick with them over some other cheaper brands.', ""no brainer. this is not the regular 32 micro sd its the high capacity ultra...just go price this baby anywhere else and you'll see that amazon is the only place you should even think about buying this little powerhouse from. no brainer."", 'sandisk ultra 32 gb microsdhc c10 uhs1 memory card one of the best memory card i bought, how quickly and read the data back is amazing', ""definitely, sandisk ultra 32 gb microsdhc c10 uhs1 memory card with adapter sdsdqu 032g affp a is working as advertised. i'm definitely happy about this product. the price was definitely worth it."", 'this sandisk ultra 32 gb microsdhc c10 uhs1 memory card with adapter really work like it suppose too, i will ordering another soon.', 'i placed the sandisk ultra 32 gb microsdhc c10 uhs1 memory card without the adapter in my samsung hmx w200 camcorder and it works great!', 'sandisk ultra 32 gb microsdhc class 10 uhs 1 memory card with adapter, exactly what was expected and what was described. could not ask for anything more.', ""i received the sandisk ultra 32 gb microsdhc class 10 uhs 1 memory card as estimated by amazon on time as promised. the card showed a formated size of 29.71 gb in my samsung galaxy ek gc100 camera, which i was very satisfied with. i purchased my camera at the same time which i also received on the same day. i've used the camera and memory card several times since then on setup and getting familiar with both products and am very pleased with the performance of both. thank you sandisk and amazon.com"", 'a class 10 micro sd with 32 gd and san disk...its great! no problems so far and is suiting my needs quite nicely!', 'the sandisk ultra 32 gb microsdhc c10 uhs1 memory card with adapter handles its job as you would expect from sandisk.', 'sandisk ultra 32gb microsdhc class 10 uhs... item is as described. decent product for its price and quality. it comes with the small sd card and a next size up adapter', ""what can i say it's a sandisk ultra 32gb microsdhc class 10 uhs 1 memory card speed up to 30mb s with adapter...lol it work and is still working well."", 'great microsdhc c10 uhs1 disk with memory card adapter. great product and does with my tablet and netbooks and laptops.the speed of the data is good as well. i would say please get this item, and the price is good as well.']"
211,"memory card reads and writes fast. it was ok on amazon c93 vs. ztpad gps unit i bought in hopes of using it with my tablet, and it works like an charm. the card is very fast for what it is and is a noticeable difference over cheaper cards.","[""priced right, this memory card also reads and writes fast. it's a noticeable difference over cheaper cards. i put it in my phone and plan to buy another one for my tablet."", 'was a really good price on amazon. i will be using this card to expand the memory in a garmin gps unit.', 'as stated above, and not a bad price. bought this thing in hopes of using it with my ztpad c93 tablet, and it works like a charm. the card is very fast for what it is and i have not had any problems with it to date.']"
212,no issues till date so happy no problems! no issue...........................................................,"['no issues.', '. . . . . . . . . . . . . . . no issues till date so happy', 'no problems!', 'no issues.']"
213,bought 2 of these absolutely no issues no problems at all. works great - i haven't heard any complaints which I would so I can only assume that everything is okay. bought them for school district.,"[""purchased for school district. i haven't heard any complaints which i would so i can only assume that everything is okay."", 'bought 2 of these absolutely no issues', 'no problems at all. works great']"
214,work good works great. good work great works good. great work writ!,"['working good.', 'work good', 'works great']"
215,super cute super girl! super cool super super. super awesome super! i love it!,"['yes', 'yes!', 'good', 'perfect', 'great', 'super']"
216,this works just exactly the same as others listed for 2 times the price. thanks for offering it at this price.,"[""i've used a number of these. just bought some more. they're well rated. they've always worked well for me. good price."", 'this works just exactly the same as others listed for 2 times the prices. thank you for offering it at this price.', 'got it at a great price and it worked great, was a little upset with the tiny size of the packaging as i almost didnt even see it on my step, it arrived in a 1 4 34 thick cardboard envelope that was about 3 34 by 2 34 .', 'i have alway bought this brand, for some reason about a month ago i got some other brand, bad move!!!!! i ended up getting my money back, then i bought me this one, works like a champ, this is way to go!!!!', 'this arrived quickly and was the actual product that was described, unlike what others committed about this item. it works and does just what i needed it for. thanks.', 'this product works great and was a reasonable enough price. i am going to buy a larger one next time. best chk out the size you can use in your product before buying.', 'what more can i say. they always work for me. at one time, they were more expensive than other brands. if you look for deals, that is no longer true.']"
217,"microsd cards are very fast and are dang small. i bought it for my m4 3 camera and phone and have lost a couple from them shooting across the room. this one has this cool red stripe on it. it works perfectly with my gopro, sg4 and note 2.","['there is not much to say about a micro sd card, but this one seems to work for me. word, word.', 'these are great little cards and are very fast. the only thing i hate about microsd is that they are so dang small and the slots are spring loaded. i have lost a couple from them shooting across the room.', 'this micro sd card works great. i even formatted it to fat32 to use in my car for my tv headunit and have had no issues. plus when i bought it it was down to 34.99 from 50.00. great deal. i recommend setting an alert on www . camel camel camel . com so you get the best price.', ""by far the best microsd card i've ever used. it's precise, fast and secure, what more can you ask for? whether it was photos, music or even a few movies, this recorded, played and transferred data flawlessly. very highly recommend"", 'it is reliable sd card. i always used this brand for all of my camera, my smartphone and tablet.fyi', 'never used a micro sd card before, theyre a lot smaller than i thought, smaller than my finger nail. i wrote 150 songs to it from my laptop in about a minute. wrote a 750mb movie in under 3 minutes. glad i bought the class 10 card. the agptek 10 tablet reads from it instantly with no loading. the mobilemate microsd usb reader works well with it', ""there's not a lot one can say about a micro sd card. this one has this cool red stripe on it. it's class 10, making it fast. it works. 'nuff said.my application was for mounting in a microsoft surface rt tablet. i encrypted it with bitlocker to be safe. no problems."", ""i forgot i had i a sd card in my device. it's a seamless part without hesitation. micros are hard to remove but that is a device flaw"", 'good pair of micro sd card that i bought for my m4 3 camera and phone. have been using it with my olympus omd me5 camera for a while and before that a sony nex 5n and my samsung galaxy note 2. no issues so far and the price is just right.', ""i have several of these microsd cards i found that it's easier to have one for each camera that i have and with the price of these cards you can go wrong.. i have a total of 10 and not one of them has failed!"", 'awesome microsd card.. no issues and i have several of these and has performed well in my gopro, sg4 and note 2.', 'best, most reliable microsd card you can get. i use it for all my devices phones, tablets, cameras, camcorders, gopro cameras...', 'great microsd card at a great price, with speed. i can fit about 2 3 days worth of moderate shooting 60 fps at 1080p on a ski trip with my gropro on one of these cards.', ""i've never used a micro sd and am very pleased with this. i normally buy sandisk, but purchased a dane for my daughter's camera for christmas. it lasted about 3 minutes. this was a very good replacement."", ""other than a few for cell phones over the years, this is the first time i've used microsd cards in an actual camera. i'm very impressed. it seems to be just as fast, durable, and dependable as the full sized cards that i've been using for years. amazing."", ""these cards never let you down. they are priced well and always perform. i don't really like micro sd because they are so small, but all the new devices are using them so i have to adapt"", ""the micro card was a snap to insert into my tablet and now i have the extra storage should i ever need it. i use sandisk cards on all my cameras also 'cause they're quality products, and i got this one for a great price too."", 'i finally have a micro sd card that i can use to transfer pictures from my computer to my photo printer. works flawlessly.', 'microsd card works flawlessly with my digital video recorder. no problems at all with playback. more words needed for official review.']"
218,the card was a decent price for the amount of memory. it was on my old hp6910p laptop built in card reader - no problems so far.,"['i have been amazed at memory pricing, but this little card is inexpensive, fast and just what i needed for my new tablet.', 'was a decent price for the amount of memory. had no issues reading it on my old hp6910p laptop built in card reader. no problems so far.']"
219,"this one works as advertised... it is fast and reliable. if you need a memory card, it works like advertised.","['the memory card is an excellent condition and work as described. dependable and easy to use. an excellent choice for the enthusiast who requires more storage.', ""so far so good. i've never noticed a difference in memory cards, i'm just very glad to have extra memory!"", ""the memory card works well and i have no problem with it. it was one of the cheapest out there. came with adapter, so that's convenient."", 'this is my favorite memory card brand. i have mani more in other devices. also very reliable for keep ng your data safe', 'this card is made by a good company and it works well. its lightning fast and gets the job done. its a memory card so not really much to talk about other than the fact that it holds info and accesses and stores info very fast..', ""been using it for about a year now with no issues. come on amazon, how much more can i put on this review? it's a memory card."", ""hard to rate a memory hard in very many words. this memory card does what it suppose to do and i haven't had any problems."", 'this memory card has been working flawlessly. prices have been dropping nicely. amazing the storage capacity in something so small.', 'this card is great for the money and performs adequately. i recommend this product to anyone who needs a memory card.', ""this memory card works like any other card. i've hard zero problems with it and it was easy to install. i would buy it again."", 'extremely happy with this memory card. very fast, and have not had a problem since i bought it almost 6 months ago.', ""it works as intended. don't notice the difference from other memory cards. only typing this to meet minimum words required"", 'very good and quality memory with good functions. i received it in record time from the seller and so far i have not had any issues with the memory card.', ""this memory card is the best, i've downloaded it all kinds of information, without problem, and their ability to cover all my expectations. the negative is the adapter that does not work properly on the computer"", ""can't tel you much about it. its a memory card and i can't compare it to other products out there."", ""this is a well manufactured memory card which keeps up with demanding a v transfer rates. after 60 days of heavy usage, i've had no issues whatsoever."", 'not much to say, it is a memory card and does the job well. no problems at all with this card', 'hard to know what to say exactly about a memory card except that it does what it should at a good price. storage case is sturdy enough.', ""not much to say about the memory card. it's doing its job as expected. bought mainly because it can store a lot information."", ""i've used this memory card in a couple of different devices, and in both cases, it's performed quite well. it's an excellent mix between needing something that will be reliable and always work, and needing something that doesn't cost an arm and a leg. i've had far too many of the cheap no name cards just stop working, and this one has never done that."", 'if you need a memory card, this one works as advertised... it is fast and reliable. i have never had a problem with this brand.', 'the last i heard this memory card works great. i gave it as a christmas gift. the person i gave it to says it works great.', 'again just what you need to get those shots. you can never have enough memory cards. really glad i was able to get one', 'and does what is says it will. what else can really be said about memory cards?? they either work or not.', 'good memory card. no issues. works as it should. price is great when you are able to find it on a lightning deal!', ""i don't get too worked up about memory cards, usually try to buy at least class 10. i am sure this is a fine card, just the one i purchased was defective. replaced it with another brand, not wanting to try twice.""]"
220,"sandisk makes the best memory cards, period. it's not the price that you pay but rather the value that your get - it is great to cary that mush memory on your phone!","[""i didn't realize what small memory i had on my old phone t mobile my touch 3g slide! i mean the thing was so slow and not accepting downloading stuff anymore! i figured later than the memory might be small. sure it was! i looked up for a sandisk memory card on amazon and ordered one! was surprised it was much cheaper than i had seen in a store! installed it in my phone, worked like a champ! i can still use my phone for different downloads with that much memory!"", ""sandisk makes a great big little card. i have this in my htc sensation 4g which it isn't supposed to work in and i got the full memory card working. it's great to be able to cary that mush memory on a phone."", ""i've wasted time and money trying other company's sd and microsd cards, some work all right, and some died on me, it's not the price that you pay but rather the value that you get. let me tell ya, sandisk makes the best memory cards, period..... i bought one of this card for my samsung galaxy note 2 phone, mostly for movies and music. i usually use anydvd handbrake programs to convert movies large mp4 also playable on my samsung tablet and simply copy and paste movies and musics on this little card. both my phone and tablet read this card without any problem and i cannot imagine my phone without it. now i've bought 2 more....""]"
221,"the micro sd adapter fits into the top of the adapters and then the whole thing fits in my camera. the 1 2 size 1 x mini mini disc fits right in the slot, nice and flush.","[""i needed this for my samsung galley tablet. it's doing the job it was needed for. i really didn't need the adapter, but most all micro sd cards come with them."", 'the micro sd works great as described. but beware that the micro sd adapters are faulty. the micro sd will get stuck in the adapter. you will have to carefully rip apart the adapter to get the micro sd out thus damaging the apapter.', ""haven't used it yet. it's my first encounter with a micro. appears to be a quality product, though instructions for using the adapter would be welcomed. good cost and fulfillment. expecting it to function as advertised based on sandisk's track record at our house."", 'i bought this and the 1 2 size adapter for my macbook pro. it fits right into the sd slot, nice and flush. it has a little handle to use to remove. but i love getting the extra 64 gig of memory and use it all the time.', ""when i opened the micro disc and adapter i did't know what to do with them. i went to utube on installing them, and all became clear. the micro fits into the top of the adapter and then the whole thing fits into my camera. very neat and high powered."", 'the micro disk fit my samsung phone perfectly by itself and i was able to use the adapter to fit it to my hp computer to transfer my tunes to my phone. great product and price. i especially like the 34 green 34 packaging. so much easier to access the product and no wasteful plastic. highly recommend it.', 'didnt know it came with an adapter card to make it into a normal micro card, super handy, fits in my tablet perfectly and reads fine.', 'this micro sd with adapter works fine. i have no complaints. if there was one thing i would wish for is a little less packaging it was over packaged for something sent mail order.']"
222,note 3 has 32gb internal storage and it can accept cards up to 64gbits. it has a kick butt memory card in the form of the phandroid android android sandisk and the indiana jones movies on this card if it comes out with i'll be saving my pennies for the,"[""simply put the card works well in my note 3, gives me the extra space needed and to date has worked flawlessly. i upgraded from a 64gb sandisk to the 128gb with no issues. plenty of space available now in my phone and i can keep movies and music local. some people have scoffed online about using such a large card but the reality of it is that you don't always have data service and when that time comes, such as when you're on a plane, its nice to have access to some movies and music that you've kept on local storage.so far its worked in my note 3 and sg4."", ""it could just be my phone a galaxy s3 but i have this microsd card in my phone and a 32 gb microcenter version in my wife's phone and the 32 th version benchmarks faster than this card. not by much but it is slightly faster. again this could just be my phone. one thing i do have a problem with is the fit of the microsd card in the holder adapter. it is a very tight fit. if i put the card in a different holder adapter it slides in and out with out problem. the one it came with really holds onto the card."", ""okay, i'm a memory hog. i admit it.the note 3 has 32gb internal storage and it's nearly full. i had a 64gb microsd card in it and guess what? 15gb left! so what's a geek to do?buy this! wow, what breathing room i have! and then some! i copied the entire 64gb card to the 128gb card, and then added more hd movies. in addition to the phone's stuff, i have all 6 star wars movies, the back to the future trilogy, and the indiana jones movies on this card and room for plenty more. no doubt when the note 4 comes out, i'll be ready with a kick butt memory card.the note 3's specs state that it will accept cards up to 64gb . well, at the time 64 was the highest card available, so they couldn't possibly test for a higher capacity. phandroid android forums, however, has a fairly comprehensive list of devices that are compatible with this card, accurate to the date of the article ... so i'm a happy camper. yes, i paid a premium for being an early adopter... but i'll be saving my pennies for the inevitable black friday sale in november, which will be just about the time the note 4 is released. folks, i can't recommend this card enough just make sure you're backing up to a pc regularly! if it does fail, you definitely want your precious pics and data backed up."", ""i ordered two 32gb and two 64gb versions of these memory cards but i can write only one review per amazon . two 32gb cards went into a camera and a cell phone which only accept up to 32gb cards and one 64gb card went into my samsung galaxy s3 cell phone. the second 64gb card's a spare.the galaxy s3 phone accepted the 64gb microsd card with no problems except for the fact that my galaxy s3 only recognizes 59.7gb of the 64gb microsd card. i have no idea why it does that and why i lost over 5gb of an empty microsd card but i'm okay with that i guess. 60gb's is still plenty. the transfers of music, videos, and pictures between the phone's internal 16gb memory and the 64gb microsd card is wayyy faster than the old sandisk 16gb microsd card that was in there. the same noticeably faster speeds between my desktop computer and the 64gb microsd card were also smile inspiring.as for the sandisk microsd cards they work great and seem to operate pretty darn fast. they're definitely faster than the old 16gb sandisk microsd cards i had installed in my camera and cell phone s .now as for the shipping dismal! i ordered two 32gb along with two 64gb microsd cards on august 21 during an amazon gold box sale. according to the tracking feature they didn't even transmit the shipping info to the carrier usps until august 31. all four were shipped together. i didn't receive them until september 6 a full 16 days after i ordered. a little over two weeks for four tiny items that were indicated on the amazon page as being in stock. ships from and sold by amazon.com at the time of purchase. they also shipped all four tiny microsd card packages in a way over sized box which the usps couldn't fit into the mailbox so i had to make a cross town trip to the us post office and stand in a very long and slow moving line to pick up the box. they could have all four easily fit in one small envelope. even a small padded envelope. i left packaging feedback on that already.this is the 3rd straight time that amazon shipping was horrible over the last several months and that is why the 2 star rating. this is not the amazon shipping that i remember.""]"
223,sandisk ultra 64 gb microsdxc class 10 uhs 1 memory card 30mbs weighs in at a good price. backed up by reputation despite its hefty price tag and resemblance to the'samsung note 3',"[""product sandisk ultra 64 gb microsdxc class 10 uhs 1 memory card 30mb s with adapter sdsdqu 064g affp arating 5 5 excellent people buy microsd cards with 4 primary criteria in mind 1 storage capacity, 2 price, 3 reliability compatibility availability, and 4 speed. when i bought the u64 back in feb 2013 not long after its release it was the largest and fastest microsd available at the time, and it weighed in at a good price and backed up by sandisk reputation.for me, and my galaxy s3 sch i535, currently with android 4.3 this card has been a delightful slam dunk on all four counts. i was reminded of this today when i slammed 30 gb of mp3's from my pc onto my s3's card. the card handled the massive data dump with grace and aplomb, and i'm now able to use my phone to wirelessly stream my entire music library to my new bluetooth compatible bookshelf stereo.color me very satisfied."", ""after a long research about the sd cards. i came across this deal. i wanted an sd card for my new samsung note 3. none of the review was talking about note 3. most of the reviews were either about note 2 or s4.a few reviews were talking about possible problem of not able to recognize the card and getting into the cycle where you have to call sandisk. i was not sure to go for it or not. although choices were very thin. samsung cards were way out of my budget.so i decided to take a chance and i am happy that i did.it's working smoothly. no need to format. just works great. one star for not exactly 64 gb. it shows up 59gb.i will again update this post after 1 month. when i will really sure it has no problem""]"
224,the external microsd card shows total space on the card as 59.45gb. it could only be expanded up to 32 gbit as it would have to be formated as fat32.,"[""my samsung galaxy note 2 came with 8 gigs of internal memory. i discovered that apps can only be written to the internal 8 gigs of memory so i didn't want to fill up the internal memory with pictures, videos, music, etc. i purchased the 64 gb san disk ultra microsdxc class 10 card. i found a video on youtube to learn how to insert the card since i could find nothing on it in the phone's user guide. it's real easy. turn the note phone off. remove the note's back plate. you see a plaque saying sd card in the upper left quadrant of the phone. simply place the microsd card face up with the metallic pins facing down and towards the right into the depressed slot area to the left of the sd card plaque. then slowly and gently slide the microsd card under the plaque until it clicks. if it isn't in correctly, it will tend to move back out from under the plaque. do not force. replace the back plate on the phone. turn the phone on. go to settings, storage. at the bottom of the page, you will see sd card. if the microsd card was inserted correctly, you will see the additional gbs of storage displayed there. you will also see reformat sd card and remove sd card. use these settings to erase data from the microsd card, and to remove it from the phone. do not try to remove the microsd card from the phone without first activating the remove sd card setting. you can damage the card and the phone. the card came quickly and san disk is a reliable brand. it's great to have the class 10 rating too."", ""what more can i say? the 64gb micro sd works for the samsung galaxy note ii! i simply popped in the card and there it was with no formatting. 59gb of space couldn't be more happier."", ""i bought this memory card for my new samsung galaxy note 3 from t mobile, and it works perfectly. turn off the phone, take off the back cover, insert the card, and reassemble. simple as that, and when i turned the phone on and checked storage, there was the external microsd card. the phone shows total space on the card as 59.45gb, but i think that's a function of the phone using some space for its housekeeping and not a shortcoming of the card itself.like the title indicates, no hassles with this memory card. it just does what it's supposed to do."", 'i bought this sd card to expand the memory on my samsung tablet. i had read that the galaxy note could only be expanded up to 32gb as the sd card would have to be formated as fat32.long story short, i inserted it and without any problems or formatting it showed as 60 odd gb.noyce!']"
225,"the card works with my galaxy note 2 and reads 59.47gb a day. it also comes with an extsd2intd mod just insert it into the full-size 'disable' card piece and voila with it's current pricing on amazon.com, this card is highly recommended.cheers","['i have a samsung note ii and was on the verge of having to uninstall programs when the newest version of android came out which allowed you to move applications to the external storage.after reading the reviews i purchased this card to replace my 4g card, now i have room for all my pictures videos and tons of apps. the performance is really great from what i can tell , the pictures , videos and apps load quickly and i have not had any issues with this at all.a must have to extend your android storage.', 'i needed a bit more storage in my galaxy note ii, this has worked perfectly. i have not run into any problems, other than finding out that my phone does not allow moving applications to the card due to limitations that have been added to the newer versions of android', ""i purchased this memory card to expand the storage on my samsung galaxy note 2. after installation my note 2 recognized the card and i've been using it to store images and music without any issues."", 'this works with my galaxy note 2. the phone recognizes it and it reads 59.47gb available. very sturdy card fits perfectly comes with the adapter. once you place it in your device it is best to format the card so the device can read it. you also want the class 10 rating.', 'with games being 1 2 gb now a days this card is great for storing all my high graphic games on my note 2 and with the extsd2intsd mod it all goes to my sd card, but thinks its my internal storage which is exactly what i needed.', ""i put this micro sd card in my note ii phone, and i have had a seamless experience with it. programs that are on the card operate as quickly and flawlessly as those that are on my phone's memory. it will hold dozens of programs, and gives me all the expandibility that i will need unless i start collecting hd movies on my phone! . this card seems to be designed specifically for smartphones, and does its job very well. recommended."", 'the card works with a galaxy note 2. install was simple.there are some minor drawbacks i was unaware of when using card storage on my phone.i do notice an initial lag when first accessing the card.transferring existing items onto card storage is not that simple.not all items can be moved to card storage.', ""memory card works great in my phone and other micro sdhc compatible devices. do be sure to look out for the compatibility of your device. some are not sdhc compatible. luckily everything i have now is compatible. the 32gb size is excellent especially for embedded devices. i use mine with the raspberry pi using the adapter and it's speedy."", ""i have purchased this sd card to have extra storage area for my galaxy note 2. as you might already know, galaxy note 2 does not allow applications to run from external cards, but it allows storing media, documents, etc to the external card. it also comes with a full size sd card conversion piece just insert the micro sd card into the full size sd card piece and voila with it's current pricing on amazon.com, this card is highly recommended. hope this review proves to be useful.cheers""]"
226,"microsd could be so small that you put it away for. the speed is great but the black ones can be hard to see on the busy desk. i'd like to say the colour is very good, but that's not why I bought it on black friday 2013.","[""it reaches read speed of about 24mb s and write speed of about 18mb s at optimal situation.other than the speed, everything is fine. i'd like to say the color is quite a good thing, because microsd could be so small that you put it away for a few seconds it will easily disappear. with the bright read and light grey color, it is much easier to find, because it will not blend into common background.also, the quality looks good, not like some of the microsd cards, this is a unibody design that you cannot tell from appearance that where is the circuits. the sd card adapter come with it is in quite good quality too.in summery, good design, good quality, not too satisfying speed. it will be a judgement call to say if it worth it or not. but to me i can totally go with it."", ""i liked the color liked that i didn't have to worry about it getting confused with other microsd cards that i had lying around. it functions as i expected, given that it was made by sandisk"", 'this is my first ultra micro sd card. i like the color which makes them easy to see because i swap them out all the time in my asus tablet. the black ones can be hard to see on the busy desk. the speed is great but that is not why i bought it. i was very impressed with the price on black friday 2013.']"
227,"the new one will last much longer, but it's a bad batch. covering the contacts on the back fell off, then the card died completely - it has gotten great reviews. the sticker has been re-released in the u.s.","['i started to have trouble with my card after about 3 months. i shall attempt to get a replacement and hopefully the new one lasts much longer.', ""i hope you have better luck, it has gotten a lot of great reviews, but first the sticker ! covering the contacts on the back fell off, then the card died completely. hopefully it's an isolated incident, but i'm trying a different brand in case its a bad batch.""]"
228,jcn oh my gosh this is the greatest invention since sliced bread.,"['fantastic product as it is described. i purchased 2 of them. delivery was fast. i will definitely buy it again and recommend this product to anyone.', 'i love this product! i would recommend this product to anyone, i gave it 5 out of 5 stars because it does everything i need it to plus more!', ""hi .... my son wanted needed to make this purchase, hence the purchase ..........he's completely satisfied with this item, and has no problem with it ........ 34 he loves it ! 34 regards, jcn"", 'oh my gosh this is the greatest invention since sliced bread. i am totaled underwhelmed and it works too. xx xx', ""thank you very much, i'm very satisfied and pleased with the product i purchased, i recommend this vendor for their reliability, diligence and quality of their products, in my grateful and happy client.oswaldo artiaga"", 'great product......prompt service.......well done!', 'i brought this as a gift for a family member and was a hit at their party. thank you bunches.', 'this is my second time to buy this product and will give it as a gift to my friend. packaging is nice and received in good condition.', 'i love the product!this is only a place you can review the product not the handing! the handling sucked the product is great!']"
229,microsdhc's serves its purpose and it works just so. it is a sweet spot for the sandboxes and i would recommend it to anyone who wants to use it if you want to eat it in the microwave - it would be great to have micro-sdash ccs in,"['this microsd serves the purpose in every way. if i need another, i will certainly buy another one of these.', 'what can i say its a micro sd. it serves its purpose and it works just so. i would recommend to others', ""a sweet spot for microsdhc's. added a nice bump in memory for my nokia lumia 822. arrived on time and is being used as i write this comment.""]"
230,samsung galaxy note is the best and fastest microsd in market. recomended it to a friend who bought it!,"['this microsd is helping me alot for my samsung galaxy note. if you are storing lots of music, photos, and videos for your phone and looking for high speeds rate of reading, then this the wise choice to buy.', 'is everything i need, the best and faster microsd in market, exxecent choice i ordered 2, so i recomended it']"
231,formatted the cards from amazon. put them in the devices and they're running great.,"[""i have no issues with this card. it works great and now i have a ton of storage space for music and what not. bit overkill, but that's how i like it."", ""no issues with this. formatted the cards i reviewed from amazon. put them in the devices and they're running great."", ""i have 4 of these in use in different devices. i have had no issues with any of these cards, they're all still working great.""]"
232,"it works fine in htc sensation, it seems kinda slow but it's working without issues so far.","[""i own multiple of these cards for my phones and devices and haven't ever had a problem. would buy again if i ever needed one for another device."", 'no problems with the card what so ever. bought it for a new tablet just plugged it in and started to move files to it in a second.', 'still going strong after a few months on my htc phone. did get disconnected a few times though, not sure if its due to the card or the phone. hopefully it can last', ""i've used one of those cards in my phone for about 2 years now and never had a single problem. recently bought another for my tablet and so far so good. recommended"", ""no problems yet, works fine in htc sensation, it seems kinda slow but i'm thinking it's a problem with my phone interface not the card itself"", 'i bought this card to replace a kingston card that my phone fried, it has been working without issues so far.', ""i've had this card for about a year and i've been very careful with it and it just broke when i popped it out of sd card slot on my phone but it was very reliable card when it wasn't broken""]"
233,can't say enough about it... just works perfectly every time... wish i could say the same about people... great product this is the first of these.,"[""can't say enough about it ... just works perfectly every time ... wish i could say the same about people ... great product"", ""this is the first of these i've had. it works as mentioned and have had not problems with it. satisfied.""]"
234,"this product works as intended, well made, functions properly. this is the only one that has worked will recommend to all family and friends - i paid a fair price.","['this was a gift for my boyfriend and he loves it, he said it works perfectly. so i am happy with the result', ""i'm not sure what to say other than that this product works as described by the manufacturer and seller of this product."", 'exactly as advertised. works well, well known brand and i paid a fair price.', 'this item works as intended, well made, functions properly. good level of comfort fairly cheaply priced wont need to replace any time soon', 'this product is the only one i had bought like this that has worked will recommend to all family and friends']"
235,"an sd card is a micro card that works great. big storage, and writes fast enough for me. keep up the good work. if its broken and i have had no problems, it works as good as any other.","[""its just an sd card. works as good as any other. i don't know what else to say about it."", 'nice addition for a roku player or tablet. i believe this came with a sd adapter, so you can plug it into an sd card slot on your computer or other sd device.', 'its a micro sd card and it works. what more can you ask for.i have one for each of my electronic devices.', ""it's an sd card that works great. big storage, and writes fast enough for me. not much to complain about."", 'an sd card is an sd card. unless its broken and i have had no problems. keep up the good work.']"
236,"i bought this to use in my samsung galaxy tablet. it comes with an adapter so it'll work in your computer or anywhere else you can stick a card. this went into my raspberry pi, and it works great.","['product supplied as described 16gb micro sdhc class 10 card with adapter. i purchased this to use in my samsung galaxy tablet and it works perfectly. it is easy to identify from other micro flash cards you may have because of its red grey color. this is a great memory solution for your stored media for any device!', ""i got this while it was on a deep sale here on amazon. i couldn't pass it up. it comes with an standard sd card adapter so it'll work in your computer or anywhere else you can stick an sd card. it hasn't had any faults and does the job."", 'this went into my raspberry pi, and it works great. i have had nothing but success from this little guy. also, it conveniently came with the sd adapter.', 'amazing price for this micro sd. brings adapter with it. class 10. great product. i am very happy with this purchase.', ""good priced memory comes in plain white wrapper and an adaptor for sd card size. it didn't forget what i put on it so i guess it works."", 'what else does one need, right?and it does come with the adapter in case you want to use it on the sd slot. or put it into a flash drive adapter to use on your usd pc port.great price here!!!', 'this chip seems to be thinner and lighter than the rest of my mini sd cards. came with an adaptor card so it can be read by using a regular sized sd card slot. or you can just read it while it is in the device.', 'comes with the sd card converter, good size for camera memory it reduces your need to change it so often.', ""this actually came with the sd adapter making it a great buy. lots of memory, microsd, sd and cheap. can't go wrong."", 'comes with an sd card adapter. not much i can say about an sd card, but i would recommend it for the price!']"
237,i've ordered other sd cards before but this one is the best overall. the service was great and the product got to me at a reasonable time - my overall experience is 10 10.,"[""i've ordered other sd cards before but this one is the best overall. shipping was excellent fast and reliable. i would recommend it to anyone who is looking for a quality product. thanks again!"", ""i like things that work and i like things that work the way they're sold to me and when they do i give it a great review so trust me when i say this works and you won't find a faster sd card out there."", 'i have this sd card for awhile now and i would have to say its awesome. the service was great. the product got to me at a reasonable time. my overall experience is 10 10. thanks.', ""ordered this one because my 2gb finally wasn't enough storage and i thought i could use the extra gb for future use. sd card is legit and does very well! definitely recommended."", 'sd is always reliable and top of the line quality. i will always buy sd and none other. great buy.', ""love this sd card. i have had such great results from it. i could not be happier with it. love the price i was able to get this for. i have bought them before and will probably buy more. i don't think i will ever buy anything but the ultra series sd cards."", ""this is the third sd card i've bought. all have performed outstanding. great for use in my cellphone and tablet.i definitely recommend this card."", 'great little sd....', ""i gave it five stars, simply because i am not a tech genius, so i don't know if it is the best or not but jeez, this thing is fast and it does everything that i wanted it to do. i have no complaints so far. i'm a very happy customer and i would definitely recommend this product to someone who is looking at buying an affordable micro sd card.""]"
238,i bought one for my samung tablet and another for digital video. it's a good reliable product that he can always rely upon.,"['love this micro sd card, but love the fact that i was able to buy it at such a great price!', ""it's a good reliable product that i can always rely upon. i highly recommend it to anyone looking for a micro sd."", 'this is a really great micro sd card! i purchased one for my samung tablet and another one for digital video.', ""i'm finding more and more electronics are using micro sd cards.so i'm stocking up. good buy for the price."", 'great micro sd card and for 35 its extremely cheap. got 2 of thoses and i ve never looked back. uhs1 fast!', 'i love this micro sd. it enables me to expand the storage space on my acer w3. great price too,', 'i love this micro sd card. awesome amount of space and just plain ole reliable. you dont find to many products like that nowadays.', ""i just purchased a new laptop that has both a micro and regular sd card slotyou can't beat the price!product is as described and arrived very quickly"", ""good micro sd card. i love sandisk's products because they have a good warranty policy. i would recommend this product."", 'fungible micro sd card that works as expected. now for filler text to get past the idiotic word count minimum.', 'awesome sd card, awesome price, awesome speed, awesome quality, i really like this micro sd card and hope it never fails.', ""i like this product as it works very well. at first it only showed but when i plugged my camera using this micro sdhc into my laptop and seen that this card had 2 partitions on it, i had to chose the correct one to use, otherwise i couldn't take many pictures or videos."", 'perfect just what i wanted! i get all my micro sd cards from amazon because sandisk are the best and the best price is here.', ""love the micro sd card. it's everything i wanted and needed. the packaging was hassle free and easy to open""]"
239,amazon sells this card for a great value! no local store even comes close to this price.,"['amazon sells this card for a great value! no local store even comes close to this price. it has plenty of room on it for lots of storage.', 'this is a big card for a great price. i remember buying a 2gb cf card for around 200 a while ago!']"
240,"i bought one for my phone and one on my son's phone. it works great in the galaxy s3 phone, but it worked great with the phone. if your phone won't do it right, should have got a card like this.","[""stuck it in my s2, formatted in settings, works great! already filled with music, pics and videos... get this card, format it right, and you'll have no problems. if your phone won't do it right, should have got a samsung! haha..."", ""works great in the samsung galaxy s3 phone. i purchased one for my phone and one for my son's phone and they both work great! we've had no problems with either card. my son loves that he was able to put his whole music library, several translator apps and bible versions, along with several movies on his phone to take with him on a mission trip to peru and still had room to store thousands of photos he took while there. being able to use a card like this is one of the main reasons i switched from an iphone to an s3. love it!"", 'this is a great card that works with the galaxy s3 phone. i just put the card in and it worked.']"
241,works as it should and has not had any issues with it so far. bought it here for much less than wal mart.,"['works as it should and have not had any issues with it so far. i also was able to purchase it here for much less then wal mart.', ""works perfect. no complaints. it's fast. that's why i bought it. it does what it says it's going to do""]"
242,"when it's on sale, buy it. does exactly what it is supposed to do... at a great price. it works, so far, waiting for the heat and cold to see how well it will hold up.","[""it does the job and the price was right. it came quickly so i'm very happy for the purchase. i would recommend it and would but it again."", ""the subject says it all. does what it's supposed to do ... at a great price. when it's on sale, buy it."", 'does exactly what it is supposed to do. i cannot think of any complaints. other than it is very small...... be very careful. i am glad they put some red on this makes it easier to find if you should drop it,', ""works. there's nothing else to say so yes it works, and yes it works. it also works, so it is pretty good."", 'it does what it says it will do unlike most people i know.it also handles very cold temperatures well, too.', 'it does the job, found it cheaper after i bought it. bummer is the first thing that came to mind.', 'works, had to give a review of this since it does exactly what is it advertised to! good buy for anyone!', 'did exactly what i expected. not worth spending a ton of money on one of these. this gets the job done without any issues.', 'it works, so far, waiting for the heat and cold to see how well it will hold up.', ""either it works or it doesn't it works, it was a fair price and i am happy with it"", 'it works just like it should. it really does work like it should. i bought this thinking it would work and it does!', 'it does what it says but the price needs to come down. alot. 3 stars bcuz it costs too much for what it is.', ""it's just what i needed, it works fine, and i got it around christmas time at a great sale price."", 'i bought this awhile back. and i must say it worked just fine and exactly what i needed. its nice.']"
243,"this is my 3rd card in 3 months. it's a piece of crap, and they're not cheap made. found it here at fair price and have been using it ever since the first day it arrived.","[""this a great card with lots of storage for the money. don't hesitate in buying this, it's a steal for the amount of storage you get."", ""this card is exactly what it seems to be. it's large, it's fast, and it's priced well. not much more you could ask for."", 'this was a great price for this card, and they are not cheap made. save several buying form amazon, the local stores was a lot higher...', 'this is a piece of crap. this is my 3rd card in 3 months. this is ridiculous.do not buy this crap', 'love this card. wanted one but the retail prices were just too much. found it here at a fair price and have been using it ever since the first day it arrived. great buy if you need this one.', ""forget loading this into your cart. a one day pause and this junk went up 16.99, in one day. i don't give money to axxholes."", 'good purchase and i am satisfied with this card. would definitely purchase another one. i would advise everyone to purchase this one.']"
244,"the red is easy to spot, now if it only glowed in the dark.","[""heard that the card's write speed is insufficient, however i have used it extensively and haven't had a single problem with it!!"", ""good card. work as describes. haven't had any issue with it or going pass metal detectors. no lost files or missing files."", ""my first card ordered was bad my tablet and my computer wouldn't write to it, wouldn't read it. amazon replaced it immediately and my new card is perfect. reads and writes very fast, much faster than the hc in my phone. i'm glad i got the hc 1 for my tablet."", ""the card looks good, works fine, i didn't do too much test with it.my only complaint until now is the package, there's a line marked on the back for you to cut, i cut along the line, and nothing happened, no opening at all, all cardboard glued tightly. so i cut near the card, only to found i cut the supposed plastic card case storage shell, now i took it out, and no storage case to store. not a functional problem, but annoying."", 'card is good. i ordered one before and it performs as one would expect, so i ordered another. it took much longer to attempt get the second one so i wrote and got a refund. seller, nmicro technology, was not the same as the first.', 'nothing much to say other than it works just fine and it has great price. needed another one for my phone after my first one got corrupted after a systems update. just a tip if you phone prompts you for an update you might want to take the card out before doing so i corrupted two cards that way.', ""this is a great little card. no problems. i haven't done any benchmarking but everyday use is quick and flawless."", 'so far have not had any problems with the card. our movies have been great. beautiful color. very clear and bright pictures.', 'no complains here. awesome cards with great performance. no degradation in speeds so far as well as no bad sectors.', 'this card has performed flawlessly so far. no read or write errors, or speed problems. not much more to say, but i had to fill up the amazon word count.', 'i had issues getting other cards to be recognized by the nvidia shield. no issues with this one. read and write speeds seem good and am happy with this card so far.', 'had no issues. the card and adapter worked as promised, and not all sad cards bought on internet do. good luck', ""not too much to say about it other than it's a class 10 card for a cheep price. i've had for about a month and it works perfectly. my old card was the basic black hc and failed after about a year and a half."", ""the card was good. haven't had a problem with it yet. good price. fit the product i bought it for."", 'no complains. i have been using this card for a few weeks and have had no problems. i am very pleased with it.', 'this card works great, it has lots of space and great transfer speeds. it shipped quickly and the package was in great shape.', ""the card works as expected. as long as i don't loose my data prematurely this will get 5 stars. overall, recommended."", 'and works great. slipped the card in place and with a small snap i was ready to go. my experience was very satisfied.', 'i have not pushed this card by writing and reading tons of video or anything, but it seems to work fine.', 'works as advertised, no issues to date. there are faster cards out there but you will pay more for them.', ""nothing bad to say, great product, great price. works excellently in my video camera. one won't go wrong with this card."", ""what can i say, it does what it's supposed to do. what i really like is the price, much much cheaper than what you pay at the best buy or radio shack. plus i got the card in less than 2 days without paying extra for 2nd day or overnight shipping."", 'love the speed and quality of the card. previous card worked slow and would freeze or force eject. all my problems are solved now', ""this is a great card that does what it's supposed to do. i will definitely buy again when the need arises."", ""the drawback is all the darned packaging for this tiny card. seriously, it's plug in and you're done, why all the packaging?aside from that, it's working. i'd buy it again."", 'this is a great little card, no problems thus far! i load this up with movies and then watch away!', 'so far it has worked very well, stores more that i need which is a great feature. another nice feature is the red paint, really, i drop these little cards and the all black version are often hard to find, the red is easy to spot, now if it only glowed in the dark..lol', 'i have been pleased with the performance and price point for this card. no complaints, i would recommend it based on price performance.', 'great little card. i have had issues with my phone chewing them up and spitting them out pretty frequently this card seems to have solved that issue for me.']"
245,i have owned and used this in my galaxy siii for a few months now. it shows up as 29.71 gb total capacity and still has 22.86 bb left. comes with an adapter if you require the ability to put it directly into your computer with symphony.,"['i have owned and used this in my galaxy siii for a few months now. i have never had any problems with it. it is fast. i never even think about running out of space on my phone now. it shows up as 29.71 gb total capacity and i still have 22.86 gb left.', 'works great in our smart phones. gives us a lot more memory. comes with an adapter if you require the ability to put it directly into your computer with a normal sd slot.', 'i bought this for my galaxy s4. you need to reformat it to fat32 32kb cluster size to fully take advantage of it in the phone but once you do it works great. i copied everything from my ipod about 40gb to it and now i can stop carrying 2 devices around.', 'bought 2 of these. one to be used on my sony psp 3000 with microsd to memory stick pro duo adapter and the other on my samsung galaxy s4. works great on both. enough storage for what i need it for.', ""purchased this for my galaxy s3 phone. the phone has 16 gb internal memory and you can't use this with it. luckily it came with an adapter and i use it in my card reader for storage. i go from the pc to the phone. its worth the money but remember its useless with the galaxy s3"", 'great buy for this sandisk 16 gb memory. worked well in my samsung s4 smartphone. i mainly use the extra memory to save photos and music. like the adapter that i use frequently to copies files to my desk top pc.']"
246,"sandisk is a memory card, fast as any other class10 card. it records data for my go pro without problems, says robert mccartney - who hasn't had one crash yet. for 20 you can'T go wrong with the 32 gb memory cards.","['it is a memory card, fast as any other class10 card, and sandisk units rarely lose data. i wish these guys would keep their marketing on the backside leaving some white space on top so we could write things. the cheapo brands do this but not the big guys idiots.', ""and i hope i never do! because of the price point and my past experience, these are usually the memory cards i go to first. i've never been let down yet."", ""it's a memory card. it works great. what else do i need to say? sandisk always makes high quality stuff...i am not worried at all..."", 'its a sandisk ultra card. all i can say is that it records data for my go pro without problems.', ""great card, haven't had one crash yet. for 20 you can't go wrong with the 32 gb sandisk memory card."", 'great memory card. i have trusted sandisk since it came out with memory products. they work harder to keep innovating.']"
247,the included adapter for using the microcard in a pc sim card slot doesn't work.,"[""i got this for my samsung galaxy s3 when it was on sale. my fairly new internal card reader wasn't able to write to it so i tried 2 different usb adapters and they didn't work either. i installed it in my phone and was able to copy files via usb. it was slow but it worked and is great in the phone."", ""i bought this with the sole intention of putting it in my samsung galaxy s3. i had to use a tool to format the card to fat32, but once i did so, the card worked great. i have been taking advantage of the extra room i have for music, videos, pictures, etc. the sd adapter that comes with this is also handy.the transfer speeds didn't feel like class 10 when connected and transferred files from my computer, but my computer is 5 years old, so it's very possible that it's the problem. other than that, i'm completely satisfied."", 'performs as expected. i bought for mi galaxy s3 to increase it storage options, when i need to transfer big files i use a usb adapter since the wifi and mtp conectios speed is far slower than directly connecting the device but that is not the cards problem. its fast reading and writing inside the s3 and when connected to a current generation computer.old computers will read and write at slower speeds, but is still compatible hardware wise. the exfat format can be a hassle.no problems yet hardware wise. i would have preferred an open standard as partition format instead of exfat, but that is microsoft fault not sandisk.is easy to reformat with a usb sd micro sd adapter.', 'have only transfered some pictures and music so far. my s3 galazy had no problems recognizing the card...hear a lot of rumors about memory cards not working, having to format first, etc., but this one worked from me right out of the box.the included adapter is also good when i want to use with my computer s for slide shows since microsdhc are not supported by many if any..just to small.', 'works wonderfully. i had this sd for over nine months and it is still working great. i had trouble getting it to recognized at first by my s3.formatting from phone and or generic windows format menu did not resolve this issue so i downloaded easeus partition master and formatted and it has been working like charm ever since.write speed 8.4 mb s default cache speed.read speed 37.9 mb s default cache speed.', ""this little memory card is quite fast and it gives me a ton of expansion storage on my galaxy s3. file transfers from the phone's internal storage or over a usb connection to my pc from the card when it it's in my phone are a lot faster than i anticipated. the included adapter for using the microcard in a pc sim card slot doesn't work. i've tried reading the microcard using the full size sim adapter in three different pc's and had no luck at all. i think the adapter is just junk.""]"
248,"sandisk class 4 microsd card is assuming it is used for storing some index information some restore information. but it's very responsive and extremely fast as well, flies past that easily when he would try playing a game of playing the game.","[""i love this memory card!! i upgraded the memory on my phone from a 2gb stock card to this and, not only are the transfer rates from card to phone and back way faster, but the capacity is great!! i've now replaced my ipod with this because i can have all of my music on my phone as well as any games and i don't have to use itunes to interface, just drag and drop. oh, and it's waterproof. like my phone. just saying."", ""my ipod finally bit the dust, so i bought this card to use in my galaxy 4 so i could use it as my new music player. it was very easy to transfer the music and get it playing right away. i can't complain at all, it was nice to be able to expand my storage on my phone enough with this that i didn't have to go buy another ipod. i have a lot of music and this thing holds it all and doesn't slow my phone down at all. no complaints here, i actually bought another one of these for my galaxy tab so i can keep all my music on that too. so it's safe to say i would buy it again."", ""bought this a few months back for my phone... but after switching phones to one that didn't support extra storage i reformatted and stuck it on my car stereo full of music. even at full capacity it has been there for months now playing without a hitch. music only take about 5 seconds after starting the car to start playing, skipping, fast forwarding or searching all works flawlessly. the stereo is to be given some props here but if the card wasn't up to par it clearly wouldn't be as fast as it is. very glad with the purchase. will buy again if the need ever comes."", ""i am using this 64 gb card onsamsung galaxy note ii n7100 unlocked gsm international version white. i coped over 50 gb podcasts music. it took several hours to copy from a 3 year old laptop. after copying, the inbuild samsung's music player recognized all and playing is very smooth. the card looks super fast, no reading. after booting the phone, the music is indexed almost immediately and i can play. i have attached a screenshot which shows only 59 gb is available. the 5 gb seems lot to be missing. i am assuming it is used for storing some index information some restore information."", ""i've had this card for a couple months now and it is amazing, i use it in my phone so i can put stuff in there rather then use the space on the phone, its extremely responsive and extremely fast as well, i had a sandisk class 4 microsd card and this flies past that easily, usually when i would try playing music it would take a couple seconds to start, but using this it starts instantaneous , it was as if i had stored the music on the phone itself, i dont know what else you might use this card for, but if you are looking for a microsd for your phone, look no further""]"
249,sanddisk and amazon have been using the same software for the past few years. but it's not the most expensive one in the u.s. it is based on the original packaging and is the only one that can be i found this card was deliberately crippled despite the product description saying the ultra microsdx,"[""i bought this for a sansa clip , it worked after formatting the card to fat32. can't say much other than i have tons of lossless songs here that were previously on cds. what i don't like in general is that manufacturers lie about real size of cards arguing some technical issue, it's like saying that 2 2 5, when in reality is not, this card like any other card is not 64gb, it's more like 62gb can't remember exact size, don't have card available at hand .2 2 is not 5. this card is advertised as 64gb yet in reality is lower, manufactures using false advertising as usual. this kinds of memory cards are a good example of false advertisement."", 'i made the mistake of buying a supposed 64gig card on ebay and found that it was fake. so, i decided to purposely buy a retail packaged sanddisk card directly from amazon. the card is great, i reformatted it to fat32 for use with my sansa clipzip and hisoundaudio studio v 3rd anniversary. i have not had any problems with the card, works as advertised and the transfer speeds are great when loading files onto the card.', ""128gb in the size of a fingernail for this price, who'da thunk it?works fine in my sansa clip zip using rockbox software probably fine with original firmware but i haven't tried it .nota bene as with all sdhc xc cards, it comes from the factory formatted to exfat.for rockbox at least, and probably other software, reformatting to fat32 is required.if your device or software supports exfat, you won't care about this caveat.i'm only using it for mp3 bitrates, so i can't comment on speed issues.the dark red printing on the card is hard to read compared to the white on the 64gb cards.awesome! thank you sandisk and amazon."", ""picked this up on sale.. doesn't work, only shows up as a 1mb yes, megabyte card that i can'd do anything with. i already threw away the original packaging too. i'm sure returning it is going to be a huge pita because of that.update after writing this albeit, short review i found this is not uncommon. i also found that this card was deliberately crippled despite the product description saying the sandisk ultra microsdxc uhs i card works with any microsdxc compatible device. that was all the motivation i needed to process a return on it rather than having it replaced.""]"
250,the adapter came with a slider switch in write protect mode. the card went bad in just couple of months - and it has replaced the original 4gig chip originally supplied with the unit.,"['only had it a few days, but so far it seems to work fine. one thing to be aware of the adapter came with the little slider switch in write protect mode. i could not write on the memory card from my laptop because of that, and almost embarrassed myself by asking sandisk for support the i realized what the problem was. i give 10 of the blame to sandisk since the slider has no visual indication at all. a little dab of white ink would gave helped. but mostly, it was me anyway, just be aware of this if you use the adapter.', 'it has worked perfectly for last few weeks. i am using it in a garmin dash cam system. it has replaced the original 4gig chip originally supplied with the unit. i have been using sandisk chips for over ten years with absolutely no issues. this is top of the food chain for sd micro chips.', 'i bought this item and at first the card was defective however a quick online chat with sandisk and two weeks later i had a new working device. not much to say other than a great product and company. definitely recommend.', ""what can i say, the card works perfectly, haven't had a single issue with it. i had a sandisk card at one point that didn't work properly and sandisks customer service was great in replacing my product which is the reason i will keep giving them my business."", 'sorry to say but i have to pull down rating from 5 to 2. the card went bad in just couple of months. no option to return as its beyond policy.the card came on time, good packaging and works so what else to add for this 16 gb sd card.']"
251,"sandisk microsds have stood up to my tests with only one card i can think of failing. the price per gig is less than he used to pay per meg, but now nothing can be written on it - and it's not a fake micro dhc card. if only they would get files","[""got this because you can't beat the price and sandisk has so far always been reliable for me. i own two 32gb uhs 1 cards and a few older 16gb, 8gb, class 4, class 6, etc sandisk microsds not including my standard sds or my usb thumb drives and they have stood up to my tests with only one card i can think of failing, which i was still able to recover all the data from just not write to it anymore and i'm pretty hard on my rewritable media. what more can you say?"", ""in the past, i've bought lots of cf and sd cards and usb keys. years ago, i bought brands randomly until i had a failure with a particularly high priced brand. at the time, these critters were tres chere, so i decided to standardize on wd because i'd never had a failure except for hard drives, but that's a different topic .now that the price per gig is less than i used to pay per meg, i still stick with wd because i'm using these cards over long periods of time and don't want to lose the data.i recognize that this is anecdotal and may or may not be in line with what consumer reports says or others' experience, but by now, i'm a mindless fan and frequently chant roll wide. now, if only they would get rid of the anti shoplifting packaging . . . ."", ""i bought this with costco black friday deal and started using just a couple of days ago. today when i was transferring video files from my phone to the card, i wasn't able to because it stopped half way. now, nothing can be written on it.it was purchased from costco, so it's not a fake microsdhc card. i tested it out its authenticity with an app on google play and verified that it's real too. still, it's a piece junk. what is sandisk doing to its reputation?i would advise shopper to choose other brands over this. surely, it's cheap but would you rather lose all of the important files that you store in it?""]"
252,"the card has been fast and reliable and has given me a steady, and strong performance. it has not dismounted, nor have he experienced any failure on the memory cards part - it is not stale if it fails to perform properly. i put this card in my new card and it worked fine.","[""no problems encountered and seems perfectly compatable with the s4... can't even tell when you are using something off the card or off the phones internal memory.note that up to 32gb it requires the hc cards, from there to 64gb it requires the xc version.happy with this purchase so far."", 'after i put this card in my new s4, my camera would hang and just not respond to anything. some apps also stopped working. i put in my old 16gb card and everything worked fine.', ""have used this same sd card in me galaxy s3 for the whole time i had it then put it in my s4 when i got that and have had no issues. has been fast and reliable and i have gotten what i paid for that's for sure."", 'i held off on rating this item until i had a chance to evaluate its performance. i am glad i made the purchase. this memory card is just what i needed. it has given me a steady, and strong performance. the access time to games and photos is very acceptable. as to the unspoken problems with the galaxy s4,i have not had a problem at this point. my card has not dismounted, nor have i experienced any failure on the memory cards part.', 'there are a lot of other reviews on this memory card. my only addition is that it worked perfectly the moment i put it into my s4 no formatting issues, nothing ... it just worked. also nice that it comes with an sd adapter.', ""i have had this micro sdhc card for about 4 months now and i have had no problems with it. i had previously been using a similar 32 gb card in my htc evo, but upgraded to 64 gb when i got the samsung galaxy s4. i've noticed no issues with speed or reliability.""]"
253,this card is great you can save lots of pictures or files on this phone. it works great in most phones same as i wrote for all other cards by sandiskgood qualityworks well for long timea must for extra photos and songs in your cellphone.,"[""i use the phone with this card in combination with an eye fi mobi card to back up photos when i'm in the field."", 'this card is great you can save lots of pictures or files on this card the card works great in most phones', 'same as i wrote for all other cards by sandiskgood qualityworks well for long timea must for extra photos and songs in your cellphone']"
254,the thing came fast and didn't work. neither my computer nor my phone could read it or format it. it crumbled easily into tiny pieces - never again.,"[""spent over 50 and the thing came fast and didn't work. neither my computer nor my phone could read it or format it. i have had plenty of memory cards, so i know to unmount it with software. odds are yours will be fine, mine sucked,"", 'died within 6 months! stopped being able to read or write when i went to destroy it, it crumbled easily into tiny pieces. never again.']"
255,microsoft chip but the phone has a flaw with the 32gb sd card. it worked for one month then would randomly eject the card when i didn't do anything. he did see one review that said it was not compatible with galaxy 'ii',"[""when i first got this card, it worked perfectly in my galaxy s3 phone. then, i rooted the phone and installed the cyanogen mod rom to gain additional features not available from my carrier. the card was instantly corrupted by that rom, because it's formatted with a filing system the rom doesn't support. fortunately there was nothing on the card i couldn't replace.i ended up having to use a third party utility to format the card with a filing system supported by both windows and the rom.once properly formatted, there have been no corruption or data loss issues and the card has performed well.if you are using a stock galaxy s3 rom, you'll have no problem at all. you'll find the card roomy and fast."", 'this does not appear to work with the samsung galaxy s3. it worked for a few weeks, then my phone started giving me unexpected unmounted sd card error messages. after a bit of searching, people seem to agree that the s3 and sandisk micro sd cards do not work together.', 'i ordered this card as part of a lighning deal back in november. the card was working fine in my galaxy s3 until a few weeks ago where it would intermittently not be recognized by my phone or my desktop computer and today, 4 months later, it died completely. i guess you really do get what you pay for.', 'is there any thing else that needs to be said?this was put into a samsung s3. the card worked and has worked so far w o any hick ups. price was very good too here on amazon.', 'inserted the memory card in my galaxy s4 phone and it immediately recognized it. can you ask for anything more?!', 'worked great for about six months in my s4 and last week it started having device connectivity issues. the phone keeps saying ad card removed, resetting the phone lets the memory card work for maybe 30 minutes. very frustrating.i have 30 gigs of media, i would appreciate scan disk resolving this issue with me and the product', ""i have found this chip works well even in conditions that aren't ideal. i bought a 16gb galaxy s 3 and tried this chip but the phone has a flaw with the 32gb microsoft chips so it worked for a month then would randomly eject the card when i didn't do anything."", 'i was a bit apprehensive about getting this sd card as i had heard that it was not compatible with my galaxy s iii. i did see one review that said it worked just fine on his s iii, so i took the gamble. i got the sd, immediately reformatted it, which was recommended by a galaxy representative i do this all of the time anyway to get any 34 bloatware 34 off of the card! , plugged it into my phone, and it worked just fine! i would definately recommend this sd card!!', 'zero complaints! works great. my old card just quit and it seems certain cards fail on s3 and s4 devices. this one is made to work on them. order placed and received in just over 24 hours!']"
256,"the premium you pay for an iphone 64gb is 200. the card reads only at 10mb s, so a hd movie will take about 10 15 minutes to load up. i can watch an e-mail or shoot one with my phone with no issues whatsoever.","[""this is the best accessory that you can buy for your smartphone! simple explanation 1 i loaded all my hd movies onto this micro sd card, inserted it into my samsung galaxy s3, and it plays them superbly without any delays, as it it up to 30mb s read speed!2 the most important reason for this being the best accessory for your phone is to think about this the premium you pay for an iphone 64gb is 200. the price you pay for this 64gb micro sd card is 50 depends on amazon's pricing at the time . that means you get the same thing for 150 less, and you can interchange your sd card between devices if you buy a new tablet for example .no brainer.note that it reads only at 10mb s, so a 7gb hd movie will take about 10 15 minutes to load up."", 'if you want tons of storage on your phone or device this is the answer. the card is also fast i can watch an hd movie or shoot one with my phone with no issues whatsoever.i upgraded from a 32g card to this newer faster one and can really tell the difference. the faster cards are worth the upgrade price.']"
257,"the card was not found by laptop.googled the issue. many blogs experiencing the same problem - it fits and works ok, not much else to say.","[""using it in my htc inspire and so far no problems had to format it though, the card is fast and works really well. i'm considering buying one for my tablet."", 'after reading many reviews i decided to purchase this card for my new galaxy s3 phone. i powered off my phone ,removed the back cover and put this card in and turned my phone on and i did not need to format it or anything it was ready to go. so far so good.', 'purchased for my galaxie 3 phone and it fits and works. not much else to say. ok, the price was good.update 06 24 13it stopped working! all of a sudden my phone started alerting me that the sd chip was mounting and dismounting. caused the battery to drain in a few hours. everything on the card was lost. i attempted to re format in my laptop. card was not found by laptop.googled the issue and found many blogs of others experiencing the same problem.i will attempt to return to amazon.']"
258,the card worked fine with my phone but it didn't work on my e-mail. it was instantly recognized if it's not formatted correctly 'it works like a dream and have had zero issues',"[""i bought two of these one for asus infinity and one for samsung galaxy s3 international version. it worked fine with my asus but it didn't work on my phone. i formatted this card using the phone,the tablet and my laptop but didn't work i did some tests with apps using some apps nothing showed its not working the only way i got it to work is by formatting it in my canon slr camera."", ""this memory card worked well in my samsung s3 and was instantly recognized. i didn't have to do a single thing aside from installing it."", ""i use this memory card in my galaxy s3, and though i had some issues getting it formatted correctly this is the phone's fault it works like a dream and have had zero issues."", ""just put this memory card into my s3, formatted it from the storage menu on the s3, then downloaded the sandisk memory zone app from the google playstore on my phone. if i have issues with this memory card i'll come back here to update this review but so far so good!"", ""i've been using this card for over 2 months and it works perfectly. i installed it in a samsung galaxy s3 and it was immediately recognized. no need for formatting or other special handling.""]"
259,microsd cards and usb always seem to work better and last longer. i use both microd card and usb and these always look better - and look to last more a long time.,"['the only memory i use for most devices. have never had one fail, whether it be this microsdhc, compact flash, sd, flash drives, etc. great company.', 'i dont understand why but i use both micro sd cards and usb and these always seem to work better and last longer.']"
260,it works on both my samsung galaxy ii phone and asus tf101 tabletam gonna buy another one so each can have one works great in my compatible device only designed for 32gb.,"['formated to fat32 using easy partition home edition free on the web and it works on both my samsung galaxy s ii phone and asus tf101 tabletam gonna buy another one so each can have one', 'works great in my compatible device but if you think you can reformat to fat32 and us in an older device only designed for 32gb you will likely experience excess battery drain even if you think it is working fine to start with.', 'i reformatted it in disk utility on my mac so that is fat32. and it works very well in my device nokia n900 .']"
261,the samsung galaxy camera is capable of capturing 16 megapixels photos. the 64gb microsd tf card will not suffice - a matter of fact he's exhausted the remaining space on the card if you have to use it 'for your smart phone',"[""i purchased this after my wife and i bought our samsung galaxy s4 to store all the music, pictures and videos. the s4 camera is capable of capturing 16 megapixels photos so the 16gb microsd that i had will not suffice. as a matter of fact i've already exhausted the remaining space on the card so this 64gb will allow me to take more photos of our son ."", ""this is the sd card you need for your smart phone. i bought this for my s3 and been using it for over a year and it works perfect. i don't think ill ever have to worry about running out of space. plus the price on amazon, you cant beat it."", ""we have bought two of these. you get an open slot with your smartphone and you should use it. pictures, movies, and music will fill up your primary device storage in a heartbeat. further, it is a good practice to have your 34 personal 34 stuff, like the things i just mentioned, saved to an external drive so as to not be in the mix should the horrific happen and you have to get your phone wiped.word to the wise encrypt your storage, both primary device and external sd. for the samsung galaxy s4 at least , that, in turn, requires that you use a phone unlock code of at least six characters, with at least one of them being non numeric. i know this can appear to be a pain in the butt, but the first time your device is ganked and you aren't panicking because your stuff is encrypted, you'll thank me. nekkid pictures aren't the only things of concern, mind you. an unencrypted device, stolen by the wrong hands, isn't just 25 in crack cocaine money...it is much, much more than that in terms of lucrative identity theft opportunities. don't be 34 that guy 34 . encrypt your phone. there are walk throughs showing how to do that for whatever device you happen to have on youtube, i am certain."", 'i bought this to go along with my new s4 that i purchased and i have to say i am pleasantly surprised at how much 32gb can get you on a phone! i have pushed all of my apps to my sd card which has given me plenty of free room on my phone a major detraction placed on the s4 especially . i do notice that since moving most of my apps to the card, some load times and other features may take an extra second to really get going. this may lead me towards going with more powerful sd cards in the future though i am assured this will work for all of my current needs.', 'i purchased new samsung galaxy s4 phones for my wife and me. we wanted to be able to take pictures and family event videos without constantly worrying about not having space on the phones. the cameras on the galaxy s4 are wonderful, but that means bigger files too. these 34 sandisk ultra 64 gb microsdxc class 10 uhs 1 memory card 34 are fast and we have not even begun to fill them up.', ""i'm using this with my samsung galaxy s3 to expand the built in 16 gb memory. my modest music collection uses about 10 gb, so i needed this micro sdhc card for a little more breathing room. i went with 32 gb which should last me for the life of the phone. i've been using it for a month with no problems. if your phone supports micro sdhc memory expansion, this is the one for you to get."", 'after using an 8 gig microsd in my galaxy s3 for a year, i knew i needed a new sd card when i got the s4. this sd card has worked out really well for me. i am no longer worried about running out of space when i take pictures on my new s4.', ""i bought this extra memory for my samsung galaxy s4. i wish i had known when i bought my phone that android changed its memory management technique between gingerbread and jelly bean! verizon sold me a 16gb samsung s4. i didn't do much research since my old phone broke and i was about to leave on a business trip the next day. come to find out, there are 32 and 64gb versions of the galaxy s4! i never asked verizon if they even carried different versions. well, i figured that wouldn't be a problem... i'll just put in a 64gb micro sd tf card and i'll be all set. unfortunately you can no longer transfer apps to the micro sd card. some apps can store data on the sd card but there is no longer the ability to move to sd. since i travel internationally, i use a lot of gps mapping software and would like to download multiple gigs of map data for offline mapping. as of now, i can only download this to my phone's 16gb memory, and not to this 64gb memory card! pictures except for burst photos , videos and music can all be put on the 64gb sd card. all that being said, this memory card works well, and is priced on par with all of the other comparable cards on the market. if you've got the cash and need the space for music, videos movies and or pictures just not apps then i recommend picking one of these up."", ""this works well in my galaxy s4. i use it for media storage. i did have to reseat it once as i kept getting an error about preparing sd card, but i think that was more about how i put it in my phone than about this media. i think that this is a pretty good value to extend storage on a phone.update i deducted a star because this card has a capacity of 32 billion bytes, but not 32 gb. there is a difference. the storage is actually around 29 gb because 32,000,000,000 1024 1024 1024 29.8 gb. it's still a very good value and i would still recommend it highly, but do understand that you are not getting 32 gb."", ""swapped this into my gopro and put the 32gb card from there into my s4. in both cases i'm completely satisfied with the cards."", ""my samsung galaxy s4 now has 119gb of fast microsdxc flash card storage available. at amazon's rather amazing price, it works out to 94 cents a gigabyte. way back when, in the early days of hard drive storage, i paid as much as 500 per megabyte!this little hummer is fast. the package and ads claim read speeds up to 30 mb s. my own crystalmark tests indicate 33.77 mb s read and 28.80 mb s write.with storage capacity like this and continuing software development, the smartphone and small tablet just might be the future of computing.my initial impression is simple one of awe 119gb of usable storage in a chip not even the size of my thumbnail.if you have a device that will support microsdxc cards, buy one of these. you can never have too much storage, but you will definitely be hard pressed to fill this card up with your personally useful data.great device great buy.jerry"", 'hello,we have been using sandisk memory cards since the beginning of sd cards. this latest version was recommended for my samsung galaxy 4s phone. with the zillion photos, videos and apps, the original 16 13gb of space was becoming full and not saving due to lack of space. so, the sandisk micro sd card was the answer. pop the back off easily on the phone, slip the mini sd card into the provided slot, make sure it clicks in and put the phone cover back on the unit. it is as simple as that. now, i have 32 gb of extra space and my new phone stores anything i want to store. i constantly make backups to my home computer...very easy the connection simply shows the phone data and the sd card data when connected to the home computer. i transferred my largest photo video file to the sd card. now the original 12gb is open for more instant quality photos and videos. when the original card gets loaded again. 13meg camera takes super quality photos and videos, but also takes up a lot of space.adding a micro sd card is less expensive than ordering a 32gb galaxy4s, but yrmv great productupdate... the original super large file that is on the sd card still shows up on the original gallery screen. it still has the same functions, but my original 16gb shows more room for the next zillion photos, etc.', 'purchased two 32 gbcards for the two new samsung s4s in or family. after using for several weeks no issues at all saving a variety of files photos and office documents.', 'i just removed the back cover and plugged this into our new galaxy s4 and the phone recognized it immediately indicated had 59.47gb of storage available on sd card ... i loaded some pics and videos on it for good measure and it works fine...recognized the sdxc. i assume it is file system formatted for exfat.', ""i was looking for the maximum storage i could add to my sd card slot on my samsung galaxy s4. while samsung only recommends using standard microsd cards, this microsdxc card works perfectly and offers great speeds. if you need a card to expand your galaxy s4's storage, this is the go to card for you."", ""back when i purchased my samsung galaxy s4, the deciding factor between it and the iphone was the capability of sd card storage, so when the chance came to grab a 32gb card for 20 dollars, i jumped on it. it performs flawlessly, and comes with a standard sized sd card so you can fit the micro into it and access it from your computer.folks, if you purchase an android phone with sd card capabilities, don't go for the 32gb phone and pay up to a hundred dollars more. just grab a micro sd card for less, and thank me in the morning!"", 'i installed the memory in my new galaxu s4 and it gave me plenty space. no worries anymore about lack of space to take pictures or video', ""installed this in my s4 and it was immediately recognized by the phone. i performed a format from the phone just to see what it would do, but it didn't give me any further storage capacity with the card. with card overhead it still adds nearly 59.5gb of storage capacity to my bloated s4.i tested moving existing applications, pictures, music, and other files back and forth between my phone and the card, absolutely no problems. if you're not going to put a lot of music, pictures or applications on your phone, you'll probably be fine with no additional storage. however, if you're going to add any storage capacity to your phone, why not maximize it with a 64gb card for about 50?""]"
262,the micro sd mini went down 10 bucks the day after bout it. no faults have occurred yet with the card.would buy again. it works even again reviews complain about it working for only a certain number of re writes before it fails.,"[""works just fine. haven't had any issues. bought another 32gb micro sd mini but haven't used it yet. so far i'm pleased with the purchase.ordered the hassle free packaging and the card seems legit. decided to order the retail packaging for the other card since i read stories about fakes being shipped to people."", ""this sd card works great! i haven't had an issue with it since i bought it and i don't expect to have any issues at all!"", 'works what more can i say . it went down 10 bucks the day after i bout it but whatever. great micro sd', 'this sd works as its supposed, i have it in my phone right now and have had it for months. no issues!', 'as advertised. appears to be working okay. no faults have occurred yet with the micro card.would buy again. a', 'after using it for a while, i have not issue at all.have been taking pictures, videos, doing a lot of copy paste delete this little 32gb sd card. not like my other sandisk 32gb which only last for about 6 months.a small note. not sure if it is the color or the design, the feel of the card red gray is a little thicker then a regular black sd card. i also need to use little force to get the card out the digital cam. on the bright side, i do not have to worry about dropping the cd card like others since it does not slide out when try getting it out.', 'no problems with this micro sd. it works and works again. and then you know what? it works even again', ""i've been using it for just over a week and so far i've had no issues...not that i was expecting any as i've used sandisk microsdhc cards before which have worked reliably. these have all been of varying sizes under 32 gb, this being the largest size i've ever used. i've read complaints elsewhere from persons who've had problems with the said brand which, fortunately, have been few."", 'works well no problems. this is a very good price for a name brand sd card. i will buy again', ""i've seen some reviews of micro sd media that complains about it working for only a certain number of re writes before it fails. i've been using these sd cards in dash cameras for the last 6 months and they are still working great!"", 'it worked just like you would expect a micro sd card to work, no noticeable issues have come up yet.']"
263,micro sd card has worked perfectly with no errors so far or failures. i love this card.,"[""what can i say? it's a micro sd card i use for a sandisk sansa clip . it has worked perfectly with no errors."", ""i love this micro sd card. i'm glad i bought it and i use it for my samsung galaxy tab 3. i have never gotten any errors with it so far or failures.""]"
264,"i recently upgraded from my trusty droid x to the samsung galaxy. it loads the gallery so much faster than one in the galaxy.otherwise, it's a memory card and it works perfectly since and holds all of my songs and videos.","[""i recently upgraded from my trusty droid x to the samsung galaxy s4.given it's hi def videos and pictures i wanted a big and fast memory card.this faster card loads the gallery so much faster than one in the x.otherwise, it's a memory card and it works well."", 'this is just what my s4 wanted! i have so many songs to take around with me that i had to get a bigger card and this one is great! no memory issues any time soon!', ""i bought this after i found out that you can add a memory card to the samsung galaxy s4! i never even knew that you could, and so once i found out i bought this and installed it. it's worked perfectly since and holds all of my songs and videos. great buy!"", 'i purchased the sandisk ultra 64gb micosdxc memory card to put in my samsung s4. i tried to purchase this memory card locally at and bestbuy but no one had a 64 gb memory card. i am glad that i purchased the memory card as not i can put my backups, music, podcasts, etc... on added storage. i would recommend this memory card for anyone who has a samsung s4.pceddie ...']"
265,the galaxy s3 is a real and powerfull phone with 64 16 gigas. this much memory in an iphone would cost an arm and leg.comes with an attachment so you can easily transfer files straight from your computer.,"['i download movies, pictures, music and i still have space in my sd card, my phone galaxy s3 is a real and powerfull phone with 64 16 gigas.thank youraul', ""what a bargain! 64gb of memory for all of your music and movies. i bought this and the galaxy s4 and couldn't be happier. this much memory in an iphone would cost an arm and leg.comes with a sd size attachment so you can easily transfer files straight from your computer.""]"
266,samsung galaxy galaxy 4 has a new card that can't recognize in any items. it's not the same as the card i bought from lenovo yoga 10 tablet and it worked fine - it was rewritten in the pc and still no luck. if everyone knew about this there would be less than,"[""so this product is a large disappointment...bought it to use in my tablet but the card is forever getting corrupted....i've reformatted the card a few times but it's to the point now that even a reformat doesn't work.. wasted money...don't recommend purchasing."", 'what can i say. i got this at a one day sale only on amazon and wow this things worked smoothly. no errors, no formatting needed. i just popped it into my gsiii and it worked like a charm', 'randomly erases all my data and asks me to format card on my unmodified unrooted sprint galaxy siii ,i dont know how scandisk is selling these,i trusted the brand and it didnt work', ""stopped working and could not reformat. didn't have good luck with this item or the vendor selling this item. hopefully just a bad one...sandisk is usually pretty good"", 'no way to format it. i even downloaded 2 programs that claimed were able to format it, after wasting about 6 hours, i decided to give up and send it back, the seller should format them before sending them, even if they would charge 5. extra, it would be well worth it instead of the hassle of downloading programs and wasting time trying and sending it back after hours of frustration.', 'major issues, bought from san disk but only worked briefly, now when i try to reformat it reports itself as a 30 meg removeable drive in both windows and macos not sure if its defective or a mislabeled one but got direct from amazon so just very disapointed. will stick with transcend from now on i think.', 'popped it in, formatted, works fine....be sure and power down first, i didnt and it didnt like it, had to reboot anyway.', ""unable to read.it says it's blank.it then prompts to format or cancel.i clicked format but unable to format."", 'received a defective one that did not want to format. returned it. bought a different brand instead although from past experience sandisk has been fine.', 'i like how this micro sd card is formated.my tablet wont read it though.i dont know whats wrong.', ""it failed after about one year of using on a samsung galaxy s4. now i contacted sandisk for a potential replacement. i can't format it or do anythin wiith it."", 'sandisk told me i needed to send this to them to format it. it will not recognize in any of my items.', ""works but there is a trick to it. so i purchase a lenovo yoga 10 tablet and installed the card and it told me the card was damaged, i put the card in my pc and it worked fine, i even reformatted it in the pc, still no luck. called lenovo and they walked me through formatting it again in the pc and still didn't work but there was an option in the android software that is a status screen pull down from the top of the screen and that gave me a choice to let me format it in the tablet and after it completed it i was good to go, it mounted and i downloaded my 318 songs on it and it is working like a charm. only thing i can think of is that android doesn't like the way sandisk formats their cards. i think if everyone knew about this there would be a lot less returns."", 'worked once i was able to find a system to format it.second card from sandisk that was sent to me unformatted.they need to get their act together...']"
267,i rely on high quality cards for my images...this one does the job and then some. this card allows the camera to work for hours and continued copies... it was one of the best purchases ever made.,"['as an photographer i rely on high quality cards for my images...this one does the job and then some. two thumbs up !!', 'well i do try to take alot of pictures and with this card it does the job for me, i would recommend this to even my enemies really good product especially when they go on sale on amazon....package kinda two big for this little thing, but i will work with that little problem.', 'this card allows the camera to work for hours and continued copies.it was one of the best purchases i have ever made. it was worth the money.']"
268,5 cards are fast and very handy due to the small size. works according to camera requirements and is not made for video but works well for photography and most other applications.,"[""i've now bought 5 of these cards i like them so well. i take a lot of pictures in raw, often times filling one of the 64gb cards up in a day or less. they are fast and very handy due to the small size."", ""works according to the camera requirements. reads fast, writs fast, it's a good card! i though about buying the 32 gb card, but i found that you can actually move the pics from the camera to your iphone ipad, so you actually don't need more capacity."", 'this mem card is fast and does exactly what is supposed to do...save pictures quickly and have plenty of room for more.', ""it works great i'm using it for my car dash cam and i purchased 3 different cards and this is the only one that was actually fast enough for it to read and write."", 'this card is high quality and a great price. it is not made for video but works well for photography and most other applications. big enough to hold all your photos and songs. i use it as extra storage for my galaxy tab and works great. i would recommend it.', 'great card with fast write times. excellent for use in dslr or gopro camera. i have used it to save both photos and movies.', 'this is a solid card that i use in my gopro. it holds the data and the read write speeds are impressive.', 'pictures were bright and sharp and download from the camera to the card very quickly. if you have a better quality camera this is a great card']"
269,"sandisk is the best manufacturer for usb and microsd cards. many said this type of micro dslr card is meant for a cf camera - always work, never had one fail, and will store thousands of jpegs.","[""as usual sandisk is the best manufacturer for usb and micro sd cards. i'm using this one for my gopro hero 3 black edition and it works really good. i also compared the specs with other micro sd brands and saw that this one is the best among other micro sd cards"", ""true to its name! sandisk is the best! i am only using this for my smartphone so i guess it's overkill! many said this type of micro sd card is meant for dslr's. i'm going for quality and something that would last a long time. that's why i went for this. highly recommended!"", ""sandisk is all i use. these are the backup microsdxcs for my two pro canon cameras. they always work, never had one fail, and will store thousands of jpegs on this card. i shoot in raw on my cf card but simultaneously have a jpeg backup onto this card. i've never filled one even though i shoot thousands of photos on photo shoots."", 'sandisk makes some of the best sd and micro sd cards out there. this one is no exception', 'this sandisk 16 microsdhc worked perfec for what i wanted to usedi used for videos and musicdefinitaly i recommend this', ""i have a macbook air and was curious if could put a timemachine backup on an sd card. for the experiment picked the sandisk because i've had great luck with their cards in the pastusing a microsd gives me the most options with changing tech going forwardamazon had it for 64 while it was 99 at best buy.well guess what it works great!."", ""best microsd card. sandisk is a brand i trust for my sd and microsd card. over the years, they have proven to be the most reliable and least expensive memory card sollution. i also bought the 64gb and you just can't beat the price or the quality.""]"
270,sandisk will call them again to have this card replaced. the little card will go in the larger one won't but it won’t stay in - he will let you know how this goes if the problem is reoccurring.,"['picked up this memory card at a great price on a gold box deal. reputable name, fast card. however, after several months of trying to get my phone to work with the card, formatted it, partitioned it. 34 mounted 34 the card, 34 unmounted the card, 34 all to no avail. i realized that this memory card is not compatible with my samsung sgh t769 galaxy s 4g . no need to get frustrated and try a sandisk 34 ultra 34 32gb class 10 card in the phone. i replaced this card with a 34 plain 34 sandisk 32gb class 4 card in my phone, it was immediately recognized, formatted and mounted by the samsung phone.ymmv', 'i purchased a 64gb samsung sd card to expand the memory of the phone.however, i frequently get a message that the card has been removed or is recovering.sometimes the problem clears itself, other times i have to reboot the phone.it also says mtp application will restart to prepare sd card . it then starts listing the restarting recovering sd card.i eventually replaced it with a sandisk 16gb microsd hd card from walmart and it is operating fine.i have been reading a lot about people having issues with the 64gb sandisk cards and the galaxy s4.i wish i had done more research before wasting 50 on what i thought was a good buy!', 'i bought this 64 gb unit for my new samsung galaxy s iv. i wanted the maximum size for music and the copious number of pictures i take of my kids and other things.i like the read and write speed on this card. i like the size but would have been happier with a bigger card but this is the max for my phone.always happy with sandisk, you will not be sorry you paid a little more.edit should not have put they have never let me down in the title! 3 months in, i have been having problems with the sd card slot on my galaxy s4. not sure if it is the phone or the sd card moving in the slot. t mobile have sent me a new phone so we shall see.edit 2 4 months in and i am having more problems with the same card. i received a new phone from t mobile and the same problem continues to occur. i have formatted the card twice and this gives a little time before the problem reoccurs. i have spoken to sandisk and will call them again to have this card replaced. i will let you know how this goes.', ""i haven't figured out yet if i'm a dummy or if i have a defective card. i don't know if the card is bad since i can't even get the card to stay in my samsung galaxy s4.8. the little card will go in the larger one won't but it won't stay in. if i put pressure on it the samsung says .. preparing sd card but as soon as i release pressure the samsung says .... card removed.this card came from a source outside of amazon and took way to long to get here. it arrived in a white envelope with no instructions. i'm very upset about this purchase as i've never had a problem before with either sandisk or amazon. i'll try to find someone with more experience than me to give this a try before i return it. i would have expected this to come in a package from sandisk, like other sandisk products i've bought in big box stores or from amazon but it did not.""]"
271,samsung's 'unmount' card was a new phone so i wasn't sure if the problem was the memory card or the phone. the unmount card worked for weeks or two then began to spontaneously mount and would mount itself back in - just under 6000 songs loaded uses just over half the space,"[""not good repeatedly self ejects from new galaxy s4 returned for exchange or refund....bought two one works well but one doesn't i guess is defective....i have two gal s4,..is why i bought 2..."", ""bought this card for my galaxy s4 and after installing it and loading my music, the card was randomly ejecting itself. after like the 3rd ejection of the morning, the phone reported that the card needed to be reformatted because it was damaged, so i reformatted. the random sdcard ejection and damaged card kept coming up. after googling, i read that the galaxy series phones are known to have compatibility issues with sandisk cards and its a hit or miss, some phones have no issues. i have replaced this card already, which amazon, shipped me a 2nd card within a few days, but the same problems arise. not sure if i should switch to a different brand, but this card is definitely useless to me for the time being. maybe i can give it away to a friend who doesn't have an s4."", ""the card seemed to work well in most devices that i tried it in, but in a samsung galaxy s4 it would continue to unmount and mount over over on the phone a known issue on the galaxy s4 forums due to a possibly bad batch of them. i tried to reformat the card in the phone and from a pc computer, but that didn't help. finally i just called sandisk and they had to rma the card, which took about 2 weeks from start to finish when i had the new card in my hand. the new 64 gb card from sandisk looks slightly different, but still has gray red on it. however, it now works great in the galaxy s4 and hasn't had any unmounting issues now for the past 3 weeks.good card for pretty much everything else, except in the new samsung galaxy s4 phones."", 'just started unmounting and remounting all by itself. really sucked the battery life for a while there. a quick google search showed this to be a common problem. oh well...', ""i connected it to my galaxy s4, but every now and then once or twice a week it will eject from my phone and the phone will need to re read the card. it's not a big issue, but when it happens you may need to wait like 4 min for your files.it happens a lot less now that i dont use the powersaving funtion. something about the powersaving on the phone seems to not deliver enough power to the card."", ""this card continually unmounted in my s4. it was really painful, when i remounted the card i sometimes retrieved my files, sometimes not. i have to say, though, that a card test in my pc, using crucial diagnostics, went fine. my gut feel is that the card overheats, and shuts down in the s4, although i have no proof of this. what i do know is that it didn't work for me, and many others google it . naturally, amazon refunded me the purchase cost when i returned the card, gotta love amazon.i now have a samsung 64g card, and no problems so far. i like sandisk, but there's a compatibility problem here with the s4."", 'unmounts randomly in mu surface pro 2. seems to mostly be centered around write operations. trying the samsung version which is sadly much more money.', ""i've had this for about a week now and so far no problems. due to my laziness, i didn't do a lot of research beforehand and didn't find out about the problem these cards had with the galaxy s4, which is the phone i have, until after i had bought the card apparently the cards kept unmounting themselves, even if you remounted it in the settings . fortunately, sandisk caught wind of the problem a couple months ago and fixed it, so kudos to them."", ""i put this new sd card in my new gs4 for the first time, and now the metal contacts are scratched and it randomly unmounts from the phone! my older 32gb sandisk works just fine, so i'm thinking its the thicker paint or something causing this... i don't know, but its ruined! it scratched the first day, but i'm just now noticing the unmounts now that i have my music on it, every few songs it will unmount and remount, interupting my music... i'll never buy another expensive sandisk. i'm going to order a different brand, just make sure i can find one without paint on it.... sucks, i really thought this was going to be a good one! i love the colors, and its so fast to transfer files to.... too bad its broken. and i didn't find out about it until after the return date, so i'm screwed. oh well. never again, i'll give my business to someone else...."", ""i love sandisk, and i have used quite a few of their products, including an mp3 player, a couple of usb keys and even a micro sd card class 4 . i have never had any problems. after installing this card, however, i have seen it unmounting itself randomly to be detected again and automatically being mounted by my galaxy s4 device. this happens several times a day, including when i am in the middle of watching a movie on the phone this is the first week that i have had the card . this is unacceptable. normally, i would have just asked for a replacement, but after doing some research online, i have found out that this seems to be a recurrent problem on many phone models and doesn't seem to be just a dud , but a production issue. i have returned the card, and i am going to go with another brand instead."", ""note please read the last update scroll to the bottom i'm leaving this review as 1 star as it appears to help others who purchased and had a similar experience.i give sandisk 5 stars for customer service and 1 star for the product for those manufactured in the past for those newly manufactured products that contain the software rom fix, i'd give the product 5 stars.to all those who purchased this card due to all the great reviews.... and then used it in a galaxy s4 gs4 smartphone for storage, the solution to the problem is not one you can solve without returning the card to sandisk for a replacement under warranty. believe me i tried everything that the google searches returned as solutions... formatting as exfat, formatting in the gs4 then copying data to the card while in the phone etc.... nothing worked... and so now please stop pulling out your hair and hopefully you will get the same result which i hope to get soon just rma'd and will send it back tomorrow for a free replacement under warranty .the problem as confirmed from the sandisk customer support rep when i asked specifically asked him when used in the gs4, this card will unmount itself inadvertently may be true only for cards manufactured before the rom patch described below was implemented in manufacturing . this can cause the data to become corrupt luckily was not my experience and or can be very frustrating as most of us are saving 13 mp camera pictures to the card or mp4 movies that stop in the middle of the movie and it unmounts when you view the picture in the gallery or worse, right when you take the picture this was the issue i experienced . sandisk knows about this issue. again, sandisk knows about the issue and will replace your card. call them info below and they will take care of it under warranty. they have a good name for a reason and they want to keep it. sorry sandisk about the 1 star, but i thought it was the way to get the message out to those searching for a solution the customer rep told me that sandisk tried to work with samsung to resolve the issue but samsung refused to acknowledge a problem exists with this card and some of their phones especially their flagship gs4 phones . the customer rep told me that to their knowledge the card works fine in regular cameras not samsung gs4 phones with cameras, obviously and even worked fine in some phones from htc etc. that could accommodate the 64 gb cards. hence the 5 star ratings from others. the solution sandisk came up with was to write a patch into the rom of the card itself to specifically address the issue on samsung gs4 phones and maybe other samsung phones like the gs3 . i was assured that the new card i would get would work flawlessly. will see in about 3 weeks. i purchased my card from amazon june 2013, so the ones currently being manufactured and the one i should get will have the new patch. however, as sandisk manufactures in batches like most of the industry , old batches of unpatched cards obviously exist in warehouses. i asked about a software patch i could download and was told it's not possible... hence the hard coded patch in the card's romso... how to take care of the problem....after speaking with the sandisk us customer support link and info below , this is what i learned and did.go to the sandisk site1 ... 2 call consumer products support this is the us no. 1 866 sandisk 726 3475 3 tell them that the card is unmounting itself in your gs4 i assume this is also a problem experienced by gs3 owners too 4 they will then confirm your information, approve your return 10 15 min approval window by mine was basically instantaneously , and then send you emails with a ups return label and instructions.5 btw, they also asked if i had a magnifying glass to id the serial no. on the card, but i didn't and couldn't read it myself those numbers are super small printed into the plastic... don't believe me? take a look yourself. i told the rep i couldn't read them and he said no problem, they would process without the serial no. i assume this is because they send you a new replacement card only when they receive your card you send in. makes sense.well, that's it. problem hopefully solved. let's see in 2 3 weeks. the rep was super nice about it and seemed like they were all too familiar with the problem. kudos to sandisk for taking care of it... however, it would be nice if there was some type of communication notice of the issue besides google info sources, forums etc. i spent hours, maybe a couple of days total hours worth, thinking it was an issue with my phone my data transfer. oh well, that's how it goes.i really hope that this review helps some of you out there with the same problem as me. good luck!! btw, i'd give the card 5 stars if this problem was solved in the patched rom of newer cards as the data transfer speeds are awesome on the card tested transferring data via a card reader hooked to my computer ... if the data transfer remaining mounted in the gs4 issue never existed pre patch of rom, of course update 08 17 2013 all went well with the return of the sandisk storage card. ups shipping took about 2 days from when i sent it, sandisk verified the warranty claim 1 day later and 5 hours later that same day, my replacement card had been shipped. waiting on the new card now, but expect to test it out very soon early next week . will update the post after testing out the new card. just as a reference, i've been using a 32gb micro sd hc sandisk card in the gs4 since having shipped the 64gb card. obviously it's a different card and not the micro sd xc kind. other than a bit slower access speeds to the card, absolutely zero problems.... well if you don't count that it's basically filled up, hence why the 64gb option is great on the gs4. so it proves the point on the problem with the early build micro sd xc 64gb cards.i'm happy to see that my review has helped some others out there. good luck to you in your warranty claim. my experience with sandisk customer support has been excellent so far.update 08 21 2013 received the new replacement sandisk storage card just a few days ago shipping back to me once they agreed it was defective was a very short time window . have had it running in the galaxy s4 for a few days now without any jumps, stutters or card unloading in the middle of picture or video taking. card seems to work flawlessly as the sandisk rep mentioned it would. one would think it's such a short time to test after a few days of use, but if this were not fixed already it would have dismounted in the first 45 minutes... that's how often and how fast it was occurring. so it would seem the problem is solved. the new sd card makes the phone even more responsive when moving between pictures in the gallery and performing other tasks like copying files to the card. thanks sandisk! unless i update this review by next week, you will know that the problem has been fixed.good luck to those with similar problems as we now know how to get it fixed thanks to sandisks great responsive customer service.update 08 31 2013 this is the last update to this review just to close the loop . the new replacement card from sandisk has been running flawlessly for about 2 weeks now. i have not experienced any of the initial problems. sandisk really did fix the issues in the new batch of cards.update 12 09 2013 the card has been running in my gs4 flawlessly since replacing it around aug 21st. pretty good track record so far 3.5 months so it appears to be fixed with the newly manufactured replacement cards.for those that have left comments that i should change the rating upwards now that the issue is fixed see my addition at the beginning of this review ... when searching for a solution to a problem with a purchased product, most people start at the 1 star reviews to see what others have experienced. this is especially true for products with a lot of reviews this is what i did in the beginning with this product . therefore i think leaving it at 1 star and adding the comments at the beginning should clarify the review.thanks to review commenter da shocker for his input. i think he sums it up very well when it comes to the value of files stored on media like this one more thing.. to those not happy with the one star rating by this person go ahead buy one. take tons of pics vids and save some music on there then when the card crashes come back and give it a five star. a card cost 50 100 pictures from a vacation or family event are priceless.."", ""the first one i received kept unmounting from my samsung galaxy s4. it was a new phone so i wasn't sure if the problem was the memory card or the phone, but i sent the card back for a replacement and the second one has worked fine. just under 6000 songs loaded uses just over half the space. love that!"", 'i purchased this product knowing there might be an issue with the galaxy s4. this card worked for a week or two then began to spontaneously unmount and would mount itself back in. the unmount periods began to become longer than a few hours, days! i tried this card in a galaxy note 2 still with the same result. i attempted to contact sandisk customer service and utilize the warranty. they know of the problem and began the exchange process then instructed me to wait for a mailing label that never came. i called back and was told that they would re email it to me. to this day i am still waiting for that email. i have never had this issue with this company but with ever changing technology, it is what it is, right? i know this card will be good for some device i have. if you own a galaxy phone beware!! i have not attempted to use this in a samsung tablet so on that i cannot review.', ""bought this for samsung galaxy s3 in fall 2012 and that card works perfectly to this day. bought the same card in may 2013 for galaxy s4 and it continuously mounts and unmounts. sometimes it is not even recognized by s4 or pc. amazon is awesome and pre shipped a replacement. it did the same thing, though. according to cnet, sandisk acknowledged a 34 manufacturing problem 34 with these cards back in january 2013. said it was fixed, but the bad cards must still be sitting in warehouses. returned both and ordered samsung's 64gb micro sdxc card. 12 more and slightly slower read write specs, but works perfectly in s4 and i can't tell the difference in its speeds compared to the sandisk that works in my s3.""]"
272,s4 treats it nice and can get decent speeds of about 10 15mbs transfer. he would rather have storage over speed if storage was not enough to transfer it to a gm of 1080p footage.,"['it got it because my sandisk 32gb was getting full and had about 2 3gb free. i have no almost filled this one up in a few months and have about 17gb free now. i am starting to need the new sandisk 128gb. i need money and storage. i have been using it without any problems coming up. my s4 treats it nice and i can get decent speeds of about 10 15mb s transfer but i do hate waiting for a gb of 1080p footage to transfer but i guess i would rather have storage over speed. i would recommend it to anyone needing high storage at a cheap price.', ""this was a great deal that i would purchase again if i need another just like it. my galaxy note 3 is great for videos, games and movies so it needs a lot of storage. this sandisk had just the right amount of gbs and price to make this a great deal. it's almost filled up already so i might buy another one soon. don't hesitate if you're interested in quality storage.""]"
273,"sandisk is the best brand in my oppinion. 32gb is a great size to put music, video etc.","['i am very happy with this sandisk, if anyone is looking for a goodly amount of storage, get this one.', 'sandisk is the best brand in my oppinion. 32gb is a great size to put music, video etc. recommend it!', 'i used to use an 8gb one n i recently upgraded to this one as i have bigger need. put it into my mobile as soon as i got it n it works well. quite easy to use n i use it for storing all my music pictures on my mobile n sometimes upload movies when i go on long drives. sandisk is a great brand n its definitely worth it.']"
274,been a strong year for ten years despite being strong in the u.s.,"['it worked great in my samsung galaxy s3, and then failed after 3 months. have tried contacting samsung via their warranty form on their website and i am not having any luck. i gave up and bought a different 32gb card from newegg.com hopefully that one lasts longer.', ""bought this with my samsung galaxy s4 when it first came onto market and it worked for about a week then quit. all of the pictures i had taken originally and stored on this card are just gone, it was a bad purchase and after looking through numerous forums, hundreds or thousands of people were having the same issues with this card and the galaxy s3 4, i do not recommend buying this card if you'll be putting it in a galaxy. i'd like to tell sandisk where they can put it."", 'bought this for galaxy s3, worked like a charm for 3 months then i started getting error messages on phone stating the card has been taken out or that it is not there, went on like this for a week or so then one day gone. initially i thought it was problem with phone. popped in a 2gb card from bb it worked. popped this one into the bb same, no detection. after spending so much on an sd card its disappointing to see it go bust outside of return period.', 'acquired this card a month ago for use in my phone samsung galaxy s4 and only have taken issues with it.the micro sd card is really bad, the camera takes a long time to be ready and repeatedly resets the phone. absolutely not recommend it in my previous phone s3 used a micro sd card 32gb samsung brand and never had problems with it.to correct the problem of instability recommend formatting the card, i did and the problem remains the same.live outside the u.s. and i must acquire excellent quality products because the cost of returning it exceeds the cost of the product.next time buy a card samsung brand that never gave me problems.', 'i bought this card for my samsung galaxy s3. unfortunately it failed after 4 months. i contacted sandisk and they promptly sent me another. it has been going strong for 6 months.']"
275,i bought this card with the same manufacture sandisk 32 gb mobile microsdhc flash memory card. it's working perfectly since october 2012 and hasn't died on my yet - it has been about 4 months at least now in my galaxy '3',"[""i'm using this sd card in my samsung galaxy s3 instead of another one i bought with the same manufacture sandisk 32 gb mobile microsdhc flash memory card sdsdq 032g affp http www.amazon.com gp product b007kfxide ref oh details o04 s00 i02?ie utf8 1 .it's working perfectly since october 2012."", ""this is a very fast microsd card compared to the class 4 speeds. it looks nice and it works. i'm not sure what else i can say other than that i have no problems with it and it hasn't died on my yet.it's been about 4 months at least now in my samsung galaxy s3. the s3 had a reputation for breaking sandisk sd cards for some reason and it's only randomly unmounted about 3 times but easily remounted with a take out and put back in with maybe a restart on the phone to refresh some apps to see it. i think this is just because the galaxy s3 tends to get really hot right below the sd card which might damage it a bit. i don't think they put it in a good spot but that has nothing to do with the card itself so just get it if you want a nice sd card."", 'the sd card works perfectly. i use a samsung galaxy s3 lte and the sd was recognized without problems. i did not need to format sd. just plug and play.ups sent me the shippment in 3 days. i recommend the product and the provider.', ""ok so my dad needed a microsd for his gs3 galaxy s 3 because he was using way to much space with videos and pictures he isn't one of the most tech saavy people in the world so i got this for him. does it work yes it does and very well i might add. like i said my dad doesn't work to well with tech and if a microsd slowed his phone down when it saved pictures or videos or ran apps from it he wouldn't be happy and wouldn't know what to do with the problem. this card experiences no lag 3 months in the uhs i speed class really lives up to its potential here. best of all, perhaps a little known fact to most of you, this card is waterproof, so you get your phone wet and it dies, don't worry this card is still perfectly fine just pop it in a new phone and there's all your stuff! no cons as of yet will update as needed."", ""i got this on sale for 42.99, which is really low for what it is. as soon as it arrived i transferred all the data from the 8gb micro sd that was in my samsung galaxy s iii to this sd card, at first my phone didn't see the card, i rebooted my phone and now everything is in perfect working order. i don't know what i'm going to do with all this space, but i'm sure i'll figure something out."", ""this microsd card works as advertised. my samsung galaxy s3 developed a problem with the sd card that was included with the purchase of the phone. once i replaced it, it's as good as new."", ""i bought it for just 23 usd, it is very fast and reliable, simply the best option for a 10 class micro sd of 32gb.update 11 08 2013don't buy it for using it on a samsung galaxy s3, there's seem to be an issue between the phone an this particular reference that makes that after a while the microsd card lost its data and get nonfunctional. i can't be repair after that, so it gets totally useless. you can tell the card is going to fail before it's too late because constantly the phone shows a notification indicating that the card was ejected and it needs to be mounted again. when this happens i strongly recommend you to backup your data and change the microsd card of your phone and use it in other device before it gets corrupted.""]"
276,every sandisk card i've ever bought has never disappointed me. the card died in less than 2 months and the warranty replacement died within 3 months.,"[""every sandisk card i've ever bought has never disappointed me and this one wasn't the exception. i use one with my galaxy tab 3 and so far it has performed superbly and i have zero complaints.i realize there are quite a few bad reviews for this card but i have never ran into a bad sandisk card and i hope i won't in the future. i feel bad for the ppl who get the one bad card in a batch of thousands, but yeah, it happens."", 'i have owned these little card for about a year now. works as intended. no signs of corruption or data loss. i usually always buy sandisk.', 'like all sandisk products i have purchases in the past, this little card works just fine in my phone and i have not had any issues at all.', 'i am not sure what happened to these cards but i have owned several and they stop working quickly. i sent a message to sandisk and never heard back. very disappointing!', ""as others have found, these cards do not last. mine died in less than 2 months. lost several photos that i had not backed up yet. the warranty replacement died within 3 months.go with another brand. i've been using a kingston and so far, 9 months later, still working.""]"
277,the memory card fits into an adapter that can be read by my mac. it works or doesn't. the card is fast... and enough space to hold more than he will use.,"['got this to store movies and music on my samsung note iii.not much to say about a memory card except that it works as expected.', 'a fast memory card with room to spare at an amazing price. suitable for lots of smart phone movies fastest storage available today imho!', 'big card, a lot faster than the card that came with my phone. allows me to switch to video and take pics faster. if you are going to get a cloud storage program think about just getting a couple big cards instead makes downloading and accessing chunks of data a lot easier.', 'its like having my own personal cloud, so much storage in such a small item. this came at a great price and was in an easy to open package that made it easy to open and use right away. i ended up using it in my smartphone and when the screen cracked, i was able to back up everything to it and remove the card and put it in my laptop.', ""lots of capacity, no problems with loading it up, and no issues with corruption. transfers and access are fast and you really can't beat the price for a name brand card.not much more to say... it's a memory card that works"", 'i use this for my r4 sdhc dual core for my 3ds xl. it holds about 30 movies currently, and it also holds a number of different emulators plus games, plus it holds about 150 nds games on it as well, and i still have 5gb of storage left for extra stuff. simply incredible how they are able to offer that much storage in such a little package. thank you sandisk for being the foremost leader in memory technology. my hat goes off to you. and they do it all at an affordable price.', 'we need lots of room in the memory card. i think there is plenty in this card and san disk always hss a great product.', 'nice to have such a large card for very similar pricing as two smaller memory cards. lets me have plenty of room for movies and tv shows on my tablet.', ""this cards holds everything i can think to out on it. i have barely filled it up. it works fast, there is no lag when accessing it. the card let's you take hd video straight onto it."", 'i needed more space for media on my venue, and this card works perfectly. reads and writes very fast and holds lots of movies to watch when travelling.', 'a lot of extra storage space with this card. quality brand name. a bit pricey in my opinion. great product overall though.', ""i have a lot of memory cards for a variety of digiral devices. this is the smallest memory device i have ever owned and 32 gb of storage, that's outrageous..."", 'this card has plenty of space and is very fast. it comes with an adapter which turns it into a normal sd card, convenient for dropping into the computer to offload data.', 'i love this card. it is fast...... and enough space to hold more than i will use. i can put movies on there with plenty of space for music, pictures, ect.', 'the memory card was exactly what i was looking for. it came on time, in fact it came early. now i have upgraded the memory for my tablet and can download movies to take with me any time i need to.', 'super fast card and it has lots of space. great for movies and pictures and music and other stuff. its awesome', 'with the smaller electronics we finally are able to save on a card, it has an adapter so it will fit in the larger bays. there is a lot of storage in such a small space. i have been looking for the small cards to fit in my pad.', 'works great in my android, fast, holds a ton of music and works well. how much can i say about a memory card.', ""hard to say much about a memory card other than it works as expected, since it's class 10 it's fast, since it's 32gb is has plenty of space for music, pictures, and videos."", 'i think a really good memory card at good price. i got it and still have s lot of space for all my music and videos.', ""this is a great card and holds all of my fun items . i have a mass of ebooks that don't take up much room, and i also get to store my favorite movies on it as well."", 'great to have the additional capacity for storage. and the card is fast. working great and the price was great also!', ""not much you can say about a memory card. it works or it doesn't.popped this puppy into the phone, was instantly recognized and is functioning perfectly. very good price."", ""it's really hard to write alot about a memory card. this one is great and works as promised. the capacity is why i purchased it so i can have all my files and music on my windows phone."", ""i simply slide the card into it's slot and suddenly have 50gb more space. i wish the os didn't consume so much of the 64gb you start out with though."", 'it amazing how much data they can fit on these tiny cards these days. when i saw this 32gb class 10 card for 20, i snatched it up for my 10 34 android tablet to hold my library of kids dvd movies i converted to tablet video for my kids to watch while on the road. it works great and the kids love it.', ""i can't believe how small memory cards are getting! this fantastic little device fits into an adapter that can be read by my mac!""]"
278,amazon has shipped the mobile version of this card. the item has stopped working after the week in my surface tablet. there goes a star for incorrect shipping.,"[""i ordered this for my new samsung galaxy note ii, and it works awesome! installed it, and had no problems. i loaded all my music on it, and didn't even scratch the surface of the capacity of this card! i shouldn't ever have to worry about running outta room with this card. highly recommended for any smartphone user!"", ""buy this one. it was inserted in my galaxy note 2, and also my asus transformer infinity. i bought 2 of these cards. i will buy it again if i need to. its easy to install, just pop it in and your device reads it. it's that simple!"", 'first of all amazon has shipped the mobile version of this card. it is different that what was listed on the page. there goes a star for incorrect shipping. and the item has stopped working after a week in my surface tablet.', 'works great does what it says it will do. price has come down over the years and quality has improved. i use it in my note 3 and it does a great job. when i fill it up i put everything on an external hard drive and the card can be used over and over and over again.', ""the card was put into my samsung galaxy tab 3.0 7 and worked great right from the start. i haven't had any issues with it whatsoever."", 'this is a great card and product, just need to watch out for device compatibility. got it on sale for the samsung galaxy note ii and it works great! also came with an adapter.']"
279,"i put the card in my linux computer, and it output lots of errors in the syslog. the mini to standard adapter is the problem, since my phone has a mini slot - and everywhere else that he tried it needed the adapt format the cards it kept telling me 34 there is no disc installed in removable drive","[""i first tried putting it in my camera, without formatting. it just said 34 insert another card 34 . i put it into my linux computer, and it output lots of errors in the syslog, and fsck wouldn't work at all, just error'ed out, so i couldn't even format it.my windows computer couldn't recognize it either, though it tried to format it. my phone didn't give any errors, but i wasn't able to really test it there. i do wonder if just the mini to standard adapter is the problem, since my phone has a mini slot, and everywhere else that i tried it needed the adapter...exchanging for a different brand, and i'll see what happens."", 'used this micro sd card in my samsung galaxy tab 2. was watching a video stored on the card while ago when the video quit playing, and the message 34 sorry, this file cannot be played 34 appeared on the screen. checked es file explorer and found that all the apps, movies, music, etc. i had stored on the micro sd card were gone. the card was apparently totally blank. inserted the card in my desktop computer, and the computer said that the card had to be reformatted before it could be used. tried to reformat it to ntfs, ex fat, and fat32. each time the computer said it was unable to complete operation. guess this card is dead after a little over 4 months....', ""maybe i got a defective card but this one felt a bit 34 thinner 34 and 34 flimsier 34 than other micro sd cards i've had.the real problem was after a week of use as expanded storage in a tablet, i started having trouble with certain programs installed on the card, then finally the tablet gave me a message that the card was corrupt, and while a pc would recognize it, eery time i tried to format the card, there would be an error."", ""when i first inserted the card in my computer it wouldn't recognize it. had to 34 jiggle 34 it around in the card reader, and then it took a long time for my computer to finally recognize something was there. when i tried to read and or format the card it kept telling me 34 there is no disc installed in removable drive e 34 . i wasted a lot of time trying to find a cause fix before i tried a different sd adapter. as soon as i changed adapters the card worked perfectly.""]"
280,sandisk ultra microsdhc class 10 card with adapter included. the adapters are reusable and easy to carry if traveling or at the studio - and they are very reliable and reliable.,"[""sandisk is simply one of the best sdhc microsdhc memory card manufacturer's that i have used for a number of years.i have experienced zero failures, and they are reusable over and over.also their adapters are quite handy to carry when traveling or at the studio. would like to see sdhc cards in the 1 to 5 terabtye in the near future."", ""i really like these sandisk ultra microsdhc class 10 cards. i have several and when i see huge price drops i pick them up for phones, cameras, gps' as well as tablets, on which i store video files for traveling. i've never had a problem with a sandisk."", 'excellent price for top rated microsdhc class 10 card with adapter included. sandisk produces very reliable memory cards have never had one malfunction.', 'not much else to say an sd card is an sd card performance met expectations have had good luck with sandisk']"
281,kingston has a 5 year warranty unlike kate moss and neil mccartney. the only drawback that i can assign to these d cards is the limit of the 5 years warranty. sandisc's are the best around...sc cards are best you can get.,"[""i have seen and purchased these at lower prices so i was disappointed on the cost but i needed them pretty quickly and i knew sandisc's are good sd cards."", 'the only drawback that i can assign to these sd cards is the limit of a 5 year warranty unlike kingston.', ""i have had a few different brands of sd card's and i keep coming back to sandisk. the price and quality is great."", ""there really isn't much anyone can say that's bad about sd, they are the best around...sc cards are the best you can get""]"
282,the sandisk ultra 64gb micro card is a great addition to and iiis. it is good for the 1080 videos that the galaxy uses.,"['the sandisk ultra 64gb micro card is a great addition to maximize the samsung galaxy iiis, whatever version you got 16gb or 32gb. is a very fast memory at a great price. plenty space for pictures, videos and android applications. good for the 1080 videos that the galaxy iiis use. super fast. if you got the most advanced smartphone in the market as i do, this is the memory to get at the right price.', 'a 32gb micro mem card for the samsung galaxy s3 is a great addition to and s3 unit! never a problem with his card and i can expect a long life out of this memory card too!', 'no samsung galaxy s3 should be without one! this should last me until 128 or 256 gb models become available. does not fit the iphone! no iphone can accept micro sd memory upgrades. buy a samsung phone instead!']"
283,canon vixia hf m41 dual card camrcorder formated the cards. it reads as exfatso on pc running windows 8 pro or android versions of 2.3.1 from republic wireless.,"['not a good typer or speller here is what i didsince i could not format it on my pc running windows 8 pro or any of my cellphones running android versions of 2.3.1 from republic wireless .on my canon vixia hf m41 dual card camrcorder i formated the card but the thing is, it still read as exfatso i mounted it onto my samsung galaxy 10.1 anyway and it said something about corrupt files or what ever and it asked if i wanted to format and i press ok and yeap it works now it reads about 54 gigs and some. got this 64 gig baby for 19.89 from amazon warehouse deals. i bought two but they cancelled one for no stock but it was still showing stock, oh well all i really needed was one i just got greedy.', 'beware guys. i bought one of these from superior electronics outlet and it arrived completly dead. i tried to format it on windows and on my galaxy s3 and no go.i tried everything that possible ....have been fighting with this card for 3 days now, and no success so far. no response from the seller about it.my last hope is amazon refund me. otherwise i just wasted 80 u', 'buyer beware card unreadable from the get go. luck for me amazon helped me out. there are many others on here that know how to format to fat32 threw window 7 and have had same issues.']"
284,"amazon's sd card must be formatted as a fat 32 not an exfat. but this is the rub...windows only allows for formatting either to ntsf or to ex fat32... at first, thought it was an adult swim reference...so...that... that 'ducks' amazon has","['i bought this to use as expanded storage in my asus transformer book t100 but it was unstable and i have had to return it. although the tablet would see the card when it was first inserted there would be errors trying to copy files onto it and then windows would indicate that it needed formatting. if i tried a quick format then everything seemed to be ok but the instability would return as soon as i tried to copy data to the card. if i tried a full format it always failed.i gave it two starts because it seemed to work using the supplied sd adapter in a windows 7 laptop. i was able to do a full format on that but, when i put it back into the tablet, the problems continued. the tablet is compatible with sdxc cards and, when i tried a different micro sd card in the tablet, it worked fine so i assume it was a problem with this card.', ""i bought two cards for tablets. the first wouldn't format, so i bought another gskill class 10. the second worked, but only for 3 5 minutes. then error, or freeze. i thought it may have been the tablets. however, the gskill worked in both.....so i called amazon. the customer service was excellent. there may have been a problem with one of their vendors......they shipped out two new cards with saturday delivery. it was implied through lengthy conversation with the amazon agent, that there were numerous problems with a particular company vendor.lesson do not hesitate to call and return if you get a card that seems to have any troubles out of the pack.i was surprised that my initial review was removed from amazon....so i am leaving another about the return. ii tried everything to fix these cards fat32 ntfs and the newest exfat..... there are definitely some damaged cards out there so be wary, and do not hesitate to call customer service!"", ""it appears that the 32gb sandisk ultra micro sd card i purchased from amazon was defective. i installed it in my samsung tablet, but could not successfully transfer files using either a usb cable or wifi. the file transfer would appear to start, but then would slow down and hang completely. it did this on every one of multiple attempts, with different file types, and numbers of files ranging from many to just a single file. i tried loading files onto the card directly from my pc, but then the tablet would not see them. i tried reformatting the card both in my pc and in the tablet, but still got the same result. after a few tries, the tablet would appear to format the card but then tell me that the card was blank unformatted. i did an a b a with an old 8gb sandisk micro sd card that i had laying around. it worked perfectly formating, transferring files, reading and writing files everthing worked. i put the 32gb sandisk ultra card back in the tablet, but had the same problems again. i concluded that the sandisk ultra card was defective and returned it. i'm still using the old 8gb card without a hiccup.the good thing was that amazon's return policy was quick and painless."", 'got this card in early january for my samsung tab2 10.1 tablet. within a couple of weeks, it was loading music files incorrectly onto the card. i did not know what was wrong, but finally thought i would format card again to see if that would correct the problem. card would not quick format or format slowly. as always, amazon is taking care of the problem and i will have replacement card within 24 hours! hope the replacement is more reliable. i am just writing it off as a fluke, as i have never had a problem with a sandisk product in the past.2 14 13 when i called amazon they replaced it to my door within 24 hours! replacement works fine. now that is great service!', ""i own the samsung galaxy tab 2 10.1i bought the 64g microsd card.. please keep in mind i know nothing about computers and i was able to do this. i put it in the device to format...the tablet couldn't read it. would never mount. tried to format it with my computer....and still just wouldnt work..although it would be formatted. remember, i was using all defaults.sent it back, amazon sent me another one. amazingly fast service ...same thing.i called amazon...they knew of no issue why my tablet wouldn't accept the card. i would think that their customer service dept. would stay on top of these posts because i found that this was a huge issue on my third card i did some research. for whatever reason for this sd card to work it must be formatted as a fat 32 not an exfat. but... this is the rub ...windows only allows for formatting either to exfat or ntsf... at first, i thought it was an adult swim reference .....so....that sucks....this means that i can't use this card because i can't format it properly. but wait..there's more....there is a super easy fix....any idiot can do it.....from start to finish took me all of 45 seconds after reading instructions ...and ta duh.....now the micro sd card works fine. thank you amazon for your excellent return policy.. super fast, super easy, super friendly ...but your live customer service should know about this. i can't fault the operator...she was nice..seemed genuinely concerned and tried to make it right ...ok.. no more stalling..here is the address of the youtube video. link to website is in the description. ... ...link to website in description. i used all defaults and worked perfect. or search youtube convert fat32""]"
285,sandisk makes a great product and has never had any problems with these cards. the card has lifetime warranty with them unlike some of the cards that have been used by security cameras in the past - but they have never been able to get the micro'sd cards.,"['i always buy sandisk because of their reputation, they make a great product and have never had any problems with these sd cards.', 'i ended up with two of these after mistakenly purchasing the regular sized sd cards for hikvision security cameras only to find that they needed the micro sd cards instead. they installed and formatted with no issues and are working well in the cameras.the best thing about sandisk is that they have a lifetime warranty with these cards unlike some of the other brands.i purchased these for 45 dollars each and are reasonably priced around that.', 'i have purchased several sandisk sd cards for its reliability and function. this is just one of the purchases and i will be ordering more. it works for my tablet, camera and computer. love it !', 'i have other sd cards that begin to act a little buggy over time. all of my sandisk cards are still running great, this card included.', ""i've never had a defective sandisk sd card and this is no exception. they are well built and quality control is wonderful. i am especially sold on the 10 speed class and would highly recommend this for any type of media books, movies, music, etc."", 'not much to be said about this. sandisk makes some of the best sd cards..i have even washed mine in the washing machine by mistake and it still works']"
286,card booted up and mounted the sd card without any prompting. it is very easy to use for t mobile - and it runs great in my note 2.,"[""card runs great in my note 2. not sure how it compares to other ones in benchmark tests now, but there weren't that many options available to me at the time i bought it.love having 64 gig's of storage on my phone."", 'this will be a very unscientific review as i did not conduct any benchmarks.purchased this card for my galaxy note 2 since t mobile only offered the 16gb version of the phone.review i researched this purchase prior to buying it on amazon so i was somewhat hesitant to purchase this card and have to jump through hoops to get it recognized by my galaxy note 2.when the card arrived i immediately put it into my phone. the card was instantly recognized and the phone booted up and mounted the sd card without any prompting.boot seemed very fast, faster than the stock card that came with my phone. again, unscientifically, this card seems much much faster than my old card. all my movies and photos seem to come up quickly without much delay.my usable space reported is 59.45gb.i highly recommend this card to anyone. it is extremely fast and very easy to use for my galaxy note 2 phone at least .pros phone boots faster a lot of space to store movies, music and pictures worked the first time i plugged it in without any special hoops to jump throughcons none', 'great card. 2 years and 3 phones later and its still ticking. excellent read write speeds. does very well in my note 2 and note 3. i did a directory swap on my note 2 so that i could use this 64gb as the 34 phones memory 34 while the 16gb in the phone was the 34 external sd 34 . honestly, it was stupid the stopped letting apps be put on the sdcard which they brought back in android 4.3 and i was always short on space due to the massive size of games these days. the card responded just like the phones built in memory as far as speed goes. never saw a performance drop of any kind. was able to play demanding games like nova3 or gta3 without lag or any skipping. and the card survived 3 phones. first note 2 took a nasty plunge that totaled the phone. card was perfectly fine.']"
287,sandisk 32 gb memory has worked perfectly in several devices 3 operating systems. recommend at least a 32 gigabyte card if you have an ipad - works great in'samsung.,"['works well in samsung s4, laptop hd video camera.replaces sd that caused weird losses errors in samsung sgh m919 phone. several other sd cards have refused writes, lost data or had mount problems. sandisk 32 gb memory has worked perfectly in several devices 3 operating systems.', ""works really well in my motorola razor maxx. good price for the size of this sd card. i would definitely recommend this to anyone. i can't wait until the prices drop more and the capacity goes up."", ""works great in my samsung galaxy s4.i also use a sandisk card in my droidx, after some bad experiences with another manufacturer's 32gb micro sd card that occasionally flaked out.beware imitation cards that may look almost identical."", 'use this in my samsung galaxy s4. never have an issue. i recommend at least a 32 gigabyte card if you have a smart phone', 'works great in my samsung galaxy s4. hold a lot of data files, photos, and apps. i may never use the full capacity of this reliable microsdxc class 10 card.']"
288,the sandisk ultra is worth buying and is based on the name of the brand. don't try that on one of those solid black blacks if you want to keep track of which is which - i bought a bunch of them for many hours use with hi res video cameras.,"[""i bought a bunch of these for many many hours use with hi res video cameras and every one has been fast and flawless.plus, if you get more than one like me, you might want a way to keep track of which is which. notice there is a small blank area in the red to the right of the sandisk name. you can write a number there with a fine tip marker. don't try that on one of those solid black chips!"", 'after buying a generic card and having a terrible experience, i purchased the sandisk ultra. my only regret was not buying this product first. sandisk is a brand worth buying.']"
289,"the 32gb sd card was bought for a 4 months before it died on me. despite the rma policy, the card just stopped working as of right now, it's working really well.","['had the 32gb sd card for a 4 months before it died on me. tried to swap it out and said warranty was only 60 days long. last sandisk product i ever buy.', ""this sd card died shortly after i got it, but sandisk's rma policy is so awesome i had a new sd card within 2 days.the new card is fine and this was one of the best return experiences i've had."", 'i bought this on black friday last year and took a chance on it. what chance u say? i read some reviews that this card just actually stopped working for no reason and not due to abuse or misuse. i had this card in my acer iconia a500 and it just stopped working! even my computer doesnt recognize it. wtf sandisk?? this is an expensive part for this to occur. do not buy or if u do, be careful what u store on it! i only had music and movies on mine so nbd. but what if u had this in your phone with valuable pictures?', 'i bought a new underwater camera. so my 32 gb adata went to the camera and this sandisk went to my galaxy note 10.1. on our family vacation i took the newly purchased camera and the 32 gb adata. long story short a lot the photos and videos taken in cancun are gone. photos and video from top of a mayan ruin pyramid , snorkeling, family photos are all corrupted and gone. at first, i thought it was the camera until i placed the sandisk in and experimented with it. this sandisk was flawless! i will be staying away from lesser known brands and staying with sandisk going forward.', ""listen i got the sandisk after i had a kingston card in my phone samsung galaxy note 2 and it died after less than a year!!! luckily, my phone was synced to dropbox, otherwise i would've lost valuable pics including our first summer family vacation!!! so far, so good with the sandisk. it's been a few months. if there's a catastrophe, i'll update this review. but as of right now, it's working really well.""]"
290,"dropbox saved my data using dropsync pro.was using it with a galaxy note 2 t889 for the whole time, never was removed.","['i had it for a day before it died and lost all my data. not what i expected from sandisk or any microsd card in this case.', 'got the sdsdqu 064g affp a on december 28, 2012, died on may 20, 2013could not write to it or change any data, no matter what device i used. even after format full quick using disk manager easeus partition master 9.1.1 home edition, connected in a device or adaptor or usb adaptor when disconnected and reconnected no change. dropbox saved my data luckily had it syncing using dropsync pro .was using it with samsung galaxy note 2 t889 for the whole time, never was removed.', 'stopped working after a year and a half and lost a bunch of data. i have tried accessing the data useing multiple devices with no luck. look elsewhere for an micro sd card']"
291,"the card went bad while using my dslr but the next time she wanted to use my cell phone the phone told me he had no memory cards loaded. sandisk tech says the new card version will show that the memory card is made after march, 2013 - and it should be corrected if the problem is really fixed.","[""update providing an update with regard to sandisk support.i bought the memory card in aug 2012 see original review below . in may of 2013 while on my cruise to alaska the card went bad. during the sailing out of san francisco it was fine as i used it to take a panorama shot of the golden gate bridge. for most of the cruise i was using my dslr but the next time i wanted to use my cell phone, the phone told me i had no memory card loaded. any way, tested the card on my laptop when i got back and it couldn't recognize it. i contacted sandisk via email and provide them copy of my receipt from amazon along with the serial number on the back of the card very hard to read and no problems they told me to send them back the card and they sent me a brand new card which is now still functioning in my cell phone. great support provide by sandisk. no hassle as long as you can provide proof of purchase easy to do since amazon keeps my entire purchase history invoices online . one reason i buy directly from amazon itself vs other vendors either on amazon or elsewhere on the internet is that i have confidence that the memory cards sold by amazon itself are genuine. there may be incredible deals elsewhere on the internet but in some cases the deals are too good to be true and counterfeit cards are being sold.original review just received this today. removed it from the packaging and inserted it into my samsung galaxy s3 verizon and powered the unit back up and the storage was available. no formatting required. worked the first time out. settings showed 29.71gb of total space 32gb version and 29.71gb of free space. i like the fact that a sd adapter came with it. should i ever need to insert the card into my laptop it will come in handy. yes i can plug my phone directly to my laptop but if i ever swap this 32gb card out of my phone and replace it with a 64gb version, i can use this 32gb version via the adapter for other purposes."", 'my original two cards were manufactured in 2012 and over time started affecting the functionality of our phones. some internet research resulted in reading another review on amazon with similar problems and discussed to contact sandisk support for replacements due to a known silicon bug. the new cards arrived in about a week and we returned the old cards with the defects. only hassle was was trying to read the serial and date codes off of the car, but a phone with 4x zoom made it possible. sandisk customer support was easy to work with and the products new and old are fast and worked great.', 'i still own it but card went bad after 2 weeks of owning it, lost tons of music and data ect and lost all faith in sandisk products. i tried to get it replaced or money back but no return email from seller, so unhappy i lost over 20gigs of movies music and data. wish there would have been a reply from seller or amazon but i still have a dead sdcard with all my files stuck on it.', ""i just called sandisk and they say they have a new card version that corrects the problem. 1 866 sandisk 726 3475 sandisk tech says that the new package will show that the card is made after march, 2013 don't know if that includes march, but probably does , and it should be corrected. some older than late 2012 reportedly are ok. who knows.they even say that they will provide a free ups return label.of course, you are taking a risk as to whether the problem is really fixed, so keep backups. i don't know what i would do."", ""i bought two of these from a major electronics retailer to make sure i don't get a bootleg one and they both crapped out on me. i usually buy from amazon but i needed them rig away . so unless that company has bought a large batch of bootleg cards or maybe i'm retarded. i bought them from the same store but different locations. i have switched brands now. not taking anymore chances just in case a flood of bootleg ones hit the retail chains too. it worked fine at first but as the card filled up both times, both times they died and my pc or phone couldn't reformat it or recognize it. good luck if you buy this major name brand, i thought they were the best too but not for me i guess."", 'i am now awaiting a replacement from sandisk because it failed after the amazon return period. always had good luck with sandisk cards until now. phone and pc simply stopped seeing the card. lost all of my data which i fortunately had backed up elsewhere .', ""i bought his card in november 2012 and it just died. fortunately, i had backed up the files but for what i paid, i am dissappointed. no more sandisk products for me.update i realized that the reason this wasn't working was because i had an aosp rom on my note 2. when i went back to touch wiz, it could be recognized again. i've changed my rating from 1 to 5 stars it is working great.""]"
292,the card requires you to format in a windows computer to get it to work. the max it allows is 32gb at Fat32 - the maximum it will allow will be 32Gb if you format to fat32 on newer windows computers.,"[""i have read many places that this would not work on android tablets, but have found that the card requires you to format in a windows computer to get it to work. even tablets that are rated to 32gb have been found to read write this card to 64gb. you need to download a free partitioning program, and format using that to fat32. first erase the current partition, then repartition to 64gb, then format. you can't simply use windows to format to fat32 on newer windows computers, and even on older vista, the max it will allow is 32gb at fat32. using the partitioning software bypasses that 32gb limit and formats the whole card so that when you after insert into tablet reads something like 59.4gb formatted space. huge capacity for the money, and a fast card. search internet for formatting 64gb microsd card for android and read up on it."", ""i bought this to expand my 32gb dell xps 10 to 64gb. it fits easily into the micro sd slot and was recognized by windows rt upon boot up. i did reformat the card old habit , and haven't had any problems at all.""]"
293,SKIPPED_TOO_LONG,"['i have both the samsung skyrocket and note 2 android phones and this card works great. mine came formatted for exfat. android will need it formatted in fat 32. to do this use the format function built into the phone. after the format it works great!', 'purchased it for use on my samsung tab 2 as well as my note 3.the msd card came with 3 possible formatting ntfs fat exfat. the default is exfat, and there seemed to be some comments saying that certain devices might not be able to read exfat.being the smart alec i am, i decided to format it to ntfs, assuming that my android devices will work with it. tab2 was not able to read ntfs, and i had to reformat it back to fat in order to get it work.subsequently, i tried using those usb sd card reader those that looks like a tiny usb drive and realised that apparently the sd card formatting is too new, and it simply will not register as 64gb, but can only read up to 32gb.have not tried on note 3 yet, but should work seeing that the technology is pretty on par.', 'look how many highly positive reviews this card has just get this one. it is huge, it is fast and reasonably priced for a such a high speed chip.btw, this comes with the filesystem formatted to exfat. depending on your device, it may not like that and you need to format it to fat32. the problem is that windows does not support formatting fat32 filesystems above 32gb. so you can format this as fat32 under linux or use this tool in windows ...', 'got a really good deal on this humongous capacity card on black friday, thanks amazon, been waiting for the price to go down.using this on a galaxy s3 as fat 32. i was unable to get this recognized in the phone as an exfat. anyone having problems with this in the galaxy lineup of phones might want to try the fat 32 formatting.', ""whenever i get these cards, the first thing i do is connect it to my windows 7 or 8 computers, and run this program to format it to fat32. here's the link to the free program ... many phones, cameras and tablets, need the card to be in fat32 format, and sadly, it's not an option in windows these days. you can select ntfs or exfat, but no option for fat32 when it comes to this card.using that program, you can format the card, then load it with whatever music or videos, and the card will work fine in your device.the 4 cards i have have never failed me in the past year, recommended"", ""i had to use fat32format.exe in order to fully use this card in my samsung galaxy s3. the card comes with exfat format, which doesn't work when trying to use the card with recovery to load custom roms."", ""by default it's formatted in exfat, so don't expect your devices will recognize it if they don't support this system. the ms standard allows only 32 gb for fat32. but who cares? there are free tools to format all 64 as fat32. i personally used linux and got it done in couple minutes. it was recognized by samsung tablet note 10.1 right away. i will definitely buy one more for my other devices. one point to the people complaining about the speed. both your device and adapter should support the speeds over 20 mb s. if you try to use test this card using usb2, then don't complain. you got what you wanted."", ""plugged in and worked out of the box in my samsung note 2 verizon . using an app to test the speed while it's in my note, was hitting 8 15 mb s for writing avg high 8s , consistently in the 10mb s for reading, so this seems like a legit class 10, and i don't think the write test really worked the greatest for whatever reason. i'm with winxp still, but to anyone else wondering, the exfat format the card comes in is what you want, don't format to fat32 if you computer can't read it, your phone tablet etc. most likely will read it fine."", ""i bought this card because i hope to transition from a pc to a smartphone in the near future. for now i use an adapter to run it on the pc. the write times aren't as good as i had hoped, but they're acceptable overall. plenty of storage space for my files, some of my music, pics, that sort of thing. have also run portable applications on it and they seem to perform well for the most part. overall, a solid little card with just enough speed to get the majority of my tasks done.sidenote the card came formatted with exfat by default. the onyl way i could downgrade to fat32 was to use a third party app. for some reason, the card can't be read by my phone, but the phone is an older model samsung, so that could be the issue."", ""i bought these microsdxc cards for use in my tablet, however, my tablet only recognizes fat32 formatted cards and not the exfat that these cards use. i had suspicions about this based upon other reviewers' experiences. windows computers will not reformat in fat32 beyond the 32 gb limit. i was able to locate a small program that would reformat a drive to fat32 without the 32gb limitation fat32 can accommodate up to a 3 tb drive . i used the windows gui version of fat32format freeware and it quickly reformatted the memory card. now the card works in my tablet."", ""initially when i inserted the card into the samsung galaxy s3 it recognized it but it wasn't able to format it correctly. after doing some research i found a free program easeus partition master ... that will format the card into fat 32 since windows no longer allows you to do it by default. after formatting it into fat 32 the phone recognized the card and it works great now. i hope this helps anyone else that might run into this problem."", ""bought this card for my xperia v. you would have to format it on the phone before it works as exfat file system is not recognized by the phone. phone will format it to fat32 so you would have a limit of 4gb for each file. once formatted to fat32..my laptop sony vaio s13 didn't recognized the card anymore using the adapter, but using an external card reader writer using a sandisk imagemate all in one usb3.0 reader writer the card can be read and reformatted again. also, when connecting the phone via the usb cable to the laptop, the laptop recognizes the fat32 formatted card. lots of storage now for my phone for all those music and videos d"", ""i think this is probably a fine product, but it wasn't compatible with my samsung galaxy s3 phone. formatted as exfat as it came from the factory , didn't work at all, but that's a known problem with the gs3. but even after reformatting to fat32, the card caused my phone to reboot multiple times."", ""i got this card specifically to use for making clockworkmod philz recovery backups on my s4. i tried using my 64gb cards, but neither recovery properly supports exfat file systems. yes, you can reformat in fat32 if you really want to, but it's not optimal. besides, i don't really want to carry 10 gb of data backups around with me on a daily basis when i could carry music or videos instead. so now i leave this card safely tucked away on my desk and only use it when necessary. works great!"", ""phone does not recognize this card. followed suggestions of other's and formatted card to fat32. you have to have an exfatt reader on your pc. also the format selections on a windows 7 is ntfs or exfat no fat32 so i went to this site ... tried another site and got adware, which my norton blocked couldn't find the utility to do the exfat to fat32 conversion so i deleted all their added programs so beware of some of these sites. cnet is trustworthy though.after i formatted the card to fat32 i put it in phone and the phone recognized the card and shows 59.xx gb. so what the h l i formatted the card in the phone. bad idea. after formatting in the phone, i'm back to the phone not recognizing the card. back to the pc, format to fat32 and now every things hunky dory."", 'my s3 did not recognize card when it was formatted exfat. s3 seems to have problem supporting exfat format in higher capacity like 32gb or 64gb.when i inserted the sd card, it just kept saying that sd card was damaged and i just got stuck on unmounting sd card screen when i tried to format it on my phone.i just manually formatted the sd card to fat32 in windows 8 and inserted it into my phone.it runs smooth now. seems like a lot of people are having trouble to get the sandisk 64gb to work in s3. hope this helps.', ""samsung galaxy note can't read this card, have to be format in fat32. just google the small program to do the trick. work perfect."", 'the card works in the above mentioned phones but i did have to format it using another program downloaded for windows. windows will not let you format the card for fat32 which is the format you need to use for the phones to see the card. the also could not format the cards correctly on their own, but once i was able to format them properly, they worked perfectly.', 'i bought this an formatted it to fat32 so i can use it in a devices that say they only allow 32gb card. to do this you must find a program that will format card above 32gb into fat32. windows will not format anything 32gb and higher in fat32, so try this site for a program to do it in ...', ""the card arrived promptly in good condition. i don't use exfat so i reformatted it to ntfs but fyi some for example cameras only recognize fat32 so keep that in mind. i have used this for a few months now and have had absolutely no issues. a great value imho."", ""hi i ordered two card and they arrived the next day, even faster than prime. unfortunatey, this 64gb microsd card is designed to only work with ex fat. if you're an ex fat fan and don't ever plan to change, this is the card for you. i've been able to take all of the previous 64gb microsd cards i've ordered, put them in an adapter and format them in my windows 7 desktop. i'm a ntsf fan and find it to be much more stable in tablets.with other cards that aren't intentionally crippled, i can format the card to ntsf on monday, ex fat on tuesday, fat32 on wednesday. it's ex fat or the highway for sandisk.you can use easeus partition master to format the card to fat32 for devices such as cameras and mp3 players and many, many, many others that don't support ex fat. that being said, you only get one shot. once it's formatted into fat32, attempting to format back to exfat or ntsf hoses the card. i couldn't reformat to ntsf no matter what i tried. once again, don't bother trying to format in your computer, ex fat is the only choice.any card that needs a special utility to format to anything other than ex fat shouldn't be supported. don't buy it! it's designed to fail.shame on you sandisk!update 9 24 12 i spoke with sandisk technical support and they confirmed that sandisk ultra 64gb microsd cards are not compatible with android 4.0 and above. this would be for class 10, sandisk ultra 64 gb microsdxc class 10 uhs 1 memory card 30mb s with adapter sdsdqua 064g u46a as well as sandisk 64gb mobile ultra microsdxc class 10 uhs 1 30mb s memory card with sd adapter new version retail packaging with komputerbay sdxc usb reader.i did not have any success formatting the class 10 card with easeus partition master. sandisk recommended the free utility, hpusbdisk.exe and i successfully downloaded it from softpedia. i was unable to format the card with ntsf but successfully converted one of the cards to fat32 for a friend who wants to use it in a sandisk mp3 player, that of course is not compatible with ex fat.acting on sandisk advice i am returning the unopened class ten cards with the komputerbay reader. i spoke with a patient and gracious tier one tech support person and the party line seems be that consumers only use microsd cards in phones. i don't know what they're thinking cameras, mp3 players, tablets, adapters and so on. anyway it's a known issue.i can confirm that the class 6 64gb microsd card can be formatted in windows7 back and forth to most any format so after returning four class 10 cards, i'm back to class six.it's still unconscionable to deliberately design these cards to be incompatible. i hope sandisk will come up with a solution or recall the cards. buyer beware.update 9 29 12 i received my two replacement class 6, 64gb microsd cards and it took less than five minutes to open the horrible packaging and to perform a quick format to ntsf. done!i gave my friend the class 10 64gb microsd card formatted into fat32 by hpusbdisk.exe and he couldn't read it on his computer. as it turns out, the class 10 cards are not only incompatible with most devices bur also with most usb card readers. another trip across town.i can confirm that the iogear sd microsd mmc card reader writer gfr204sd green gray selling on amazon for 6.99 works. so after countless hours of wasted effort, my friend has a card formatted to fat32 that works with a sandisk mp3 player.once again, sandisk has admitted that these cards are not compatible with androd 4.0 or above, that being 100 of android tablets and a majority of android phones. these cards are intentionally crippled by design.to quote a friend per the sdhc standard, the format is fat32. sdxc 64 gb and larger the spec calls for exfat. microsoft has limited the os to only format larger cards as exfat and will not allow fat32. also, seems they have found a way to also block ntfs. thus far, very few android devices can read exfat because they refuse to pay m for licensing of the exfat file system. to all masochists out there buy this card. to everyone else unsafe at any speed."", 'installed in samsung galaxy s3.latest verizon stock rom supports exfat, and you can format this your windows pc.you can also format this ntfs and use several 3rd party apps to mount automatically. suggest paragon .', ""i bought this to expand the limited memory of my dell venue pro. i use it to store mp4 videos and mp3 music and streaming playing both work very well. even the description explicitly says 34 reformat into file system other than exfat may cause instability 34 i'd hope to use it to remap my onedrive fka skydrive folder which requires it being reformatted to ntfs. the warning is correct between windows 8.1, the tablet and the sandisk microsdxc the os became unstable. once i'd reformatted and changed onedrive's location to it i rebooted windows 8.1 and windows 8.1 could not detect the card. i reformatted the card back to exfat and it works as expected."", ""i bought the 64gb ultra card to increase storage on my acer a500 android ice cream sandwich 4.0.3 tablet. it didn't work as android doesn't support its native exfat formatting from the factory. insert the card into an sd adapter and plug it into a pc or laptop under real windows. reformat this card to the ntfs format with windows format utility and android can then read and write any size file, even files over 5gb, to and from this card. you do not need to root or modify the android tablet in any way, except to have ver 4.0.3 operating system on it. this product is very fast reading and writing and has proven very reliable...a great value in some really serious storage space."", 'this was immediately recognized by my windows 8.1 laptop. i had to re format this from exfat to fat32 in order to have it be recognized by my samsung note 2 and my 7 34 android tablet.it took a long time to transfer 25 gb of video files from laptop ssd hard drive over to the sdxc card i imagined that it would happen more quickly. .. but it did work smoothly.overall, this is what i wanted and it was a great deal for the price!', ""make sure to format to fat32 to be compatible with both aosp and touchwiz roms. if you're not running any aosp roms, just pop the card in. it will be formatted to exfat automatically. i formatted to fat32 with guiformat in pc and haven't had any issues. optional search the xda developer forum for instructions on swapping internal sd card with external sd card and give your phone 64gb of internal space for those apps that won't move to sd."", ""64gb is pretty good size, and in a cell phone, it's awesome. however, getting it formatted as fat32 is not the easiest method. by default, windows 7 will not allow anything larger than 32gb to be formatted as fat32. even if you execute a dos command to format to fat32, it will fail. there is a fix though. ridgecrop consultants ltd has a program that can be downloaded. i would suggest that you support this free application by sending the guy a few bucks, as he has truly written a great program that works very well in windows 7. i have used his program, 34 fat32format 34 to successfully format this 64gb microsdxc disk. i then copied all of my contents from my old 12gb disk to this one. i inserted the disk into my phone, and whalla! it works great! very pleased with this purchase."", ""you need to format this card to fat32 before using it in your cell phone, otherwise it will not work. my samsung galaxy s3 kept giving me beef until i did so. it's handy to have a laptop sitting around that has a port that can take this card with its adapter in.luckily i had one such laptop lying around. otherwise, this card works great and holds quite a bit of space. giving it 4 stars for the initial grief with formatting it. iirc i used a tool called fat32 format, but it's on my laptop so i haven't checked."", 'i use them in my xperia tablet z, note ii, macbook with a nifty minidrive , and lumia 2520. a word to those who use custom roms on android devices, use a program that will format to fat32, it comes in exfat that has licensing restrictions but that should work with most stock roms.', ""this card runs great on my at t note ii, but it took some work to get exfat working. stock rom, rooted, custom kernel. i can't vouch for an unrooted, bone stock device. however if you use custom kernels and want the benefits of exfat, you have to find an exfat compatible kernel. i didn't realize this and thought the card was working, but after installing a compatible kernel, everything runs great.""]"
294,the card started failing in my galaxy note 2 in the beginning of january. after reformatting and trying it in other devices it still does not work. if you do buy this it would be wise to double check your backup process to make sure you have a backup.,"[""i bought this card, originally for my galaxy note ii, with the intentions of using it as my primary downloader, but i could not get it to format correctly for the phone, even using third party format software.i then tried it in my galaxy tab2 7.0plus......same problems.i finally, and ridiculously, put the card in my nikon d5100 camera. i could take a whopping 8k photos, on high large settings not that i would ever need to take that many photos in one session . this was the last option i had, to use the card.it worked well, taking photos of a holiday, and thankfully, it did not fail before i could get my photos onto a computer. since then, i have inserted it back in the camera, and reformatted like you always should , and bam, one photo is good, after that, failure, every single time. so now i have a 64gb card, that is capable of taking and storing one photo at a time, before i must run a fix file system on my computer.don't waste your money on this card, over priced, not really faster than the other cards i have, and zero longevity. this may be a one off, but i think it is a problem created by the proprietary format exfat, that makes this card a loser, or more to the point, the poor customer who buys it.update july 2012after contacting sandisk, they have offered an rma, but first they must verify that i have not tried to recover or wipe the data on the card, and i must ship it, at my expense, to taiwan. i have since emailed them in reply to the requested information date of purchase, photos of the card, packaging ect , and i told them that the data on their is my data, and if i could have accessed the card, i would have wiped it, why should i give them my information, stored on the card? that makes me less than happy, i am guessing that they want to discourage returns. who would want to send data to a company, not knowing who will access it, and what they will do with the information contained? i would have wiped the card, but it was unreadable, unable to format, unable to do anything. i will send it to them, hoping that the information is destroyed, along with the bad card.sandisk, you are asking a whole lot of your customers, and since this card has gone bad, i have had several other cards from them, go bad as well, seems to be a whole lot of cards being shipped that die in very short time periods. i used to love their products, and their older flash drives are great, still using a micro cruzer that is 6 years old, and going strong. i have not had one single microsd card, from this company, last more than three months, since i moved to the philippines. either they send their junk to the philippines, or they have dropped qc from their business model, to create higher profit margins. update 2 after emailing sandisk, and expressing my displeasure with having to return the item, intact, so that they can assess the card, and look at recover what ever personal information may have been stored on the card, they rescinded. i can only assume that they want to get the card back, to verify that it is bad, or make sure that you are not just trying to get a free card out of them, which i can understand. instead of requiring me to send the card back to them, they asked that i cut the card, and send a photo of the destroyed card, so they could process a new card, to be sent to me, directly in the philippines. i hammered them pretty hard in this review, and in the email i sent to them, regarding the bad card, and sometimes, you get results, in this case, i give them 5 stars for doing the right thing. i had no problem cutting the card, since it would not operate in any of my devices anyway, but i did have a problem returning the device, intact, with out knowing what information was stored on the card banking, amazon account info, passwords, ect. i would have just kept the card, destroyed it, and never bought another from sandisk. with their faith restoring gesture, i will not remove them from my list of companies to avoid. i just hope that they get better at qc. i returned another defective card to the retailer yesterday, only to find out that you must have the original packaging for a replacement. i was lucky to still have one of my packages, but since i bought several of the cards, i am not sure if i gave them the matching package for the card i returned.i would suggest that if you are like me, and have several devices 2 dslr's, galaxy tab2, galaxy note 2, sii, lg p920 , that you find a way to mark each card package, and keep the package, in the case that the card should go bad. i have had more than half of my sandisk 32gb cards, fail on me, in less than 6 months. i only buy them, because of the cards available in my area, these are the best, which is scary, with such a high failure rate."", 'if you look through the reviews you will see that this card seems to have both a failure rate and a incompatibility with some devices. i bought this card in november of 2012 and it worked great for a while. the card started failing in my galaxy note 2 in the beginning of january. after reformatting and trying the card in other devices it still does not work. please understand that this is not a user error but appear to be something wrong with the card itself. i have tried the card in 3 different phones. 1 with stock jelly bean, 1 with ice cream sandwich, and 1 with a cyanogenmod custom firmware. all 3 devices have problems and say blank sd card or unsupported filesystem . even formatting the card in both windows and using android do not seem to fix the issue. i was happy to find such a good price on a large microsd card but sadly it looks like you get what you pay for. it does appear that some people are having luck so it might be worth a gamble of 20 if you are feeling lucky. if you do buy this card it would be wise to double check your backup process to make sure you do not lose pictures or videos if you have this problem. i am glad i used dropbox for my phone so i did not lose any pictures or videos.', ""i installed this on my galaxy note 2 and it crashed after one month. lost all my pictures on the card. had it not been for google plus instant upload and redundant backup to dropbox all of the pictures would have been lost. i think i should get a refund but i did not keep the original packaging. i would not buy this, but if you do keep the packaging so you can return it. if you read most of the reviews you will see that a lot of people have had trouble with this card crashing. i don't think amazon should offer it as it hurts their overall customer satisfaction.""]"
295,sandisk is the best out there and this ultra is even better. smart phones seem to be going away with external memory so they can eventually start charging you for cloud storage.,"[""i have one in 3 phones, 2 samsung galaxy players my kids and 2 tablets. can't go wrong with sandisk they've never failed me."", 'sandisk is the best out there and this ultra is even better! currently using it on a dashcam i have installed in my vehicle. its a shame smart phones seem to be going away with external memory so they can eventually start charging you for cloud storage.']"
296,"i've put movies, music, sql server databases, and files on this card. they wanted 99 for a 64gb micro sd at best buy.","[""they wanted 99 for a 64gb micro sd at best buy. i've put movies, music, sql server databases, and files on this card and everything is working great!"", ""i couldn't put any files onto the card that were 62 5 gb. a little disappointing since i wanted to store movies on it, but i guess it's a limitation of the microsd hc technology.""]"
297,the sandisk 32 gb micro card with included adapter was exactly the right tool for the job. the card gives you the ability to store considerably more information in a neat small footprint - not every camera takes every card so you have to do some due diligence. if you do want to go with this card make sure it is compatible,"[""when i needed more video capacity for my canon camera, the sandisk 32 gb micro card with included adapter was exactly the right tool for the job !!i've had several sandisk memory cards in the past, with never a glitch of any kind.highly recommended !"", 'cameras are getting smaller and smaller at the same time their resolution is getting better and better. in order to take full advantage of your pixels, your files get larger and larger ultimately rendering small sized picture cards less handy. most cameras now let you take a mini movie which also eats up space quite quickly.this sandisk card gives you the ability to store considerably more information in a neat small footprint. if you do want to go with this card make sure it is compatible with your equipment. not every camera takes every card so you have to do some due diligence.', 'bought this for canon powershot n because it takes a micro. i always use ultra or extreme pro sandisk, since they are my preferred brand, and i like them for had video and continuous snapshots. no problems with the card, came with working adapter. happy with this purchase would and probably will buy more.']"
298,"ultra sandisk memory cards work perfectly and for photo work in high pixel count cameras cycle extremely quickly. contourroam2 camera says it shouldn't work with the camera, but i rely on it because of it's quality. never an issue purchased these to use in contour roam cameras.","['these ultra sandisk memory cards work perfectly and for photo work in high pixel count cameras cycle extremely quickly. the', ""i got the this memory card as a gift, to use it with my new contourroam2 camera, which according to a lot of users it shouldn't wouldn't work with the camera. even the technical team from contour told me they are not optimistic that ultra memories from sandisk work their camera. still it did for me!"", ""i use this in my midland action cam for hunting and fishing. i rely on sandisk because of it's quality. i have over a dozen different memory cards and of all the brands, i like sandisk the best. never an issue"", 'purchased these to use in contour roam cameras. records quality videos and downloads fast. highly recommend these cards for your micro sd card devices.', ""i'm using this card in my samsung camera and it works well capturing pictures fast even in continuous picture mode. the video capture is also unsurpassed with the 30mb s capability. i have never been disappointed with a sandisk card and this is no exception. good quality!""]"
299,"relative needed a new sd card, an upgrade from her 8gb. this is necessary because you need space storage in your phone. with this microsD card it is perfect for any phone!","['relative needed a new sd card, an upgrade from her 8gb and this did the trick. great for any phone.', 'this is necessary because you need space storage in your phone, and with this microsd card i have 64gb its perfect']"
300,"the supplied card with the r8 is 2gb, that only holds about 6 songs. solution get a larger capacity card and makes selecting, saving, and deleting projects faster. no problems after 1 month of use.","['a must have for those who listen to a lot of music on the go...wish they made a 128gb model.', 'the supplied card with the r8 is 2gb, that only holds about 6 songs. i had to keep deleting projects to make room for new ones. solution get a larger capacity card. it also makes selecting, saving, and deleting projects faster. no problems after 1 month of use.', 'man, this 128 122gb actually is amazing! i had a 64gb card and been transferring my apps to the external card and ran out of memory. with this bad boy, i can move anything i want, load it with tons of music and still have tons of space. highly recommended.']"
301,"this card has worked flawlessly in my phone for about three months. it's a class 10 card, but writing data to it still takes time to write to the card - but it doesn't freeze or loose anything in the phone.","['this card has worked flawlessly in my phone for about three months! i had an smaller and slower card in it that this replaced. when doing pictures and video you can definitely tell the difference in write speed between a class ten and four.', ""even though it's a class 10 card, writing data to it still takes a while. however, the card performs well in my phone. if you can get a good deal on this, you won't be disappointed."", 'get this for my hct phone it works great . not slow like some others i have had . but i didnt know about classes for memery cards with the othere ones . good card . done not freeze or loose anything']"
302,"i downloaded everything to my pc from my 8gig sd card, installed this one and then re loaded my data to this 32gig card. no complaints.","[""i purhased this thinking i was getting an amazing deal. the price was right, the product was not. after a few months i am unable to delete or add files, pics or music to this microsd card. i am only using 28gb of space on it. i cannot add anything, nor delete anything, it won't even allow me to format it and start fresh. i am not happy with this product and extremely disappointed. i use my phone a lot and store music and pictures on my phone for various purposes. i would recommend buying another 64gb microsd card. one that is more reliable."", 'i upgraded from my 8 gb sd to this one and it was great to have the extra space.no problems with it.i removed the sd card from my phone and copied the files up to my computer using the adapter that came with the new card. i copied the files to my new 32 gb microsdhc and installed it in my galaxy s4 and it worked great.i liked the color. makes it easier to see on my black desk.', 'i bought this new 32gb microsd card to replace an old 8gb microsd that had run out of space on my rooted htc inspire. it was easy to copy and paste from my computer and back to the new microsd card.', ""a no brainer here. copied the data off the old 16gb microsd, swapped the cards, put the data back on, and 'voila!' space constraints relieved!"", ""i noticed that i was constantly running out of space on my smartphone. i checked the sd card and it was a 16gb, but was about 98 full with pictures, music, and applications that i downloaded over time. i decided to get a bigger sd card for the phone. i researched online and found that my phone will support a 32gb card, so i bought this one. works great! all i had to do was copy and paste via my computer all the information from the old sd card ot this one. my smartphone picked it up right away and i didn't lose anything, and now i have twice as much room. i think the only thing i had to reset was my ring tones because the wave files i was using were on my old sd card, and somehow the link between ring tone and file didn't match up , but other than that, everything else worked fine."", 'moved all my 7.9 gigs of data from one sd card to this one and now i have plenty of room storage on my phone. i downloaded everything to my pc from my 8gig sd card, installed this one and then re loaded my data to this 32gig sd card. no complaints.']"
303,"we have 4 of the 32gb cards in our cell phones and love them. they offer plenty of room for pix, music, and videos and are fast to save and load from.","[""realistically i probably could have gotten away with a 16gb card, but like anything, it's better to have it and not need it than to need it and not have it. popped it into my moblie phone an put all my music on it, plus enough room for photos or videos, etc.no hiccups or errors yet and holds a ton of stuff."", 'we have 4 of the 32gb cards in our cell phones and love them. they offer plenty of room for pix, music, and videos and are fast to save and load from.. someday, when i get my desired tablet pc, i will be getting another one of these for it!', ""hard to believe that 10 years ago you would have needed a big hard drive to have this much room. i use this card in my samsung y duos smartphone and it provides more than enough room for my entire music library, a bunch of movies, and all of the apps for my phone and i still have more than 3 4 of the space left.works perfectly and i've always had good luck with sandisk products."", 'love my memory card. the bigger the better for my phone. i put all kinds of music movies porn whatever on my memory card in a snap. thank you.']"
304,i formatted my 64gb micro sd card using easeus partition master 9.2.1 home edition. my t mobile prism phone read the card giving me 59.47 bb free - and my galaxy 2 7.0 tablet read it the same way. there is enough room to hold my entire cd collection 300 d,"['awesome large sd card for all mobile devices, enough room for all my music and even a few movies, buy it!!!', 'i finally have enough room for everything. i formatted my 64gb sandisk micro sd card using easeus partition master 9.2.1 home edition. i used the fat32 format. my t mobile prism phone read the card giving me 59.47 gb free. my samsung galaxy 2 7.0 tablet read it the same way. i am very happy that any of my devices will read this card when i format it as fat32. there is enough room to hold my my entire cd collection 300 cds , my entire book collection 250 books , and my entire collection of sermons i lost count . i still have 23gb left!!! i am too happy. bottom line, folks, if my cheap android phone will read it, so will everything else. who needs cloud drives and streaming when you can take it with you!!!! thank god for sandisk, i am hoping someone comes up with 128gb soon. hahaha!', ""card is recognized as 59.5gb as expected. i'm able to carry around all of my music without having to carry an ipod as well, now. it came with a plastic case with an sd card adapter.""]"
305,"samsumg note ii used microsd card to download music from spotify. it has failed 34 times, but it worked for two months and then failed again, he says a few weeks after buying the card, she had some problems like my phone can't detect the micro dr card. she returned this card and","[""thus microsd card worked fine for a year in my samsumg note ii. i mostly used it to listed to downloaded music from spotify. it has actually failed 34 twice 34 . when it failed the first time the phone couldn't 34 see 34 that i had a card installed i thought maybe something had merely corrupted it, so i formatted it, put it back in my phone, and re downloaded all my playlists. it worked for two months and then failed again. i don't plan to try formatting it again, i'll switch to a different brand of card."", ""the first few weeks after i bought this, i had some problems like my phone can't detect the micro sd card . i tried formatting or repairing the card, but no success. so i returned this to sandisk and they willingly replaced this in a week. no more questions asked. and since then, i'm still using the 2nd card that i received. no problems until now."", ""after i inserted the micro sd card to the adapter i can no longer removed it from the adapter. it was stuck inside the adapter permanently. i definitely received a defective item. i also read a lot of reviews saying this card have bad sectors.another, while i was transferring from my computer the transferring of files suddenly stopped and said there was an error.sandisk's quality control department should up their game. they're selling products to the general public that are defective and flawed not all of them but a lot of them . it's just not me. i also read a lot of reviews saying the card they got were also defective.""]"
306,"kingston's going strong after a year of sandisk going 34. if you're looking to buy it, you can get it remounted - it is ok, but the price is good, and the card will be able to last longer.","[""i am very disappointed in this card. i usually don't have an issue with sandisk, but this 32gb ultra card died after two months. died as in, no longer recognizable by pc camera or any device. now i have to wrestle with warranty claim."", 'used for two months in samsung galaxy. fizzled then failed. i have never experienced a memory card or or flash drive failure until this sandisk ultra 32 gb. will purchase a different brand next time. return for refund or replacement is not allowed.', 'out of the three different brands of micro sd cards the sandisk is the only one that is still with me. the other two just quit working. i have bought several more of these cards and have had no problem except i wished i would have bought ones with more memory. excellent product.', ""if this was any more worthless, it would have a retched stench. this card has completely turned me away from ever trusting another sandisk product again. i would only use this in the future to keep corrupt mis information to frustrate anyone attempting to acquire any of my data.i have reformatted it 3 4 times in full using various allocation sizes and operating systems. it only functions under windows, it randomly works in my mobile devices. now i'm left to decide if i want to bother researching this to better understand the problem in the future, or simply purchase another card from a more reliable manufacturer...... hello kingston."", ""fast card while it worked. died less than a week after return period expired.... must note though that that is the nature of any memory storage card or drive. some fail, some last forever. not sandisk's fault, not amazons fault it is what it is. but it is for this reason that i think amazon should extend the return period on items which fall into this category. dont worry amazon, i still love you but feel like your played the role of a proctologist on this one..."", ""i was taking a tour in hangzhou china and while i was shooting with my canon 6d, the card out of sudden crashed. my camera won't recognize the card and it showed card reading error . i had more than 2000 photos in it including the trip in beijing and xi'an. i was not able to cover those photos even with the common flash memory recovery softwares. i may have to send it to sandisk subdivision lc technologies to recover those photos, for the 64 gb they are asking for 325, regardless how much photos they can recover.lesson learned for important shoots, use 32 sdhc card, they are so far the most stable sd cards out there. i spent over 10k for this vacation and most of these valuable memories are gone. thanks a lot sandisk! i wish i could give negative stars if amazon allowed me to."", 'when it did work it worked well, one day it just died 3 months after i bought it. i know these thinks happen with any memory card, it happened to me on another card i had, but that is another story. luckily sandisk has decent customer service, and will send me a new card, they were actually easy to work with, i contacted them through email, hopefully all goes well that ends well', 'i will be brief and simple.errors, errors, errors!what happened to sandisk? you need to check your qc unit!awful product ever from a reputable memory company.update i got thissamsung 32gb 32g class 10 microsd c10 microsdhc flash memory card model mb msbga krto replace the sandisk garbage. replacement works as it should. same on you sandisk, you lost one of your long time customer.', ""what can i say? this card just works. i'm honestly not a fan of sandisk since their 64gb ultra microsd died on me soon after my baby was born. i lost several weeks of photos, and i was quite angry.to be fair, they did send a new one after i sent them a photo of the old one snapped in half."", ""hello,great card, great price. plenty of speed and worked for...about a year. in fact, i wish it had stopped working a month earlier.it looks like sandisk is out to make sure their cards stop working perfectly after the return window is up or something, because now on the end of december return window expired about 20 days ago this thing only intermittently is recognized. it unmounts all the time in my phone and then gets remounted, and usually it doesn't even remount.while it was a good price, it was a good price for a name brand card that would have lasted longer than a year instead of sandisk going 34 ahaha got you good, now you have to buy another expensive name brand card! 34 nope, i'll buy a cheaper alternative and it'll probably last longer. i still have some kingston's going strong.""]"
307,the 64 gb card itself works great and seems to transfer very quickly. my full 1080p hd videos have no trouble recording directly to the card. i bought this card for the phone because it had little available memory on board.,"['exactly what i neededtook the old 32 gb card out of my samsung galaxy s4 to put in my digital recorder so i bought this new 64 gb card for the phone.as advertised, very fast and stable i try to transfer as many of my apps to external media on the phone to free memory on the phone and i have not had one problem as of yet.highly recommended', ""i bought this for my samsung galaxy s4 because it had little available memory on board. unfortunately the phone doesn't allow for the user to move apps to the sd card, but that isn't the card's fault, it's the phone's fault. the card itself works great and seems to transfer very quickly, my full 1080p hd videos have no trouble recording directly to the card.""]"
308,sandisk ultra disks are great for additional storage in a cellphone or with an adapter in an camera to save photos and music.,"['sandisk does not disappoint, this is exactly as described, arrived on time and is plenty of storage for all my photos, music playlists, and still leaves room for movies as well.', 'sandisk provides dependable storage for my new tablet. sandisk is what i rely on for my phone and computers. has never let me down.', 'sandisk makes some of the best storage media out there. also have a couple of flash drives that i love.', 'sandisk ultra disks are great for additional storage in a cellphone or with an adapter in a camera to save photos and music.', 'allows me to store quite a few movies in my razr. sandisk is the brand for memory, all of my usb memory thumb drives are sandisk..']"
309,sd xc reader is compatible with a 32gb micro. if you do not do that you will only see it as 'as i'm using cdc',"['fast data transfer! this is the standard, the measuring stick for a great 32 gb micro sd card you will not regret getting the brand name instead of getting the cheapos.', 'very satisfied with the speed and the space on this little guy.note you need to format this on a cellphone that can be capable of using micro sd xc or on a card reader that is compatible with sd xc because if you do not do that you will only see it as a 32gb. i got a couple of errors because i had formatted first on a computer with a sd hc reader not xc. but now it is working fine.']"
310,"a 128gb microsd card comes with an ed adapter, so you can use it there. if you have sad port on your computer you could transfer photos and music over to these cards with plenty of space for the cards to play with.","[""it's a 128gb microsd card, so there isn't much to say about it. make sure you check that the device you'd like to use this with can handle this much space. it comes with an sd adapter, so if you have an sd port on your computer you can use it there. happily have this plugged into my galaxy s5.pros lots of space durable little buggercons price per gb ratio is bad but considering the tech this is probably as good as it'll get for a while"", ""my wife's 4 gb microsd card failed on her phone. so in order to prevent any issues i got one for her phone and one for my phone. we were able to transfer our photos and music over on to these cards with plenty of room to spare."", ""couldn't ask for more! the biggest micro sd card for the most awesome phone the galaxy s3! put tons of my music library on the card, full length movies, and have crazy space available. i love having space to spare and not have to worry about every running out.highly recommended! don't buy this from at they are asking 130 dollars for the exact same card!"", 'needed a large size micro sd for my new phone i have a very large music collection as well as large photo collection. i was thrilled to find this large of a micro sd. no worrying about how large a file could be, no worrying about taking videos, or snapping a few extra photos!']"
311,card works fine with no hiccups or issues. speed of card is fine and downloads to laptop.,"['i purchased a couple of these for use with a new digital camera that also shoots 1080p video. this is a great product for that purpose. fast transfers and i have had no hiccups in writing to the card.', 'these cards have worked flawlessly in cameras mounted on an offroad race car. they capture hd video without stutter. i highly recommend them for this purpose.', 'card works fine with no hiccups or issues. speed of card is fine with the dash camera and download to laptop.']"
312,"the external memory is expandable up to 32gb. the phone doesn't recognize the card, and it can only use about half the memory.","[""i was a bit skeptical about getting this card because the official instructions for this phone only mention that the external memory is expandable up to 32gb. i did a bit of research before purchasing many reported being able to use this card with the evo 4g lte. i can confirm that it works!at first, the phone won't recognize the card. you need to format the card when you first install it! once you format the card, the phone will recognize it you can write read data with no issues.i got such a large card because of music. i wanted to add music in .wav format for better audio quality or at least in mp3 320kbs . i'm very happy with this card!"", 'the card works well. purchased 64 gb to use in my phone as that will store a lot of pix and tunes! ah, but the phone does not recognize the 64, and i can only use about half the memory.']"
313,"j k ladies carries a 2 gb card filled up her phone. her daughter loves selfies and has to get the bigger card to take pictures - and if it's necessary, it is nice to have your entire music in your phone, for someone with 'a bigger collection then me'","['got this because i had a 2 gb one that filled up. i kept getting the insufficient disk space on my phone. my kids take my phone and do selfies. mostly my daughter. i had to get a bigger card. the 2gb one was a carry over from an old phone.needless to say this was sweet. plenty of space. and i dont have to delete pictures anymore. well for now at least.my daughter loves selfies.', ""does anyone really need this much space? hard to say, after about 20gbs of pictures and 40gbs of music, i started to wonder myself, if it was really necessary. but then i realized i had forgotten about adding movies! 50gbs of movies later i can definitely say i don't need this card and really just wanted it for the fun of it, but it is nice to have your entire collection of music in your phone, for someone with a bigger collection then me i'm sure this card would be a god send."", ""and this isn't an add for an apartment. more room than i need, but i am bit ocd and tidy up my texts, emails, and picture often. i think most woman might need a terabyte micro sd card? lol, j k ladies!!!"", 'i carry a ton of digital content with me on my phone and never want to run out of space. this is a very fast micro sd card and gives me 75 gb of usable space on my samsung galaxy note ii. i can take 20 pictures in about 5 seconds while listening to music.fast, efficient and tons of storage ... who can ask for more!billh']"
314,sandisk has always been the leader in these flash memory cards. it works great in my asus tablet for 3 months then it just completely died. the prcess was painless and my replacement should arrive within few days.,"['bought this for my sons tablet, and it works fine. sandisk has always been the leader in these flash memory cards, and has always been well worth the money.', 'it works great and added more memory for my lg phone. sandisk brand is very trust worthy.i recommend it highly.', ""it work great in my asus tablet for 3 months then it just completely died. it was not recognized by any of my devices. it had just died.i have rma'd it to sandisk. the prcess was painless and my replacement should arrive within a few days. they emailed me a return label thru ups and sent it off last week.when it worked the performance was great and access times were very fast. no lag in reading and writing data.if you get this just make sure you have a back up of your data incase of failure. had my tablet synced to my cloud service so i did not lose anything. i have purchased other sandisk items and have never had a issue."", ""works as advertised for my samsung gn2 smartphone. got one for my dad's samsung gs3 too. sandisk is simply the most reliable hi cap micro sd flash memory out there."", 'works great! my tablet loves it. i always buy sandisk products and have never had a problem with any of them.', 'i bought this to stretch the capability of my lg gpad 8.3 gpe tablet.it is working just fine and of course i have total confidence in sandisk storage items.']"
315,"a class 4 would take well over 2 hours to fill up, while this one takes just 45 minutes. this card clocked in to store music, especially when the card is slow - and it takes more than 2 minutes to load up. if you have any questions, please contact me at samsung.com!","[""i purchased this to put into my samsung galaxy blaze, mainly to store music. i previously owned an adata 32gb card which died after a couple weeks.the most annoying thing about large storage is copying files to it, especially when the card is slow. a class 4 would take well over 2 hours to fill up, while this one takes just a bit over 45 minutes.using the antutu benchmark suite, this card clocked in at 11.1mb s write and 21.7mb s read.i didn't have to format it or anything, just popped it out of the packaging and threw it right into the sd slot of my phone."", ""i already had a sandisk 16gb class 4 card in my android phone. here is how you know this is faster i'd press the play button for the music player with the class 4 and there was always a small delay before the music played. with this 32gb sandisk ultra, the music plays immediately. this is a very useful way to tell how fast this is. this memory card gets my approval and my thanks to sandisk!"", ""i snagged this for my cell phone. i upgraded from an old 2gb sd card i've been refusing to replace for the last 4 years. the old card does not specify the class, and it was the cheapest i could get so i have a feeling it was the slowest . anywho, i plugged this card in and transferred 27 songs from my pc to phone in about 20 seconds! on my old card that would have taken around 2 minutes. if you haven't upgraded your card, because you're a cheap miser like me, you are definitely missing out!""]"
316,the card works great on my galaxy s4 right out of the box. it's faster than the old 32gb card i used to have a 32-bit card in the u.s.,"[""works great with my galaxy s4. didn't need to format the card or anything. just popped the card in and everything worked great out of the box. transfer speeds are excellent with this card. i would recommend this card to everyone."", 'this works great on my galaxy s4 right out of the box.and its faster then the old 32gb card i used to have.']"
317,i'm using this card in a samsung galaxy.s3 16gb unlocked smartphone. the only problem is as you write more and more flies to the card it gets slower and slower to that point that you'll be so p.o at crucial moment - say for example you want to access the,"[""works great in a samsung galaxy s3. formatted straight away, full size there. i can't really tell the speed difference between this one and a slower card it replaced. i guess the io in the phone can't take advantage."", 'using this on my samsung galaxy s4. it works well and has good read write speeds. very pleased with this card.', 'used in samsung galaxy s iii phone. formatted in the phone. has worked perfectly so far. a very economical storage card. faster than previous cards i have owned.', ""works great with my smart phone. didn't need to format the card or anything. just popped the card in and everything worked great out of the box. transfer speeds are excellent with this card. i would recommend this card to everyone."", 'this card is used for my samsung galaxy s3 on at t and it works great! read and write speeds are pretty good, and the card installed and was recognized by the phone very easily. great option if you need more storage on your mobile device!', ""i'm using this in a samsung galaxy s3 16gb unlocked smartphone and the only problem is as you write more and more flies to the card it gets slower and slower to the point that you'll be so p.o at a crucial moment , say for example you want to access a video or doc , that when you do actually get your file you've lost all faith in the card .so buy it for the capacity but always remember it's not reliable for fast access.""]"
318,class 4 takes 2 minutes upon boot of my old phone to scan a 32gb micro sd card. with this its 7 seconds fast enough not to slow down when loading files music photos.,"['i got this not for the space but the speed. class 4 is ok, but class 10 is where its at. copying files, scanning the card, cleaning caches, writing files, this thing grinds threw it all like nothing. before it would take 2 minutes upon boot of my phone for my old class 4 32gb micro sd card would be done scanning. with this its 7 seconds.', 'much faster than my other microsd cards, most if which are class 4. in a galaxy s3 now, fast enough not to slow it down when loading files music photos. did not benchmark...']"
319,"the 119 promo price on amazon had evaporated along with the stock of the rare cards. the price had skyrocketed to nearly 200, and they were out of stock!? the card was perfect.bought it for my virgin moble smart phone as it only had a 2 gig card in it.","[""great card at a great price! doubled the storage on my new htc one m8 and now i've got 64 gb total storage on my phone and i have no idea what to do with it all. psure beats the 16 gb my iphone 4s had!anyway, the card works great and it's speedy to boot!"", 'i had purchased a used htc phone... that the kid had taken the original 8meg card out i did not know it came with one till i reviewed the specs online well... that was ok... i would have upgraded anyway this got here in 2 days because of being a prime member... and fits good works flawlessly.', 'just bought 2 new windows cell phones, and of course wanted as much storage capacity possible. so far no problems with the card at all, and do not foresee any.', ""card works great. it shipped very quickly. it doesn't hold 64gb of data, more like 59gb but either way it gives me all the space i need on my phone for music and pictures."", ""as soon as i learned that my nokia lumia 1520 would gladly accept 128gb microsd card, i sought one out. the 119 promo price on amazon had evaporated along with the stock of the rare cards! the price had skyrocketed to nearly 200, and they were out of stock!? i pined. i whined. then, one day, in early may, there it was! back on amazon, for the awesome price point of 119! i pulled the trigger immediately! well, apparently the cards were on backorder, but in was a short wait. four days later, i had my card. after formatting it via the phone, ands changing all my phone settings to save everything to the card, i'm a happy camper. read write speeds are good, and the only really noticible lag is when taking photos, but that has a lot to do with my choosing to take photos with a 5mp low rest version, and a corresponding 16mp raw version,, too. other than that, this drive has allowed me to store 1gb apps games , of which i have many , and tons of pics, and 1080p videos! i'd say, that if your phone accepts 128gb cards, this is a no brainer!"", 'the card was perfect.bought it for my virgin moble smart phone as it only had a 2 gig card in it.their geek squad told me i needed a larger card as my memory to download applications was almost out!! only had 2 dowloads on it!!! .after purchasing and inserting the expensive card, i got the same screen can not download applicationas memory is almost filled.turned out the memory card has no bearing on applications being downloaded they are stored on internal built in memory.seems the phone i was suggested to purchase only has 2 gigs of internal memory.was not told to me when i got it', 'read the reviews and settled on this card to use in my cell phone. so far so good. no problems whatsoever. have tons of space to store all my mp3s, photos and videos. great read access speed due to being hc 1 class. excellent price as i got this shortly after black friday sale.', ""bought this for my htc evo 4g lte, it works great, i knew in order to use such a big card it had to be a class 10, and i only trust sandisk, samsung, or kingston with my memory cards. this one works well, it did take about a day for the 34 bugs 34 to be ironed out and let the evo find its paths back to its files. this is a very good stick at a very good price. the first one i got from amazon was damaged, they quickly replaced it..... with one that was lost by fedex!!!! i called up about a week later and they overnighted a new one, and paid for weekend ups delivery! i was amazed at the service from amazon on this.all in all, it doesn't get much better than sandisk for memory, and amazon for the place of purchase. don't hesitate to buy this card for your high end phone. i know for a fact that the htc evo lte galaxy s3 can run this card.""]"
320,sandisk is a very reliable name in storage. lots of usable memory for minimal cost outlay - so there is no downside to this product!,"['we always come straight to amazon for our memory card needs, and sandisk is one of the reliable names in this category. lots of usable memory for minimum cost outlay so there is no downside to this product. max out storage on your compatible devices!', 'sandisk is a very reliable name in storage. this micro sd card is no exception. lots of storage at a good price, this is a must for tablets and cell phones with limited on board memory.']"
321,sandisk has made great memory products for a very long time. the 16gb i've had for months has lasted - and it works well. this is the reason why he loves non apple products.,"['sandisk has made great memory products for a very long time. this is no exception. i bought this to expand the memory of a tablet i bought for my fianc e, and it works well. i made sure to buy class 10 because i want the fastest interaction between the device and the storage. nothing ruins a user experience like waiting for storage to access and being read from, or written to.', ""this is the reason why i love non apple products. you can increase memory with microsd's and its so much cheaper. these class 10 sandisks' are amazing. i've bought several from 64gb to 16gb and every single one has lasted. i've had the 64gb for months now and i have no issues. the 16gb i've had for a year and its great. i would highly recommend this product.""]"
322,ultra 3 micro sd card is perfect for any smartphone user looking to expand the storage on their device. the card came with an adapter that this card plugs into and it becomes a full sized dslr card. this is the fastest micros i've ever seen in the world.,"['i am very happy with this micro sd. i could tell the difference in the response time in my bb curve as well as my asus tablet. if you want something that can transfer files photos, videos, and music faster this is the micro sd card for you. now i will say this there are faster cards out there but not at this price. this does the trick for my devices. now it you are a professional photographer you might want to go with the ultra 3 micro sd but if you are an everyday user this will work wonders for you device.', 'this micro sd card is perfect for any smartphone user looking to expand the storage on their device. i personally am using one in my samsung galaxy note 3. works like a charm. it is adequately fast, cheap, and fairly reliable. if you are looking for extremely fast speeds however, you should consider the sandisk extreme series which are the fastest microsd cards in the world. my card came with an adapter that this card plugs into and it becomes a full sized sd card. if you are looking to use this in a camera or any other device that uses sd cards, please look elsewhere. these cards are not nearly as fast as the full sized sd cards used in cameras. the adapter should only be used for transporting data from the phone or other device, to a computer. all in all, these are a great buy for any smartphone user looking for a higher storage capacity. the price fluctuates often, so catch em while there cheep! i got mine for around 30.', 'great micro sd card for smartphones or other products. i wanted something with a high transfer rate so that taking hd video there would be no lag.', ""local storage is still a necessity or a really nice to have in this cloud connected world.these cards with and without the sd adapter have been used in my mobile phones, dslrs, computers lenovo y500 and ms surface pro , tablets asus transformer tf700, nook hd and have been rock solid. i own 4 of them and in my dslr they've proven to be fast enough for burst shooting and high def video.in my mobile tablet pcs, they've been used to shuttle hd videos and other content back and forth without a hitch.still love local storage and these cards are a relatively cheap and reliable way to achieve that."", ""i was looking for a simple, reliable and fast micro sd chip which i could use with both my new chromebook and my galaxy s3. this product does exactly that. movies won't lag and with the adapter you can easily use it for laptop and cell devices. great buy!""]"
323,"the microsd adapter it comes with seems a little cheap. it has plenty of room for ebooks, music and store camera pictures if you like to store data on your phone samsung.","[""plenty of room for all my photos, music and random documents i decide to load onto my phone. it works great with my htc one m8 and apps stored on the sd card run as smooth as they did on the phone itself. file writes were as fast as i expected from an xc i card.the only downside, and this is minor, is the microsd adapter it comes with seems a little cheap. but hey, that's not the reason i bought this card."", 'i added the memory card to my galaxy s4 so that it can hold lots of music, videos, and have room to grow. i mistakenly thought that it would allow me to store additional applications, but i was mistaken.', ""lots of storage space for my phone lets me have lots of music and roms. can't live without this card."", ""i've been using this card in my smartphone for a while now. it had enough room for all of my 20gig of music. its got tons of pictures and downloads too. still plenty of room. if you like to store data on your phone this will be good for you. no hiccups so far with this product."", 'purchased this card to expand the storage on my samsung s4 and it does the trick. plenty of room to carry ebooks, music and store camera pictures. great item at a good price and i recommend this item for anyone needing more memory using a microsdhc class 10 memory card.']"
324,card is doing its job in my s4. it is so painful when you just buy that new and better one comes along - she took dozens of pictures and music on her phone so we both wanted the extra room. i bought one for my mom when we bought her a new smart phone and one was for her girlfriend and her boyfriend,"['this card is doing its job in my s4. lots of room for storing photos, music and videos. good item.', ""ain't technology amazing? i got this card for my mom when we bought her a new smart phone. i wanted her to have plenty of room for pictures, music and some movies."", 'i bought one for my note 3 and one for my girlfriend and her s4. she takes a lot of pictures and i have a lot of music on my phone so we both wanted the extra room. the cards read and write quickly also.', 'it is so painful when you just buy that new gadget and a new and better one comes along, bummer. but this great little card helps you keep the envy at bay becuase while they might have the fastest, you can wow them with content a huge library of movies, songs and apps right at your fingertips becuase you have this baby in your phone, buy one as insurance from phone and tablet envy.enjoyps format it in your device, this will ensure compatability, in most cases.update 4 months later still doing its job. lots of space for apps, music and movies and still happy with my device. no problems or troubles to report. good product.enjoy.jb', 'bought this for my epic 4g touch, great card and great price. i store tons of pictures and music on it and still have plenty room.']"
325,a sandisk card stores pictures and other items on my phone. it works well no problems with it - always good risk to use this brand of card.,"['how can you review a sandisk card? it works. it stores pictures and other items on my phone. zero problems with it.', 'works well no problems with sandisk products. always a good risk to use this brand of card. price was right and shipping was fast.']"
326,2.phone for over a year and no problems.use with adapter in camera and laptop for 4 5 months without any trouble.,"['i have 2.phone for over a year and no problems.use with adapter in camera and laptop for 4 5 months without any trouble.will continue to use sandisk', 'do not think i have ever had a bad product from sandisk. currently using the card in my lumia 810. music, pictures podcasts and all other media play on it fine.', ""never had any issues with sandisk adapter card or devices. they work great and this one is no exception. very small media for my big fingers but i manage. to do what i need to with it and it works well. last thing is that amazon's prices are hard to beat!""]"
327,sandisk memory cards seem to have the least write errors in my experience. does it work or not?,"[""i always purchase sandisk memory cards. i've never had any issues with them. i will continue to buy sandisk products in the future."", 'the last card i got was bad, but at least this one is working properly. sandisk is the best brand.', 'sandisk cards seem to have the least write errors in my experience. this was at a great price too, so it is a win win.', 'the problem with rating and reviewing an item such as this one is.. does it work or not.. my experience with sandisk memory cards has been they work and can take a beating.. and a washing... what else can i ask for?', 'i have purchased and used several sandisk memory cards and i have never experienced any issues with those cards. one of my first choices when i am in the market for a memory card', ""memory card works fine, no problems. i have a number of sandisk memory cards, and i've never had any problems with them."", ""i really dont have much to say about sandisk's cards. they work as intended, i never had a problem with them."", ""you won't be unhappy with a sandisk card, they even back them with a lifetime warranty. i purchased this for a friend and she's very happy with it""]"
328,"amazon's service was so fast and easy, they literally sent it next day delivery. amazon sd card service has been great so fari am extremely happy with the service!","[""the card was working great. i own quite a few for several of my devices. one that i bough in 2012 suddenly died. i went to the sandisk website and did a chat support. the tech tried some quick troubleshooting and after about five minutes asked for my info for an rma. the process was quick and easy. like i said, this one suddenly died, no idea why. luckily i didn't have anything important on it at the time. this is the only one i've ever had fail, and like i said, the rma process was a breeze. i really like these cards and the customer service was great. for reference, i run these cards in a samsung galaxy sii hercules 32 gb, motorola droid sholes 16 gb, motorola droid 3 solana 32 gb, samsung galaxy note 10.1 2012 gt n8013 32 gb, it was the note one that failed. i also have a gopro but i run the golden sandisk cards in that, but they are twice the price! i will continue to buy these cards regardless of this isolated incident."", ""i was really excited to get this because i hadn't changed my microsd card in my phone since i got the original droid. i was so excited to see how much faster the write read speeds would be.it worked great at first but then my phone started to tell me that it was unrecognizable and it kept ejecting it. i thought maybe it was a formatting issue so i reformatted it from my phone galaxy s4 but it just did the same thing.after a week of this i was very irritated and decided to give up and just return it and get another one. i was scared that it would do the same thing because many other people had issues with these cards in the galaxy's.to my surprise the new 32gb card that amazon sent back to me has been working great where as the other one would have been ejecting every other hour.i am really happy with amazon and their return policy. it was very fast and easy, i can honestly say i've never returned something so fast and so easy, they literally sent it next day delivery and at no cost to me.the only reason i gave it one star off is because i had to return the first one, other than that the product has been great so fari am extremely happy with amazon's service.as far as the sd card i'd definitely get another one if it worked like the one i have now.""]"
329,the card is currently in a samsung galaxy. it works very nice and works like an excellent memory card.,"[""excellent card. it is currently installed in my samsung gs3 and works flawlessly. highly recommended but make sure your phone device will handle the size some don't like cards 62 16gb."", 'love this product. the card easily integrated with my cellphone. small and very portable. i would gladly recommend this product to my friends.', ""it's hard for me to evaluate this product in detail, but i can report that it works just in my samsung galaxy s5. i turned the phone off probably much better to insert remove cards with the phone turned off and then slid the card into the slot inside the back of the phone. when i turned the phone back on, there was no obvious indication that i had made any changes at all. however, when i started to take photos, the camera reported that it would now be storing pictures on the card instead of the phone's internal flash memory. so everything seems to work well."", 'bought this for my girlfriend.the card works very nice and is a great way to up your storage on your cell phone.this is currently in a samsung galaxy s4.', 'great memory card, i bought this for my phone and it works like a gem! now im just waiting to get the new galaxy s5 and then i can pop this baby into that phone!']"
330,sandisk works great in my motorola atrix 4g. doesn't work in xoom but works in the ios galaxy c3 - but it's a great chip for my girlfriends.,"['works great in my motorola atrix 4g. consistently reliable never any problems. will definitely purchase sandisk again in the future. keep up the great work!', ""doesn't work in my s2 skyrocket but works in my xoom. odd but i have to suffer with it. seems about the same as my class 4. will not get sandisk again unless its tons cheaper. 1 was stolen by some tweakers which sucks"", ""this works great just like all sandisk chips i have had. it's being used in my girlfriends samsung galaxy s3.""]"
331,memory cards fail on me in very short order. sandisk quality shines through every time.,"[""i've tried other cards going back to when compact flash cards ruled and every single time i wind up coming back to sandisk. why, because they won't certify a card at a certain speed unless it can sustain that speed and every single sandisk product i've ever owned has lasted, and lasted, and lasted. i have quit using sandisk products because it just didn't make sense to keep using them 256mb and 512mb thumbdrives and flash cards... they still work... really slowly... but they still work fine... but what the heck do you use them for? but the only times i have ever had a sandisk fail i could trace the failure back to something other than a fault in the sandisk product soooo... i buy sandisk because i always get my money's worth."", ""i've never had a problem with sandisk memory products i use their 34 ultra 34 compact flash for my other camera , and this one is cut from the cloth. a great product with no problems... i will continue to demand sandisk!"", ""i've got a number of sandisk brand products. none has ever failed me over the 10 years i've used them. that's saying something these days in electronics.this card is performing well, and keeping up with the data storage devices i am using it for one video recorder, one scanner . somehow, i would expect nothing less, but then again it is good to know that quality is consistent."", ""sandisk quality has failed me. moving on to another brand. i've had three of these memory cards fail on me in very short order."", ""sandisk quality shines through every time.i tried cheaper memory cards and have watched them fail over time.even my oldest sandisk flash stuff still all work years after purchasing and that's enough reason to pay more."", ""so far my experience with all sandisk memory products has been nothing but excellent. they work in all products i've tried them in and are reliable. i have two of the 32gb cards, one is used in samsung galaxy s and the other in sony nex 5 camera.""]"
332,the sandisk ultra 16gb memory card has shown no sign of not being exactly what i needed. the brand is one of the most accurate and secure for removable memory. this was a good sale price when purchased.,"['sandisk is far away the best memory card ever.i used to this brand because it never fails.the future of this kind is eternal.', 'the sandisk memory card is awesome. i usually only buy sandisk products because they are very reliable. very good quality.', 'one of the best memory cards for a good low price. sandisk has and will always be a great company to do business with.', 'i am always perfectly satisfied with sandisk products they are extremely reliable and suit my purposes perfectly. this particular memory card is no exception.', 'i have always had good luck with sandisk products and am pleased with this memory, reliable and looks cool too.', 'sandisk are the definitive memory products. period! i have tried to save few bucks here and there and i have lost all the money and all the data. fristration free package is the simpliest way to get the card in your hand', 'sandisk were the first memory cards i came across years ago. i think they hold up very well against the competition. they are inexpensive and do the job. i am a huge kingston fan, but the price of this card was too hard to pass up.i currently have it in my phone for photo video storage. so far, no complaints.', 'sandisk seems to be the most reliable for me. not only a good product, but good prices. always good memory cards. period.', ""i've tried memory cards with really bad results. finally decided to go with sandisk. it may be a little bit more expensive than the others, but ultimately this is more reliable."", ""i've had other sandisk memory cards, and they've always proven reliable. as always with memory, get the biggest you can afford, because you'll always need more than you think, and volume gets more economical with greater capacity."", 'sandisk has always provided me with a reliable memory product. in the case of this 32 gb card, it went into a samsung note 8.0 and my wife could not be more pleased.pros reputable brand, pricecons none noted.', ""can't go wrong with sandisk memory. have bought these for phones, gaming and a gopro. good capacity, convenient and durable."", 'sandisk always do a great job. i have like a year with this memory and works perfects! i recommend it 100', 'i have used sandisk memory cards in the past and never had a problem with them so it is worthwhile to buy a brand name.', 'sandisk is the best moist reliable memory card out there. perfect fit for my new galaxy note 3 smartphone !', ""sandisk makes some great memory chips for a decent price. i can' recommend no names brands because of their error frequency."", ""over the years, i've found sandisk memory to be durable and reliable. this 16 gb class 10 card appears to be no exception. so far, it's performed well. i especially appreciate the fast write speed. for the money, it's a good deal."", ""i've used sandisk cards for as long as they have existed. these cards are fast and have the solid quality i expect from sandisk. recommend."", 'amazing how much stuff you can save on this little card. sandisk has always been reliable and i would recommend it. amazon seems to have the best prices.', ""i have other brands, but prefer sandisk. i have several and have never had an error or failure. i often shoot video in 2.7k at a high bitrate and this memory card can keep up. that's important to me.i would highly recommend this card."", 'sandisk is the best brand to get for memory cards. i bought two of these little gems to go with my sandisk sansa clip zip and they work wonderfully.', 'i should have known better. everyone is complaining about this memory card if you read reviews on specialized forums. last time i buy anything from sandisk.', ""it doesn't hurt to have more memory than it does to have too little. i have been using sandisk brand for some time now so i can say for my self that they are pretty reliable let's just hope i didn't jinx myself ."", ""i gave away my last card to a friend who needed one. after reading the reviews for this card i purchased it. i seems quick enough for my needs and plenty of space. i've never had a problem with sandisk. my go to company for all my disk needs."", ""you just can't beat actual sandisk quality don 34 t go for the counterfits !!this memory rocks and has worked fantastic for me.great purchase !"", 'the sandisk ultra 16gb memory card has shown no sign of not being exactly what i needed. a good deal.', 'memory cards are almost commodity items now, but i still prefer name brands with 5 year warranties. had a problem with a sandisk a while back, and they replaced it under warranty without any hassle.', 'this sandisk brand is one of the most accurate and secure for sd memory cards. i recommend it for sure.', 'sandisk is one of the top brands for removable memory. as expected, this worked right out of the package. i use it with my gps.', 'prices on memory go down all the time. this was a good sale price when purchased. sandisk has always worked flawlessly for me.']"
333,read and write speeds are pretty equal on this card. it writes 8mp images with a quickness and 1080p recording is smooth in my lg optimus. i've owned many an sd card in the past.,"[""i have owned many an sd card in the past, and this is probably the best bang for the buck i've ever received in a card. i'm not super nitpicky about data read write speeds necessarily, but this card is plenty fast for me in my samsung galaxy note ii. pick one up while they are on sale!"", ""it's an sd card, this one's fast. the read and write speeds are pretty equal on this one. approaching 20mbits per second for read and write. i installed linux to this drive for my cubieboard. yeah, read and write speed would definitely be an ultimate determiner of over all system performance with this credit card sized computer.sandisk makes nice stuff don't they?"", ""prosit copies large files to the card at 10 12 mb s and it doesn't choke when slammed with a few hundred little files like pictures and mp3s. it writes 8mp images with a quickness and 1080p 20mbit recording is smooth in my lg optimus g e970. i waited for these to get to this price before ordering, and as usual amazon prime is awesome.consnot as fast as the gold 16gb sandisk microsd cards but for 64gb in this form factor, it's faster than i was anticipating.""]"
334,"this works on my phone and is amazing, however it seems to transfer pretty slowly. it is just as fast as the on board memory, loads photos, videos, music, and music. i have note 2.anyways, it was cheap and it works, that is all that matters.","[""this works on my phone and is amazing, however it seems to transfer pretty slowly. i move a lot of music and movies on and off my phone so it can be annoying. i'm not sure if my phone or this card is the weak link though. i have note 2.anyways, it was cheap and it works, that is all that matters. buy it!!!"", 'put this in my samsung active phone, works great. my first chip started acting up so i needed to put in a new memory card. works just as fast as the on board memory, loads photos, videos, music really fast.', ""i use it on my phone, it works well enough. android doesn't like to use the card by default, so i have to move things manually, but that's beside the point. the card works well.""]"
335,transcend works fine with no problem. do not get transcend especially if you plan on using it on an android phone.,"['the unit shows 0 bytes, in a pc or the phone. it keeps dismounting also. i got a replacement and it did the same thing. not sure what is going on but it looks like a chinese counterfeit case. i have seen this happen more and more lately. amazon seems to be a major portal for these hings, it makes sense with a such a large retailer, they cant check everything.', 'i had this for my smart phone and it kept dismounting itself. i did some research and found out that there are others experiencing the same problem. so, i returned this and got transcend instead. transcend works fine with no problem.', 'do not get this card especially if you plan on using it on an android phone. just google sd card unexpectedly removed and i found the problem is caused directly by this card. i purchased a different brand and the problem immediately disappears. out of curiosity i tried mounting this card into a windows pc and on rare occasions the sd card does turn up empty, as if it was removed, so the problem is not limited to android. i would avoid this card completely.']"
336,amazon is willing to pay for shipping too. nokia pureview 808 has a new 8gb micro sd class 4 card that works better than this. amazon will be able to ship the card too.,"['i get randomly error messages with my nokia808, disk error and the card stops working, its so, so sad.. i bought a cheap 8gb micro sd class 4 that works better than this', ""i got this for my brand new nokia lumia 810, but there is some kind of problem, the card is horribly slow, i can't record hd video to it, it studders. i've tried reformatting several times to no avail. i didn't have any of these problems with my old 32gb class 4 sandisk card... there are other people having this problem as well, seems hit or miss. i can't recommend this card at this time for this reason.edit i've contacted sandisk and they are rmaing the card. i'll improve the rating if the new card corrects the problem.edit got the new card, problem still exists...edit i've suffered with this card for a year now, the only problem is that i cannot take video without studders, so i figured maybe software updates would eventually fix the problem. they have not. i have used multiple different camera apps, and the problem still persists."", ""used on nokia pureview 808 for video and photographypro was cheap and fastcons will freeze from time to time or disk error message comes in and i would lose things i've either photographed or filmed using my nokia pureview 808. in order to make the microsd work, i have to restart my phone every time. the error message comes and go.07.17.13 updatei returned and exchanged my card with a new one free of charge by amazon who's willing to pay for shipping too. it turns out, my previous microsd ultra class 10 sandisk was a defective card. the new card i receive works well now and no error message pops up on my nokia pureview 808 smartphone. i can now film and take pictures with it without having to worry. thanks amazon.""]"
337,"isk is a name brand i trust, great size, and really good value. sandisk makes great products, always try to buy their name - for the sony digital recorder he also bought.","['sandisk is a good brand for me and this just worked. cant really ask much more of it than that!', ""i have always had good success with sandisk and this one didn't let me down. i use it in my camone pov and it works well."", ""i use sandisk exclusively for serious pro sumer work including 4 hour concert videos. i've never had a problem in 3 years and wouldn't use anything else."", 'sandisk is the best and i trust them cause the take care of the quality and the packing was great', 'sandisk is consistently the best media out there. it works ever time and is always compatible with all my devices. i have never had an issue with sandisk. quote simply, they just work.', ""i believe in generic. i tried generic. for somethings, you need sandisk. you can trust sandisk, it always works and if it doesn't, they will make it right."", ""any sandisk product i've ever purchased worked very well and this one is no different. i use this in my sony experia z1s from tmobile and i've had no problems. sandisk is a trusted brand, this paired with the great price and amazon prime eligibility, it is a no brainer purchase if you're looking for more data for your device."", 'trusted sandisk for years. no issues, works great. does exactly what is needed. i use sandisk in all my camera and phone gear.', 'have several of these for my video devices and they work great, sandisk is a great product and have never had one fail in over 6 years. great price too.', ""can't go wrong with this item. have purchased none other than sandisk for use with my dash camera."", 'for some unknown reason i could not find this locally. i needed it for a security camera, which i suppose is an odd application for most people, but i found it on amazon and received it quickly. sandisk products have worked very well for me and i now have a record of who comes and goes from my driveway on this micro disc at my disposal when i need that information.', 'there are plenty of these on the market, but sandisk is a brand i trust, great size, and a really good value.', 'i never know what to write on these types of items...sandisk is a name brand, i have never had a problem with any of their products.it works great in my i kam extreme video glasses and the data transfers easily to my desktop pc.', 'sandisk makes great products, i always try to buy their name. this is for the sony digital recorder i also bought.']"
338,"the card does what it's supposed to, so therefore, give it 5 stars! it works, fairly fast, definitely not 30mbs fast when copying off of it via a usb 3.0 adapter.","['i was using a basic memory card in my samsung note 3 and when i took a picture it took forever for the phone to put it in the memory card and get ready for a new picture. once i installed this sandisk the transfer was almost non existent. what a difference. worth the few extra bucks.', 'after buying the sandisk ultra no other card speeds will do. whether watching videos, playing music or transferring files over ftp, this card handles it very well.', 'this card transfers data incredibly quickly!. one can notice the difference between a regular sandisk memory card and this ultra version. great memory and it was at a price i loved! using it for my microsoft surface pro and no problems with it', ""i bought this as supplemental storage on my asus transformer tf201 tablet. the card did not need any special formatting to work and just worked upon first installation. it stays plugged into my tablet non stop and i've been using it for about 3 months for additional storage for music and videos without any problems. i don't have any speed benchmarks, but i haven't noticed any slowness in copying or deleting large amounts of data on this device. it does what it's supposed to, so therefore, i give it 5 stars!"", ""it works, fairly fast, definitely not 30mb s fast when copying off of it via a usb 3.0 adapter, and absolutely much slower when writing to it. but that's true about all of these memory cards, it's just some are worse than others."", 'took out my old card a black one from kingston hc and replaced it with this ultra one. when transferring files you can see the difference in speed. about 60 faster transfer rate than the kingston.', 'transfer speeds are consistent with advertising. the card works, and has worked for months now. great product. now i need a 64gb..... at least i know which company to go with, sandisk.']"
339,formatted it using the built-in option under 34 settings. it has worked flawlessly for over a month. videos played on my tablet from it play fine and its write speed seems okay to me.,"[""i use this primarily to store music and photos on my sd card. the camera writes to the card directly and i notice no difference in speed. i haven't had any formatting issues. first thing i did when i popped this into my phone was format it using the built in option under 34 settings. 34 it has worked flawlessly for over a month."", 'i formatted it when i got it, put it in my device and it has worked fine. videos played on my tablet from it play fine and its write speed seems okay to me.', 'i cannot rate performance because of what i am using it for files on an android . it can keep up with the modest requirements of this device. inserted chip, worked as expected. no formatting, and no issues after a couple months use.']"
340,fast transfer speed and got it for a great price. used in my gopro hero 3 be for many hours of recording - but haven't had an issue with it if you like to see videos on tablets or phones... and this is the fastest.,"[""fast transfer speed and got it for a great price. used in my gopro hero 3 be for many hours of recording and haven't had an issue."", ""fast recording downing speed. you can't go wrong wit this. it also can be used with my smartphone.i would recommend this to a friend."", 'good and fast enough for a car camcorder to write a full hd video. used with hp f200 car camcorder.', ""if you like to see videos on tablets or phones, you'll end up needing this guy. and this is the fastest. very good for recording too.""]"
341,"the card came, he formated it and installed it. it worked right and the phone was reinstalled and it was working a lot better. i bought this card for my lumia 1520 windows phone to supplement the storage capacity.","['i bought this for my lumia 1520 windows phone to supplement the onboard storage capacity. fits fine, works great, fast access, immediately recognized by the device. not much more you can ask of a microsd card.', ""i had purchased this card for my wife's phone. she is in love with it as this helped her store all her ebooks, songs, few of her all time 34 to go to 34 movies and her office docs etc. on that new card. the card came, i formated it and installed it. rebooted the phone and it works... phone was able to see new extpned storage and worked right away. its an awesome card fast read and write. highly recommanded for anyone looking to expend their degital storage.chers!""]"
342,"the speed is read, not write, but you knew that, right? i really like the performance.","['as advertised, specs match. as long as the device you as using it in can handle it i.e. usb 3.0, not some crapple bs it delivers the advertised speed. p.s. the speed is read, not write, but you knew that, right?', 'i really like the performance. since i put it into a usb 3.0 adapter, i get about 27mb s actual measured throughput.', 'go two during a 34 deal of the day 34 . could not test usb3.0 performance since i dont have a usb3 port.']"
343,a samsung galaxy's3' card and my galaxy e4 were no issues. price was right too. the card was usable space.,"['i got to of these cards one in a samsung galaxy s3 no problem so far. one in my asus tablet no problem so far.plenty of space, fast, format without a glitch. i will keep buying this product as needed until better comes on the market.', 'there were no issues with this card and my galaxy s4. 29.71 gb usable space as was expected . price was right too.']"
344,"i've used sandisk memory products for a number of years. it's been rock steady, reliable with larger file transfers several 2gb movies at october, and performed as quickly as he'd hoped for the card due to its uhs 1 compliance.","[""i purchased two of these microsdxc cards when they were on sale around black friday, and have been using them now for just about two months. they work wonderfully and i have had absolutely no problems with either. these sandisk memory cards are 64 gb microsdxc class 10, uhs 1 cards, which are rated for transfer speeds up to 30mb sec.the uhs class 1 designation is intended as an performance measure that indicates the card is capable of supporting real time full hd video recording. of course, this only works if you are using a device which is capable of writing to the card at those speeds, but most modern devices that offer full hd recording, such as camcorders, digital slr cameras, and cell phones with built in full hd recording do support this standard. the benefit of using a uhs 1 card on a uhs certified device is that you should not encounter the problem of buffering or your device stopping recording because it could not write fast enough.however, because these are extra high capacity, sdxc cards, you will need to make sure that your device can support microsdxc cards, and not simply microsd or microsdhc ones. the biggest difference is that the microsdxc standard uses the exfat file system, rather than the fat32 or ntfs systems. while most modern android devices and in fact most linux unix devices can handle that without difficulty some devices, such as older cameras, android devices, and some windows devices, may have difficulty with the format.having said that, i've been using these in nikon d80 d7000 digital slr cameras, as well as samsung galaxy s3 and galaxy s relay 4g phones without any difficulty, and they read write fine on my computers. all in all these were a great buy and i'm very happy with them."", ""i bought this card because i have several devices that use microsd cards, but not all of them are compatible with the newer and higher capacity sdxc standard. for sdhc memory cards, 32gb is the largest size available under that technology standard, so i went with this one from sandisk. that way i didn't have to worry about compatibility issues with any of my devices. i've used sandisk memory products for a number of years along with many other brands, and i've always had good results from them. i'm happy to say that my experience with this card echoes that of 5,000 other amazon users it's been rock steady, reliable with larger file transfers several 2gb movies at a time , and performed as quickly as i'd hoped for a class 10 card in regards to its read write times.aside from the existing reviews and my previous experiences with sandisk products, i also picked up this particular card due to its uhs 1 compliance. i don't currently have any uhs 1 devices that can take advantage of the increased speed, but for the negligible cost difference, it just made sense. standards and technology update so fast these days any future proofing a product can provide to extend its usable life is always appreciated."", ""i purchased this ultra microsdhc class 10 card for my media player. i wanted to replace my 4gb cardwith this one so i could store more music. i like to have a wide range of music to pick from when i amon vacation or traveling on an airplane long distances. i think i may have bought too much.this card is advertised as water proof, temperature proof, x ray proof and shock proof. i will have totake their word for it. i am not going to test it.just for fun i put the 16gb microsdhc disc 30mb s read speed into its provided adapter and used itin my cheapo cheapo toshiba camileo hd movie camera. even at the full high definition resolution of1080p 30fps this disc performed very well. no stuttering, no missed frames and all this under low lightconditions. nice. very nice. those are big files at full hd resolution. read on...this card is 'ush 1' enabled which means it is the fastest card available allegedly and should reachup to a bus interface speed of 104 mb s if the electronic device you are using requires it. of courseif your card reader or device does not support that speed you will be transferring data at your usualspeed. sort of like saying it is backward compatible but don't expect blazing speeds. you can feeddata through only so fast.transferring raw photos and a full hd digital film can take a lot of time to transfer. those are hugefiles to transfer so the ush i enabled disc is perfect for that purpose. they are working on ush iiwhich is supposed to allow up to 300mb s transfers. talk about instant gratification, we are aboutthere. here is a guide by the 'sd association' with regard to class ratings and video applications class 2 for sd video recording class 4 and 6 for high definition video hd to full hd video recording, class 10 for full hd video recording and consecutive recording of hd stills uhs speed grade 1 for real time broadcasts and large hd video files uhs speed grade 3 for 4k video files ush i overkill for a media player? probably, but for the price it was a terrific deal to get a class 10ush 1 enabled card and have the flexibility to use it in a variety of my electronic devices. hmm. onsecond thought i may just keep this card for the movie camera and get another slower one for mymedia player.as usual i have had no problems with this card. works well, in or out of the adapter, and seems verytough in it's construction. 5 stars for this little power house of a micro card."", ""i have 2 of these scandisk ultra 32gb class 10 microsdhc cards. one for my acer iconia a100 android tablet and one for my linux laptop to move files around. i've formatted both differently to make them fit best for their hosting operating system and both are working great. no issues and great performance.i can stream 1080p movies from these cards without hiccups.i also used one of these cards in my 1080p camera and had no issue whatsoever keeping up with writing speed.great card.""]"
345,"class 10 is the best i could find, fast and furious. came with sd card adapter which was a nice bonus. no problems with card, running strong.","['all i can say is, these are probably the best i could find, fast and furious!if you dont get class 10, you are taking the risk of dropped frames on your hd videos.besides they are pretty too!', ""picked this up for my sport action camera and it's just what i needed. class 10 and the speeds match up with the rating. came with a sd card adapter which was a nice bonus. been using it for almost 2 months now with formatting after each filming. no lag on any of the video, no problems with card, running strong."", 'inexpensive, fast and made my videos a bit less choppy during recording hd. a good buy now, and seems to be a better value for the class 10 cards...', 'got this micro data card for a digital camera that shoots in hd. it came with a class 4 card but the video clips were blocky. i had a class 6 and tested it in the camera with some improvement and at the advice of youtuber techmoan this guy does the best tech reviews on the web i ordered this class 10 card. it solved the blocky issue and is a great value for the money.', ""for this capacity and price you can't go wrong. i'm not sure what class this is but they recommend higher class for video. i would recommend this product. good luck""]"
346,the card's formatting became corrupted and my phone didn't recognize it. it was ruined within a month - and the phone won'' the issue was resolved if your card dies – either exchange through amazon or contact sandisk for replacement!,"[""i've had this card for some time now and i've only had one problem with it and i believe that problem to be with my phone. the card's formatting became corrupted and while i could still copy to and from using my computer, my phone didn't recognize the card. copying the data off, formatting the card, and copying the data back onto it fixed the issue. it's really nice to have 64gb's of extra data storage on my phone."", ""worked for awhile and then android would blow chunks unexpectedly removed . windows sometimes could not read them and just blew up explorer. formated fat32 .... ect ect ect over and over. i'm done with sandisk. i think the problem is the class 10 part of these cards. all other cards i have work fine and they are less than class 10. maybe this was a bad batch because my replacement card a few days later from amazon did the same thing again.edit decided to pick up the card that was laying on my counter for the last 3 months and give things another try. still does not work in htc evo lte or evo 3d. finally got it working in galaxy s3. still very frustrating."", ""gave it 4 stars because i don't know if the problem is the card or the phone. i have an intermittant problem where the phone stops recognizing it. but it's fast, and holds a lot. i would recommend it.update had intermittant issues with my phone galaxy s3 . finally gave up the ghost completely, computer won't recognize it at all. i don't think i had any important data on it. i would take it up with sandisk, as another reviewer indicated that they replaced his over issues in his phone, but my computer can't even recognize it to wipe it so i'm not sending it anywhere."", ""used it in a samsung galaxy s3 and it was ruined within a month. second one i went through on that phone. contacted verizon, samsung, sandisk, google, and read a lot of forums. turns out a lot of people were having the issue with that phone and these cards.of course the girlfriend threw away the card so i couldn't return it, so i don't know if the issue was fixed or if was a bad batch of cards that went out or what. it's been a few months and i haven't seen the problem as much as before, so i can only assume it was a bad batch.i've had another card in my phone for a while and haven't had any issues, so for now i can't recommend this specific card unless their issue has been addressed."", 'there is a known issue with a batch of these cards where they can completely die. this is known defect affecting a lot of galaxy s3 and note users , so if your card dies, either exchange through amazon or contact sandisk for a replacement. newer cards are supposedly fixed, but you might want to back up your data just in case. mine were purchased in november 2012 and both have now failed in separate phones, unreadable by pcs or phones.', ""worked fine for a month and then after about a month, the phone didn't see the card any more. tried to read it on several pc's and none of them detected the card. unfortunately it hadn't been backed up so all pictures and videos take on the phone are now gone."", ""i bought this for my samsung galaxy s4. i don't know if it is my phone or the card but my phone says it was unexpectedly removed from time to time. my wife's phone doesn't do it as often but still does it. very fast but unreliable. i have had many sandisk before and this is the only one i have had problems with. i have read that there were some that were poorly made. thinking i will send it back and give it another chance."", 'got this for galaxy note 2. started receiving unexpectedly removed messages. now card is dead and no longer working. this can be googled for known issues. will be contacting amazon for replacement. felt compelled to share.']"
347,"sandisk has never been a disappointment in the 30+ years i've been in it computer work. needed this for my new phone. it works perfectly in my phone, great price and it was delivered on time and in good shape.","[""needed for my cell phone works perfectly. sandisk has never been a disappointment in the 30 plus years i've been in it computer work."", ""works perfectly in my new phone. great price and it was delivered on time and in good shape. i've never had any trouble with sandisk, so i'd recommend it to anyone."", ""i needed this for my new phone. it works great!sandisk is a good brand so i didn't hesitate to purchase it."", 'not a great deal to say about this. sandisk is a reputable supplier and it was simply a plug and play installation for the phone. it is a memory card and it works.', ""i ordered this to use with my new samsung galaxy sii phone. i've used sandisk in the past and have always had great luck with their products. i would definitely recommend this product.""]"
348,"sandisk ultra 64gb microsdxc card mounted in a dell venue 8 pro tablet. the card was instantly recognized by the tablet, and there is no apparent delay with read write operations. it comes with an adapter that allows the cards to be used as an'regular'","[""the read and write speeds are better than the samsung sd card that i had previously. i would not hesitate to buy another one of these great micro sd cards from sandisk. i also own their clip plus mp3 player and it works very well. i think i'm becoming a fan of the sandisk products."", ""i mounted the sandisk ultra 64gb microsdxc card in a dell venue 8 pro tablet as a data drive. the card was instantly recognized by the tablet, and there is no apparent delay with read write operations.the card i ordered the 'easy open' package came with an sd adapter that allows the card to be used as a 'regular size' sd card.recommended."", 'this seems to be a great microsdxc, as i would expect from sandisk. i have not tested read write speed so i cannot comment on that. i have it installed in my lenovo thinkpad 8 to provide extra storage, and it is doing what it is supposed to do. guess there is not much more you can say about an sd card. i would expect it to work just as well in any device that is sdxc compatible.']"
349,amazon!as has already reported that the card formats out to 59 gb. it performs perfectly in my samsung galaxy iiis which is also new. a full backup of the phone to the cards was significantly faster than the backup with the old class 6 card.,"[""i bought this sd card for my android phone thinking that a class 10 will be faster and more reliable than others. it turns out, the difference in class doesn't really matter at least for android phones. didn't really worth the price difference"", ""i'm amazed. i ordered this from amazon on tuesday morning, and it arrived with wednesday's mail. very impressive service from amazon!as has already been reported, the card formats out to 59 gb, and it performs perfectly in my samsung galaxy s iii which is also new . using two card readers on a fast pc, i transferred everything from my old 16gb card to the new 64 gb card in less time than it took to walk to the kitchen and get a cup of coffee. so i think the class 10 rating is correct on the card.once i have some experience with the card in the phone, i'll benchmark the card and i'll also benchmark operations such as internally backing up my android phone to the card. then i'll update this review with some accurate numerical data. but in the mean time on first look, the person who said that the s 3 has problems with anything faster than class 6 may not have been correct a full backup of the phone to the card was significantly faster than the backup with the old 16gb class 6 card. again no benchmarks yet but once i have them i'll include them here.right now i'm very happy with this card and i'm really impressed both with the card and with the unbelievably quick service from amazon and i'm in atlanta where shipments like this one often take the full 3 days to arrive ."", ""this item was priced right and fit right into my cell phone without any issues. does what it is suppose to do and i don't know what else i could say. being a class 10 it is suppose to be plenty fast for cell phone use which i am sure speeds up camera use to some degree. has worked well and the shipping was fast."", ""this product arrived in two days prime , it was exactly what i ordered and it works great in my galaxy s3. i know a class 10 is not exactly needed in a cell phone but it cannot hurt, right? i'm very happy with this purchase."", 'i bought a class 10 samsung and returned it after i found out the speed was actually lower than that class. after buying and using many different brands, i have found that this company makes the fastest, highest quality, memory cards. other companies advertise their cards as being certain classes but they are not up to par. i think 19.99 is a steal best buy sells this product for 39.99. as of 7 11 12 the card i recieved must have been a dud. it is broken and my phones are not able to read it. when i try to use it in the computer it says the card is damaged. i will be returning to amazon.', 'this product is great my phone doesnt lock up anymore. i was wondering what a class 10 was and i found out that it means it runs faster than the normal black micro sd card most are a class 1 or 2 that your smart phone comes with..this card makes a difference in how fast i can get on the internet to...', ""i had purchased a cheaper cellphone, and the great price on this item made it the perfect accessory alternative to buying a much more expensive phone.class 10 speed means that i don't have to worry about any lag in accessing my files. i have had no issues what so ever with having to format the card. it worked perfectly with my phone samsung axiom right out of the box."", '...then class 6 cards on samsung galaxy note. with class 6 cards i had some minor speed issues, but with this one they are gone.', ""i have been using the same old 4gb card since i had a motorola slvr. i figured it was time to upgrade, i'm glad i did. the speed of the class 10 is a major difference in my smartphone. from taking pictures faster with less lag in between shots to shuffling through my music without a delay. highly recommend to anyone looking to upgrade. with that being said, beware of fakes! i originally purchased one off of ebay, not paying attention to its location. it came shipped directly from china. it was doa! luckily i managed to get refunded through paypal. didn't have that issue through amazon though!"", ""puchased this card right after i received my samsung galaxy s iii. truly found this to be quicker than any other class 10 card i've owned. the cost on amazon was far less than i've seen anywhere else. if you're looking for this type of product, then this is the one for you...imho of course."", ""i don't get the class 10 stuff but the higher the number the better from what i have reseached. i have it for my smart phone and works fine."", 'this is a class 10 adapter, and it lives up to its billing! i currently use it in my android phone.', ""even the website ... had this card in the picture of what i'd be ordering. when i got a plain black sandisk card i was a bit concernes, and peeved sonsidering i bought the big one. turns out android hate class 10 cards and much more prefers class 4 cards because of the way the os accesses lots of files at once, and class 4 timing is just better for their computations. only the 1 star off because of my own expectations.otherwise this is gonna make a great camera card, hopefully the pics take faster it's certainly a size upgrade atleast! ."", 'bought this for my new galaxy s4 and it works great. class 10 is the way to go especially when slower cards are not much cheaper.', ""this card showed up and was formatted and recognized by my android phone with no issues at all. after doing a speed read write test on the card, the speeds obtained were well within what a class 10 should realistically accomplish. great card, great price, and wasn't shipped a junk card in disguise. highly recommended.""]"
350,amazon's ability to find deals like this was worth while getting the 64gb micro sdxc for my phantom 2 vision. you can always count on a quality dhc if you are using it for video recordings - and you will be able to use it as your video recording tool.,"['with prices of tech items always dropping, getting the bleeding edge stuff usually costs a bit more. thanks to amazon and the ability to find deals like this, it was worth while getting the 64gb micro sdxc for my phone. i removed the 32gb i had in there for my phantom 2 vision that had shipped with only a 4 gb unit. class 10 is where you want to be when using this for any video recording and you can always count on sandisk for quality!', 'nothing beats class 10 sdhc, i would highly recommendfor anyone that requires memory, especially for this low price. there is nothing better.']"
351,the only reason i gave this 4 stars is because the prices should be a lot lower by now. inventory is plentiful and these are not cutting edge tech any more.,"['appears to be class 10, holds about as much as it says it does, came with an sd card adapter and they even gave me the option to forgo those ridiculous plastic packages that you all know and hate. the ones that the scissors refuse to cut and you just end up hurting yourself a few times before getting it open. completely as advertised.', ""pay attention to your application and what class your card is! class 4 or unclassed may be cheaper but it may not give you the performance you want. don't be pennywise and poundfoolish... this was purchased to go into one of the newer mk808 version tv streamer dongles and those take class 10. for the price this was a good value.i have been using sandisk xd and sd regular and micro for 8 years now and always found them to be a consistent and high grade storage card. i can recommend this brand."", '32 gig microsd card that costs less than a dollar per gig and is class 10! and even more importantly, it tests at class 10 and operates at class 10, which is saying a lot compared to a lot of other 34 class 10 34 cards.', 'class 10 sd cards are certified for certain high demanding applications like cameras. we use a pair of these in our htc one cell phones, and have had fantastic luck with them.', 'i researched online and found that this is a true class 10 micro sd card. manufacturers can use different calculations to be able to list a 34 class 10 34 rating that is, in truth, a lie. this is the real deal.', 'there are a number of microsd manufacturers out there that offer large capacity cards like this. they claim to be class 10 but when tested, prove to be closer to class 6 cards in performance. this sandisk card performs at the class 10 level.i use these cards in various devices that need class 10 speeds, such as my android phone because of the data transfers i do for work and for the games i keep on it.if your device does not need class 10 you are just using it for simple storage of basic files like docs or ebooks then you could probably save some money by going with class 6. if the prices are very close, then you might as well spend the extra money and get class 10.this card came with a nice plastic storage case and a sd adapter. the only reason i gave this 4 stars is because i feel the prices should be a lot lower by now. inventory is plentiful and these are not cutting edge tech any more.']"
352,thia card being so big will slow down your phone a little bit but works fine for me the card works great. re formatted in the phone and copied all data to it and installed. works fast and works well.,"['works just fine. thia card being so big will slow down your phone a little bit but works fine for me', 'the card works great. re formatted in the phone and copied all data to it and re installed. works fast and works well.', 'this micro card has been seamless and simple to use. the phone has not had any problems with this card.', ""but since i can't say with any certainty whether it was the phone or the card, i'll just say it's a middle of the road product. when it did work though, man it was blazing fast read speed.""]"
353,"the little card works just fine, and the price is reasonalble. when she's out and about he'll be able to put all of my mp3s on her phone easily if she wants it to be stored on his phone - but the card doesn't work.","[""i bought this to store all my music on my phone, but it doesn't work. the phone has trouble reading from the card, and i keep having to reformat it. buy one from sony or some other company instead, especially if you have a gs3"", 'how cool it is to be able to put all of my music on my phone! the little card works just fine and the price is reasonalble', ""i switched off unlimited data for verizon so i wanted to get something that'll store all my mp3s on my phone easily so when i'm out and about i don't use my data to stream it.this card was great, i put it in my phone, went to phone settings to format microsd and connected it to my pc and loaded all my songs to the sd card with plenty of room left over."", ""i tried to read some articles and reviews on cards, when wanting to store music on my phone for the amazon mp3 app. i found it to be a bit confusing and in the end took a chance and just ordered this one. i couldn't be happier with it. i found an app that automatically moves my amazon mp3 downloads to the card and i'm able to store a ton of music on the phone, saving me from having to stream it and jeopardize my 2gb verizon limit. this was a painless install that i should have done a lot sooner.""]"
354,the microsd card seems to work fine with my galaxy's 4 and pc tv ports. it seems about right for the card to be able to reformat it.,"[""have not experienced any wirting speed problem with my android sticks or pc. so i suppose it lives up to the 10x claimed. tried with both sdhc sdxc readers on both abdroid tv's and pc's usb ports, and all worked as smmoth as silk."", ""i don't know about the read or write speeds, but the micro sd card seems to work fine with my galaxy s4 and i didn't have to reformat it."", 'i use this for many technological devices and it works like a charm.i actually do get class 10 speed about 99.8 of the times literally..................the other .2 is probably related to read write speed.........and let me remind you as i said earlier.many platforms from tablets,samsung galaxy s3,s4,cameras,pc,ect..............works like a charm good job sandisk!!!!!!!!!you did not let me down..........', 'i tried this both on android tablets and the ms surface.pros true class 10 read and write speeds works with android phones tablet and the new surface tabletcons none so far.', ""not much to say about this. works well with a samsung galaxy s2. haven't tested the read write speeds, but it seems about right for a class 10 card.""]"
355,"class 10 uhs memory card is a lot faster than any other card i have purchased. the card runs smooth, and is as it says, class 10. it also comes at very good price - solid performance and great transfer speeds enough said said. it is the best you can get. not four or ten.","[""excellent, one of the best, can't go wrong with this card, class 10 is necessary and shows noticeable but not significant improvements over class 4"", ""can't go wrong with this class 10 card cheap and works great may have to buy another one as a spare."", 'good value for the money. this is a class ten rated card which has a fast speed and from a good manufacturer.', ""this memory card is exactly as advertised. being class 10 it is nice and fast. this card has been in heavy use in my gpsr since i bought it, and i've had no issues with it."", 'the memory card runs smooth, and is as it says, class 10. the card also comes at a very good price.', 'solid performance and great transfer speeds enough said. i strongly recommend this card just for being a class 10 and at a bargain price.', ""this is the third card i've ordered and i will buy a fourth when needed. the frustration free packaging is amazing! it's an envelope that has a pull tab. can't get any simpler than that! the card itself is a class 10 and i have not had any issues with any of the ones i've bought. this one went to my brother to upgrade the storage on his phone."", ""great name brand class 10 card. great price, best on the net at the time i bought this one. it works perfectly and is fast. can't go wrong. spend the extra couple of bucks for the real deal. don't be fooled by a knock off, slow speed, import."", ""well, this card is pretty cool. i received one that says c10 instead of u1 like this picture . for what i use it, u1 won't work, so the one i received is c10. i needed mine for a ion air pro camera, and the advertisements that 34 supposedly 34 say class10 on the page description, but it says u1 on the card won't work for the camera.i don't know why they don't call it ultra 1 instead of falsely advertising it as a c10 when it really is a u1. i was lucky to receive a c10, so it worked out, but it makes it more confusing for the other laymen."", 'great price and holds tons of stuff. the class 10 is way faster then any other card i have purchased', 'this card is a lot faster than my old card which was advertised as a class 10 as well. great to have the extra space too.', 'i love the class 10 uhs memory card thank you onedog', 'there are lots of cards out there. what me choose this one, was the name brand and that it is a class 10, the best you can get. not a four , a ten.', ""you can't go wrong on this card. for my roku 2 xs, this is the perfect size. probably over kill actually. but i won't do anything under class 10 and i try to avoid anything under 16 gigs in case i need this card for something else. price was great too, under 15 with free shipping."", 'this card has lots of room for everything. a class 10 card for about 20, you can not go wrong.']"
356,class 10 is the way to go if you're uploading or copying files to your computer. a class 4 or 6 will yield the same results.,"[""fast, reliable, good brand name and customer service, top of line product. one thing to note is if you don't have a high end device then you don't need a class 10, a class 4 or 6 will yield you the same results. so keep that in mind."", 'pro small, fast, and priced ok. this is basically a class 10 card file access is noticeably faster than a class 4 i was using before.con not really noticed anything.', ""excellent item for the price. class 10 is the way to go if you're uploading or copying files to your computer. i have a 32gb as well and they both work well. no issues.""]"
357,"i have used this card for months on my galaxy s2 with no issues. the card is plenty fast to transfer content to this one. works great, good transfer speed, capacity is as claimed.only con he can think of is that it's too small and this is the second one ich'm buying because it is too large","[""i would recommend this card to everyone.data transfer speeds excellent with this card on my galaxy s2. didn't need to format the card or anything. i am 100 satisfied."", 'i have used this for months on my galaxy s4 with no issues and it is plenty fast to transfer content to this card.', ""works great, good transfer speed, capacity is as claimed.only con i can think of is that it's too small and this is the second one i'm buying because i lost my first one while playing with my phone in bed and could not find it ever again. it's probably stuck in some sheets or the bed frame, i tried but can't seem to locate it anymore. i had just discovered and saved the cure to cancer on that card and i cannot remember what it was now. sorry."", ""as per other's instructions, i inserted it in a powered off phone and let the phone format it automatic, after a yes no dialog . i removed it from the phone and copied my old card onto it through a card reader on the pc plus about 20 movies and everything is working perfectly. speeds seem outstanding certainly, copying a 3gb hd movie i copied from my blu ray disc took only a few minutes, even over usb 2.0."", ""i've had the card for a month now, and it has given me no issues. the transfer speed is quite good moving data from my old class 4 device to this new one was arduous only due to the slower, older device. any new material that i have to transfer to the phone zips along very fast.now i have just that much more room for movies and music, which is exactly what i needed!""]"
358,my phone camera is now always in burst mode because it copies the file so quickly. make sure you research before you buy this card for your phones if you want to buy it for a phone. the best there is under this category.,"[""i can't believe how much info you can fit on this little card. the transfer speeds are unbelievable. my phone camera is now always in burst mode because it copies the file so quickly."", 'the best there is under this category. make sure you research before you buy this card for your phones. lots of android phones still dont make use of the uhs 1 technology for transfer rate. you will still get good transfer rate but not the best.', ""decent transfer speeds out of phone..in phone sees around 10 12mb s down to 5. this card is nothing to write home about however, as it only lasted me 7 months. now it will not read in my phone or laptop or friend's phone. so now i lost all my files....i recommend you store your vital files in the phone.""]"
359,"the card failed. it can still be read, but the writing capability is gone. if it happens, it would not read again. up with a lemon.","[""i bought this on august of 2013. as of april 2014 the card stopped functioning. it can still be read, but the writing capability is gone. that's less than one year. i'm extremely disappointed in the longevity of this card. my usage of it has been on my galaxy s4. i have about 40gb of data in it. guess i'm going to have to look for another card that has a longer lifespan than this one."", ""after 3 months would not read at all. used all sorts of card readers and computers and internals went completely dead. strange for a product from this company but i guess it happens. may not happen to you but since it's a high capacity would that mean it's more susceptible to becoming corrupted? would not buy again. maybe a 16gb"", ""a month and a half after purchase... my device powered off while the card was in use batteries ran out . since then, doesn't work. the device doesn't recognize it. doesn't respond to recovery, reformatting, partitioning... nothing. i've used easeus, zar, hp usb disk format, and a couple others. no dice. nothing can read it or fix it."", 'most of my reviews are positive. this product failed could not read on my device a galaxy s3 nor on my computer with 2 different readers in less than 30 days. the customer support is also unhelpful, as they would only replace the card after many questions, they would not provide a refund i did not want a replacement of a card that failed so quickly .i would suggest buying a different card, it is not worth the hassle and lost data to save a couple of dollars with buying this one.', '06.nov.2012 bought the card.12.jan.2014 card failed.it cannot be formatted or used in any way.it lasted 14 months and most of that time i was not even using it.', ""i got this product exactly 1 month and 3 days ago. prior to today, it was working fine. out of nowhere, my micro sd card can't be read anymore. i've tried several phones, and 3 different laptops both osx and windows 7 , and it doesn't even show up anymore. be weary of the product. you may end up with a lemon.""]"
360,"sandisk doesn't include any extras i.e. a plastic protective case, or bundle it with. the dr card reader has given my surface some wiggle room.","[""works as specified, received in good condition from amazon, using since a few months, in a smartphone, it doesn't get better than this if you're using sandisk in terms of speed and space. you can expect speeds upto 28 mb sec for write, about 30mb sec for read, with the provided adapter, speeds ar always better for both read write, using smartphone to read write, speeds would be lesser mostly, but average should be 20mb sec anyways as per what i've seen and i'm a heavy user, like if there is a 256gb microsdxc available, i would actually buy it, tried the extreme version with 80mb sec, costs 2 times of this one, but works similar to this, so dont waste money on name that doesnt deliver, buy this if you're buying to sandisk"", ""the sandisk ultra 64 gb is just a storage device, so i don't find that there will be many features to get excited about. that being said, it is advertised as having 30mb s transfer speed, but this is misleading. it can read up to 30 mb s, however, and the packaging says this too it writes at a slower rate. i used this for my phone too much music and had the stock 8 gb microsd that came with my phone. i had about 6.5 gb of data that i wanted to transfer back to my new microsd card, and this took about 30 minutes. if this were a strict transfer from my internal hard drive to an external it would be faster, but this is not such a connection. it lost a star because the transfer took so long, but in reality, i don't expect to be transferring 6 gbs of data anytime soon so this problem will be minimal for me. other than that it works great, and i have not had any issues with the formatting or reading."", ""it may be that the internal sd slot of the 2012 mac book air is not too fast perhaps? i am very disappointed that i can only achieve 4 9 mb s of write read speed. makes me remember speeds of 5 years ago. again, this may be the computer's fault, but i am not too happy..."", ""bought it while it was one sale for 35.... i love itit has given my surface some wiggle room.don't expect the read and write speed to be super fast. most likely you computer doesn't support the current protocol to transfer at the max speed.overall quality you expect from sandisk though i think the price of this can come down bit more, now that the market is slowly moving away from microsd expansion aside from samsung"", ""4 stars for the excellent price and performance. seems to be as advertised. average copying speeds are around 18 20mb s.only gripe is that sandisk doesn't include any extras i.e. a plastic protective case, or bundle it with a sd card reader. however, can understand why at this price point.""]"
361,"class 10 speeds are the only way to fly and with 29.71gb of usable space. files will initially transfer at 200mb s before settling down to 19, you do need a reader with proper support, and manually format the card. the file structure only allows 29,7g free to put data on.","['class 10 speeds are the only way to fly and with 29.71gb of usable space i think i should be good for a while.', ""it isn't as fast as the class10 i used before, and the file structure only allows 29.7g free to put data on. i can see some loss, but i'm very displeased with losing over 2g of space! that's a big waste percentage."", ""while the class 10 speed is excellent it's amazing when files will initially transfer at 200mb s before settling down to 19 , you do need to use a reader with proper sdxc support, and manually format the card in a good partitioning program, like minitools or easeus. that alone should disqualify it from 5 stars, for lack of user friendliness. but if it weren't for that, the fast, roomy card is a wonder to own.""]"
362,arrived quickly and in perfect condition. it works well with my camera using its standard size adapter and then is readable by my note 8.,"['arrived quickly and in perfect condition. it works well with my camera using its standard size adapter and then is readable by my note 8. seems quick enough for my canon g12. i would recommend this.', 'fast transfer rates and great storage at a great price! i love these little micro sd cards and use them in several different devices.']"
363,microsd card is attached to a key chain usb adapter. it works well for her computer and is quick - it is good to hold files from her computers if you want to transfer files to other computers. the price isn't bad for this task and the prices are not bad.,"['i use these as backup for my images when i am out on a photo shoot. as of to date, they have been very effective in reducing weight and storage space in my pack.', 'used primarily as a portable hard drive content back up and file transfers . working well for this application.i have this attached to a small key chain usb adapter and really like the compact nature of the microsd card', 'i can use it to store my data it is good for my computer also , it is fast it is a great way to store data never lost', ""i use it to hold files from my computer and transfer files from other computers it works good for this task and is quick. i would recommend this plus the price isn't bad.""]"
364,used this card in my galaxy s3 and have had no problems. seems to work fine in the new android 4.1.1 os how big of a card can this phone handle 62 anyone know?,"['used this card in my galaxy s3 and have had no problems. tons o room for what ever you want and more.', 'seems to work fine in my samsung . galaxy iii with the new android 4.1.1 os how big of a card can this phone handle 62 anyone know?']"
365,sandisk is a great adapter for psh! but my transformer likes it and treats it like. it fits snugly into the latching system - but it's not an issue with the media.,"['quick little puppy, sandisk makes nice quality stuff with one exception.the adapter that came with it to let it work in the bigger slot failed horribly after 4 days.adapters, psh!but my transformer likes it, treats it like a child and it fits very snugly into the latching system a recent store bought one wiggles?!?', 'as with most things sandisk it functions well and so far no issues. comes with the adapter which is a big plus.', ""short and sweet i've never had an issue with sandisk media and this one has been solid as well. i have sandisk media in all of my countless electronic gadgets."", 'not much to say about the excellence of sandisk products. fits well, adapter very easy to use. i never been disappointed in sandisk.']"
366,"amazon branded microsd card 16gb is about as fast and so far, way more reliable than sandisk. the secret is to not format it in the computer, format the cards in an analytic format.","[""i purchased sandisk because i thought it was the most reliable name brand out there. i have a galaxy s3 and purchased this 32gb card to handle all my photo's and movies. i'd say over the last 4 months i haven't been using the storage for more than just photo's and the occasional movie. the device just failed on me yesterday, losing all my photo's and files. thank goodness for dropbox auto photo upload otherwise i would of permanently lost my photos.i actually went back to the amazon branded microsd card 16gb which is about as fast and so far, way more reliable than sandisk. i can't beleive a sandisk card failed, i'm probably going to rma the unit and hope they send me a better unit. you can guarantee that i'm going to burn in the card to make sure there's no errors.i gave it one star because you think you pay a premium for a premium product. you expect it to be as near flawless as possible."", ""after having my first ever failure of a sd card, a 32gb sandisk micro sd card that went from apparently fine to totally corrupted in a matter of minutes, and before i could salvage anything on it. with the refund from amazon of the 32 gb card i purchased this 64gb ultra card as the replacement for my phone.after having problems getting the full 64 gb seen as an individual 64 gb and not a partitioned into two 32 gb files on the card, and the secret is to not format the card in a computer, format the card in the phone, then via usb or wifi you can add back all the content,it is seemingly working great, seems fast with no undo lag when taking burst mode photos and i just hope it will continue to do so. i am much more contentious about backing up though, with android, amazon and google pretty much all your content can be saved online and reinstalled but it takes time and is a big hassle so just backing up to a computer works great for the next 'just in case' time.""]"
367,the write bandwidth of this card is 15mb sec when transferring a steady stream dozens of gigabytes. the included full sized sdcard adapter appears to be slightly faster than my usb adapters - he plugged it in to copy about 9gb of program installation files onto the card.,"['i found the write bandwidth of this card is 15mb sec when transferring a steady stream dozens of gigabytes. the included full sized sdcard adapter appears to be slightly faster than my usb adapter. i tested by piping dev urandom through pv onto the card. read bandwidth appears to be 18.1 mb sec.', 'this is called 34 class 10 34 , so i ordered it, figuring it would have useable speed. i plugged it in to copy about 9gb of program installation files. i was totally dumbfounded that it took about 3 hours to copy those files onto this 34 ultra 34 34 class 10 34 sdxc card. 9gb on my super slow, super cheap plastic school kid usb thumb drive takes less than 10 minutes. so then i tested it on various known computers with typical raw and jpg picture files. read speeds ranged from 15 25mb s, while write speeds ranged from 4 8mb sec for big files, and below 1mb sec for small files. this is what i would call largely unusable. very disappointing.', 'in real life use copying compressed files to and from the card it clocks in at barely over half the advertised speeds about 16mb s read and about 7.5mb s write, as averaged between testing on several sd slots some usb connected, some pcie connected on several computers, plus a just released smartphone. very unimpressed by the 34 up to 34 marketing of sd card vendors and makers.the actual raw size is also about 59.5gb, which i find fascinating for a flash device, which is only ever manufactured with powers of two components. 1kb 1,024b', ""as soon as i got the card, i popped it into my phone and starting piling my music onto it, but then i noticed... 900 kb s transfer speed?! i thought i got a class 10! turns out, the device the card is mounted in has a factor on write speed. i plugged the card into the included sd card adapter and used a different reader and it was capping at 6 mb s, so i'm pretty happy.one thing though you don't get 32gb of usable space with this card, or any other card for that matter! you get around 29gb with this card in particular. it's normal, don't worry."", 'there is a speed penalty if exfat is used as oppose to ntfs.using atto and formatted as exfat read speed 45mbswrite speed 15mbsusing atto and formatted as ntfs read speed 45mbswrite speed 17mbswith exfat, the write speed actually fluctuates as the transfer size increases. but using ntfs, the speed are consistent.tested on lenovo t530 using built in sd card reader.', ""i bought three of these and all three worked upon initial installation with no formatting. using my notebook computer's built in sd card reader, i saw transfer speeds between 6 mb writing and 14 mb reading. this was doing a simple copy past of all files on my old card that i had saved to my computer. these speeds are much slower than the stated maximum by the card manufacturer, but would be expected with over 12,000 small files like my example. the read write times were close to 50 faster than those of my old 8 gb class 10 sandisk micro sd card, so there is definitely a performance gain with this updated card.all things considered, 16 gb of storage on a class 10 card from the leading manufacturer, and at 15 is a steal. i highly recommend this card."", 'i have tried to copy out the files and it is an astonishingly 40mb s not sure why others are getting such low speed read but it think it is the computer. mine is running core i7, ssd and 16gb ram. probably it is why so. nevertheless, will see how durable is this microsd card.']"
368,"i bought 2 128gb micro sd cards, one for my nokia lumia 1520, and another on my surface pro 2, both devices took the card without any issues. a lot of the good cards are still in the 140 range still, but no issues with either card unmounting itself, put them in, transfer files","[""i purchased 2 128gb sd cards, one for my nokia lumia 1520, and another for my surface pro 2, both devices took the card without any issues.as for read write speeds, i am sure there are better options, but this is the only 128gb micro sd card available right now, and sandisk did an amazing job with the product.and currently at 119.99 for how long, i am not sure , it's a great deal, considering a lot of the good sd cards are in the 140 range still.no issues with either card unmounting itself, put them in, transfer files, and you're good."", 'it is all you can expected for a 32gb sd card. i never tested the read write speed but it never had a problem for music and videos.', ""even though it says my review is for the 32gb version it's for the 64gb. not sure why it says 32gb above.i received this card to use in my 2013 macbook air for extra storage. i liked that the speeds were up to 30 mb s. i figured there would be a little bit of a fudge factor but not this much.while i can consistently get almost 45 mb s read speeds, the write speeds were only around 10.5 mb s.i guess you could average these together but i don't think that's really the point. i didn't see a review that dealt with this specifically so hopefully this will help someone else out in the future.update only now did i go back and read the tiny print that write speeds may be slower . well, that is obvious now but i think 1 4 of the speed is a lot slower.""]"
369,"the card was fast enough for hd video recording with my sony actioncam as 15. it is very durable and can be used in a number of devices, including mobile phones.","['the card was fast enough for hd video recording with my sony actioncam as 15 and it is very durable. great stuff', 'i have used this in a number of devices, including mobile phones. when recording hd video straight to the card, i have not encountered the skips, lags or stutters that i have sometimes seen with other cards. so it certainly must be fast enough for this purpose.']"
370,the write speeds are fast enough that you can record 1080p video directly to the card. this is a great card for those who need quick data delivery to and from there external card.,"['i was amazed at the speed of this sd card on my smart phone the hd video no longer jumps and buffers while recording and the transfer time from pc to phone has decreased dramatically', 'i use this in my samsung galaxy siii and it has been great. there have been a few instances when the card was not recognized, but simply rebooting the phone fixed the problem. i am unsure whether this is a samsung issue probably , or a sandisk issue, but it has only happened 2 to 3 times over the course of a year and a half. overall, the write speeds are fast enough that you can record 1080p video directly to the card, which is exactly what i wanted it for. it does come with a full size sd card enclosure, allowing you to use this in devices that require that type of memory card. recommended!', ""this super speed card works great in my phone. i haven't had any problems with it since i bought the thing! i'm certainly able to record hd video right onto the card no problem. i recommend this for those who need quick data delivery to and from there external card. i recommend it!"", 'some people complain about sd cards 1 not working fast enough2 some android devices are acting slow3 rooted phones do not boot from sd cards.this card is fast about 28 mb s, removed all the lag from android device. hdr video recorder have no delays between video recordings which usually happens with most of the cards on the market and all android rooted phones i tried booted and worked.i really recommend this card for price and performance!good luck and enjoy you purchase.']"
371,great for adding a ton of storage to your smartphone or other device. this helps speed up my phone significantly by freeing up memory used by the camera and apps.,"['great for adding a ton of storage to your smartphone or other device. fast enough for most needs and the price is right.', 'for the price, this helps speed up my phone significantly by freeing up memory used by the camera and apps.', 'very usefull to use in the phone also they come with the adpator to sd i will remomend it']"
372,"the free app has a good ui and is actually helpful unlike many free apps. saxophone is ready to do some down loading. this is quick, no waiting for things to load.","['this thing is quick, no waiting for things to load. the free app has a good ui and is actually helpful unlike a lot of free apps.', 'i just love this because i just got a new smart phone and now i am ready to do some down loading.', ""easy to load, super fast, great for pictures and hd video on my phone. really happy with this purchase. just don't have enough stuff to fill it!"", 'i installed this in my phone to take advantage of extra space for downloaded movies and games. seems fast, cool.']"
373,logitech alert cameras replace the 2gb supplied with camera. works perfectly in my camera. reads and writes fast. no issues so far.,"['so far, so good seems very stable used in logitech alert cameras to replace the 2gb supplied with camera extends recordings to a much longer history months vs days!', ""i bought two of these for my laptop and my camera and they're working great so far, good speed. 100 happy with this purchase."", 'work perfectly in my camera. reads and writes fast.', 'works great, no issues so far. speed is fairly good, alot better then my 2gb i had in an old camera.', 'works perfectly and has enough storage for many hours of recording.could be the best one out there for the price.recommend this one.']"
374,"great storage for my camera, gopro, and phone. great cyber monday price and all work as advertised. no issues so far and the price you can not beat.","['marvelous, i just fixed it into my camera and it automatically recognized it. great storage for my camera to use', '...at an awesome price. bought a few of these for my camera, gopro, and phone. great cyber monday price and all work as advertised.', 'great price, great function, works in my cannon camera, my note 3 and i could not be happier with this purchase', 'great price for a great product. i purchased for my phone but i can also use in my camera. no issues so far and for the price you can not beat.', 'its great for using on my camera and speed is pretty good so cant complain. i just think the price could be little bit more cheaper since there are a lot of generic versions out there !!']"
375,works great in the phone and the wife loves it. we got a second for her mom and she is storing lots of pictures and videos on it good for the price and so far it is working just fine on my phone - i can now save pics taken from the camera and things he download.,"['works great in the phone and the wife loves it, we got a second for her mom and she is storing lots of pictures and videos on it', 'good for the price and so far it is working just fine on my phone. finally i can now save pics taken from the camera and things i download.', ""i install it in my new moto e and works great. it can save a lots of photos and it isn't slow."", ""wanted to test some things on an old android phone. this worked perfectly. don't use the phone any more so will now use it for my camera. we'll see."", 'works great, in my phone now i was running out of space but this came to the rescue now i can take more pics!!!']"
376,i use this for my family 3 samsung flight 4s and this helps free up space on my phone. bought 2 for me and my wife a galaxy's2' phone and took photos and video - there is no issues at all if we have extra pictures on the phones.,"[""i take lots of pics with my phone samsung 4s and this helps free up space on my phone. i've not had any issues with it so far."", 'i use this for my family 3 samsung flight ii phones. we have not experienced any problems. the kids take a lot of pictures with their phone.', 'we bought this for our new camera when we were expecting our first child. we use the camera about once per week the iphone is just easier and usually takes a better picture for some reason and we transfer the photos to our pc. it has worked well and we have no complaints so far 7 months .', ""i bought two of these for our new telephones. they work fine and were just what we needed if we have extra pictures on the phones. pictures do take up a lot of room but now we don't have to worry about running out of room."", ""bought this for my phone so i don't have to constantly transfer pics to my computer. works great so far!"", 'bought 2 for me and my wife samsung galaxy s2 phones. took photos and video and there is no issues at all. based on my previous experience on similar products i got for dslr and other cameras, this thing should last as long as or longer than all my electronics.']"
377,the card works great and has enough storage for photos and documents. it's faster than my previous microsd class 4 'i'm very happy with my purchase',"['i bought this memory card to replace a 4gb memory card in a zte valey phoneand it works great.', 'i had a regular 32gb card that i used with my blackberry torch 9810. it was slow though. i replaced it with this card and i can definitely see the difference in speed on my z10. very happy with it! the only thing i had to do was to format the card with my blackberry z10 and that was it.', 'bought this to add additional memory to my nokia lumia 520 and works great as soon as i popped in the card.', ""i put this in my nokia lumia 521 and so far it works really well. i put my entire itunes library on my phone and it all wrote on the card i believe in under an hour i didn't keep track .my only regret is i probably should have purchased the 64gb card."", ""i bought the memory to my lumia 620 and it works. it's really faster than my previous microsd class 4 . no complaints, i'm very happy with my purchase."", 'this card is being used in my blackberry z10 and keeps my documents, photos, music working fine. this is a good buy.', 'this card worked well with my last two smart phones and holds all my favorite music with enough extra storage for photos.']"
378,the card seems to stream data well and the phone has never behaved oddly with this card. it gives decent speed and works good. no issues at any.,"[""im currently using it for my nokia lumia 810 and my camera, works very well and very fast! but expensiveedit i was really happy with the card until i had to record video on it. it seems that it doesnt write fast and my recordings end up being choppy and unwatchable. i was really disappointed in it, cuz i had to switch back to my phone's storage when recording video."", 'i use this for my cell phone lumia 810 and it works fine. the transfer speed is a little slower than other memory cards i have used but not by much.', ""works just as it should in my lumia 810 no issues at all. the phone is not a particularly speed sensitive application for the card so i cannot comment on how well it works under stress. the phone doesn't complain, music plays nicely from the card, pictures are written to it without delays. the red and gray design looks different and interesting, even though no one will see it."", ""i have this in my wife's nokia lumia 521 and it works really well. the card seems to stream data well and the phone has never behaved oddly with this card"", 'i bough this to replace an old 1gb card i had in my phone. i am using this in a nokia lumia 822 and it works perfectly.', 'been using this card in my nokia lumia 820 for over a year now. it gives decent speed and works good. no issues at all.']"
379,"many devices cannot use this size of card, but works perfectly in my samsung gs4.","['many devices cannot use this size of card, but works perfectly in my samsung gs4. plenty of additional space for whatever i need. no problems to date. excellent!', 'installed one of these in my galaxy s4, nice addition. all my hd movies and audio files stream from this card, perfect!']"
380,i used this memory card to expand the memory in my smartphone. it worked as expected and was easy to setup.,"[""bought this for my samsung galaxy s3load it up with music and it works flawlesslyi'm very satisfied with this card"", 'i used this memory card to expand the memory in my smartphone. it worked as expected and was easy to setup. i copied the stuff from my older microsd card to my computer, changed cards, gave it a couple of minutes to initialize, and copied the stuff back... worked great.']"
381,i bought this one for my smart phone. plug and play! works great. would definitely recommend this card and the seller to my friends. it should be big enough for lots of music and videos.,"['works in all my sd devices. i bought this one for my smart phone. plug and play! works great. would definitely recommend this card and the seller to my friends.', 'needed to update the card in my galaxy s4. bought this one on sale. installed it and it works fine. loaded it up with music and have also used it for storing photos and videos from the phone. big fan of sandisk products.', 'i bought this for my new samsung g5. i installed it and the card was immediately recognized. it should be big enough for lots of music and videos.', 'this does just what you need a card to do. we use this one in our galaxy s4 and she is a strong performer. no complaints and highly satisfied.', ""i use this card in my smartphone and it works great. it's fast and roomy i got the 16gb version enough to store all the music and video i need. it was immediately recognized by my samsung smartphone when i put it in about 6 months ago and i've had no reason to take it out ever since."", 'got it for my samsung galaxy 3 comes with a free app dont need to buy a card for it tho just search sandick on play store', 'this card works perfectly. all i had to do was format it and pop it into my galaxy s3. now i use it to keep some movies and all of my music on my cell phone.']"
382,"sandisk are very reliable as a whole. they offer good speed, as expected capacity, and good price for its capacity.","[""don't buy the ultra cheap substitutes. some of them misstate their capacity. i know that with sandisk that i was going to get what i paid for.sure enough, i did. i use this in my phone to primarily hold music. transfer speeds have been more than acceptable and there have been no problems with file integrity."", ""i have purchased two of these. they are cheap enough to buy so you get the fastest on the market. then you don't have to worry about running out of space, so fast. sandisk are very reliable as a whole."", 'sandisk has always made reliable products, and this offers good speed, as expected capacity, and good price for its capacity']"
383,sandisk is a good brand so hopefully it will last and be durable.,"[""no issues so far. sandisk is a good brand so hopefully it will last and be durable. we'll see. recommended."", ""didn't expect any problems and didn't have any either. great sandisk quality at a decent price. speed as rated. happy"", 'never had a problem with it,it does exactly what it is made to do,love sandisk product,smooth operation,high price but worth it.get it if you like to save,by waiting a day or two.enjoy']"
384,it had over 59 gb after formating. perfect for using in my galaxy s3.,"['installed into my galaxy s3 and it reads and writes very fast. having that much storage is awesome. it had over 59 gb after formating.', ""perfect for using in my galaxy s3. seems to read and write quickly, and it's never given me any trouble. shipping was fast. very happy with this product.""]"
385,"sandisk is a leader and pioneer in the'sd format. he says the card is 2.5 times faster than class 4, i.e. 4mb sec sec. why pay the difference?digital cameras at some point the number of pictures sec or hd video is bottlenecked by the speed of the camera","[""no question, it is really as fast as it's rated. how fast? well, class 34 10 sdhc 34 means literally sd format, hc high capacity, class 10 10mb sec read write. how fast is 10mb per second? well, class 4, the most common step down i.e. cheaper is class 4, i.e. 4mb sec. so class 10 is 2.5 times faster. why pay the difference?digital cameras at some point the number of pictures sec or hd video is bottle necked by the speed of the media it is being recorded to.smart phones? i have a samsung note ii. a quad core processor, wiz bang yadda yadda. yes, i do notice speed differences in camera, app performance i use a spreadsheet app browser netflix music streaming, et al is noticeably faster. where do you think the phone stores stuff to when it doesn't use the factory installed memory? iphomes don't have an sd slot, and i wouldn't own a phone or tablet that doesn't i believe in choice in the computer realm oh yeah, sandisk is a leader and pioneer in the sd format where do you think the 'sd' came from? . the only other sdhc class 10 card worthy of comparison is the samsung brand, but then i might be biased on that one."", 'when you buy a micro sd card and you get a class 4, your apps will run slow and your camera will be slow. spend the money on a class 10 for the speed of the card to ensure your device works up to its full potential. listen to me, i am a certified geek.', ""got this for my new samsung galaxy 5.0.i can't understand why someone would buy a class 4 for only 5 or 6 bucks cheeper than this class 10 micro sdhc.very fast 30mbs speed.comes with adapter for pc.been using san disc flash memory for years with no complaints.if your using an android device or anything that need fast data transfer this card won't dissapoint!!!""]"
386,sandisk ultra has been my most reliable storage of music files. the quality is fantastic and it helps you transfer files when you are wary of the cloud.,"['great deal and much faster file movement.definitely worth the purchase and sandisk has proved why they have good products.', ""i haven't used it extensively at this point, but it holds my data well...as it should. sandisk continues to be a solid brand."", 'there is nothing to really say but sandisk really does well with providing quality storage technology at an affordable price.', 'as a heavy music listener, the sandisk ultra has been my most reliable storage of music files that feeds my mp3 players. still very reliable as ever!', ""it's a sandisk, so what more is there to say? the quality is fantastic and it helps you transfer files if you are wary of the cloud."", 'data in and data out seems to be nice and fast. it was a quick ship. if i needed more i would order the sandisk.']"
387,sandisk is numero uno for smartphones. i have no issues with it at all now and its able to hold all my apps and data with ease. it just works exactly how ich hoped it would.,"['very fast reading and writing for my samsung galaxy s4 from verizon. highly recommended. sandisk is numero uno for smartphones.', ""when i first got this item, i had some problems with it and for some reason, caused all my data on my android phone to get deleted forcing me to reinstall my custom rom and use my previous sd card until amazon replaced this one. but once i got the replacement, it worked perfectly. i have no issues with it at all now and for the past several months, its able to hold all my apps and data with ease. with the high read write speeds, i don't have any lag and it just works exactly how i hoped it would."", ""works as expected. very fast writer. too bad the reader i bought with the disk doesn't work as well as the disk.""]"
388,the phone writes to the memory after taking pictures or shooting full hd video. it's not the fault of android os itself.,"[""i've used this card for about 3 months now and have not had a bit of trouble. i notice to delay while the phone writes to the memory after taking pictures or shooting full hd video."", ""great little card. the only problem i have experienced may not even be related to the card, but android os itself. i experience buffering 'hiccups' pauses when watching a video if i also have my utorrent client in the background downloading. i am not sure if this is limited to the card itself and possibly a faster write speed is needed, or it's the fault of the phone's os. however, i am confident that it's operating within spec.card looks good too.. too bad it's in the case of my phone never to be seen.""]"
389,samsung compact camera has a full size adapter and stores thousands of pictures. it works perfectly in my lumix camera using an e-camera dc adaptor - and it's incredibly handy if you carry two of these – one in your camera case pocket don't carry them!,"[""if you carry two of these, one in your camera and one in the camera case pocket don't lose it , you will never run out of memory. enough capacity at 4mb image to shoot and shoot and shoot. download at the end of the day if you want, but you have thousands of pictures on one of these. couple with batteries see wasabi review and you can just never stop shooting."", 'i have only filled this one time, and that was over 140 pictures 1080, and 4 videos to boot...this holds plenty of pictures', ""i got this memory card for my daughter's samsung compact camera so she could store and save many pics which it holds thousands."", 'this memory card holds a ton of information. i use it for video and it holds 1080p videos like a champ.', 'i bought this 64gb memory card for my mini camcorder. now i have unlimited picture and video taking capabilities. no more packing extra memory cards for me.', 'with all the high definition video we take the extra memory is great. and with the micro cards, we save on space in the little camera bag we have.', 'its a small micro memory card that comes with a full size adapter. i am using it in action cameras and have had no issues with it. it transfers data quickly between the card and my pc with no problems.', 'stores thousands of pictures, and it worked perfectly in my lumix camera using an sd adaptor. recommend to anyone who wants a 32 gb micro sd card.']"
390,"the samsung galaxy note 8.0 is working fine with the card. access to videos and music on the note is very fast, user can't comment on that if it's not working properly, it works as described. i've been using it for almost a year and have almost used up all the space on it.","['so far it is working fine with the samsung galaxy note 8.0. access to videos and music on the card is very fast.', ""i use this with my samsung galaxy player 4.2. never had any issues, product works as described. i've been using it for almost a year and have almost used up all the space on it. i've never used the adapter with anything so i can't comment on that."", ""i bought it for my new galaxy note and i realized the device didn't recognize it...tried it on other devices, laptops, desktop, macbook didn't work...very disappointed !""]"
391,sandisk works fine in my galaxy tab 3 10.1. it came from amazon which has a great reputation to date - and never had complaints.,"[""cannot go wrong with sandisk and to date it works as advertised. the price wasn't a great cost savings but because it came from amazon which has a great reputation to date as far as i am concerned, i purchased through them."", 'sandisk is a great brand.. never had a complaint. is working fine in my galaxy tab 3 .. would recommend', 'what can you say its sandisk awesome ! installed on my galaxy tab 2 10.1 music and movies!!!! hd digital copy !!!']"
392,"this memory card has plenty of space to hold all of my music, videos, and photos at the highest quality. it has worked very well for me, but so far, it is quicker than my previous micro sleeve micro-screece microscratch micro.","[""before purchasing this i had a sandisk 16gb class 2 microsdhc. needless to say, i didn't see the need in purchasing one of these. then i began to read how class 10 cards really do process recordings faster and records pictures faster. i didn't believe it, so i put it to the test. using it in my samsung galaxy siii, i installed it and recorded videos, took pictures, and played music on it. i also downloaded pdfs for work and other documents to it. in every test, it was far faster than any other class, and you can tell a difference between the classes. to close, i would just say don't settle for a lower class because it's cheaper. wait for these to go on sale because you know as well as i do that they will and purchase one then. there is no reason to get a card in a lower class."", 'i would not recommend this card if your looking for real class 10 write speeds. the most i could get is 9mb s from this card but for the most part it was about 7 8mb s. i even did a slow format to exfat in windows 7 with no improvements. i copied over music, pics and movies to test it out ranging from a couple of mb to over a gb. the read speeds were pretty good at around 21mb s though. i popped in a 32gb class 10 transcend sd card and it consistently got 16 18mb s write speeds and 24mb s read speeds. so in conclusion i think this card is not really a class 10. too bad i read all the negative 1 star reviews after the fact but i will be sending this one back.', 'this card does exactly what it should. class 10 performance at a fair price in a microsd format. it should be faster though, and in fact there are options out there now at a nominally higher price that do, including the 34 extreme 34 versions from the same vendor.', ""i wanted a fast 64 gb microsd card for my evo lte and this one fit the bill. i grabbed it on sale and it's worked great without any issues.speed benchmarks fall into the proper range for a class 10."", ""a great memory card, at a very good price. i recently upgraded to this memory card for use in my cell phone, and it has plenty of space to hold all of my music, videos, and photos. i can download as many songs as i want, and take as many photos at the highest quality as i want, without having to worry about the memory on my phone filling up.i have used sandisk memory cards many times before, and i have always had very good experiences. it is still too early to tell if this card will live up to that standard, but so far, this memory card has worked very well for me.the class 10 rating refers to the speed with which it writes to the card, and i have noticed that it is quicker than my previous micro sd card. as an upgrade and expansion to your smartphone's memory, i highly recommend this card!""]"
393,"solid micro sd card with gigantic space.it works. awesomely. super fast, tons of room.","[""used in my phone it's plenty fast and works just like it should. unexpectedly comes with mini and full sd card size adapters, which is nice. 34 fool proof 34 packaging or whatever it was, that was laughable. packaging was decent it just shouldn't have bragged about being impossible to mess up when i messed it up."", 'got extremely solid speeds with it, no slack on my android. solid micro sd card with gigantic space.it works. awesomely.', ""super fast, tons of room. who wouldn't love this micro sd card? the price is even great. i've been using it on my phone for about 6 months now and i've had zero problems. it sped up the processing time of my camera app considerably.""]"
394,"sandisk replaced the unit under the warranty. if you get the current unit 3 stars, suggest to return for refund, not replacement. this rating is for the amazon delivered units both defective.","[""i bought two of the 32 gb sandisk ultra microsdhc cards, and both of them were unusable.the first one stopped accepting new data when i had put a bit less than one gig of data onto the card. i couldn't add more files, and i couldn't reformat the card. if i tried to write a new file onto the card, the write operation seemed as if it worked, but the new data couldn't be read back successfully. the files already on the card were still readable, though, so basically, the card had become a 1 gb rom. fortunately, there was no sensitive personal information on the card, so i returned it to amazon.the second one didn't fail the same way, but it was still unusable. if i transferred a bunch of files and then read them back, most of the transferred files had data errors. for example, a 3 minute music file might only be able to have it's first minute of music played back, then the bad data would stop the music player. i ran a write readback test and confirmed that there were data errors on nearly every block tested. i used flash drive tester v114.exe, which is a free download. i ended up buying the equivalent transcend producttranscend information ts32gusdc10 32gb micro sdhc10 flash memory no box or adapterwhich has been performing flawlessly. i have over half of the capacity in use, and i've never seen any sign of data loss or corruption. for usb plug in flash drives, i've had good luck with sandisk products, but my experience with the sandisk microsdhc cards has been terrible."", ""purchased for my android phone to provide more media storage. the one i received was doa. spoke with sandisk tech support who confirmed that it was a bad unit. since it was within 30 days, they suggested i return it to amazon instead of going through warranty procedures. i returned it to amazon, but made the mistake of requesting a replacement instead of a refund. the replacement appeared to work at first, but after a short while, it caused my phone to reboot, files went missing and displayed other forms of instability. it was a bit late to return again, so i contacted sandisk who replaced the unit under the warranty. however, this all took a lot of time, necessitated repeated copying of many gbs of data and secure erasing of information.the warranty replacement from sandisk works well, so far. however, i'm not seeing much improvement in my application over a similar 32gb class 4 sandisk microsdhc this one is class 10 . would probably give the current unit 3 stars, but this rating is for the amazon delivered units both defective .if you do get a bad one, i'd suggest to return for refund, not replacement."", ""i ordered these cards at a great price during black friday week weekend. i began loading some files music, videos, pics, etc . the first card worked without any problems. the second card started giving me cyclic redundancy errors. at first, i thought it was my hard drive that was failing, and tried to copy the same files to a flash drive which worked just fine. ok, maybe i received a dud, and tried with another card from my purchase. same results, cyclic redundancy error. i started searching online, and found a utility via one of the reviews on amazon called h2testw. ran the test on both cards, and it reported errors. it also reported write speed of only 4mb sec, which is way below advertised speeds. these items were in retail packaging, and i remember reading about the bulk package items being fakes. i guess the retail package cards aren't any better.i should have waited to do the refund because now i have to process the refund seperately. i will test another card to see if i have better luck. i wanted to leave a 1 star, but i gave 2 stars since 1 card worked so far. i have 2 more to test.very dissapointed because i was a fan of the sandisk ultra series for being reliable, but i guess they are cheaping out on quality to increase their profit. i would have been extremely upset if i used these cards for anything important.""]"
395,"the sandisk ultra 32 gb microsdhc class 10 uhs 1 memory card apparently failed. dang fkang card won't even read in the card reader, i have 10gg worth of videos and pictures - memories that he will never be able to get back. thanks to the","[""after purchasing three of these one for myself and two for gifts to others i read reviews that said they sometimes just quit, and it's difficult or impossible to recover data. i have only been using my own card for 2 3 weeks, but it hasn't failed yet.3 27 13 after having this in my phone for almost 4 months, the phone started chirping every few seconds, telling me it was either mounting or unmounting a card. the sandisk ultra 32 gb microsdhc class 10 uhs 1 memory card apparently just decided to fail. thank goodness i only had info for one small app on it, and only need to access it about once a week, so it's not real critical. thanks to amazon's 30 day return policy though, i will probably just have to eat the cost of this one. unfortunately, i read the other bad reviews about this product after i had already purchased mine 2 of them, but my wife's hasn't failed yet . my advice is to stay clear of this product, and maybe sandisk in general."", ""my motorola droid razr maxx hd works fine with a 16gb sandisk card, but the 32gb card died in less than 3 months. sandisk will replace the card under warranty, but the sandisk customer support team informs me that the replacement process takes about a month. for two months, the card worked flawlessly, and then it started to have intermittent errors. i thought it might be a problem with my phone, so i tried a 16gb card, and i never had a problem. when i returned to the 32gb card, the intermittent problems returned and got worse. eventually the card completely died, and it is no longer recognized by either my phone or my computer connected card reader. both windows 7 and my phone now act as if no card were inserted even when it's well seated.i plan to update this when i have used my warranty replacement card for three months, but that will be at least four months from now."", ""bought this to use in my samsung siii as it was supposed to be a fast card. worked fine until it totally died after less than a year of very little us due to the design of the siii. phone popped up a message that the sd card had been removed it hadn't . nothing i did to the phone brought the card back up. removed it and tried it in my laptop win7 and other computer xp pro and it is totally dead, neither will even recognize its in the drive. working with sandisk to get a replacement, they want all kinds of fairly useless information, will see if i get an rma number and replacement card.this is the first memory card i have ever had fail.as an update, warranty service from sandisk has proven to be non existent. they first asked to have over 16 questions answered, then mysteriously lost all the answers i sent back, three times."", ""my wife's razr m has been a great phone to date. i matched it with what i thought would be a great memory card, having been a long time sandisk ultra user in my photography.sadly after 3 months, without warning, the card mysteriously bricked . unreadable by her phone, two pcs and one mac .. the only thing that can even see the card is my droid bionic which says the card is unreadable and needs to be formatted. i am hesitant in the very odd chance i can still recover the many gigs of photos and videos of our 6 month old baby which were not backed up.i could not be any more disappointed in this product."", ""update i raised my star rating on this from 1 to 4 because of the customer service. i was able to get a replacement pretty easily. hopefully it will last longer!original review this item worked well while it lasted. i bought it in october 2012 for my tablet pc and then for an android smartphone. i did not make many transfers to the card, it was mostly reading files from it. now it is march 2013 and suddenly the card is no longer recognized in my android phone. it is no longer recognized on my other devices as well. i lost many photos and videos on the card because of it. i'm sure sandisk will exchange it for a new one, but this shouldn't be happening with a card that is less than a year old."", 'april 2013. i have had the card for about 4 months and seemed to work fine. i use it to store additional files on my ultrabook as the solid state drive is small only 128gb . about a month ago, the card could not be recognized. it only lasted about 2 hours, so i thought maybe just a momentary blip. however, this weekened, it cannot be recognized at all and it has been 3 days. sandisk support is not available until the week, so i will update on tech support soon. however, i did find that the sandisk indicated there was a defect with some of these cards. i assume they will replace it, but i have lost lots of hours and a lot of pictures... so i am really bummed and frustrated.from sandisk sandisk has been made aware of potential product issues involving a very small percentage of its 32gb and 64gb sandisk mobile ultra microsd cards. under certain circumstances the cards may lock up and the card becomes inaccessible. the issue has been identified and a manufacturing fix has already been put in place. sandisk stands behind its products and any customer who experiences this issue with the microsd cards cards is asked to contact the sandisk support center for a resolution immediately. sandisk', ""seemed to work well at first. then, i noticed the phone started mounting unmounting the card. when i tried to update some music files on the card, i think it has failed. my computer can no longer see it in the phone when the two are connected.okay an update here. since i posted the problem on amazon i was contacted by sandisk. i made one phone call, they took my information, e mailed me a pre paid ups label, and i sent the card in. i couldn't believe it, but i think i had a new and improved card in about three days! yes, the first one lasted a little over twelve months, but the replacement was tendered no questions asked. great service that can only be five stars.by the way, the replacement is working great! i ordered a 64gb sandisk microsdhc card as well!"", ""i bought this sandisk 16gb class 10 to use with my htc inspire, after 3 months, i am getting constant error saying sd card unmounted unexpectedly.then today, the dang fkang card won't even read in the card reader, i have 10gb worth of videos and pictures, memories that i will never be able to get back. i am very upset.""]"
396,amazon wouldn't let me buy more than one in the same order. solid product is solid.,"[""could not be happier. it's fast, works great, and i didn't have to risk an appendage trying to get it out of retail packaging. i've been a fan of sandisk for years, and this is why solid product."", ""haven't got much to say about this. it's sandisk, so you know what you're getting. fast and reliable. only complaint though is that amazon wouldn't let me buy more than one in the same order. other than that, it's just great.""]"
397,"sandisk is always reliable, and i have always been satisfied with their products. he has come to trust in the quality and workmanship of the products. the price is good value, reliable and holds tons of data.","['i have always trusted the sandisk brand for valuable data. this was ordered for my tablet and again, great size and quality for the price.', ""good value for the money. performs like a sandisk and with the piece of mind it won't fail."", 'sandisk makes quality products and you can count on them at a small price than the competition. again, why pay more for the same thing when this fits the bill for your needs. save your extra money or give it to a needy family member....we recommend this product with an a rating.', 'sandisk is always reliable, and i have always been satisfied with their products. i know what i am getting when i purchase products from them.', 'very reasonably priced for a product that works very well. i have never had any problems with sandisk products so i highly recommend it to everyone.', 'for me i prefer sandisk over other manufacturers. i have come to trust in the quality and workmanship of their products.', 'love sandisk and loved the price.', ""i've used sandisk products for a long time without a problem and this is no exception. good value, reliable, holds tons of data. what else is there to ask for?""]"
398,"it works good so far both read write speed meet the described specification. super fast reading and writing a lot of files, videos and photos he's using for his gopro and surface pro'super fast read and write'","['i have bought it for around 6 months. it works good so far both read write speed meet the described specification.', 'super fast reading and writing. this thing performs under extreme condition writing multiple large files, videos and photos, all at the same time. have owned it for about 2 weeks now, and extremely happy with it.formatting is super easy and fast', 'i did not do any bench tests to see to verify the read and white but been very happy with it.', ""super fast and quick read write which i'm using for my gopro and surface pro."", 'very fast read and write, works great right out of the box. would buy again if i need another one.']"
399,the read write speeds are fantastic in my galaxy note 2. the space was worth every penny.,"['using this in a samsung note ii phone and i get reads of 18m sec and writes of 9m sec. very pleased with the performance.', 'the read write speeds are fantastic. works great in my galaxy note 2. i absolutely love the space, it was worth every single penny.']"
400,lumia 810 wp8 automatically recognized the new memory. plugged it into my samsung galaxy ii and the memory appeared exactly as expected. no signs of memory failure.,"['due to other reviews i was a little hesitant to order this unit. my experience was pain free i installed it and powered on the phone. my lumia 810 wp8 automatically recognized the new memory and prompted me to use it for new pictures, music and videos. hoorary!', 'plugged it into my samsung galaxy ii, and the memory appeared what more can i say other than it has performed exactly as expected.', 'i got this for my smartphone after a steep price drop. pleased that it is working as expected. no signs of memory failure.', 'not much to say..bought it to use with my smartphone. it works as expected and allowed me to free up my internal memory.']"
401,"sandisk ultra 32gb c10 uhs1 5m50.816s means 8.7mb maxell hc 3m38.787s. a class 10 claim 13 lower than 10ms, the lowest boundary of class 10, and even the over advertisement of'sd card speeds' are common","[""the description on the amazon page calls this a class 10 card with uhs 1 performance. and while technically correct, full hd 1080p recording . you would expect more performance in the sequential write speeds. it actually doesn't even hit the class 10 speed unless you round up 9.951 mb s . i have 2 of these cards and they both report the same speed. my kingston 8gb sdhc class 4 writes at 11.854 mb s. now keep in mind the sandisk beats the other cards in the random reads and writes. so maybe the design for those faster random reads and writes causes the sequential writes to run slower than expected. here is the test for the san disk followed by the kingston crystaldiskmark 3.0.2 c 2007 2013 hiyohiyocrystal dew world ... sandisk ultra 16gb class 10 micro sdhc uhs i speed? mb s 1,000,000 byte s sata 300 300,000,000 byte s sequential read 20.651 mb ssequential write 9.951 mb srandom read 512kb 20.191 mb srandom write 512kb 2.628 mb srandom read 4kb qd 1 3.656 mb s 892.5 iops random write 4kb qd 1 1.665 mb s 406.4 iops random read 4kb qd 32 3.293 mb s 803.9 iops random write 4kb qd 32 1.618 mb s 395.0 iops test 1000 mb f 0.0 0.0 14.8 gb x1 date 2013 03 26 21 28 09os windows 7 home premium edition sp1 6.1 build 7601 x64 crystaldiskmark 3.0.2 x64 c 2007 2013 hiyohiyocrystal dew world ... kingston 8gb sdhc class 4 mb s 1,000,000 byte s sata 300 300,000,000 byte s sequential read 20.287 mb ssequential write 11.854 mb srandom read 512kb 19.925 mb srandom write 512kb 1.728 mb srandom read 4kb qd 1 3.747 mb s 914.7 iops random write 4kb qd 1 0.017 mb s 4.2 iops random read 4kb qd 32 3.684 mb s 899.5 iops random write 4kb qd 32 0.017 mb s 4.3 iops test 1000 mb f 53.3 4047.8 7592.0 mb x1 date 2013 03 27 10 48 56os windows 7 home premium edition sp1 6.1 build 7601 x64"", ""formatted card with sdformatter 3.1pc used to test this card sony vaio c2d sz645 vaio memory card adapter vgp mca20a.h2testw 1.4 test results test finished without errors.writing speed 6.94 mbyte sreading speed 12.5 mbyte sh2testw v1.4android phone samsung exhibit 2sdtools test result 9.3mb s write21.3mb s readalso tested write speed with an older model sandisk usb 2.0 sd card reader and cheap generic unbranded reader, get about same results. i don't have any devices that can handle uhs 1 ultra speed of this card. seems like a class 6 card or none of my gadgets can handle 10mb s write speed or it's a class 6 card sold as class 10."", 'although amazon claim it is a c10 ultra fast memory card, it actually has much slower write speed than other c10 microsd card it only scores about 60 of the normal speed . for example, i have tested it against my old maxell c10 hc microsd card. the test was done by writing the same 3035mb random data from dram to empty microsd card through a usb3 card reader. the resulting time was the average value from 3 tests of each device sandisk ultra 32gb c10 uhs1 5m50.816s means 8.7mb smaxell c10 hc 3m38.787s means 13.9mb sthe speed is completely unacceptable for a class 10 claim 13 lower than 10mb s, the lowest boundary of class 10 device , even the over advertisement of sd card speeds are common claiming 30mb s for actual 12 15mb s . it is almost a scam. some class 6 card will beat this class 10 card.', 'with a usb 3.0 card reader, crystaldiskmark shows blazing fast 47mb s read but disappointingly slow 13mb s write speed. so you can pretty much forget about reliable 1080p video recording.update it is correct that write speed great than 10mb s is enough for 1080p recording. i need to clarify that the card is very slow when uhs 1 is not enabled. the read write speeds drop to 13.3 7.9 mb s. for devices that are a few years old such as canon t2i which does not support uhs, 1080p recording may not be reliable. this card is classified as class 10, it should support sustained write speed of at least 10mb s without uhs. it fails my test, as observed by other reviewers as well.', ""i tested it in several uhs 1 compliant devices and found the write speed at 11 12 mbyte second. sounds fine for a class 10 card but this is not what i was paying for. i don't expect it to run anywhere close to uhs 1 interface speed 104 mb s but it should be close to 30 mb s as the manufacturer advertised. i have a lot more choices if i am only looking for a class 10 card.indeed, microsd cards are usually slower than full size sd card. they use the same flash controller so the reason is really microsd cards use slower nand flash. manufacturers know you are not going to use microsd cards in high speed slrs so they get to sell you lower quality nand at a premium. my advice to you the photography enthusiasts is to buy full size sd cards rather than microsd cards with adaptors.that said, the compatibility is great. it works great with my tablets, pcs, gpss and phones. that is what i like about sandisk. they do thorough compatibility tests before product release."", ""i have tested dozens of sdhc and micro sdhc cards. one disturbing trend i noticed is that the speed class rating for micro sdhc is typically inflated. for example, a 'class 10' rating means the card must deliver a sequential write speed of at least 10mb s. but somehow, a class 10 microsdhc cards is always slower than a class 10 sdhc card from the same manufacturer. case in point thepny 32 gb microsdhc card p sdu32g10 efs2 claims to be 'class 10', yet it can only write at 8.6mb s maximum, while the full sizepny p sdhc16g10achieved 13.4mb s according to crystaldiskmark v3.01.thissandisk ultra 32 gb microsdhc class 10 uhs 1 card sdsdqua 032g u46a , however, proves to be the exception. it achieved a sequential write speed of over 10mb s according to two different benchmark programs 11.8mb s in crystaldiskmark , 10.6mb s in h2testw v1.4 . this is faster than all my other microsdhc cards, including two 'class 10' cards frompnyandpolaroid.a closer look at the file transfer speed using flash memory toolkit revealed another nice surprise for writing small files, this sandisk ultra microsdhc card performed just as well as its full size counterpart, thesandisk ultra sdhc sdsdu 032g affp . in contrast, all my other class 10 microsdhc cards perform poorly while writing smaller files. see the benchmark results i uploaded to 'customer images' for details.when you use a memory card in a digital camera to record hd video, it needs to store a huge video file each session. that means its sequential write speed is most critical. when used in a tablet or a smart phone, however, the card's random write speed for small files is more important. that's why in such applications, the sandisk microsdhc will perform faster than the pny and polaroid cards, even though they are also rated as 'class 10'. bottom line as of this writing, the sandisk ultra microsdhc card ia actually priced lower than other class 10 cards from pny and polaroid. this makes the sandisk the best value especially if you need honest class 10 performance across all platforms. side notes do not confuse this sandisk ultra card withsandisk mobile ultra microsdhc sdsdqy 032g u46a . the latter is rated for class 6 only. the size of this '32gb' card is 29.7gb according to my computer. this is actually normal because computer people count one gig as 2 to the power 30 , which is 7.3 larger than one billion. so 29.7gb translates to 31.9 billion bytes, which is '32gb' according to marketing people. update on feb 4, 2013 1. amazon combined the sandisk ultra 32gb and 64gb cards on the same product page. please beware that your intended appliance must be compatible with 'sdxc' in order to used the 64gb version. my original review refers to the 32gb 'sdhc' version.2. there are two part numbers for the same card. if you start from the amazon product page and select 'retail packaging', you'll see the part number of sdsdqua 032g u46a. but if you click on 'frustration free package', the part number changes to sdsdqu 032g affp a. update on oct 5, 2013 the sandisk microsdhc card works great in my new samsung galaxy s3, without the need for reformat the default format is fat32 update on dec 26, 2013 my old test results were limited by the card reader and usb 2.0 port used. i re tested the sandisk uhs1 micro card using thetranscend rdf5 card readerconnected to an usb 3.0 port. here are the results from 'crystaldiskmark 3.01 x64' sequential read speed 40.0mb s was 34.8mb s when connected to usb 2.0 port sequential write speed 13.1mb s was 12.6mb s when connected to usb 2.0 port"", ""the description is quite confusing it says at same time class 10, which means that you should not expect write speed higher than 10mb sec, and at the same time, it says uhs 1, which means 30mb sec write speed. the truth, as usually, is somewhere in the middle, but close to lower end. i have a dedicated, high speed pci e cardreader, which i use for chip benchmarking. so, this card showed 12mb sec sequental write speed and 34mb sec sequental read speed. so, uhs 1 is true only for read operations, meaning that if you wanted this card to speed up your digital camera speed photography you've made the wrong choice. just for reference, this cardtranscend 16 gb class 10 microsdhc flash memory card ts16gusdhc10has sequental write speed of 17mb sec and sequental read speed of 24mb sec. as you see, the cheaper transcend has average 40 faster write speeds!""]"
402,the replacement card was not susceptible to the same type of failure is losing apps this card died in less than one month in my siii lost 400 pictures valuable pictures and information do not buy.,"[""i used this for a few months in my phone, then it decided to quit mounting. i lost some pictures of pets who died shortly after. i got a replacement card, but i had to send in the old one, giving up any chance of recovering its contents. the new one's worked fine, but failing after 3 months in inexcusable."", 'this card no longer is readable by three different phones after only six months of very light usage very few pictures had been saved to the card , where it was never taken in or out of the phone before it showed signs of dying thus the death was not caused by excessive handling of the card .', ""i guess i should be happy it failed after only 1 month, because i only lost 1 month's worth of pictures etc. i bought 3 of these cards for my wife, son and i. my wife's had a minor glitch, which went away with a reboot. mine had a minor glitch this morning, so i expected the reboot to fix it. no a reboot caused my motorola defy xt to tell me the card was blank and needed to be formatted. my laptop won't even recognize the card when i put the card in it's reader. after a couple hours of looking for a way to fix it, i have only found that this is very common for this specific card.edit i was very happy with sandisk after calling them. they did say there are compatibility issues with class 10 cards and some of the android phones, and verified my phone is one of them. they offered free replacement with a card that would be certain not to have the same issue mine just had, and also to attempt recovery of my items from the card. these are the reasons we buy sandisk in the first place. they did recommend a class 4 or lower card to me for this phone.i am leaving this as a 1 star, because people should be aware of compatibility issues this severe.2nd edit as of march 12, this replacement card, that wasn't going to be susceptible to the same type of failure is losing apps etc. i am giving this card up. it has taken my phone and turned it into a device i cannot count on."", ""i didn't even have this card installed in my motorola razor hd for 6 months when i turned my phone on yesterday and got a message stating i removed my card before properly unmounting it first even though it was still installed. i plugged it into my pc adapter and nothing! i lost about 300 documents and over 500 pictures, but i'm glad that i just backed up everything 2 weeks ago. worked great until it died far to soon and without any warning at all. be sure to backup all your important data frequently!"", 'this card died in less than one month in my siii lost 400 pictures valuable pictures and information do not buy.', 'always have multiple shots at your datai lost some photos due to a corrupt cardi used this for my phonethe company did replace my card with no problemsbeen working great for the past few months']"
403,"sandisk is usually my go to brand for removable media. works as it should, and has lifetime warranty. if a malfunction occurs, he will send the replacement at no cost. it comes in 'a nice case to protect it when not being used'","['can there be anything wrong with a sandisk product? the items read to it sooooo quickly, i am quite happy,', 'works as expected. based on price and performance this may be a best of breed product. i have found the sandisk brand to be dependable.', 'i have always been pleased with the sandisk products and this one is no exception. it works as advertised. i would purchase it again.', 'would recommend friends. worked as expected and transfer is speedy. always a fan of sandisk where they make they product quality.', 'i used it and it worked fine. i try to buy many of sandisk products more often but its a bit pricey', ""works as expected. i suspect this is why so many people trust sandisk. i hope they stick with maintaining the integrity their products have earned. i often pay a little more from sandisk but i have never been disappointed with their products as i have others like adata. in fairness to adata, who failed to make good on any of the several defective products i purchased from them, i have never had to test sandisk's warranty as i've never had a failure. perhaps their product support is just as bad as adata's but i've never had the opportunity to test it!"", ""however, sandisk replaced it and didn't charge for shipping. so i guess i'll wait and see how long this one lasts."", 'works great, low cost, fast, and the bright red makes it easier to find when it gets dropped or misplaced. sandisk is usually my go to brand for removable media.', 'superb quality!seems to never gets full..got it sooner than expected..did my research before making my move and i was sold with sandisk', ""i purchased this for my husband, he's had this quite a while now and love it sandisk is a reputable product."", 'works as it should, and has lifetime warranty. in case of malfunction which i had after several months , sandisk will send a replacement at no cost.', 'as to be expected this sandisk works as advertised in my garmin 850 gps. i am satisfied with this product.', ""hasn't even blinked in my mp3 player, and gave me loads of room for expanding my library. i trust the sandisk name with all my electronic gear."", 'works great have used sandisk many times always a good product at a great price. it comes in a nice case to protect it when not being used.', ""already bought this one last may but you can't beat the new price. original sandisk products never failed me before. just be careful where to buy."", ""well, it's a sandisk. never had an issue with one and this one was no exception. good product. good price.""]"
404,sandisk is a great brand and it has failed. they will replace it if they are letting you steal them from their customers. the price the warranty they're allowing them to steal from them.,"['sandisk is a great brand and it has failed. i have purchased several of these so i think it was just bad luck. i am sure amazon will replace it.', 'comes with a lifetime warranty. had one fail once, sent it back to sandisk, they sent me a new one!i have been using sandisk for years. that was the only time one ever failed!!!', 'first two order of this item were fails. they both failed around six months of use. however, sandisk honored their warranty and completely replaced the items. still using it, and pretty happy.', ""and you wouldn't believe what sandisk put me through to get a warranty replacement. however i finally got the replacement and it has been working fine ever since."", ""i think i got 8 or 9 months out of this before it started to fail. it is still working intermittently but my phone will suddenly stop being able to read it for no apparent reason. 34 designed for durability 34 my foot. it might survive in salt water but it didn't survive in a phone that, frankly, doesn't get a whole lot of use. this is the first sandisk product i've ever had fail on me. it may still be under warranty but i don't care. now that i have to replace it i'm going to go with another brand."", 'the first unit i received had the dreaded defect where it would disconnect then reconnect which was super annoying. sandisk has a very nice online warranty software in place and since it was a known issue they were speedy with a replacement. the new unit works perfectly and provides plenty of space. as a manufacture it was nice to be treated as i treat my customers from such a larger company.', 'to be the man you gotta beat the man brotha. and sandisk is beating the man wit a stick. the price the warranty they are they are letting you steal these from them. so get your hands on some before they realize they giving out the hook up and bam they 100 again.....lolgo sandisk go amazon. i bought 3 and gone buy 3 more.']"
405,i bought a full size sandisk ultra 16gb class 10 all the same specs except size theoretically. the read seems to be 35 bs compared to the whole size card with write speeds of 22 to 25 cs and 42 ds.,"['all the horror stories about sd memory not really being the density reported. i loaded two of these things to the max. all data is accessible.', 'i ran several tests both on my computer, and my phone it wrote at 6mb and read at about 6 to 10 depeneding on its mood. i bought this to replace a generic 32gb class 10 card that i lost so dang small i droped it and could not find it. that card actual wrote at 11 to 12mb and read at 20mb. i went with sandisk because my phone came with a class 2 that performs more like a class 6. what a waste of time. refunded this item', ""i was working with a three of these cards using the included adapter, and thought they were slower than they should be. i just bought a full size sandisk ultra 16gb class 10 all the same specs except size theoretically for a different project, and it writes over twice as fast on the same computer! the write speed on this card is between 7 and 10 mb s, the read seems to be 35mb s, compared to the full size card with write speed of 22 to 25mb s and a read speed of 42mb s this is from an imaging program, not a benchmark program, so it's not checking different sizes of transfer and the like . compare that with a transcend 4 gb class 4 card, the write speed is nearly identical 7 to 9mb s , while the read speed on the class four is 12 to 13mb s, significantly slower, as expected.the read speed is good, but the write speed is abysmal! if it says class 10 , it should be somewhat close to the class 10 spec.i'm returning them."", ""i ran the disk utility function in ubuntu linux 12.04 lts. minimum read 13.7, maximum read 15.1, average read 14.9. that's more than acceptable, given the class 10 designation."", ""i bought two of these at different times. both of them had the retail packaging with the android on them and the model number matched the packaging.the first one was 32gb. i tested this out with dd on my built in sd card reader on my mbp and on a gfr204sd usb device and couldn't get more than 8 mb s average write speed. would bounce up and down between 6 and 10. the class speed is supposed to be the minimum, not the maximum. r w off the hdd was above 20, so that wasn't the bottleneck. neither is uhs compliant, but i should at least be able to get the class 10 rating out of this. read 30 mb s is pretty accurate.the second one 64gb i tested by just watching activity monitor to see if it was in the ballpark. bounced between 8 and 10 copying from a hard drive or a ram disk. sounds like probably class 10. read speed to ram disk was about 24 mb s."", ""its going back because it doesn't meet spec.tested with h2testw, write speed is only 9.69 mb s. read speed is good at 18.80 mb s. although sandisk claims up to 30mb s meanwhile, a class 10 32gb transcend sd card i have writes at 15.30 and reads at 18.20.i also have a few class 6 4gb sandisk microsd cards writing at 15.40 and 15.50. reading speed is 18.40 and 18.30.i also have a class 4 kingston card that beats this class 10 sandisk.""]"
406,"samsung galaxy tab 2 7 doesn't have a uhs1 rated port. evo 3d doesn’t has an 'uHs 1' port, but to be half the speed of my class 4 card - i could believe if it was the same speed as my old card, maybe","[""this card would not show 64 gb until i spent 60 on a card reader that supports sdxc, and after doing that, it is transferring at class 1 speed. i managed to get it formatted in fat32 with 59 gb free for my cowon j3, but it's taking 10 hours to transfer 30 gb to it. i got a refund because this is not the service and quality i paid for. i just hope the music lists on my pmp when i turn it on tomorrow. i have it in the microsdxc slot of the aft pro 57u, which is connected to a syba via vl800 usb 3.0 card. feel free to tell me i am doing it wrong and how to get class 10 speed.update the transfer finished, but the data does not show in my cowon j3, so the early versions that worked are gone. do not buy these for a device that is not sdxc specific because they have changed something in them."", 'after doing some tests between a generic memory card and this sandisk i am very disappointed. i bought the 32 gig class 10 card.i swore i picked original packaging but it was shipped with out original packaging... i will be returning this card for the following reasons these tests were done using the sd card ports on my pc.my generic class 6 32 gig card has upload speed of 22mb write and a transfer speed of 8.5.my sandisk i just bought, it has an upload speed peaking at 32mb write and a transfer speed of 6.5 to maybe 8.5 if im lucky.the write speed is ok, but why is the transfer speed so much more low. why isnt it at least 10mb if not 12mb if sandisk is typically so modest in their classifications?and whats the deal with the no classification marking on this sd card... i dont see class 10 anywhere on this card....amazon you will be getting this back!', ""this ultra high speed card is about half the speed of the class 4 card i was using. 10mb s read and 6mb s write is more than a little below where a device with this rating should perform. i could believe if it was the same speed as my old card, maybe my brand new samsung galaxy tab 2 7 doesn't have a uhs1 rated port, but to be half the speed of my class 4 card, this uhs1 thing clearly is penciled on by marketing monkeys and sold without any testing or quality control. i wish i knew how to rate with 0 stars."", ""while i got this card as a deal of the day on amazon, i would gladly pay 79.99 for it!with that said, there has been some skepticism related to the serial number of the card as it is displayed on amazon. i can confirm that i received a brand new 64 gb card with the serial sdsdqua 064g u46a. the packaging of the card says that it is a class 10 uhs speed class 1. after formatting copying over 20 gb of data from my evo 3d's previous card, i get write speeds of about 9 mb s and read speeds of about 20 mb s. i am fine with this, and can not complain because i don't believe the evo 3d is intended to be compatible with sdxc cards, however it does work just fine.""]"
407,"a go pro camera will benefit greatly from the enhanced storagecapacity.put it in digital camera, and you won't need to worry about running out of space.","[""shop around, and you will be surprised how good of a deal this is.combine it with something else to get free shipping, and it's a low cost winner.technically speaking it works great, especially for a go pro camera which will benefit greatly from the enhanced storagecapacity.put it in a digital camera, and you won't need to worry about running out of space.just bought my second one, that's how much i like recommend it"", ""get just about you want in it, plenty of space to keep your best shots and memories. it's the best and the price is very reasonable."", ""bought this along with my gopro hero 3 and it's been in that ever since. it's nice to have a ridiculous amount of storage while running around with a gopro because who wants to have to change chips when you're out on a jetski... or falling out of a plane from 15,000 feet?"", 'happy to have gotten this for a steal price! definitely a lot of space than i need for my gopro or dslr camera, but more is so much better than less!', ""you'll need the added space once you start enjoying your new go pro ,so why not get the bigger storage anyway"", 'good amount of space for the stuff i want to do, and fits in my gopro. what more can i say?']"
408,"i have been using the helmet for several months in a helmet cam. works as expected, no glitches or problems. using it with my contour roam2 helmet camera.","['came too late in the ski season but will be mounting it on my bike helmet this summer and then again when the ski season starts on my ski helmet.', 'i have been using it for several months in a helmet cam, several times a week. no problems so far.', 'works as expected, no glitches or problems. using it with my contour roam2 helmet camera. frustration free packaging was nice.']"
409,the video picture quality is right on. works fine with my gopro camera. so far haven't got any issues. i bought two of these for use in my hero cam.,"[""i bought two of these for use in my hero cam. i've had no problem with these and the video picture quality is right on. this is a good value."", 'no issues so far, stores a lot of video. not too expensive and no issues with quality or speed. works fine with my gopro camera. highly recommend.', ""so far haven't got any issues. i'm using it to record video with my gopro and it works fine. i'm also considering buying another one for my cellphone""]"
410,it comes with the bigger d card so you could put it in my camera and promptly filled it up. already have so much info on such an item.,"['memory card works awesome and for this much memory for the price is awesome. i use it for my gopro but you can use it for anything that can take a micro sd. comes with the bigger sd card so you can put it into a card reader or computer that reads sd cards.', 'what accolades can one say about an sd card that works and is an economical buy. put it in my gopro camera and promptly filled it up.', 'not cheap but really quite amazing that they can now fit so much info on such a small item. already have a 16 gb version and expect this will perform the same. comes with an adapter and also a plastic case that holds both the micro sd card and adapter which is nice.almost wish they made a bigger capacity version as i use this with a gopro and even this 64 gb model will fill up quickly.']"
411,"i bought this for my sony action cam, it gives me more than 8 hours of video using 1080 with 30 fps. the card seems well able to quickly handle the amount of data that gets pumped to it. would definitely buy again.","[""i use this with a 1080p video camera and it performs very well. it doesn't have any issue keeping up and the transfer rates when interfacing with a computer are high."", 'i bought this for my sony action cam, it gives me more than 8 hours of video using 1080 with 30 fps.', ""i use this in a high def camcorder to record 1080p video. i've had no problems with clipping. the card seems well able to quickly handle the amount of data that gets pumped to it. i've not had any quality control issues or data loss, either. would definitely buy again.""]"
412,the sd card adapters make things much easier to transfer files to other devices. the card is excellent and very fast with my gopro hero 3 camera.,"['price was right, shipping quick, class 10 card for hd video in my gopro.hard to rate it since memory cards are pretty much memory cards. nothing jumps out as excellent so that is why 4 of 5.', 'purchased in florida so the price was just fab, the card is excellent and very fast with my gopro hero 3 and an absolute must', 'good price for a 64gb card. purchased it to go along with the hero3 camera. just what i needed to complete the set', 'price was great, delivery was on time, now i have plenty on storage in my gopro hero 3, the sd card adapters makes things much easier to transfer files to my other devices.', 'its ffast light weight.. great price nothing to say here.. just a memory carduse it for my gopro hero 3 black']"
413,the pc is not able to transfer files to the usb. i am using a samsung galaxy note 2 and file transfer speed is mediocre. it does act as peppier but when plugged straight into card reader.,"['i wished it came with some sort of usb converter so i can transfer files faster to my pc. i am using a samsung galaxy note 2 and file transfer speed is mediocre.', 'i used this in my samsung galaxy tab 2.0, and transfer rates are pretty good when going straight through usb. it does act a little peppier however when plugged straight into a card reader.']"
414,the 32gb card was unmounted from my samsung'sgs. it popped the card into the computer and showed a single partition of 0 bytes. mounted it back in the phone and booted into recovery - it died and wouldn't even reformat.,"[""having used sandisk before in my photography, i of course went to them when it was time to outfit my new samsung galaxy s3 with an internal microsd card. i spent the extra bucks over comparably no name micro sd cards and bought this variant. i took quite a few pictures and even transferred an album from my computer so i coud show it to friends on the go.after less than two months, the sandisk microsd card started acting up. it was not recognized, stopped, restarted, removed itself, reinstalled itself onto the phone erratic behavior. here is where i should have taken it out immediately and tried to recover anything i could before things hit the fan...unfortunately i waited too long and this morning, for no other reason than i turned my phone on, the card shows up as blank. neither my windows pc, nor my mac, can even detect the card and yes, i tried two different adapters, and i tried the sandisk recovery which found no recoverable files even though i checked all file type extensions.i've apparently lost all the pictures i had on there. to top it all off, my gf's cheap no name card has never had an issue in her exact same phone and keeps chugging along merrily.paying a premium for a substandard product that fails in use after two months? no thanks. i'm going back to lexar, which hasn't failed me yet. i'm also getting rid of all my sandisk cards for my dslr's, just in case. the fact that sandisk is the first card thats ever failed on me, and a new card to boot, does not inspire confidence. buy and use at your own risk."", ""purchased in november 2012 less than 18 months ago for use in my then new samsung galaxy s3. it has never been removed from the phone until today when it failed. since the phone is still fine and the memory card is stored well inside, it's safe to assume this card has suffered no abuse. today, the card is totally unreadable. it can't be formatted by the phone. the pc doesn't see it at all. it's dead, jim. i'll be contacting sandisk about warranty today.update i've updated this from 1 start to 4 because although it failed, sandisk is replacing it at no charge. sometimes stuff fails. if a manufacturer will stand by it, that speaks well. nice that because i bought it on amazon i could search my orders and find the original invoice to use when i contacted them."", ""i cannot say if it's the sd card or the phone, but google sez it's the phone. put your mp3s on this card for your galaxy s3, and the result is a jumble of corrupted files. yep, that's what i got. so, in fairness to sandisk, i gave this card 4 stars, and a suggestion to y'all out there, get the 16gb card for your s3 instead."", ""i was given this card in october to add to my new samsung galaxy s3. i was thrilled i copied a ton of music onto the card and used my phone as my mobile ipod substitute, leaving my ipod classic on my desktop in its speaker system cradle.everything worked fine until a couple of weeks ago. i started getting messages that seemed to say that i had removed and inserted the memory card. of course, i hadn't touched it. then a few days ago the phone told me that the card contained unsupported files and that i needed to reformat it. well, i tried reformatting. after that, nothing. nothing at all. i pulled the memory card, reset the phone. reinserted the card. nothing. i tried the card in the adapter on 3 computers. it wasn't even visible.i called sandisk tech support. it didn't take terribly long to convince them that i had a problem. but they quickly offered me two 16 gb cards as a replacement. i literally laughed at them. i got the disturbing sense that this is something that they are required to try. if so, that's a lousy business practice. after bouncing me around a few time, they agreed to send me an rma and a shipping label. i duly sent the card off a couple of days ago. to be frank, i have no idea at all when i might receive a replacement.if i weren't already in the grips of sandisk, i would buy another card. the fact that 10 of the comments here are negative is an indication of a real quality control problem. a 10 fail rate is simply unacceptable for a product such as this.update well, i do have to give sandisk credit for customer support. i returned the card using the supplied ups label on a tuesday and i received a replacement by ups on the following monday. that's very good service. it does, however, increase my suspicion about the offer of two 16 gb because the 32 gb cards were out of stock. if they were out of stock, they sure got in stock in a big hurry. in any event, i've upped my rating to two stars."", ""i have lost my data 3 times with this card. i don't know if it's the card or the s3. my data always ends up as unrecoverable pieces in the lost.dir directory the phone creates the first time you insert the card. i don't trust it to hold anything i cant afford to loose.update i purchased akingston digital 32 gb microsdhc flash memory card sdc4 32gblast week as a replacement. it hasn't lost any data yet. i'll update here again if it has the same issue.update 2 thekingston digital 32 gb microsdhc flash memory card sdc4 32gbhas been in my phone for 2 months with no data loss. it is the better product."", ""update 6 18 14 well, i suppose nothing lasts forever. after almost a year, the card has gone bad. i use the card a lot in my smartphone a t mobile samsung galaxy s3 sgh t999 . all my photos, voice recordings, and downloads go on this card, and the downloads are transferred to my computer almost daily via usb cable. a few days ago, a video file i transferred to my computer refused to play correctly. no video, and the audio was skipping and squealing, which i recognize as the sound of a corrupted file. i thought maybe the transfer didn't complete tried it again, same result. i tried to play the file right on the phone, and it didn't play on my phone! i knew there was a problem. i tried copying the video to my phone storage and playing it there, still no luck. then i deleted the video and decided to download it directly to my phone, not the sd card eureka. it played perfectly.i formatted the sdxc card twice once from the phone and once through windows and tried the same test. downloaded video file to the card, then to the phone. same result both times it wouldn't play on the sd card, but it did on the phone. all videos used to play perfectly on the sd card. finally, i swapped out the card for my older, sandisk ultra 32gb micro sdxc card. like magic, it worked perfectly no matter what i played on it. so yeah, the 64gb card is dead. i should note that the card performed flawlessly for nearly a year up until a few days ago.thankfully, sandisk ultra products like this carry an incredible lifetime warranty or 10 years for regions that don't recognize lifetime their extreme line of cards raise that to 30 years! i've contacted their support for an rma so i'll update this review as events unfold. if they replace it quickly, i'll bump this back up to 5 stars.original review i'm using a samsung galaxy s3 smartphone. sandisk ultra micro sd cards have never failed me, and this one's no exception. i used to have a 32gb card. they're fast and reliable and never corrupt data, which is more than can be said for some cheaper brands like pny those fail quite often . i can't wait to get the new 128gb model!"", ""phone is a galaxy s3 from virgin. still getting sd card unexpectedly removed but i do know it's an issue with the phone and not the card."", 'i have had the 32gb in my galaxy s3 for almost three months and there were no issues. however, the phone just recently started telling me the card has unrecognized files or it is empty, causing the loss of my media. i chose to format it after seeing the error for too long, chalking it up to some random error. somehow, yesterday, all of the files on my card magically reappeared and i was able to play my music again, despite having had the phone format the card. shortly afterwards, the error reappeared. i put the card in my computer and it is simply not appearing. shame, but i think this is a risky card to purchase.', ""i purchased this product a few months back as a replacement for another 32gb sandisk memory card that wasn't even a year old that ceased to work. after using this memory card for a few months i started having the same problem where the card randomly stops working or is not even recognized by my galaxy s3 phone. i tried plugging it into my computer with the provided adapter and it seldom gets recognized. this card is not worth the money for it will not last. buy pny or any other brand. sandisk has lost a customer.03 12 2013 amazon.com rocks! they refunded the full amount of the purchase! kudos to them!"", ""i ordered this memory card because, obviously i needed more space on my phone. one of the reasons why i prefer android to apple products is it is way easier to upgrade storage space with android. my memory card arrived when i expected it to and now i have more than enough space on my galaxy s4....... i once gave this product a five star and everything before this sentence is the review from when i was satisfied with it. but now i'm having problems. i can't delete stuff of of the sd card. i tried formatting it on both my phone and my computer but nothing well delete so now i'm giving it a two star."", 'i just had an incident with my galaxy s3 phone however where the chip became corrupt.. is it the chip? is it the phone? i put one of these in my samsung phone and another in my samsung tablet. all is well except for that one time where the chip and phone got funny with each other and i had to erase all my music... the phone was able to format erase prepare the chip so it was immediately usable but i did lose my music. very weird. well, all i have to do is sync my music to my phone.. no big deal..', ""i had bought the 32gb card here on sale. it ran great for the first 4 months. this afternoon it unmounted from my samsung sgs iii. i powered the phone down, re seated the card, powered up and it was still not recognized. powered back down, pulled the card and popped it into the computer and it showed a single partition of 0 bytes. mounted the card back into the phone and booted into recovery my phone is rooted with cwm , where i double checked that it could not be mounted or formatted. i then tried to re partition the card but no luck. phone is back up and running fine on a spare 8gb card so no problems there. it doesn't matter how good or how fast the card is if it dies this quickly. i had most of my stuff backed up so no major loss, but i am out the cost of the card..."", 'i have an s3 which are notorious apparently for killing sd cards. last black friday i bought two normal the black ones 32 gb cards and my phone killed both. sprint swore it was the cards but i defended sandisk saying how would they sell me two defective cards in a row 16 each . i made a deal with sprint saying if i bought a new card and the phone killed that one they would have to replace my phone and cards at no cost to me, so i bought this one and so far no problems so shame on you sandisk. 5 stars for product, 0 stars for their greed.', ""after exactly month and a half this card is done...and with it i lost all my pics and videos...just after the return policy expired!! card is not recognized by my phone or pc. trying to get rma from sandisk...i own the s3 and have read extensive problems with the 32 and 64gb card class 10! samsung says is sandisk...and sandisk says is the phone ??? but i've seen other cards failing with different phones! all android by the way...what's the problem ?"", ""fortunately i got this as a lightning deal, so it wasn't that expensive. i purchased it in october, but didn't start using it on my samsung galaxy s3 until january. it was fine, until it wasn't. it chose to die today. just a little more than four months after i started using it. i checked my phone this morning and it told me that the sd card had been unmounted. i did not think much of it. but when i rebooted my phone and was still unable to find the card, i began to be concerned. when i got home from work, i put a different card in, and it worked fine. i tried to check the card on my computer, and it couldn't be seen. so the problem is definitely a card. unfortunately, i lost most of the pictures i've taken since getting this phone. i know that i probably should have backed them up, but i really didn't expect the card to fail so quickly. perhaps if i'd read all of the one start posts before buying, i would have. oh well, back to my 16gb amazon class 10 card until i can get a different one.i'm not even going to bother with a warranty claim. i don't need another card that will fail after four months."", 'i bought the sandisk 32 gb micro sd card class 10 in dec for a new galaxy s3. i used it for songs and video and pics. it started acting flaky in april and would unmount itself and then remount and i had problems with playing music. then it completely died and would not even reformat. this is a known issue, and i will write back after i try to get sandisk to replace it.', ""monday, november 26, 2012i put this in the galaxy s3 without formatting, restarted the phone and it showed 59.4g gb of space. i transferred all the files from the old 16 gb card and then moved all my music to the card with the phone connected to my computer by the usb cord. still lots of space left and the various music players seem to see all the music.tuesday, november 27, 2012the card didn't show up on the phone this afternoon. no message, just no songs to play and no card according to everything i could check on the phone. i restarted the phone and got a notification that the sd card was corrupt, needed formatting and that i would loose all data on the card. i restarted the phone again, without formatting, and the card came up like it had never been missing. i am writing this on thursday, 11 29 and i have not had another issue with the card.december 6well, i don't know what to think. the card disappeared again and i reformatted it fat32 in an attempt to fix the problem. the whole point of getting this large card was to have my music on my phone and not have to stream it from the cloud. i tried several music players and went with poweramp because of the good reviews and that i could specify the folder to play from. so poweramp is looking for the folder mnt extsdcard music and playing the songs in all the subfolders. it is poweramp that tells me that folder is not available.the card has gone missing one other time and restarting the phone fixed the problem.today, poweramp would not play and when i got home i found the music folder was gone. i also had ringtones folder and it was also gone. now, i may not be the sharpest saw in the shed, but i know i did not delete those folders. the card had other folders but not those two so it had not been reformatted.i am starting to think the problem is with the galaxy s3. i had a 16 gb fat32 card in this phone that had been in my previous htc phone. that card was not large enough to held my music so i don't know if it was disappearing or not. i wish this combination of phone and 64gb card was more reliable but just don't know where the problem lies.i lowered the stars from 4 to 3 but i really don't know if the problem is with the card, the phone or both. all i know is that they do not seem to be playing well together.december 7there was a notification on the phone this morning that the sd card was corrupted and needed to be formatted. i restarted the phone several times and got the notification each time. i reformatted the sd card using the phone, a step i don't think i have tried yet.december 8another minor problem i have is that the message counter gets stuck on 1 when i have no new messages. the only fix i have found is to restart the phone. that happened this morning and i got the corrupted card message again, but restarted again and the card came up ok.december 11so, the files on the card keep disappearing. the card is mounted and the phone shows the correct free memory but poweramp, and file directory programs do not see any files on the card. i restart the phone and the files come back. very strange. i played music on and off all day today without a problem and then this evening all the files disappeared again. restarted the phone and all is well again.december 15my phone upgraded to 4.1.1 yesterday and the same issues remain. it is a crap shoot as to if music will play. i take a lot of photos and use the service zenfolio to store and display them. i have an app that syncs with zenfolio and keeps a phone size version of the photos on my phone. i set this app to store the photos on the samsung sd card and have similar issues with it when the data on the phone goes away. this morning the sd card came up as corrupt again after a restart to get the data back. it took a total of 3 restarts to get the music and photos back.december 18i have been trying to play music stored on this card today and my phone has reset several times. very frustrating. i ordered a sandisk 32 gb mobile microsdhc flash memory card sdsdq 032g affp today for about 25.00 and i'll see if i have the same issues. very disappointing.december 28i purchased and installed thesandisk 32 gb mobile microsdhc flash memory card sdsdq 032g affpand copied all the files from the 64gb card to the new 32gb card. no formatting, no fuss, no muss. i have not had a phone reset since, have played music through bluetooth for hours in the car, have viewed photos. everything just works. half the memory but what i have is always available and the phone works, a good trade off. i am still disappointed that the 64gb did not work with the sg3. i have purchased aelago mobile nano ii usb 2.0 microsdhc flash memory card reader black to use the 64gb microsdhc card as a thumb drive.""]"
415,"in my galaxy s4, it has displayed exceptional speed and no loss of data. it was 15 reg 70 gives me something to brag about too. this was a great fast card and i had no issues with it.","['in my galaxy s4, super fast card, and am totally happy, not happy having to still type to fill the required words though', 'as i just mentioned, it is both fast and efficient. after several months of use in both my laptop and 7 inch galaxy tab 2, it has displayed exceptional speed and no loss of data. i highly recommend this card for use in computing devices and or tablets.', 'i love this card and it is super fast. great for putting it in a tablet to keep it from slowing up. and it was 15 reg 70 gives me something to brag about too.', 'this was a great fast card and i had no issues with it. my gs3 recognized it quickly and still works a year later.', 'fast card, reliable performance. got this card for my galaxy s3, no compatibility issues. would buy again for in a heart beat.', 'this is a very fast card. i have 2 or 3 of them now, and have had them for a few years, and they are all still working.']"
416,"i bought this card for my camera, which had a 720p video recording option. it works with my galaxy s4 and is fast enough to record 1080p videos - the adapter that came with it makes it easy to offload video to the macbook.","['able to capture 1080p full hd on my blackberry z10 now. with my other card i was only able to do 720', 'great little card. will allow 1080p recording on my note 3 phone. frustration free packaging is genius. make sure your device supports the high capacity card before ordering.', 'i bought this for my camera, which had a 720p video recording option. everything works just fine with the card and its adapter.', 'this works with my galaxy s4 and is fast enough to record 1080p video. i would purchase again i have always had good luck with sandisk cards.', 'i purchased this microsd card to record extended 1080p videos and it has worked flawlessly. camera did not immediately recognize the card, but going into the settings and selecting format solved the problem.', ""i'm using this 32 gb micro sandisk ultra to record 1080p video to a blackbox recorder in my car. i just popped it in and it worked. the adapter that came with it makes it easy to offload video to the macbook. it appears to keep up with 1080p video very well. i've never missed a frame of audio or video. it is constantly overwritten every 3 days with the oldest event and it has not failed yet. been using it for a couple of months now. seller mailed it usps and it arrived in 3 days."", ""card works fine. using in a wireless ip camera that records 720p. can think of much else to write... it's a memory card and it works""]"
417,"i bought a few cards for my phone, my gopro and my camera. they are hard to hold on to and get in and out of my drift cameras they get stuck all the time.","['for this special price i could not let them go.i bought a few cards for my phone, my gopro and my camera.... ideal', 'its amazing how small these cards are, be careful not to loose it, i have almost a couple of times, i use this in my gopro and it works very good. shipped fast as well. a plus', 'i have a problem with the size of these mini cards they are hard to hold on to and get in and out of my drift cameras they get stuck all the time']"
418,the size is perfect for heavier photographers. it's a great card - it has worked very well for me with my go pro!,"['i am continually amazed by the fact that this tiny bit of almost nothing can be so powerful. however, i caution anyone buying these micro cards for their gopro that they are extremely easy to lose, but i highly recommend them.', ""gets the job done for my gopro so that's good. i just never liked how small the actual card is due to its nature of it might just get lost...then that's game over. the price was amazing, so i got two for the price of half of one."", 'great card. it has worked very well for me with my gopro. great quality and speed. the size is perfect for heavier photographers.']"
419,"bought this for motorola razr maxx phone, it worked as advertised. works great. all is good.","['purchased this for my device, it worked as advertised. you can never have too much phone memory, since i download a lot of stuff this was a no brainer for me.', ""bought this to add memory to my phone. no problems installing and it works great. don't know if i could ask for anything more."", 'purchased for use as add on memory for motorola razr maxx phone. works great. package arrived as scheduled. all is good.', 'this was a gift for someone else that needed more memory space on there phone. i hope it works out for them.']"
420,"the 64 gb card has performed well on my galaxy note 2 and galaxy notes 3. the card is enough for storing pictures, movies, and songs.","[""i purchased 2 of these and am very happy with both. good transfer rates. i found my last sd card caused the camera in my phone to delay when taking shots, but this one allows my phone to take pic's very quickly!"", 'got this to replace my old class 4 micro sd card in my new phone. plenty of space and very fast.', ""i own a couple of these and i've tested them on several devices. i use these cards mainly for my mobile devices. the 64 gb has performed well on my galaxy note 2 and galaxy note 3. i've tested the transfer rates and they are within the prescribed range. these are not the fastest class 10 cards, but they are sufficient for storing pictures, movies, and songs. i'm able to play songs and movies off of the card without any delay at all."", ""incredible speed, phone recognized it within moments. i was able to transfer all my books music videos and everything onto my phone and have room to spare without having to worry about a fully consumed memory card. arrived a day earlier than i even assumed.pros incredible speed.class 10exactly as orderedtons of storage!cons i'll be serious, nothing wrong at all here."", ""this sd card used to be one of the fastest. now it is merely adequate.i bought the 64gb version and inserted into my samsung galaxy s5 latest samsung phone .the performance, although still adequate, is less than stellar. for example, to load the amazon kindle app, which is about 35mb and i purposely placed it into this sd card, it takes about 7 full seconds to load. the same app on my ipad takes around 2 seconds to load.still, if you aren't too much into your smartdevice performance, then i wouldn't worry. but if you do care about how fast your smartphone can take pictures assuming your pictures are stored in sd cards or how fast your apps will load, then you should purchase a much faster sd card for your latest phone.pros 1 adequate performance.2 hassle free packaging.cons 1 not the fastest, but still adequate."", 'i love this card, its way faster than any other micro sd i have ever owned. i can transfer roms like nothing on my galaxy s4. when i had the old microsd that comes with every droid phones, that use to take for ever.high recommend this one.', 'this is a very fast and reliable microsd card. i used this on my galaxy note 2 and loaded movies and family pictures. transfer time is speedy!', 'larger than move and was a high class.i use this on my s4 and works wonderfully.i store all images on sd take quck second to load but much faster and better than the last sd card i had which was a class 6', ""i bought this memory card for my smartphone nokia lumia 521 when my older 8gb micro sd card died on me amazon basics brand .i threw on some mp3s on there to listen on my phone on my trip up the california coast since i knew some areas wouldn't have any radio or cell phone reception, and had no problems with it.i haven't done any speed tests on it as i'm not using it for anything that needs extreme speeds. its has more than enough speed for capturing video and and pictures.its a great deal for the amount of storage and its price."", ""i got this for my new phone. it works as expected. i don't worry about the speed in these things. i loaded up all my music on it my phone stores my pictures on it. so far i have not had any issues with this micro sd card."", ""i wasn't expecting great transfer times like i get with nice compact flash cards, but this card is closer to those than the last generation of sd. wow."", ""i don't have too much to say about an sd card, but i wanted to at least give it the 5 stars it deserves. we used it in a galaxy s3 and it has worked flawlessly so far. i haven't run any benchmarks to confirm the speed, etc but it does not seem to hinder the phone or camera which we now have saving photos videos to the sd card in any way.i will point out the the s3 camera app did notify us that burst mode shots will still write to the phone's internal memory. potentially due to the high date of data being written. that's good to know if you use burst mode a lot and were hoping to use an sd card for that purpose.""]"
421,"this mimi disc has high memory and speed. it also comes with the full size adapter and all for a great price. the price is economical for the size it is, purchased this for my go pro hd cam - works great if it's not available on the gopro camera.","[""i purchased this primarily for use with the gopro camera because it doesn't come with one. to my surprise, this mimi disc not only has high memory and speed it also came with the full size adapter and all for a great price."", 'a lot of memories. works fine with my gopro camera. i thought it was a little expensive but when i see the real price on a store, totally change my mind!', 'and the price is economical for the size it is, purchased this for my go pro hd cam, works great adn the adapter allows me to instantly transfer the movies and pics to my computer.']"
422,comparable product at a big box store. it's not the same product as the other if you're buying it.,"['got it for my cell phone, samsung galaxy s4. works just like one would expect and appears to be quite fast.', ""i bought this for my samsung gs4 and it is working quite well. i have had it for several months without issues. i do not know how it performs vs what is advertised but for my purposes i don't care as much. it seems to load quickly on my phone as well as saving files."", ""got this for my samsung galaxy note 3. recognized it immediately. seems to work fast for the pics and videos i've taken. no complaints. the price on these things fluctuates quite a lot. i would recommend to use a price tracker camel camel camel on this before purchasing or at least pay attention to the price a couple of days of purchase. the price had dropped by fifteen dollars after it shipped. amazon's awesome customer service refunded the difference without any trouble. thanks!"", 'installed this in my galaxy s 3, no issues, put in, formatted and started taking photos, everything work fast and as expected.', ""i bought this and put it my mobile phone samsung galaxy s3. i don't have a lot more to say. i put it in, formatted it, and it has been working very ewell for some months now. seems to be very fast. no issues. recommended."", 'i bought this for my new galaxy iii and i have to say that it is super fast at loading up when i insert it and i have had no problems with it or glitches so far. i got it as a deal of the day and it was a bargain!!', 'bought this to go with my samsung galaxy s iii. it is class 10 which means it is fast. works well.', ""using this in my samsung galaxy s3 and i haven't had any issues with it, and it is super fast."", 'i purchased this because my samsumg galaxy s3 was getting full of pictures. it installed easy, works great and i have had no speed issues when writing or reading from it,', 'this worked right out of the box for my samsung galaxy s3. fast speeds, class 10. half the price as a comparable product at a big box store. i may buy a second one later.']"
423,i have this in a samsung gn 10.1 2014 edition tablet and getting 28mbps transfer from my canon t3i. it's stored on the same device as the one in the u.s.,"[""not a lot to say about it, it's storage. i haven't done any speed tests or anything but it definitely works in a samsung galaxy s3 and i don't see any performance issues watching videos files stored on it."", 'i have this in a samsung gn 10.1 2014 edition tablet and getting 28mbps transfer from my canon t3i using a eye fi mobi 8gb sd card.']"
424,"adam mccartney's sandisk extreme cards have never let me down. the card shows up on devices, may even show data being copied then when you refresh, nothing has happened - the only saving grace of this since i could at least save my data if they were able to recover the data and nothing","[""update 6.24.14 my 128 gb card stopped allowing writes via any of my card readers on a windows pc either when it was inside any of several full size sd card adapters with the write protect tab in either position or plugged directly into the microsd slot of the reader. microsd cards have no write protect tab, so i was quite surprised and worried by this. after failing to find any workable solution by searching online, i finally put it in my chromebook and created a new folder on it there, then stuck it back in my windows pc and it no longer gave me a write protect error. if anyone has a similar problem, i'd recommend doing something similar by putting it in any other pc, laptop, camera, etc you have available and try writing to it there. this portion of my review is necessarily being written as an update to my original review of the 64 gb version of this card, since amazon disallows multiple reviews for what they consider the same item. this portion concerns the 128 gb version of this card i don't need a fast card, so the speeds on this card were not that important, besides which my test pc is not exactly high end. therefore i didn't count off for the speed results i got below, using a usb 2.0 card adapter, but i thought they might be relevant to some readers. while the card did reach the class 10 and or uhs i requirements, it came in at under 2 3 of the claimed read speeds up to 30 mb s for fast file transfer. then again, running on a second pc using a different usb 2.0 card reader, none of the speeds even hit 5 mb s, so this seems to be highly system dependent.i only just got the card this week, and so far it works on select sdxc compatible devices and exfat compatible operating systems some sdxc compatible devices, such as the panasonic hdc tm40, do not allow cards larger than 64 gb for whatever reason this was stated in the manual, and i've confirmed this card is recognized as broken corrupt unusable in that device, whereas 64 gb exfat cards work fine. the 128 gb works fine with original exfat formatting in my toshiba excite 7.7 android tablet, and predictably not at all in my non sdxc compatible galaxy note 2 though it possibly would if reformatted to fat32, since a 64 gb card in fat32 works fine there .i'll update my review to reflect any problems, issues, etc that i notice in the coming days weeks. crystaldiskmark 3.0.3 c 2007 2013 hiyohiyocrystal dew world url removed as per amazon rules mb s 1,000,000 byte s sata 300 300,000,000 byte s sequential read 18.694 mb ssequential write 11.921 mb srandom read 512kb 18.502 mb srandom write 512kb 0.680 mb srandom read 4kb qd 1 3.339 mb s 815.1 iops random write 4kb qd 1 1.581 mb s 386.1 iops random read 4kb qd 32 3.151 mb s 769.4 iops random write 4kb qd 32 1.564 mb s 381.8 iops test 1000 mb g 0.0 0.0 119.1 gb x5 date 2014 04 24 16 53 49os windows xp professional sp3 5.1 build 2600 x86 the following is my original review of the 64 gb version of this card, published april 24, 2013 this is a high quality card. i've used it in a variety of devices, through multiple readers on different pcs, in an hd camcorder using a micro to full sized sd adapter, and i've never once had a problem with it. it even works at full capacity in some microsdhc only devices once its reformatted to fat32 such as my sandisk clip flac player and supposedly even psps via a proper adapter, though i haven't yet tested my psp . i keep anticipating someone coming out with a card with equal or better capacity and speeds at a comparable price, but i haven't seen one yet. if these were cheaper, i'd have several by now.make sure your device can handle micro or full sized sdxc cards, or is one of those rare gems that state they support only as high as sdhc but have been tested to work with sdxc cards such as this one once they've been manually reformatted to fat32."", ""i really want to like these and i do trust sandisk more than other manufacturers of memory cards. that said, i'm moving on to my 3rd card. thank you amazon for having exceptional customer service, or else i'd be very upset.basically this card will suddenly not allow writing to it anymore. you can't save files to it, you can't delete files from it and you can't event format it. i've tried doing all three in different os'es and devices with no luck. doing some reading on the sandisk forums this seems to be happening a lot with these cards.i'm returning this to amazon and trying my luck with a different brand to see what happens."", ""this card was used in a phone without a large amount of write stress which does shorten the life of the card it was not written to over and over in the phone .the card is now totally unwriteable on a mac, a linux machine, or the phone writes all seem to succeed but even low level reformats don't actually do anything the exact same files are there after every change, untouchable and frozen forever.10 months of use out of a memory card and then a really weird failure like this neither the mac, linux machine, or phone reports any error is not acceptable quality from sandisk."", 'i have had this for 8 months, and the sd card already stopped deleting files and keeping pictures. i have tried reformatting, and nothing helps. not cool.update april 2, 2014 i contacted sandisk and i am sending the problematic card back for warranty replacement. i hope this will resolve the issue with the card. i will keep you updated once the process is complete.', ""i've requested a replacement, so i'll update this review after i receive a replacement. but the first card i got, it could be read, but every time i put it into the computer, it said there were errors with it. it couldn't repair the errors. i couldn't even format it using a command prompt to try and get it to work. i could create folders on the card, but not put anything into them or onto the card other than folders. i tried many many things and nothing worked. i know sandisk makes decent products, so i will change the review later."", ""i wanted to believe that those people who wrote bad reviews on memory cards were just unlucky. well it sucks being one of them. i cannot get this card to format not matter what device, software or technique i use. the mistake i made was that i didn't use the card right away to see if it was good i thought, its a memory card, what could go wrong. now i'm out of the us and returning it is not economically sensible. i don't know if it's quality control, but this card simply cannot work in any reader, device, with or without adapter write protection off on the reader of course . the card shows up on devices, may even show data being copied then when you refresh, nothing has happened. all formatting software says it's write protected and nothing i do can remove it. why would a new card come write protected anyway? very disappointing, especially since i lost data from my phone."", ""i have exclusively used sandisk extreme cards in my pro photography gear for years and they have never let me down. this one is a dud, though. i plugged it in, let my phone format it, and then start copying to it. everything copied just fine, but after i got done, that's when it started acting up.if i had my phone plugged into the computer and was using it as a storage device, i got tons of crc errors and or messages saying that i needed to format the card before using it. the phone would come up from time to time saying that i had inserted a blank card. if i reboot the phone, it works fine for a little bit, and the errors would start again. i thought maybe it was the way the phone formatted, so i tried to format it on the computer, but that didn't help anything.very frustrating! thankfully i've had it for 2 days before the trouble started, so it's going back to amazon for a refund and i'll have to find a more reliable card for my phone."", ""i got this card only a few months ago, used it on a note 3, now it has failed. no matter what i try, attempts to format the drive or edit the files on it, whether using my computer or the phone, have all failed. the card's data is now essentially read only, which is the only saving grace of this since i could at least save my data.previous to this i had an issue with it corrupting photos randomly, with increasing regularity as it grew closer to complete failure. i am now going to be avoiding sandisk when possible"", ""i bought this card to replace a lost 16 gig in my phone, htc g2 . seems to be working perfectly, so i will recommend to all. wait!!! read on...i had this card in my phone for a little over a month when it messed up. the phone stop recognizing the card, tried it in the computer and it was not recognized either. i contacted san disk and they did send me out a replacement but i lost the few pictures i had on the original card. i could have sent the card to san disk's data recovery people and they would have charged me 275.00 if they were able to recover the data and nothing if they couldn't. a bit to rich for me so i passed and unfortunately lost the photos.""]"
425,"the 64 gb card was filled with about 18 images and it took about 3 hours to decrypt it in the phone. it turned off the pc and inserted it into my desktop - but it didn't work properly. if they replace it, i will revise this review's review'review'","[""i wish i could say this card was great. been waiting for it for around a year and a half whilst using the 64gb one also sandisk which never gave me issues sadly i lost it. this card confused the heck out of me. i used it on my s4 and first off, it wouldn't recognize it. tried it on my gf's s4 and same problem.apparently it comes formatted as exfat and thought maybe reformatting it as fat32 would solve the problem. well i thought it did since my phone finally recognized it upon inserting it. a new problem arose, though. i started taking pictures to try it out and odd thing was some of the pictures became corrupted. not even viewable on the phone seconds after taking them. some worked, others not.later on, i restarted my phone for some reason or other. a while later i wanted to check the pictures again and, surprise surprise, everything was gone. i'd find out later that every time i restarted my phone everything on the card was being deleted. tried it on my gf's phone and same thing happened.tried reformatting again as fat32 using gparted couldn't hurt and it just throws errors upon starting the write sequence.too bad i can't return it as i had it shipped to me in guatemala. so that's 119 down the toilet. i have to buy a new one now, but i think i'll go for the new samsung evo ones although they don't offer a 128gb model as of this writing bummer ."", ""i am using the 64 gb card in a galaxy note ii phone and have had the card working perfectly from march to october. the speeds were fast and it always worked flawlessly.then one day i decided to protect my data prior to going to europe by encryping the card in the phone.the encryption process went properly and took about 3 hours as my card was filled with about 18 gb of mostly image files .however, the phone then slowed down considerably and it took up to 10 second to decrypt the card every time i woke the phone up the screen. needless to say i didn't like that and decided to return the card back to decrypted state. i did the procedure of decrypting it back and when it was done, the card became urneadable. attempting to format it in the phone as well as in the computer with various utilities programs did not help. the card showed those old folders being present despite multiple formats but i could neither access the files nor permanent write to the card. the phone could save pictures to the card while it's powered on but after restaring the phone, the newly taken pictures were gone .i contacted sandisk who graciously exchange the card which now work great again. i give the card 4 stars just because i don't know whether the experienced problem was due to the card or the phone. the sandisk has shown itself to have great customer service and i really appreciate them exchanging the card. i will definitely not encrypt it anymore. when card works, it works super fast and reliably."", 'i was very excited to buy this card 64 gb for my samsung galaxy note 2 the product arrived promptly and i was able to format it to ex fat and use it right away in my smart phone. however, exactly 10 days later when i removed the card after turning off the phone and inserted it in my desktop, i got an error saying that the card was corrupted and unreadable and that i needed to format it.since i had already got a lot of data on it, including a lot of videos and images of our new born twins, formatting was not a viable option.i tried to get the card working on my pc desktop, mac air laptop and the samsung galaxy note, but to no avail. finally i decided to format it. there too, i kept getting errors and that the computer was unable to format the card. finally i tried full format via my pc got an error again and then right away quick format and that worked so the card is back and working in my note again, but now i wont trust it anymore not after having lost so many irreplaceable images and videos.i am a professional photographer, and use memory cards all the time this has been the worst of the lot !!', ""never had a problem with any sd cards prior, and always had a good track record with sandisk products.card was working great at first, used exclusively in my samsung galaxy s3. enjoyed the extra space got the 32gb card and transfers were pretty quick. i started to see about a month ago that the phone would randomly give me sd card unexpectedly removed error maybe once a week. the last 2 weeks, i also started seeing frequently sd card safe to remove randomly pop up at least once a day as well as the unexpected removal error every few days. today the card stopped reading all together.the card was first inserted w the phone off, when i bought it. although i never formatted it, it worked properly. i also never removed the card from the phone in order to possibly corrupt it from improper removal, so the card just seems to have died of it's own accord. i never thought to check it's temperature after transferring large files so i'm not sure if i had the same issue as another reviewer.contacted sandisk, waiting for reply. if they replace the card and it works well, i will revise this review.update 2 28 13got a replacement card after about a week and a half, sandisk supplied a shipping label for me which is always a plus. i've had the replacement in my s3 for 3.5 months now and still going strong. i've also used it with the adapter in my gopro. card is working well and hopefully it continues to do so. updated to 4 stars since i haven't had a single problem with this card the first one started showing issues fairly soon after installing . maybe there was just a bad batch of the card for spell there."", ""as the title says, the card i got is defective and faulty. the issue is, the sd card always unmounts and then remounts and sometimes it will says the the sd card is corrupted and needs to be formatted, so first i tried to format it using my cellphone xperia play copied all my files again to the sd card and it gave me the same error tried 2 other phones inspire 3g and samsung galaxy s4 still same error, then i tried to take it out and put it in my computer and manually format and check for bad sectors and fix errors and it will not finish and says 34 cannot continue because sd card is corrupted 34 . i searched google and find out the sandisk have shipped a bad batch of sd cards, so i contacted the company and demanded for a return because its past due to return it through amazon, got rma'ed and already shipped it and i do not know how long will it take to for them to send me another sd card. so now i do now have any sd card to put my files because of this situations that could've avoided if sandisk's qa department is not slacking off. very disappointed customer.""]"
426,64gb card is 'not slow' for me i just don't notice the difference using the class 4 vs the e890 optimums g pro.,"[""hard for my mac to read. mhz be mac, might be card. it's fast in a gopro, no real complaints"", ""i was reading some reviews about this and honestly i really don't notice the speed. but the storage of it is epic. 64gb card 32gb phone ... a lot of information.... and i save and store alot of things. for me its a great card to hold stuff and a speed i really don't noticed, however i want to add that this card is not slow i just don't notice the difference using a 32gb class4 vs 64gb class10 on a e890 optimums g pro"", ""i can't believe how fast this is. i had a class 10, 32gb card by imation and it was nothing like the speeds i get out of this.""]"
427,i have used to record video while riding my quad. usually the battery in my camera dies before running out of space in this memory card. nice product at a reasonable price.,"['i have used to record video while riding my quad. usually the battery in my camera dies before i run out of space in this memory card.', 'nice product at a reasonable price. i use mine in a gopro camera and it works great. i would recommend this memory for high speed action video as it works great.']"
428,if you have a card you can use it on your card - it's ok to use the card to make it easier to read it.,"[""not as fast as advertised most of the time, actually slowed down my note 3 when i filled it with movies leaving only about 8gb free, switched to a faster card due to that, but it could also be the phones fault. all in all it's a good card with good speed and size for the money."", ""super fast compared to my other cards. didn't do any tests, but this is much faster than no name 34 class 10 34 cards."", ""no, i didn't do any speed tests.card works great in my galaxy siii.would leave it at that but the guidelines required 6 more words."", 'very fast card, works great in my gs4. i wanted something very fast but reliable and this is the ticket.', ""while not quite as fast as i was expecting it to be, it works perfectly and smoothly. i bought this for my new droid razr when we moved to a new carrier. it did take a few minutes for my computer to recognize it, causing me to think the card was bad, but it eventually did recognize it and allowed me to move everything from my previous card to it via the desktop . i also put a few movies on it and so far, watching them on the phone has been flawless and smooth. it's only been in my phone for a few weeks, but i have no complaints what so ever at this point. excellent card."", ""super fast, keeps up with my camera speed. i have purchased 3 total and love every single one. wouldn't buy any other card."", ""fast quick does what it's suppose to do. i have placed this card in my gpro hero 3 black edition."", ""got the card, took it out of the package, dropped it in my samsung s4, rebooted and it detected it immediately. no need to format or anything. haven't done any speed tests, but i haven't noticed any sluggishness that would warrant them, either."", ""super fast, works great on my samsung s4. had to make a few config changes on the s4 but that's not the card's problem"", 'fast. however, im not sure if this card case is any more water proof than a normal card. i have been told all of them are water proof. i think this card is faster than several others i use though']"
429,"work, is faster than my class 4 16gb card and provides the space to copy dslr photos. now i'm using it in my smartphone without any problems so far. you will notice that your camera, phone will work a lot faster.","['not much more to say, really. work, is faster than my class 4 16gb card and provides the space to copy dslr photos when i hook the phone to my nikon 5100 with the usb host cable', ""i saw the difference between this and another of 4gb that came with my digital camera, it's really faster than the other.now i'm using it in my smartphone without any problems so far."", 'you will notice that your camera, phone will work a lot faster. i was really surprised to see how much better all worked with this chip. you will be very happy.']"
430,"the micro sd card has a lifetime warranty. it was able to transfer all my pictures, movies, music, and toast from my hard drive to my cell phone very fast - if you can afford it, you would get it. the card is now usb 3.0 speed makes it look very unique.","[""i got this card for my phone. i was expecting a significant increase in speed. i have not really noticed any great speed improvements. the card is working great with no problems. just get a slower card for your phone, you won't notice the difference."", 'i have only had this card for a month so far so good. just got a new phone card no longer needed for that i am now using it for my camera, works great for that it is older cannon elph 5 mp and i get 1000 pics wiith this card.. read writes speeds are great in both phone and camera.', 'noticeable improvement to my sprint htc evo lte with this.camera app used to have bad pictures when i shot in burst mode several frames per second . with this card it never misses a burst picture.also apps that have been installed to the sd card are a lot more responsive.update card has died on me, as of may 12th 2013. i originally ordered this october 22, 2012. so i got about 6 months out of it. oh well.', ""this card was able to transfer all my pictures, movies, music, and toast from my hard drive to my cell phone very fast. although, i don't necessarily believe that you need the fastest card for your cell phone, if you can afford it, i would get it. having a snappy cell phone being able to process and write to an sd card extremely fast makes you happy."", 'my phone is still on gingerbread os, so this card is much faster than i will ever need with its capabilities. i like that it has a lifetime warranty, as my previous 32gb card did not have a warranty and is now fried after one year. for 28 with shipping this should hold me over for many years to come and has the speeds to keep up with future devices. overall very pleased. got 9mb s write speed and 22mb s read speed on a motorola defy xt using a speed test app', 'this card is awesome. i take a picture on my camera and phone and it is almost instantly ready to take another picture. the transfer between my laptop and phone is very quick as well it almost match my usb 3.0 speed. also i really like the color of the card. it makes the micro sd card look very unique. although if you have verizon you may get confused between the lte card and micro sd card.']"
431,this is a great speed card.more than 20 mb sec. works perfect on my android device samsung galaxy sii gt i9100.,"[""i bought this card as a music expansion for my samsung s4 and it handles that task deftly. i don't know how it would work in an intense need of speed environment, but it's perfect for my purposes."", 'this is a great speed card.more than 20 mb sec. works perfect on my android device samsung galaxy sii gt i9100 . also works perfect using cyanongenmod 10.1.the only downside the price. is an expensive card.i use it for music playback, like poweramp, spotify and rdio. works flawless.']"
432,the quality of images are great - no disappointments. used it in new sony hdr as15 action camcorder with no problems.,"['i use this in my canon digital slr. has lots of memory and the quality of images are great. no disappointments.', 'i am amazed that i can buy 32 gb of nonvolatile memory for so little! used it in my new sony hdr as15 action camcorder with no problems.']"
433,"canon elph 520hs digital camera works fine right out of the box. it works in devices that say 32 gig max...put one in my casio 14.1 mega pixelcamera and it says he can take 12,800pictures...","['works in devices that say 32 gig max...put one in my casio 14.1 mega pixelcamera and it says i can take 12,800pictures...', ""i originally bought this for my digital slr and it works the way it is supposed to. since i didn't need capacity for over 7,000 pictures i put this in my samsung tablet and got a 32 gb for the camera. if you need or just want 64 gb of memory this is the one to buy."", 'bought this to use in my canon elph 520hs digital camera. works fine right out of the box. i probably did not need this much capacity, but why worry?', 'i got this for my elph 520 hs camera. amazing capacity for such small size. i also got the adapter so that i could download all the photos directly, and quickly, into my computer without needing a cable.']"
434,"contourroam2 card works great with my contour camera's. it allows me to record hours of 720p 60fps video without running out of space or slowing down. now i have room for about 16,000 photos.","['i purchased this card to use in my contourroam2 and it works great. all i had to do was put the card in the camera, format it, and i was good to go. it allows me to easily record hours of 720p 60fps video without running out of space or slowing down.', ""if you have a contour camera you want to use this with. it will not format! don't even bother.now i have room for about 16,000 photos. not what i wanted."", ""works great with my contour camera's. i can film 1080p 30fps mp4's with no problems using these cards. also, the 32gb means the battery dies before the card fills up. if you're looking for a high capacity micro sd card then look no further.""]"
435,the transfer rate was expected to be higher compared to the previous transfer indices. it was the first time a transfer was made to mexico in the u.s.,"['i got it and tested it block by block. no issues. i tested the speed in various applications and on my laptop in a good usb3.0 reader got no less than 4meg sec and often a little over 10meg sec. speed will of course vary depending on all the hardware and what you are transferring.', 'transfers at about 10mb s, not super speedy but it allows me to run software from it on my windows tablet.', 'great transfer speeds for my tablet. going on a month now and it works just fine. highly recommend it to anyne.', 'and does it fast. been installed in my acer iconia tab for months and has endured file transfer after file transfer with not a single glitch.', 'i bought this to upgrade my phone micro sd, works great and lots of storage. i have not been able to test the speed of the transfer as google has chosen to turn against their customers and disable any ability to connect phones to pcs in a normal since.', 'everything is working as expected.the product is very good, the speed transfer is ok.i use it with my xperia smartphone', ""not much to say other than it is as advertised and it works. i haven't the means to gauge the transfer speeds but i've experienced no lags or delays with the combination of this storage and my hardware galaxy note ii .the shipping was faster than anything i received recently."", 'transfer speeds are good, worth the price tag, use it in my samsung galaxy s3, sometimes it craps out and has to be reformatted or rebooted in phone. otherwise no problems', ""lives up the billing of very fast data transfer speeds. i love that i can just plug my note 2 into my pc and drop stuff onto this thing to my hearts content. access speeds are very good and i've had no issues using it."", ""i got a new phone and this was part of a dock and battery deal so i pulled the trigger. so far transfers have been fast and successful. it's only been a few months, but it just works."", ""if you need anything else out of it, i'm not sure what to tell you. transfer speeds are quick from the phone over usb to the computer."", 'slower than expected transfer rates when used with phones and tablets...i had expected higher transfer rates given the data class']"
436,the adapter can store music and stuff in your cell phone if you want to use it in a computer.,"['we use these in our phones to carry our favorite tunes or take lots of pictures. they are excellent quality.', 'use it to store music and stuff in the cell phone...have had no problems or bad sectors.the included adapter is great for using it in the computer']"
437,i'm using this card in a phone. access to the card by the camera and other applications seems fast enough.,"[""i'm using this card in a phone and so far i have no complaints. access to the card by the camera and other applications seems fast enough."", 'perfect card. i have it in my samsung galaxy s4 and its fast. no delay in pictures video writing, and i think i may get a second just to keep on hand.', 'this card is fast with no hang ups etc. price was very good. i installed in my phone and have many pictures and a few videos on it so far. would buy this card again in a heart beat.']"
438,canon s100 camera used it on my camera to shoot raw format pictures and 1080 video. it worked flawlessly and is currently using it for storage - great product & great price!,"[""this card is fast! and cheap! i used it on my canon s100 camera to shoot raw format pictures and 1080 video and it worked flawlessly. i'm currently using it on my old mytouch phone for storage.great product, great price."", ""i use a sony camera with fairly high megapixels per picture. i also tend to snap many shots in a row. so the buffering speed of cards like this is important. on a recent trip abroad, during which i took 3000 pictures...sometimes using the panorama function...i never ran into any processing delays. the camera and card let me just keep snapping. cards like this are noticed only if they don't perform. they are otherwise just 34 there, 34 which is a good thing. this one seems to perform. obviously, not a technical evaluation, just a layman's assessment after using this card for a while."", 'very pleased with the speed and performance of this memory card. use it in both my camera and smart phone.', 'i use this in a 8 mp android phone, the speed of the card has significantly improved picture taking speeds.', 'this card is very fast and perfect for my samsung galaxy note. i used it for hdr photography and it works very well.', ""this is the card you want for a high end smartphone or camera.no trouble setting it up. fast speeds transferring my old sdcard data back onto this one.don't hesitate, this is it.""]"
439,sandisk ultra 16 gb microsdhc class work the best in my dash cams. a mobile micro d reader to read the small cards and it too work great!,"['i just bought a 1080 p dash cam and i needed the best and fastest memory to get the best quality pictures. i did my homework and as i thought scandisk ultra came out far above everything else out there.if you want the best and fastest memory with the highest quality on the market then get scandisk ultra !', 'sandisk ultra 16 gb microsdhc class work the best in my dash cams... i bought a mobile micro sd reader to use to read the small cards and it too work great ..']"
440,"fast and giv, works great honestly i just don't care anymore. would recommend to u all fast & safe very good quality and has an excellent performacea bit expensive compared to other models in the store.","['fast and giv, works great', ""honestly i just don't care anymore. if this thing works as intended then i suppose its fast to me. get it."", 'also fast .. not much more i can say. i bought two.would buy again and would recommend to u all', 'fast and safe very good quality and has an excellent performacea bit expensive comparing to other models in the store', 'very fast and reliable, couldnt ask for a better product from a better company. unless you have a electronics lab in your home i dont think you could possible come up with such a beast.', 'it is very fast , i like it and i think if you have one you will like it i think.']"
441,"nice product,has plenty of space and is very quick and easy to use. it is also nice to have thereafter so you can use on many optional devices.","['nice product,has plenty of space and is very quick and easy to use,it is also nice to have thereafter so you can use on many optional devices', 'i love this product. the space is perfect for my device and it runs really fast. i thought it came at a great price too. i highly recommend this product!', 'nice to see name brand things that are cheaper then in the store. i bought this either for my phone or tablet. you never need to worry about running out of space. the only downside to this is if you have big fingers this thing is small and hard to manipulate for it to go in the proper way and space.']"
442,sony rx100 works fine using the provided adapter. i bought the more expensive micro sd instead of full size d - but who would expect otherwise!,"['works fine in my sony rx100 using the provided adapter, but who would expect otherwise. bought the more expensive micro with adapter rather than full size sd so that i can move it to other devices that take micro sd.prime shipping arrived in one day.', 'i used it on my sony as15. been using it for almost a month now and i have yet to encounter any problem']"
443,"sandisk is a great product for my new galaxy. feels good to have lots of space on my smart phone to save pictures, movies, etc.","['awesome! so much space, and it works with my phone, all i could ask for! comes in extremely handy. thank you sandisk!', 'what can i say about it works as promised and just what i needed for my new cell phone what more do you need', ""purchased for use with a smartphone. works flawlessly, has given me much more space than i think i can use but we'll see. that's what i always say at the beginning. it works without me noticing it is there so to me that is what i pay for. i think this was a great price and i'm pleased with the purchase."", 'bought two, one for me and one for my husband. works great. feels good to have a lot of space on my smart phone to save pictures, movies taken, etc.', 'this is great. it gives me a lot of extra storage space for my phone. it just worked out of the box. perfect.', 'excellent product for my new galaxy s4 phone. on board storage has now been increased 4 fold! would definitely recommend this product.']"
444,this brand has proven to be reliable and easy to work with. it fits and holds data vs others brands which didn't work consistently. probably overkill in terms of size for most uses and requires special usb reader reader.,"['this brand has proven to be reliable and easy to work with. it is versatile for use in my android devices as well as cameras. nothing is permanent and i try to have a back up of my files, but it has served me well for a couple of years.', ""it's a great brand, works perfectly, i use it for my android phone and now i got tons of extra storage."", ""actually fits and holds data vs others brands which didn't work consistently. probably overkill in terms of size for most uses and requires special usb reader""]"
445,sandisk and i bought this for gopro cam. the camera does the job for much less than box stores had it for.,"['my husband and i bought this for our gopro and we used to to record our vacation to mexico. we still have more than half of the space left!', 'it is very good, thanks sandisk,you must have it with gopro cam to get the benefit of cam, yap.', ""got this to expand the memory of my son's go pro camera. it does the job for much less than the box stores had it for."", ""i couldn't ask for anything better. i use it in my gopro hero 3. records a lot of video and holds a lot of pics."", 'i have no complaints. it works great in my gopro. i never worry about running out of space when filming on dives. i usually go on multiple dives in one day and shoot a lot of 20 30 second video clips to share with family and friends on the web. i never come close to running out of storage space. there was absolutely no issue with compatibility with my gopro.', 'bought this specifically for my gopro hd camera for use as a dash cam, especially when driving or traveling in mexico. lots of room for recording road trip adventures.', 'perfect and just what i needed for my gopro camera. it also comes with an adapter car which can be handy.']"
446,i bought this for my new galaxy s4 and it works like a charm. it's fast enough with the still and video camera on the phone. d you don't want to lose so tiny thing?,"['i have this in a droid x on page plus. it works perfectly. transfer speeds were good. i have no complaints here.', 'this is my 4th unit that i had purchased from sandisk. used it in a sony z tablet, note 2, s4, q10 and most recently the sony z1 smartphone. data transfer speeds are quick and you get consistent transfers without any errors.a worth buy!', 'great with the galaxy s3 didnt have to do anything special just transfer any file fast and got it going must have for s3 phones.verizon s3', ""currently using it for my samsung galaxy s3. it's very fast when transferring files in and out. no complaints so far."", 'bought this for my new samsung galaxy s4. works great, no problems with transfer speed. no failures with it so far, so i would suggest this to anyone.', ""works fine on my android phone..seems fast when transferring from the computer..but with could be faster still..don't know if there is anything faster..so i am happy with it..would recommend"", 'it works great and transfers quickly. i use it on my dell venue tablet and my polaroid xs100 action camera.', ""got it for my new galaxy s3 and it works like a charm. super fast speed of transfer. very much recommend it. not much else to say really... except store it securely! d you don't want to lose such a tiny thing. comes with an sd adapter, but no case, like the sandisk extreme 16 gb sdhc class 10 uhs 1 card i got, hence the four stars."", 'i bought 4 of these for my kids samsung galaxy players. they perform perfectly and seem to have great transfer rates.', ""i got this for my samsung galaxy s5 and could not be happier. it's fast enough with the still and video camera on the phone.i have had no problems transferring files of all types from my pc or tablets. at this price it is a great buy.""]"
447,i bought this to use in my samsung galaxyworks and it works great. it's rated 25mbs for a year and will probably use it for something else like 'a camera',"['oh how i have waited for this...works in s3 samsung galaxyworks in note 3 samsungexcellent transfer rates close to rated speeds 25mbs achieved using this to make a music collection truly portable so nice to not have to carry 2 devices anymore hope this review helps', ""used this in my s4 and in my new s5. transfer speed is good and it is still performing well after almost a year. i haven't been disappointed with a sandisk product yet."", 'i use this in my htc and it works like a champ. perfect for high definition videos and music for any smart phone. transfer rate is impressive and the price is right where it should be..', ""i mounted this in my s5 and it worked flawlessly from the start. transfer speed are great using the s5's usb 3.0 capabilities."", 'i bought this to use in my samsung galaxy s4 and it works great. transfer speed is excellent and it is completely plug and play compatible with my device.', 'used this in my old phone and it works great. quick with transfer rates and loved it for the short amount of time i used it. will probably use it for something else like a camera or something.']"
448,nvidia shield card works as advertised very quick transfer speeds. transfer to it is faster than the transfers to the internal storage - he says 'i am very happy',"['fast transfer rates, i downloaded about 2gb of videos form the card to my laptop through a card reader, all in about a minute', ""i have this in my lg optimus f3 cell phone and i can't believe how fast the file transfer is. i can take pictures on this card as quickly as i can click the shutter button. i am very happy with the card and the price i paid for it."", 'popped it in my nvidia shield and it worked instantly. transfers to it are faster than the transfers to the internal storage.', ""i formatted this card as ntfs...loaded it up with a bunch of my kids' favorite movie and tv shows. transfers seem to be pretty speedy, even while playing hd content."", 'what else can i say? that it is light and small? not the fastest card on the market, but does the job. copying files onto it is slow, but it is fast enough to play music or movies from it on your cellphone or other devices.', 'i used this sd card on my nvidia shield and works as advertised very quick transfer speeds.']"
449,the device sits in my tablet and lets me store music with easy. size is good no troubles it comes with a full sized sd converter too.,"[""i haven't done much to speed test this device, but it does everything i ask it to and the price was right."", 'i havent done speed tests, but this sits in my tablet and lets me store music with easy. it is fast enough to stream hd video from.', 'speed is meh. size is good no troubles it comes with a full sized sd converter too. i put it into my tablet.', 'tested it by storing some apps and taking a few pics and videos.i am not techie enuf to run any specific tests.']"
450,the adaptor on my macbook pro was a great deal. it works as expected. high transfer speed.,"['works as expected. high transfer speed. nice to have extra microsd adapters lying around since i always seem to misplace them. mainly bought it to use in my nikon dslr since i can put the card directly into my cm modded nook hd tablet in the field and view my images on a larger screen.', 'using the included adaptor on my macbook pro to transfer files, i was impressed with the speed of this card.']"
451,this sd card is fast compared to the other ones. you wouldn't really notice the difference in speed unless you're copying a huge file.,"[""i'm not going to give you a detailed speed and what not but this sd card is fast compared to the other ones. you wouldn't really notice the difference in speed unless you're copying a huge file. i use this on my note 2 and i take a butt load of pictures with my phone."", 'this card it pretty fast. i very little between difference between the speed internal storage and the sd card.works great.']"
452,i bought an off brand in fear of it not being compatible with the camera. it works great compared to 2 gb 19 minute videos - it's pretty sweaty.,"[""this item is what it is i've been using it for a few months now and it records hd videos in my gopro hero3 without problems."", 'got this to use with my gopro, give 2 hours of recording time, once ii figured out how to use the camera.', ""perfect for our gopro. we haven't 34 maxed 34 it out yet so i'm not sure how much video it will hold but we've been using it for a while now haven't had any issues with it getting full fast."", 'i bought this for my gopro camera and it works amazingly. no more lag and space for 1.5h of recording in the high ress. quality not 4k if you have a gopro and need a memory card. use this one.', 'i used it with my gopro and it recorded amazing 1080p videos and long time lapses. no issues with freezing or corrupting hd videos.', 'got this for my son gopro and it works perfect he is able to record and take still video and pictures and the quality on playback is very good. a would recommend and buy this product again.', 'got this for my gopro black edition to record up to 4 5 hours of video at the highest setting. very pleased with its performance and so far no errors or failures.', ""i use this in my go pro. never had an issue with it recording 1080p video it doesn't skip a beat. it's hard to beat any of the prices on sd cards on amazon this is always the first place i check."", 'i bought this for my go pro and it works as intended. the video records properly with no choppiness or other defects.', 'not much to say. it works as expected. recording speed is great with my gopro hero3. the sd adapter works gear as well.', 'bought this to use in our go pro white edition and it has worked well. no issues recording time lapse or 15 minutes of video at one time.', 'works great with my gopro camera, and had no problem using it in my computer, all the videos are recorded just fine and in good quality', ""another necessity for the go pro's that i feel should at least come with the go pro's. at least a smaller gb to get you recording right out of the box. too afraid to purchase an off brand in fear of it not being compatible with the camera."", 'i bought this for my go pro and it works great. i can record 9 hours of video now. thats pretty sweat compared to 2 gb 19 minute videos.', ""i use this in my hero3 white edition camera for fpv. i've done about 20 videos to date, without a single problem.""]"
453,transfer speed is good and the picture quality is excellent. the price is great and it feels like it is very good build quality.,"['very fast transfer speeds and it feels like it is very good build quality. great price too and would recommend.', ""super fast transfer speed. very very impressed with the price as well. i'll be getting another no doubt. two words."", 'good transfer speed', 'fast! reliable! huge storage. already own 2 for my mobile devices. transfer speeds are awesome. no problems to date. great buy.', 'the transfer speed is good the picture quality is good it was shipped to me well packed but not over taped up']"
454,"the adapter itself is not at same level, even though it has no camplains. it works just fine with no issues if it is filming at 1080p 30fps for a 16gb card.","['using it on a canon 6d. no camplains at all. really fast access. the adapter itself is not at same level, even though. bad connection, had to use a previous adapter that i already had.', 'using it with action cameras and they work just fine with no issues. tend to be getting around 2hrs when filming at 1080p 30fps for the 16gb card']"
455,bought to increase memory in my samsung galaxy ii. used my phone for business and pleasure and needed the upgrade. works great.,"['bought to increase memory in my samsung galaxy iii. use my phone for business and pleasure and needed the memory upgrade. works great.', 'i got a note 2 and needed more memory well this is the one to get. i have had no problems with it. recommended']"
456,great for hd video or high definition cameras. it would take so long to copy movies and large files onto it. i just wanted a fast one so it wouldn't take too long.,"[""i am not using it to shoot continuous hd video or anything, i just wanted a fast one so it wouldn't take so long to copy movies and large files onto it. it works very well for a great price."", 'great for hd video or high definition cameras, or long term time lapse photography projects. very pleased and would recommend it to others.', 'perfect for hd video production. this will hold a lot of stills and videos with a reasonable write speed no complaints...', 'got this to shoot in hd. it is working really well so far. it is handling hd recording and playback great.']"
457,this was a good buy! definitely needed more memory for my phone. this is plenty of storage and was purchased at 'a very affordable price',"['i needed more memory because my phone kept telling me i was short on memory. this is more than enough memory and i have so many pictures on my phone now! this was a good buy!', 'definitely needed more memory for my phone. this is plenty of storage and was purchased at a very affordable price.']"
458,i bought a cheap tablet with no storage. this works fine and is fast. now he has plenty of external android app storage and also videos to watch. the price was reasonable.,"['bought a cheap tablet with no storage. this works fine and is fast. now i have plenty of external android app storage and also videos to watch.', 'a cheaper alternative than buying a tablet with more storage. shipped promptly and the price was reasonable..i will probably purchase another.', 'i needed more storage for my venue 8 pro tablet, plugged it in and was able to store large files on it within minutes. so far so good.']"
459,elago mobile nano ii usb 2.0 has expandable memory slots. adds a really nice support of memory for any device. keep the main memory free for os.,"[""a must have for those who have android products with expandable memory slots...the go to place to save your pictures and videos so if you change phones or tablets you won't lose your memories."", 'adds a really nice support of memory for any device. i enjoy not worrying about running out of space now.', 'its works fine for me, keep the main memory of my cell pone free for os. a lot of space for pics, music and many other stuffs.', 'this memory combined with the elago mobile nano ii usb 2.0 works like a charm. gives a lot of storage space with great flexibility.']"
460,"my galaxy note ii can hold lots of photos, music, etc. it can be used to hold photos and music.","['gave my galaxy s4 plenty of memory and at a good price. i had a problem with my first one but amazon sent me a replacement next day which worked perfectly. i would recommend this to anybody.', 'i needed a memory upgrade for my phone which is a galaxy s3. the time i got it was on sale and it has yet to fail me once. it stores a good amount of media for my device and can hold a number of 1080 movies and full resolution pictures i have taken. very handy for those long distance trips.', 'the site is very reasonably priced unit memory added to my samsung galaxy no pro 12.2, 64 gb. it also helped expand the memory in this to allow for better storage of songs, information, and i believe it to be a good value.', ""this was a good investment for my galaxy note 2, i had to use the perseus kernel to swap the internal memory with this little guy, so right now, my phone reports internal memory of 59gb, so that's great. it's good saving pictures, full hd videos, games, etc."", ""a very nice addition to my note 8 inch wifi!, excellent, know this brand as it is the same that i use in my camera nikon d7000, so i'm very happy with this unit memory, it gives me more flexibility, and class ten to be very quick."", 'easy upgrade to the storage in the lg marquee. seems pretty fast and stores data just fine. not sure what else to say about memory? it works!', 'bought this for my samsung exhibit which has a small internal memory so i could move google translate onto it. that did not work out since almost all apps wont transfer over to the memory card. but now i can take a ton of photos videos and store music. no problem with it so far.', ""i knew i was going to purchase a new samsung note 2 phone and i purchased this long before i actually needed it. i'm very pleased i did because i finally got my new phone, added the memory and i'm very pleased so far. with the holidays near, i plan to take lots of photos and videos with my new phone and the extra memory will be very helpful."", 'this was an inexpensive way to get my galaxy note ii from 16gb to 32gb of memory. its plenty fast and can hold lots of photos, music, etc.']"
461,"the phone didn't recognize it at first, but after formatting it's all good.","[""works fine my virgin mobile htc evo v. the phone didn't recognize it at first, but after formatting it's all good."", ""works fine my virgin mobile htc evo v. the phone didn't recognize it at first, but after formatting it's all good."", 'works perfect in my htc one v. no complaints. love the amount of space in the tiny package. fast as you need for a phone!']"
462,asus memopad hd7 holds all the stuff he wants on the media. it doesn't have to be stored on cloud storage which is not always reliable.,"['loving it! plenty of room to store my media and go back and forth between my pc and tablet. also great for storing all my school related texts and documents.', 'good space for the money... put it in my asus memopad hd7 and i have all kinds of media on it with room to spare! love it!!', ""it holds all the stuff i want on it so i don't have to put it up on cloud storage which isn't always reliable.""]"
463,"my wife's new galaxy s3 ran out of storage space as we were moving her music library to the phone. installed two of these, one for her phone and another for mine in a couple of minutes - and they were immediately recognized by the telephone!","['i put it into my phone, and now it is like my phone has unlimited storage possibilities on it. thank you!', 'out of its storage and into my new phone. recognized, formatted and and available in less than a minute. simple!', ""my wife's new galaxy s3 ran out of storage space as we were moving her music library to the phone. ordered two of these, one for her phone and one for mine. installed them in a couple of minutes, and they were immediately recognized by the phone. it couldn't have been easier!"", ""stick this in the slot and forget about it. not sure what is being stored on this little thing or when i should remove it from my phone but, hey, it's in there.""]"
464,i put this in my tablet to store pictures and video. it works perfectly for my tablets for extra storage - do buy it!,"['i put this in my tablet to store pictures and video. it does alot better than the class 4 i was using. becuse i already had it in my junk drawer.', 'what a great find under 50. it works perfectly for my tablet for extra storage for photos. do buy this.', 'this is a great up grade for me. i use it for my tablet and it gives me lots of extra storage. i would recommend to anyone.', 'super addition to my tablet,it gives me the space need for my music. i am very satisfied with quality as well as price.']"
465,"tried this with its adapter on dslr camera and got some errors at times while trying to save data to card. it worked initially, and would periodically have it create a bad image file - and none of the pictures i took further in that session would remain in the image archive.","['tried this with its adapter on dslr camera and got some errors at times while trying to save data to card. it is ok for other uses like computer external data.', ""i use this in my camera and it worked initially, but would periodically have it create a bad image file and none of the pictures i took further in that session would remain. i went to the camera options, reformatted the card, and it's worked perfect ever since so far with over 1000 pictures.""]"
466,"great product for the price.gave me plenty of space to add videos and music. works perfectly well with my galaxy note 10.1 - a great little drive to store music or files on. fast shipping, packed well.","['works as expected.love having more room for picture files,etc.on my samsung galaxy tab 3.buy this one,its just right,you wont be sorry.', 'great product for the price.gave me plenty of space to add videos and music.works perfectly well with my galaxy note tablet', 'i bought this for my samsung tab 3, my pc, camera and cell phone. it is a great little drive to store music or files on. the price was excellent as well. fast shipping, packed well. great deal all the way around.', ""this is a wonderful product. may not hold my whole library, but close enough. works great with the galaxy note 10.1, just need to reformat it as fat and you're good to go.""]"
467,the samsung 7 34 is primarily used as a reading device. it can now place pdf books to choose from - works like 'a charm' the item was plugged in and worked immediately and was very affordable.,"[""more than a year in and still going strong. it boosts the memory of the tablet so i can store movies for trips and the tablet stores big files there automatically to save it's own brain for more important things."", 'id say that this product is a steal! now i am able to expand the storage size of my tablet to add more hd movies!', 'i like this because it works in my transformer tablet and supplies me with plenty of space to play, watch, or listen to what i want.', ""my wife loved it and me too because she take all the pictures and movies that want make and i don't need all the time ti pick out from the tablete."", ""got this for my girlfriend for the tablet i bought her, she love this as she can now put all the music and pictures on her tablet that she wants and doesn't have to worry about running out of space anymore."", 'i bought it for a tablet. i like having the capacity for music movies and files. i have purchased this model before and never had a problem', 'i use it to put my music videos and movies on. works great with my tablet and there is no stalling on the movies or videos.', 'i use it to store movies for my kids to watch on theirandroid tablet. it works flawlessly. price finally down to earth.', 'fit my needs nicely in my tablet. no more buffering anything anymore. and big enough to hold quite a few movies on.', 'this is great for my tablet, omg i have so much stuff on storage that it would take me forever to read, listen, and watch it all. very nice. very nice indeed.', 'this is a great addition to a tablet. i store and watch movies on it as well as music and pictures. it does everything it says it does in its description and i have had it for about a year with no issues at all. i cant really think of anything bad to mention at all except that its so much memory in much a small package it could be the easiest way to loose nearly 100 movies in a washing machine and not even notice.', 'works great and it is so nice to have enough space for all my movies and books, comics and such that i like to keep on my tablet.', 'works like a charm...expand my tablet capacity and now i have lots of space for apps, music and videos without worries', 'works, i have a few movies and songs saved to it to play on my tablet and i love it.', ""purchased this to go with my spouse's new sony tablet, he is happy because unlike me, he doubts he will every fill it up. i on the other hand will use his tablet to take photos and such. now, i don't have to worry about missing that surprise shot when my tablet isn't around and his is."", 'i purchased a samsung 7 34 i primarily use as a reading device. i can now place a number of pdf books to chose from. works like a charm.', 'purchased this item to store movies for use in my sons nabi 2. works perfectly and at a great price.', 'i purchased this to increase the storage on my tablet. plugged in and worked immediately and was very affordable. i am not a tech expert but it seems to have no problem saving large video clips and playing them back. there was 1 cheaper than this, but this seemed to have better reviews so i went with this one. it was about half the cost of the cheapest one i could find at the big box store.']"
468,i bought this for use in my canon 60d camera. works great with no lag effects with video.,"['i bought this for my canon dslr. it works great, no delay in photograph shots. also, no visible lag effects with video. will re purchase.', ""bought this for use in my canon 60d camera. works great with no lag. haven't had a problem with it."", 'i used this to record continuously and it worked great. i have read to not try to update with a card bigger than 32gb in the camera so i always revert back to a smaller card before connecting for updates.']"
469,my phone makes very high definition photos which makes a big size file. i do not transfer the files to the computer because he has plenty of space - also it works faster than ever.,"['my phone makes very high definition photos which makes a big size file. i do not transfer the files to the computer because i have plenty of space. also it works faster than ever.', 'i can take plenty of pictures and put all my music on my phone. works great for what i use it for.', 'it went into my phone and stores my pictures well. i just take it out and plug it into my laptop and transfer pictures.', 'good bye video camera. just stick this in your galaxy phone and take high def video all day! tons of storage for an amazing price!']"
470,"i've just plugged and played on my galaxy s3. if you want the same, you'll pay us 100 per 16 gb with a 2 year contract with your carrier.","['i have a samsung note2, i love being able to record video and taking pictures without worrying about not having enough room, now i do!', ""i've just plugged and play on my galaxy s3.it is very cheap for extra 64 gb. if you want the same on an i phone, you'll pay us 100 per 16 gb, with a 2 year contract with your carrier .i do not remember the last time i downloaded the pictures to my pc...i took hundreds of 8mp pictures and a bunch of full hd videos, i have around 30.000 mp3 and i still have space.i just love it!"", 'plugged it into my samsung galaxy s3 and now i have enough memory to take as many pictures as i could ever want. no complaints. been using it for over a month without issue.']"
471,"sandisk is a popular brand name product, which i have used for years. it works great with the gopro 3.comes with adapter - not cheap!","['sandisk is a popular brand name product, which i have used for years. i bought this for my new camera, for recording video, and it has worked well so far.. have not tried it with my gopro camera yet. it may be a little slow for fast action videos.', ""i didn't see this brand listed on the gopro website as one of the recommended cards but i've never had an issue with sandisk before so i gave it a try. it is a uhs1 card so it doesn't ever stop recording due to write errors. for the price, you can't beat the quality that comes with it. it also included a microsd to standard sd card adapter so that you don't need a different card reader if you have one for your old sd cards."", ""there isn't much more to be said.. first, there is the sandisk name, sandisk quality and sandisk speed. the packaging was done well and shipping was not an issue. as a professional for both video and photography, i've never had a sandisk product fail me. this unit was purchased specifically for my gopro hero 3 black, but could just as easily work in my canon 5d mk iii with an adapter in one of its dual slots."", 'bought for our recent gopro purchase to hold many videos shots. no problem with installing or viewing from chip. sandisk is our go to product for memory cards.', 'as i expect from sandisk, this card is fast, reliable and works great with the gopro 3.comes with the adapter.....pretty cool to have 64gig of space on such a small ad card.not cheap, but worth the money, in my opinion.', 'bought for gopro but use for other hd camera also. very dependable, have owned many without failure. never had a sandisk failure.']"
472,"i would recommend this to anyone very fast, very big. just wish it were a bit less cash. want to buy the 64 gb one.","['as fast as amazon prime 2 day shipping...its rocking inside my samsung galaxy s4! plug and play fun!now i have all the space i need with all the speed i want!', 'very quick and no problems what so ever. a great storage platform and works great in both my lenovo tablet and my samsung phone. i would recommend this to anyone', 'very fast, very big. just wish it were a bit less cash so i could buy more for my other storage needs.', 'fast, easy, and great amount of capacity!!! xc is pretty quick and i am enjoying mine on my galaxy s4', 'ultra quick. you can take several pictures in sequence and this memory keeps it pace. even at movies it shows its speed.', ""it's fast, its small, its pretty cheap. i put one in a usb reader to use as a thumb drive."", 'it is very fast and very, very practical! i really like, almost able to use, and in my phone can play full hd, only great!', 'its fast. i use it every day in my samsung epic touch 4g. i will never need to worry about needing extra space.', 'it is fast and a great deal. you wont need anything bigger than this unless you are downloading tons of movies on your phone. it does its job quite well.', ""very fast, no problem in work. i'm very content with his performance, price and all of my file has enough space for the next year as well."", 'fast and very easy to use. works with my gs4 and it is comparable with other devices. want to buy the 64 gb one.']"
473,lg optima pro is the best one you can get. the price is right - the product was received pretty fast.,"['fast as it gets. even in my phone this thing rocks! in a camera you can almost slow down time itself.', 'very fast and does the job. i have placed this inside of my lg optima pro and it works great. the price is right.', 'fast product when place in my camera. i am very happy with this product. the product was received pretty fast. the material was as described and much better. i do recommend this product to anyone.', 'very fast, this is the best one you can get. i use it on my asusprime and i could see the difference with the previous one.']"
474,"i have a low end android phone and this made using it that much easier because of increased responsiveness and of course, storage capacity. this is blazing fast too. doesn't use too much battery power and does not slow down the phone much at any time at all at anytime at no time.","['i use this for my phone and it works just as it should and it was totally worth the money! great place to store pictures and music for phones instead of using the phone memory so it will still run fast.', 'i have a low end android phone and this made using it that much easier because of increased responsiveness and of course, storage capacity.', 'i put this in my android to hold pictures music and all other items. it works like a charm and a lot of room still for memory. this is blazing fast too. i am happy with this.', ""i use it to store my music on my android. works great. doesn't use that much battery power and doesn't slow down the phone much at all.""]"
475,"sandisk is a good choice for kingston and transcend brands. amsung have also served me well in the past - great balance between price, performance and reliability.","['i use the card with gopro black edition and it is just enough to record some action while horse riding. i have always used sandisk as recording cards and i am happy with the quality i get.', ""got this microsdxc for my gopro. i've got more than enough space not to worry about changing my simcard, but more about changing my battery."", ""i operate a commercial whitewater rafting company and we buy these bulk whilst renting out gopro's and selling the footage along with the card to the customer. we've never had a bunk card or any problems whatsoever over about 40 cards so far. i was advised by my gopro rep to be sure to buy from a name brand 34 like sandisk 34 . the adapter is well appreciated by the customer, not only because most people don t have a port for the micro format, but also because microsd is so ridiculously small that its far too easy to lose.have and will buy again."", ""this card had rave reviews, so i decided to get it to use it with my new gopro hero3 camera. i liked that it had a high capacity and it was class 10 which would allow me to maximize the features of my camera. as soon as it arrived i popped it in to the camera for a quick test run and after it was successful i then packed it in my luggage for a snorkeling trip. 3 days into taking awesome footage with my camera this sd card started resulting in sd card errors which made my data unrecoverable. fortunately i still had some time in my trip to go get a different memory card with better reliability. these memory cards appear to be hit or miss, and in my case it was a miss. i can not recommend this card for purchase. it appears that this company has a problem with the quality control process, and you can see that reviews are either overwhelmingly positive or as is my case, 1 star negative. it looks as though they just accept a certain amount of faulty memory cards. unfortunately for me, i missed the window to return this card because i was travelling, and i am stuck with a useless micro sd card. i've had better luck with kingston, and transcend brands. lexar and samsung have also served me well in the past. i will no longer purchase any other sandisk products and i wouldn't recommend that you would either, but if your are swayed by the reviews, make sure you thoroughly test what you purchase before you actually need it."", 'bought this for a recently acquired gopro 3. stuck it in and had no problems. i would recommend these cards looking for a micro sd for any electronics that need them. great balance between price, performance and reliability.']"
476,"sandisk ultra 32gb microsd card is a class 10 card for my gopro hero 3 camera. it stores my 1080p hd video, as well as.5 second time lapse still photos. the cheapest i found was around 40.so be smart, get this with time and wait patiently","[""comes with a nice little adapter for your microsdhc so you can use it as a normal size sd card also. pretty neat.considering for the price at 24 for 32gb is pretty reasonable class 10 is fast for any hd 1080p video recording or dslr camera.i bought this for myself to use with the gopro 3. taking picture videos working great as it didn't give anycorrupted files videos pictures yet. its working pretty good. san disk is a pretty reliable brand as you won't be able to go wrong with it."", ""this is a great sd card, it's very fast and works well. i have been using it for my gopro with no complaints."", 'works good. what can i say about an sd card? it stores my video files for my gopro. nuff said', ""i bought this sandisk ultra 32gb micro sd class 10 card for my gopro hero 3 camera. it is able to store all my 1080p hd video, as well as .5 second time lapse still photos. i've never had a sandisk memory card fail on me. this is a quality product!"", ""i'm into photography and i just got a gopro.this micro sd card is a class 10, it's great for photo video and the best thing that i has, the price. i went to bestbuy, walmart, target, even a cvs looking for deals and be aware, you'll find micro sd cards 34 on sale 34 but none of them class10 . the cheapest i found a class 10 of 16gb was around 40.so be smart, get this with time and wait patiently."", 'i was shopping for a class 10 microsd for my gopro and staples, od, om sells theirs for more than amazon. bought this and works well with my cam. comes with a sd adapter.', 'i use sandisk ultra sdhc cards for photo and video and have always been satisfied. when it came to needing a microsdhc for a gopro, i purchased this card. it provides the same reliability, consistency and workflow as the larger sdhc cards and with the included adapter, it easily installs in my current sdhc card reader. it also means i can use it as a back up for my sdhc cards, should the need arise, giving an extra 32 gb as a spare card. good card at a good price.', 'i bought this to add more storage to a sharper image action go pro knock off camera, and it fits the bill perfectly. the camera came with a generic 4gb card, but this 32gb class 10 card provides much smoother playback. a nice deal for just under 17.', 'i have used these sandisk ultra micro sdhc 16 gb cards exclusively since buying pov cameras that require them. i have used them in gopro hero 3 and sony action cameras.these cards are great.', 'the best microsd card around for shooting with gopro black edition.had enough memory to record all my dives and then some. in 1080 wide settings.will get more of this lil giant']"
477,nikon p700 and d5000 cameras run fast and store pics just fine. works great in a pair of these in our id600.,"['using a pair of these in a nikon p700 and d5000 cameras. the run fast and store pics just fine.', ""works great in our nikon d600. we'll never run out of space between downloads""]"
478,the blackvue dr400g hd and dashcam.32gb works fine with photo shooting and video recording in eos camera with the sd adapter.,"['this worked really well for me. i used it in a gopro camera for recording a couple of hours of video. love the storage space.', 'good with low pricethankssandisk ulttra i used it for my dash cam. and its works. i can record unto 32g but as user i regularly formatting 1or 2 times amonths to keep memory in a good conditionthanks', ""bought this to use in a video camera. it's super fast and holds a ton of data. buy this one!"", 'bought this for use in my dash camera upgrade.working very well and faster than the 4 gb card that came with the camera. also will work in my other digital cameras.', 'using this in a security camera that i have mounted outside. it does the job of recording the pictures and video. the first one failed and had issues, but this second one seems to be working well.', 'works just fine in my video camera in the car. and i saved over 15 bucks over best buy which always tries to rip you off .', 'great product. works perfectly with my canon camcorder. very responsive and fast.enough capacity for 8 hours video and great price. grabbed in thanksgiving 2012.', 'i purchased this as a recommendation to use with a ls300w dashcam. like most dashcams, there is constant high definition writing to the sd card because of needed looping. this works as expected. reliable and fast.', ""using this for a dash camera we purchased for the car. it's doing the job recording the audio and video just fine."", 'got this to go with my little e prance dash cam. had to reformat it to work with camera, but works fine now. cost half as much as camera.', 'this is great. i use this with my contour roam camera. works great. lots of room for video. transfer speeds are as expected.', 'i use this for a dash mounted camera for my company car. it is constantly recording and erasing old videos when the card is full. it has been used for nearly 2 years, including cold winters and hot summers, and has never messed up.', 'i have been using this in my canon camera. it has been working well. over 6000 photos and many videos.', 'works great with my dash cam. 32gb for 20? yeah i would say this is a win! works in my phone and digital camera as well.', ""works well. came with an sd adapter and i'm using it in a portable video camera. captures everything, even 1080p at 30 fps just fine. no rate issues."", 'i have used this to store recorded video information from a dash camera. i have had no problems so far.', 'the ability of something so small to hold so much information is somewhat overwhelming but true.i use this one in my dod dashcam and it works great. highly recommend to all.', ""does it's expected job. i use it in a dash cam video in my car and the quality is perfect."", 'i use this in my trailcam and it works great. i take an old camera with me in the woods to just flip through the pics and delete.', 'works great with the hd 720p dual lens ir night vision car dvr camera dash cam video recorder motion detection.', 'purchased to use in a dash cam system. works perfectly. no skips or corruption of files on the recorder. highly reccomended.', ""using this in a contout gps camera, don't waste your time buying any other brand it will be a waste. buy the best to start with."", 'everyone should buy this product who likes to record with their dslr.. works great with my canon dslr.. great product..', 'it is a good buy it works great with my sports camera. it was well priced and i recommend it to all users of sport cameras.', 'purchased this to use with our compact digital camera. this works as needed and runs quickly. as this is a class 10 it is to be expected. a great buy at a great price.', ""with the adapter, i can use this with dslrs and other video capturing items that demand a lot of data transferred faster. it's pretty crucial especially when you can snap off 10 to 15 photos per second to get some really good sequences and every little bit helps when your files are 8mb a piece."", 'i have used this with sony camcorder for more than a year now. it works well and copes with the high data volume of a camcorder video.', 'works great with both models of dashcam i purchased.the blackvue dr400g hd and dr500gw hd.32gb works wonders for a constantly on dash cam,', 'works fine with photo shooting and video recording in eos camera with the sd adapter. perfect for tablet and phone memory.', 'i use mine inside a dash camera which records continuously while the car is being driven. no problems so far. having the sd adapter included is nice.']"
479,"card in a sony action cam, records perfect, very happy with card and adapter. reads and writes good excellent card that he uses primarily in my carcam.","[""my camera required it, the brand has a good history, my experience with the brand over years has been very good, the price was ok, buying via amazon is the easiest, least aerobic way to go. i've not found cards much cheaper from other brands and personally like to stick with those with which i have good experience."", 'using card in a sony action cam, records perfect, very happy with card and adapter. no problems. reads and writes good', ""excellent card that i use primarily in my carcam. has also been used, and been compatible, in a small digital camera with the camera's proprietary adaptor."", 'i needed a large capacity, dependable high speed card for my action cam on a fishing trip and this card delivered in spades! recording and playback were flawless.']"
480,"it's inside of my galaxy s3 and has worked great. it greatly helps expand the 16 gig internal memory so i can store music and videos better if he wants a reader plugged in e.g. the note 3 has lots of data and music, but it is not the only one that fits in my phone -","[""it's inside of my galaxy s3, and has worked great. it greatly helps expand the 16 gig internal memory, so i can store music and videos better."", 'it fits in my phone. it holds lots of stuff. it comes with a reader that works in my laptop.', 'fits in my new samsung note 3. holds lots of music and data. i like sandisk as a brand and this is no exception. oh, did i mention i bought a second one for my son too.', 'i put this in a sprint galaxy s3. mounted it and used it. still using it. more storage than i will ever need.']"
481,it worked in my android phone and will hold all my music. it's spacious and holds a large chunk of her music library - so i like it so far and would recommend it works!,"['it worked in my android phone and will hold all my music, so i like it so far and would recommend', 'it works and will give me much more room for music on my samsung galaxy s4!! i will also be able to use this on future phones which is another plus!', ""i use this in my samsung galaxy s3. it's spacious and holds a large chunk of my music library, so i'm happy. haven't had any stability problems, and it seems to be reasonably fast for my purposes. no complaints.""]"
482,i bought this for my galaxy s3 and it works great. it's loaded with movies and pictures for the slow times in my taxi!,"['works like a dream with my s3 smartphone, used for camera pics storage, videos and music really enhances the capability and flexibility of any device with the slot.', 'works well for the galaxy s3 and provides additional space for pictures and music. it was exactly what i expected it to be.', ""got this for my new galaxy s3. it works great. tripled my memory and it's compatible! worth every cent to be able to carry a ton of music and podcasts."", 'fits in my samsung galaxy s3. migrated all of my music to my phone and no issues. fast and good performance. just annoyed i lost so much space after formating it.', 'i purchased this item for my galaxy s3 and it works wonderful. i have no problems pulling up information and downloading music, movies, and pic!', 'using this in my s3 and its great. movies , music and more picture taking . wat else is there to say', ""this rocks with my galaxy s3 android. i've got it loaded with movies and pictures for the slow times in my taxi.""]"
483,i bought two of these for me and my daughters samsung. the only reason not to buy this one is to purchase the bigger one - ive had in my phones for over 2 years and is awesome.,"['bought two of these for me and my daughters samsung galaxy s3, and they store so much on them. i love my phone even more.', 'the only reason not to buy this one is to buy the bigger one. ive had in my phones for over 2 years and is awesome. never worry about running out of storage. great product!', ""this is a great price for such big storage and it's does a great job with my first smart phone.""]"
484,the card arrived promptly and has worked flawlessly in a dashcam. would recommend purchase to others if they need this kind of card - i have no reason to expect it won't continue to do so.,"['the card arrived promptly and has worked flawlessly in a dashcam. would recommend purchase to others if they need this kind of card.', 'this card works perfectly in my black box original quality g1w dash camera.', ""this card works very well with my dashcam so far and i have no reason to expect it won't continue to do so.""]"
485,500hd dash cam can take cards greater than 32gb. the card is the most consistently performing card for my use.,"[""have this for a action cam works great so far. can't wait for my zip line tour. was not expensive as you would think for this size of memory card."", 'this works very well. it is a class 10 memory card which all video cameras like. memory that is less than a class 6 plays back on some camcorders with a jerky playback. not with this memory chip. worth the money and at 64gb of storage lots of video time, photos and music storage. the added value of the adapter is a plus. this is a five star product. art d long island n.y.', 'i got this card for my sony action cam, and it is the best memory card, it work fast and process eveything fast, i recomend this', ""i have a dashcam. it didn't come with a memory card so i got this.this card has been working well in a fairly demanding capacity. that's because like the way most drivers use dashcams, i've got mine set to 10 minute loops. that means new data is being written over and over again on this card. so far the card hasn't quit on me and i'm pleased."", 'bought the astak cm 7200...this memory card works great in that with no hesitation for the video..great pice too..no problems. thumbs up!!', 'i got this item for my dash cam which is in my convertible. the dash cam is recording at all times when i am driving my car so i needed a lot of memory. this card does the job for me and this brand name is fantastic, no problems, and works as it ought to!', 'i am very pleased with this memory card, i use it in a dash cam in my car. the quality of videos turn out great and i have no compatibility issues with any equipment i may use for playback.', ""i bought this memory card to use in my dash cam, and i'm very happy with how it turned out.it does what it's supposed to and that's it. no complaints."", ""well what can you say for the card it has plenty of memory and cam wouldn't work with out it so it's a must have thanks"", 'bought these for my finevu cr 500hd dash cam, my cam cannot take cards greater than 32gb and found this to be the most consistently performing card for my use.i now get almost double the recording content vs. the 16gb card that came with the dash cam. if you need a card with no maintenance and performs with no issues, this is the card to get.']"
486,"the gbs offer more space to load movies in high definition, music and a boat load of other stuff. the space has been awesome, and just enough in size - it is the perfect space for movies and video if you need it.","['put most of my music and many movies on it and tons of room for more. awesome and well priced, at the time of my purchase anyhow.', 'no problems. i enjoy the added space for movies. not sure what else to say about it. if you need the gbs, get it!', 'lots of room on here for movies, video, if you need the space, this is it, and they offer more gb too', 'plenty of extra storage can load a lot of movies in high definition, music and a boat load of other stuff.', 'it has been awesome, and just enough in size. i have been putting movies in the range of 900mb to 3.5 gb. no issues. also plays lossless music with no issues as well.']"
487,i bought this for my gopro hero 3 and am happy with the storage capacity. it gives me about 9 hours and 20 minutes of 720p video at 60fps.,"[""bought this for my gopro hero 3 and am happy with the storage capacity. when formatted it gives me about 9 hours and 20 minutes of 720p video at 60fps.it's high capacity storage, it transfers quickly enough and was reasonably priced. what more can i say?"", 'utilizing for my gopro hero3 black....no issues at all filming and transferring to my computer. good transfer rate and glad i got the 64gb for all the filming photos done.', 'recommended by gopro for my camera.no problems even with very high shutter speeds.next time i will purchase the 64gb version.']"
488,i bought this for my galaxy note s4 and worked very good. have copied lost of music on it and so far no issues. did recognize as soon as it was popped in.,"[""i bought this for my new samsung galaxy s 4, and the first one i ordered produced formatting issues on my phone every time i rebooted. i looked online and found a number of these got recalled or something at one point, and some didn't but just don't work.i returned it for a replacement and the replacement has worked fine in my phone with constant use. i'm on month 4 with no issues."", 'my samsung galaxy s4 seemed to take to it right away. it snapped into place without issue and began working without formatting question.', 'no formatting issues here used this for my htc one max and my daughters galaxy s4 with no problems or crashing or data loss loaded up books, videos and music with tons of space left!', ""bought two of these. one for my galaxy note 3 and one for my wife's samsung charge 3.no pre formatting was required. simply take out of the case, pop into your phone, and they were recognized within seconds. actual space is 59 gigabytes and some change, which is right on the money."", 'the device works as advertised. it had a tremendous price. i have found that it did not need formatting to work in my galaxy note 3. the amount of space reserved for my purposes was most excellent. i would definitely buy this device again.', ""works well with the tablet and htc phone, it doesn't need to do formatting. the devices recognized immediately with no problem. recommended!"", 'found these for a really good price. bought 2, one for my wife and myself for our galaxy note 2 phones. hers worked fine but i did have an issue right from the start. however, luckily it was right from the start because i had almost nothing on it so i reformatted in the galaxy note 2 and it has worked fine ever since. it is recommended not to format it on the computer so i formatted it with the phone. it works good as for now.', 'works as describe. if your going to use it in a phone i would suggest putting it into phone and letting your phone format it, this will save you a bunch of headaches later.', 'bought this for use in my samsung galaxy s3 phone. works great! no formatting, no muss, just works like it should.', 'i bought this for my galaxy note ii and worked very good. had no problem formatting and mounting. have copied lost of music on it and so far no issues.', ""worked in my galaxy s4, didn't have to do any crazy formatting. i popped it in and it was detected."", 'works fine in a samsung galaxy note 2 no need to format although i did recognized as soon as it was popped in 59.47gb usable.arrived really fast and nicely packaged. i would order again.']"
489,"dr edward mcdonald says the little guys arrived a little early and fit into the devices. he says they arrived as expect, fit in the phones, and work 'as stated'","['popped them in our phones and they worked as expected.', 'i have nothing bad to say about these little guys! they arrived as expected, they fit into the devices and they work as stated! d']"
490,"this is the bast for android phone, very fast and holds lots of stuff on it.","['i slipped this into my smartphone. lots of space for photos, and movies on the go at a great price.', ""i got this for both my phone and camera. can't decide what to use it in first, lol depends on what i feel like carrying with me..."", ""i didn't really need this for my phone but i figured i may as well get it. got to love 32gb of storage. works good for when recording 1080p video."", ""i bought this for my wife's new smartphone, so that she should never run out of space for photographs, or at least it will take her a very long time we'll see how long filling it takes once she gets going"", 'for the price, this is the bast for android phone, very fast and holds alot of stuff on it.i would recomend this for phone or for camera']"
491,15 minutes of video equaled about 3gb of memory. the adapter that comes with it works great too.,"['i bought this for my gopro hero 3 and it performed perfect! 15 minutes of video equaled about 3gb of memory.', 'purchased this for the gopro hero 3.i use the gopro to record in car footage at the track. this memory card fits a whole weekend event, which is about four hours of footage at 720p.', 'this card will hold about 3.5 hrs of hd video on the gopro hero3. the adapter that comes with it works great too.']"
492,"the price per gb was extremely reasonable, but it is still ok if you are using it with your camera and faster flash card.","['i got this for my new gopro hero3 black edition and it has worked without a hitch. even in the highest setting i get over 2 hours of recording time, and the price per gb was extremely reasonable.', ""i have used this with a gopro camera and a faster flash card reduces the amount of rolling shutter.i can't say anything bad about it.""]"
493,use this chip with my gopro hero 3 hd to record high definition sports video. i would definitely recommend it to anyone who wants to use it for a sport video game.,"['use this with my gopro hero 3 hd to record high definition sports video and this chip does it very well. i would definitely recommend it', ""i bought a gopro and couldn't record anything because i didn't have a microsdhc class 10 memory card.now i do problem solved.therefore, 5 stars!""]"
494,the samsung i love this things. bought it fit in my new galaxy's5' and it works great.,"['works great in my new s5 i love this things. now i just need to work my phone better so i can use the 32gb more. over all works great', 'bought it fit in my new galaxy s5. nothing more to write. its a great product and price was good and it works.', 'put this in the samsung s5. works great. stores lots of pictures and is easy to load and unload. you can also download the pictures to your computer easily.', ""got it for my samsung s5. super tiny so don't drop it or let your pet eat it.great price, works, shipped safely."", 'works well in my samsung s5 no issue']"
495,"you can store photos, songs and so much more. this was a very good buy for me and it helps me to store more information - it also allows me organize my pictures and music as well if you're looking for extra storage, this is it.","[""if you're looking for extra storage for your device, this is it. you can store pics, songs and so much more."", 'this was a very good buy for me and it helps me to store more information. it also allow me to organize my pictures and music as well.']"
496,"it caused the phone to reboot, but after a reboot i had the full storage space.","[""performs as it is supposed to. 16gb is quite a lot of storage plus my samsung galaxy has 15 gb of internal memory for a total of 32 gb. that's plenty enough to store hundreds of hours of music,"", 'added it to my samsung note ll and now i have 80 gigs of storage. i have everything in there that was on my other phone and i have only used 5 of my capacity.', 'nice to be able to stuff 20gb of music and movie files on my phone. and still have room to take lots of photos and video.', ""bought this to expand my htc sensation. still haven't loaded completely, and still not sure how well the sensation will organize 64gb of music. probably won't replace the ipod, but is an awesome little chip which adds tons of possibility to a otherwise great phone. didn't have any problems with formatting or size limits."", 'i use it in my samsung glaxy s3 to increase more gb. the device has 16 gb, now increase to 48 gb.', 'this puts me at about 80 gb on my phone. i will be purchasing more of these as needed for other devices.', 'love it, now i have 118gb in my zte supreme, works really well in my phone, it restarted my phone a few times when i first put it in but no problems after that, no idea why it did that, but now i can fit my entire music collection on my android which has reached 94gb of all rock and metal!!!!!!!!!!!! now i can get rid of that damn ugly ass ipod classic!!!', 'i picked up this storage device to use in my phone. i only had a 1 gig mini sd in there for music ad it was getting pretty full. now 30 plus gigs of free space later i can download to my hearts content.', 'my galaxy s4 16 gb phone is now at 80 gb. this will give me more than enough room for my music and then some.', 'i get 59.8gb of space on this in my razr maxx. i swapped it in in place of the factory 16gb one and had the system format it. it caused the phone to reboot, but after a reboot i had the full storage space. seems quick enough to load... have not done full file transfer tests but loading 1700 songs onto it took about a half hour.']"
497,the 16 gb is a perfect fit for my phone. it comes from 'a quality manufacture of memory products',"['i wanted extra storage for my phone and this 16 gb is a perfect fit and the price was quite reasonable plus it comes from a quality manufacture of memory products.', ""more storage for my phone. easy to insert, it's really small hence micro, so make sure you don't end up losing it before you get it into your phone. i'm really happy with this product and decent price too.""]"
498,samsung's 4 active smart phone is compatible with a uhs 1 memory card. it doubled my storage space and is quick to respond to the micro card being removed from the adapter - it works perfectly in my galaxy e4!,"[""purchased this for new samsung s4 active smart phone. it worked perfectly, just installed it, no need to reformat. i've put the amazon.com url and description below with frustration free packing part number sdsdqu 064g affp asandisk ultra 64 gb microsdxc class 10 uhs 1 memory card with adapterb009qzh6js"", 'this sd card is very compatible with samsung galaxy s4i recomended it to all galaxy s4 owners 62 62 62 62 regards', 'works perfectly well in my samsung galaxy s4 without having to format to do any configuration. a word of warning about the adapter it comes with. the micro card is a very tight fit and can be arduous in removing the micro card from the adapter!', 'this micro sd card works great in my galaxy s4. it doubled my storage space and is quick to respond. would definitely recommend to anyone who buys a new smart phone.', 'works perfectly well with my galaxy s4! before use, i put the micro sd card into the adapter and put it into my laptop, connected my phone to my laptop, transfered all my stuff from one sd card to the other, and it worked well, i still have all my stuff... with plenty of room to spare... and now with the s4 you can save your apps onto ur sd card, so whatever i can save on my sd card instead of the actual phone memory, i save... now both have a lot of free memory very happy with this purchase. have had it for a while now.', 'very nice upgrade for my phone, gives it plenty of space for allot of games. and if you wondering yes this is compatible with a samsung galaxy s4.']"
499,"this 64 gig unit lets me record hours of video in my gopro hero3. comes with a 16gb card and lets you record 1.5 hrs of footage - if you want to buy several, you can only get an hour or so of time!","['i purchased this for my go pro hero 3... its a solid card, but unless your planning to buy several i would recommended going with the 64 gig. at the higher capture setting you can only get a little over an hour or so of video time.', 'bought this for my hero3. it came with a 16gb card. you will get about 1.5 hrs of video on this card. great price!', 'this 64 gig unit lets me record hours of video in my gopro hero3. no need to carry extra memory cards with this unit for my website ...']"
500,"storage space in such a small package. holds lots of video memory. small, compact and convenience for travel.","[""probably enough storage space to handle most people's personnel information needs. just don't forget where you hide it."", 'it has such a large storage capacity in such a small package. store all your photos and data on this.', 'holds lots of video memory. small, compact and convenience for travel. due to the small size need to remember where you place it.', 'unbelievable room in a tiny package. so far have been able to store and retrieve hi def video with no problems.']"
501,"gopro has even admitted it doesn't support this. it works well in my son's sd adapter too! he recommends anyone buy this accessory because it is good quality bought for my boys goPro3 - and it can film for long stretches, then his son filmed for a long time.","[""works great more than i can say for the gopro . i do pull it out an put it into my computer using that little sd adapter. way quicker to pull 16 gb that way i don't know why ."", ""these have issues with gopro, do not use. the transfer speed is inaccurate, and gopro has even admitted it doesn't support this."", ""use this all the time in the gopro. it's a great buy! super cool that it comes with a sd adapter too!"", ""works well in my gopro even though it wasn't one of the gopro recommended ones. a good buy that has the speed for movies and big pictures."", 'works perfectly with the transfer of data from my gopro to my laptop! i suggest anyone buy this one because it is good quality', 'bought for my sons gopro3. he loves the gopro, and this accessory is great. allows him to film for long stretches, and then he comes in, downloads and edits.', ""yep, put this is our gopro it's fast enough for me. small for my hands but it'd probably the last few years we have to touch things, before everything is wireless. meaning wifi transfer in the future changes for all these type of things.""]"
502,"i needed some space on my phone, bought this, hasn't given me any problems. we use them on our galaxy 3 phones and have never had a problem.","['i needed some space on my phone, bought this, has not given me any problems.it just works really well', ""got it on time, and i haven't had any issues at all. i got if for my samsung 10.1 note and there is by far plently of space left."", 'we ordered two of them, one for me and one for my sun.we use them on our galaxy 3 phones and have never hada problem. i never worry about space on my phone now.']"
503,amazon prime has a great deal of extra storage space for android phones. android is moving away from d slots - i love having physical storage available if he delete something from the cloud 'i can't recover it' amazon is releasing the best android phone in the u.s.,"['phone missing extra storage space? this was a great purchase and at a great price with amazon. would recommend for the movie watcher or photo music enthusiast.', ""bought this as an upgrade from having an 16 gb for my android phone, not that i need all the extra space but it's nice to have handy. this will accommodate more pictures and videos that i take with my phone and among other things without having to worry about running out of space, for now. packaging was good. arrived on time, having amazon prime, that's something you don't have to worry about."", ""love having all this extra space available. sux that in future phones, android is moving away from sd slots. i love having physical storage available, if i delete something from the cloud i can't recover it. with this that's not a worry.the only reason i didn't give it 5 stars, is because sometimes it feels a little slow. but it's nothing i can't deal with."", ""these days, who doesn't need plenty of storage to move your apps, photos and other stuff to keep your phone running smoothly? great price with no chance running out if space for a long time."", 'awesome storage. so much space. you just have to format it to the correct format for a phone. and walla you have a ton of space.', 'needed more storage space for photos and videos on my phone and this fit the bill, nice and fast and now i have 40 gig free on my phone.', ""added space for movies, games, books, pictures, and music. also great to relive the carrier's stock s4 for space. all major us carriers only supported the 16gb version of the s4"", 'really helpful i needed to backup some photos and there was plenty of space left']"
504,"it goes for hours, longer than 2 or 3 batteries and works beautifully. arrived promptly with little packaging.","['yup, this is the chip you need if you never want to worry about running out. i use it with my gopro hero 3 black edition on 1080 sw and it goes for hours, longer than 2 or 3 batteries.', 'i bought this memory chip for a gopro hero 3 camera. it works beautifully and it arrived promptly with little packaging.']"
505,"i wanted more space on my smartphone. works great. what else can. say. thinking of buying another as a back up for my stuff. if you never use it, extra space is only wasted.","['wanted more space on my smartphone. works great. what else can i say. thinking of buying another as a back up for my stuff.', 'now i have a lot more room on my phone. it can be overkill for some but extra space is only wasted if you never use it.']"
506,blackberry z30 has a ton of storage for each cell phone. it fits perfectly in my phone add no weight.,"['see above. nice to have the extra room in my blackberry z30. lots of content goes with me. packaging was adequate but not over the top.', 'bought one for each cellphone. will never have to worry about download space for pictures or apps or anything else.', ""i got this so i made sure my new smart phone had enough storage. i, unknowingly, got the phone with a ton of space but this was an awesome addition to the phone and how much i've been able to store on it. highly recommended."", 'what else can i say holds a lot of my stuff! fits perfectly in my phone add no weight. buy it!']"
507,"sandisk is the best, really worth buy the top end class 10 micro-sd card. it's micro size but high capacity are perfect and works well with my hero 3. shot video at 720p had no issues.","['wow! fast memory card. i bought this for my new gopro hero 3. great performance for full hd video.shipping was fast, and nice communication on shipping and estimated arrival time.the sd card adaptor works perfect in my full sized sd reader built in my laptop.transfer speeds were blazing and read speeds are amazing.sandisk is the best, really worth buy the top end class 10 micro sd card.if you doing hd video this is the card for you. video is demanding, so youneed a sd card that can keep up.in hawaii we play hard, and the gopro and sandisk card have been working flawless at full 1080p60 video.', ""this card is both small and large at the same time. it's micro size but high capacity are perfect and works well with my goprc hero 3. recording in 1080p is not an issue either. the class 10 rating allows the gopro to do its thing and the card is able to keep up with the high mb transfer rate."", 'decent size card, that performs well with my hero 3. shot video at 720p had no issues. not much more to say than it works.']"
508,"i've been using it several devices phone, tablet, and computer with no problems at all. this is good item, excellent quality, is the original and it works perfect on the phone - so recommend it to anyone who needs a good memory for your phone.","['love it, good quality good performance, great brand. could not find better product for my money. using it for a samsung galaxy s4 mini with zero complications.', 'great product with enough capacity and it delivers performance. i am happy with this product on my samsung galaxy s4 phone.', ""good quality. i've been using it several devices phone, tablet, and computer with no troubles at all. glad i chose this one."", 'this is good item it works well on my phone and i intend to buy more later. so i highly recommend this type.', 'very good product, excellent quality, is the original and it works perfect on the phone. i recommend it to anyone who needs a good memory for your phone.', 'bought for my phone and its worked perfectly for quite a while now. great size and great price. cant go wrong with this.', ""yes it meet me expectation. this is the best headphone i've had. the good frequency response and a lot of bass, which most phones don't have. i would recommend this product to anyone..."", ""not a bad product at all. i got it for my blackberry z 10. i had to format it through the phone's software, but afterwards it worked like a charm. a couple months on and no problems. class 10 and 64 gig, so i have no complaints. only reason i didn't give 5 stars is because it isn't particularly outstanding in any way, but it is a pretty simple product. does the job, no problems, good to go."", 'great fit and works great fit right into my phone without any problem just like one i would have gotten from their store but cheaper on here amazon', 'just wonderful. perfect for my new phone. does what it is designed to do. fits in fine. works very well.', 'bought this for my phone and it works without any flaws.', ""great price and reliable. i got 3 for my various devices and haven't had any issues with them at all. my phone and music player now have an awesome amount of space."", 'this item works great but maybe a better price would be better, i use it on my phones works great']"
509,both work well. easy to load. arrived quickly and in good condition. would recomment to anyone.,"['purchased two of these in total. one to hold the music for my mp3 player and one to hold the music for my smart phone. both work well. easy to load. no problems encountered. they serve my intended purposes well. arrived quickly and in good condition. pleased with purchase.', 'device works exactly as expected. holds a lot of music videos. would recomment to anyone. great product! what else can i say!', 'i got this for my phone and it is working well as storage for my music and images. i would order this again if i needed another.']"
510,graet price bought it for his go pro. the price it was a no brainer and i love how much info it can hold. we will soon.,"[""good quality product for the price, i bought it for my go pro and i haven't had any issues yet."", ""bought for my go pro and i love how much info it can hold.. graet price couldn't go wrong."", ""my hubby is now complete and very happy that he has ths for his go pro. haven't tested it out yet, but we will soon."", 'title pretty much covers it.bought it for my gopro with free 2 day delivery with membership and the price it was a no brainer']"
511,works on my samsung galaxy note 3 but i don't really stress these kinds of things. bought two of these for a galaxy and one for my asus transformer - no problems if it was heat-free / heat proof or heatproofing. had no issues using either one.,"[""works on my samsung galaxy note 3, but i don't really stress these kinds of things. i have had no problems. have not checked it for heat or any such thing."", 'it works as expected. i use one of these on my samsung galaxy s4 and another on my asus transformer. no problems so far.', 'i bought two of these. one for my galaxy s3 and the other for my samsung tablet. had no problems using it with either one. a definite must have.']"
512,"samsung galaxy note ii works fine with my galaxy Note 8.0. it is hard to review now for performance, but the price is good, he thinks.","[""works great with my samsung galaxy note ii. install it and forget about it. i've never had a problem with it."", 'it works fine with my galaxy note 8.0... it is hard to review now for performance, but the price is good... i think.']"
513,"use this memory in my samsung galaxy. it works great and gives me the maximum memory available for this phone model. no complaints, fast ship, fair price.","['use this in my samsung galaxy s4. have had it for almost a year now, no problems, really expands your memory capabilities, easy enough to install.', 'this memory works in samsung smartphones .it is a fast memorysandisk is the most reliable memories in the market', 'upon receiving, i installed in my samsung galaxy s4 phone. it works great and gives me the maximum memory available for this phone model. no complaints, fast ship, fair price.', ""work great with my samsung galaxy s4. simple to install and redirect in settings. i don't get the memory warnings anymore.""]"
514,"amazon requires few words to say. amazon is a good android phone, but it's not the only one that works well with my android phones. i ordered three of these for my mobile phones,mortorola admiral and lg optimus elite.","[""product works as advertised. no issues with install or general use in my mobile phone. it doesn't seem particularly snappy, but that may be more the phone than anything else."", 'works great in the phone and it had no issues installing it.great price and works well for the price', 'work well with my android phone. and came at a good price. no problems whatsoever. i would highly recommend these to anyone.', 'i bought three of these for my android phones,mortorola admiral and lg optimus elite. easy installation and works as described.', 'no issues in my little cell phones. works as advertised, priced well, no issues. not much more to say, but amazon requires few more words', 'i ordered this for use in my sgh i337, it was delivered in 3 days and i have had no problems with it so far. i would have to say this was a great buy for the price and i would suggest it for use in any high end smartphone.', 'installed this in an lg smartphone without incident and it has been working without as hitch ever since. more words cannot express my lack of emotion for it, but they do make the review long enough to qualify.', 'put it in a family members android phone and have had zero issues...exactly what you would expect from this type of product', 'use these in every smartphone i have and have never had any issues with them. i would recommend these to anyone that needs good expansion in their phone.', 'had it installed on my cell phone for about 6 months now and it works flawlessly. very pleased with this product.', 'i had no problems installing this into my phone. the phone picked it up automatically and worked great. it fit perfectly into sim slot.', 'i have used this in my smart phone for about 5 months with no problems. i read other reviews on the specifics and decided that this was the best option. i have not had any issues and would recommend this product.', 'not much to say about this! i ordered it for my motorola electrify smartphone and it works perfectly, no issues at all!']"
515,kayaking video and photos on it.price was fair. works as it should. uses it with my gopro hero 3 and he has not had any issues.,"['works great with the gopro camera!i can get about 3 days of kayaking video and photos on it.price was fair.', 'works as it should. i use it with my gopro hero 3 and i have not had any issues. holds tons of footage. i have 4 of these and it is overkill but they were so cheap that why not. better to have it and not need it than need it and not have it.', 'works great in my gopro3 camera. no dropped frames so far.arrived on time. good price. would recommend this item.', 'works as expected. love the great price and use it with my gopro3. i would definitely recommend this to everyone.', 'this works just as advertised. i have had no problems at all and works great in my new gopro silver edition.', 'used this in my gopro camera. works great.', 'seems to work good in my gopro have only had it a few days and if i have problems with it in coming months i will update this.. for not.. it works...', 'what can you say? it works like advertised and has a flair for its design. fantastic for my gopro here 3. now i just have to get more!']"
516,works great on the phone and tablet of a galaxy tablet. can cost over 60 dollars if you buy'samsung s4 - and costs over $60!,"['worked great in my galaxy s4 and died about 2 months later, what a waste of a lot of money!', 'works real good in my galaxy s4 phone and galaxy tablet. very good price as it can cost above 60 dollars in retail stores.', 'works great in my galaxy s4', ""works great in my samsung galaxy s4, no problems, good speeds. price was right, couldn't go wrong. also have tested in my gopro and also works well.""]"
517,the galaxy s4 is a fast and reliable data storage device. it's easy to use and has 256bit resolutions compared to the previous galaxy.,"[""worked great in my galaxy s4 until it didn't work at all for some unknown reason. used it for about 4 months before it crapped out. back up your data with all these things, though...."", 'i got it for my galaxy s4 and it works well. it has a good speed and good space which is something i definitely needed. sometimes it has a hard time getting recognized in my computer, but i always find a way to make it work. it will not do ntfs, but its not necessary for my purposes.', 'bought it for my s4 it works like a charm. no setup needed, my s4 reads it automatically. great price.', ""works perfect on samsung galaxy s4... memory is fast and didn't get any unmount problem mentioned on previous reviews... my model number is gt i9500 and version is 4.2.2"", 'installed it to my galaxy s4. works great!i want more.. waiting for price to go down.. and i wish 128gb comes out soon so i can buy it', ""this device works in galaxy s4 no problems, it woks perfectly and really i just can't get over that you can buy a 64gb storage device that is the size of my thumbnail, that will run programs from it for under 50.one day something like this will hold 64 tb. crazy cool."", 'this was installed in my s4, i had no issues like others have posted, in fact i formatted in the computer and popped it right in.', 'easy install in to the s4 and expansion of memory was completed with out issue. product works as it is advertised.', 'got this for a galaxy s4 and it worked flawlessly. typical sdhc installation with no issues that increased s4 storage capacity.', ""got this for the galaxy s4. works great. no complaints and i highly recommend to all....32gb is perfect if you take a lot of pics and video's..."", 'works just fine in my galaxy s4. no problems. unbelievable how much storage you can get in such a small space and for such a low price.', 'works great in my samsung galaxy s4. well worth the money and the price is affordable. a great sd card.', 'works great in my samsung galaxy s4. fast and reliable, what more could you want from a data storage device.']"
518,this works great on my samsung gs3 this little guy adds a ton of extra space. it doesn't seem to be an issue.,"['this was what i needed for extra space and to store more music. this works great on my samsung s4', 'this little guy adds a ton of extra space on my samsung gs3 for all my music and more! worth the money', 'bought it for my galaxy note 2. add tons of storage to my phone. now i can store video and songs.', ""i use the extra space to put all my apps and podcasts on. i have yet to put music on it but i don't think it will be a problem.""]"
519,i can even do super slow motion video and have never had a dropped frame. the price was quite good too!,"['everything works great on my note 2. i can even do super slow motion video and have never had a dropped frame.', 'works great with my samsung galaxy note 3. now i have 96gb total memory! awesome! the price was quite good too']"
520,"i use it on my samsung galaxy, it works great... more space to save all my documents, pictures and more.","['worked with my samsung galaxy s3 perfectly. i finally have the space to take all my current digital content with me when i am on a plane.', 'i use it on my samsung galaxy s3, it works great... more space to save all my documents, pictures and more', 'i use this in my smartphone samsung . push in in and go. no problem. good price. enjoying a lot more music now.']"
521,i have this in my galaxy s3 and it works great in a. galaxy siii. it does what it is suppose to do. not much else to say. now we have to learn how to use them properly.,"['bought this for my new samsung galaxy s4. it worked right away with no troubles. only time will tell.', 'it installed and is working without any problems in my samsung note 2. price was very good for the price.', 'i bought this about 5 months ago, give or take. i needed if for my galaxy s3. it works perfect.', 'good product, no problems. i have this installed in my samsung galexy iii. works well even in super hd video.', 'i use this on my galaxy s3 and sony action cam, and it works perfectly, never had any issues with it and i find that for any action cam this is a pretty solid sorage ammount.', 'works great, another awesome amazon purchase! i use it in my samsung galaxy s 3.', 'git this for my daughters samsung galaxy s3. it has been working great in her phone, fast with no problems', 'no problems at all using this in my samsung galaxy s iii. fit right in and started working. i would suggest this to anyone', 'i am using this in my samsung galaxy smart phone and i did not find any issue. easy to access', 'we ordered two of these for our samsung galaxy s3 phones. they work perfectly! exactly what we wanted and needed', ""using this on a galaxy s iii. works just fine with stock touchwiz and custom roms. haven't had any corruptions or lost files. purchased it once it hit the 50 60 range and looks like it'll stay there for a while."", 'works great on my galaxy s3. i have not had any issues with it in about a year of ownership.', 'i use it in my samsung galaxy 3 cell phone and it works great. good value and quality. i highly recommend it.', ""i bought it for a samsung s3 and had continuous problems of messages saying it wasn't connected, etc. replaced it wit the equivalent trascend and never had a problem for the past several months. it would work on a pc with ana adapater and then failed to format in any device so i had to rma given the lifetime guarantee. a hassle."", 'it failed. it only worked 3 months.i used it in a galaxy s3 phone. it seems that this brand has an issue with this model.i lost the information.', 'i have this baby in my samsung note2 and there is not much to say except it seems to be working without a flaw', 'i bought this and after a month of use on my samsung galaxy s2 it failed and could no longer be seen, and when i contacted support they said that i had to send it to them to get replaced which is more expensive than buying a new one', ""got one for my wife's s3 and it works perfect. the frustration free packaging is nice so i can just open the package and get right to the product. didn't have to do anything special...just put it in the s3 and worked immediately with no issues."", ""i have this in my galaxy s 3 and it works great, i've had no problems with it. highly recommend."", ""works great in a samsung phone. easy to use, get to, and can take some punishment...i'll be buying more soon"", 'bought this for my samsung galaxy s3 and it works perfectly. price was better than anything i could find in the stores locally.', ""installed one in both mine and my wife's galaxy s iiii phones, and am a happy camper! now we have to learn how to use them properly."", 'got it on sale for the samsung galaxy note ii and it works great! also came with an adapter which i believe will let you use it on your wii or 3ds.', 'bought it for my phone, a samsung galaxy siii. seems to work just fine. not much else to say. it does what it is suppose to do.', 'it works just fine in my galaxy 3s phone. now, i more room than i know what to do with.', ""i've read a lot of reviews about this not working with the s3. i have had this for 6 months now and no issues yet."", 'works great in my samsung note 2 and samsung ativ 500t. just slide it in and nothing else to do!', 'in constant use on my samsung ativ 700t since january with narry a problem. i just bought my third one']"
522,"amazon replaced the unit quickly and the replacement works perfectly. it would easily handle video, photos or saxophones as well, it's great taking an modest capacity phone and making it bigger than anyone else offers stock, for far less than you can afford a separate music player. amazon has almost 10,000 songs on my phone now, who needs","['just what i needed for my digital music collection on my phone.', ""the first one had some sort of problem, and would stop responding to the phone or stop playing music, a reboot often fixed it for a period of time, but inevitably it would stop again. amazon replaced the unit quickly and the replacement works perfectly i am so glad it wasn't my phone! . i have almost 10,000 songs on my phone now, who needs a separate music player. it would easily handle video, photos or a monster app collection as well, it's great taking a modest capacity phone and making it bigger than anyone else offers stock, for far less than you can buy the phone with the extra capacity."", 'loaded songs for my bluetooth headset and it sounds great. no issues so far.', 'this is one of the best. bought it for my phone and works awesome. all the songs are now on this sd.', ""i received this on friday, followed the review from another person about formatting the disk before using it, and after the format, it did it's thing! i have a motorola droid razr and have seen a huge improvement. the phone is much faster. the apps open and close much faster. that also goes for the camera. i highly recommend this and worth the price. i haven't placed any music on the it yet except for pictures on my phone. cheers.""]"
523,the price was good and d works on my samsung notes. no need to go anywhere else.,"['i use this in my galaxy note 3 and seems to work just fine. i love having lots of memory and the price was good.', ""i use one in my go pro's, note 3 and s5 and they all work great. i would recommend no doubt d"", 'works on my samsung note 3, and for such a great price. fast, holds a lot of data, no need to go any where else.']"
524,"amazon has the best price available, and much better price than best buy. works great with the note 3 i didn't have to do anything but just pop it in the phone and the call did the rest - the price is sweet.","['i bought this for a note 3, but i am still waiting for verizon to ship. meanwhile it works great with my note 2.', ""it works in my note 2 smart phone. i don't think there is much else you can say about it."", 'bought this to use in my galaxy note 3. two months later, works just like is should. amazon has the best price available, and much better price than the offer at best buy .', ""works great with the galaxy note 3 i didn't have to do anything but just pop it in the phone and the phone did the rest."", 'works in the note 3 cant complain at all. the price is sweet. amazon is the best. thank you. thats all', 'put it in my note 3 and it works. no hassles. phone recognized it and started using it immediately. what else is there to say?', 'purchased this for my galaxy note 3 and no problems. it was recognized without error and seems to work fine.']"
525,spotify won't save songs to your phones internal storage. bought this for my samsung galaxy llls and i love having the extra space fro music and large picture files - and it died at a little over 6 months now.,"[""bought this to download more songs and music from spotify for my phone. totally worth having the extra space since spotify won't save songs to your phones internal storage."", 'i bought this for my galaxy cell phone and i love having the extra space fro music and large picture files.', ""i purchased this for my samsung galaxy llls. i never have to worry about running out of storage capacity. thousands of songs don't even make a dent."", 'bought it, installed it in my droid razrm never removed it and it died at a little over 6 months now. did not store apps or anything. just pictures and video from the phone.', ""i use this to hold all 22 gigs of my music on my galaxy s3. and i still have room for several seasons of a tv show. definitely a great product.the only thing i can complain about is there is a one second gap between songs, at least using google music. i suppose that's the price you pay for this large of storage""]"
526,the samsung dude has no issues with my 32gb galaxy's tv',"[""bought it for my galaxy s5. dumped 32g of music on it and so far so good. it's nice to have plenty of storage."", 'i bought this for my samsung note 3 so i could store my entire music library on my phone. all i had to do was pop the cover, and put it in the microsd slot, and it worked perfectly! my phone now has 96gb of storage. take that iphone!', 'loaded 2000 songs on this and still have lots of room left. it works in both of my cell phones and my mp3 player cruise by sansa .', ""i bought this for my lg optimus g pro, to hold my 24 gb music collection it works great. it took a while to transfer all my music, but that can be expected. once i popped this into the phone and started us the music player, it found a cataloged all my music. i don't like the latest default android music player, but that's another story and there are other music players you can download ."", 'i put this in my galaxy s4 phone for extra storage and it works perfectly. i copied my music collection about 5000 mp3 songs and put 20 mp4 movies on it with room to spare. very handy for listening and watching while traveling on a plane. the phone likes it, the computer likes it, so i like it.', 'do not buy this if speed is an issue. you want type 4 at least for speed, but this type 1 works great in my phone to just increase storage. i keep all my pictures on it and random files. i have not used it for music but imagine that since it plays my videos included with my pictures that it could easily handle music.', ""i used mine to download mp3's on my phone in order to not run up streaming charges and it's excellent for the purpose, or for any other extra storage needs. it fits my galaxy s4 perfectly, was very easy to install, and seems to be working seamlessly. i highly recommend it."", 'got this for a good price. works great. use it in my droid razr m. i store all my music and some important files on my phone with room to spare. great buy', ""that's a lot of mp3s and photos. works 100 with no issues with my 32gb samsung galaxy s iii phone."", 'i plugged this little dude into my galaxy s4 and have been living with the luxury of being able to store and carry around all my music. very good value and i would highly suggest!']"
527,"the 64gb cards are unable to format, no way to record on the card. if you are going to scuba dive or adventure, you should get the 32 gg over the '64 b' cards - it spreads out the risk i bought this card for my gopro hero3 black edition and it works","['i have a gopro 3 camera with which the cards 64gb and 32gb editions work perfect.formatting went perfect, movie recording and picture taking without any problem for the last 6 months now.however, i tried to use it in a contour and the contour gps and both cameras are unable to use the cards, i presume these cards do not fit the contour specifications unable to format, no way to record on the card .so make sure the card is compatible for its intended use.', ""i got this for my gopro hero3 and so far its working great. the gopro's really eat up the flash memory so i bought 3 of the 32 gb models. i suggest that unless you are going on a particularly long scuba dive or adventure, you should get the 32 gb over the 64 gb cards as it spreads out the risk of any one card failure causing loss of all your videos."", 'arrived doa but amazon sent me another one right away and it is perfect. i use it with my gopro hero 3 and it is a must if shooting 1440 or better video in order to keep up.do you need 64gb? maybe, maybe not but you do need class 10 so buy it and never look back!', ""called gopro they recommended this specific card. they said the 64gb cards have been causing problems. you can run your gopro hero3 with 2x batteries attached to it, and you still won't fill up this card even on hd video .i went on a 2 week surf voyage across hawaii and 2 of these badboys documented my whole trip!"", 'i several of these 64gb cards in my gopro 3 black and my canon t3i. works great in both without any issues. transfer speeds are lightning quick as well.', 'i had wanted to get the most i can out of my hero3, at the time i got my hero3 this was the recommended card, but there were many problems with people having issues with it. since then gopro has endorsed other card and from what i understand changed the firmware to prevent problems.... the problems is only with the 64gb version, from what i read the 32gb and lower versions are ok...', 'if your not sure what card to use in your gopro this one works fantastic. the majority of stuff ive seen researching it points to these. with the exception of some issues with the 64gb. but i cant validate that and im not sure its still a problem. ive been using these for about 3 years now with no problems.', ""after i ordered my gopro hero 3 black i started searching for a good microsd card and everywhere i looked they wanted like 80for a 64gb and digging around on ebay get's retarded at times then by chance i found this one for 55 ttd and the performance is awesomei tell you all if you are in the market for a gopro hero3 black get this card to go with it you wont be sorry...."", 'used in gopro as other user reviews indicated the 32 and 64 gb cards did not work well. just buy more of them, i recorded over 1000 photos and 60 minutes of video on each 16gb card.', ""i bought this memory card to be used in my gopro hero3 black. i couldn't believe how small the card is! sandisk isn't kidding when they say 34 micro 34 . i've taken photos and videos all over california and its worked without issue. definitely worth the investment!"", 'there are a lot of reports about 64gb cards not working in the gopro hero 3. the 32gb works great for me.', 'i purchased this for my gopro hero3 black edition and it works perfectly!i use my gopro for car riding, snowboarding, cliff jumping and much more.the 64gb sandisk will for sure capture every moment of my life.', 'the 64 gb class 10 memory will be useful and i think this was a good buy.i will be using it in my gopro hero 3 black.', ""i have two of these that i am using with a gopro hero3 and they work great i will be getting more! . while i could do the 64gb, i so far am preferring the 32gb, because the card is about full right when a battery reaches the end of it's life so i can swap a card and battery at the same time and save opening closing the case and swapping parts all of the time. the card is plenty fast, never had any hiccups with that and they have proven to be quite reliable as i have a 3rd card that i have been using in multiple mobile phones htc and bb since 2010 and have never had any problem at all with any of them."", 'i got it from amazon for an amazing price of 17.99i bought one 64, and in total 3 32gb cardsthey work great on my gopro hero 3 and they are the main recommended one there.with the adapter i also can use them on my nikon d800e and i am getting 19 pictures in burst mode until the camera slows down when i am shooting in raw full speed after that it takes about a minute till i can do it again but we are talking about 900mb pictures to save.... or what do i need usb sticks? this is smaller and faster!', 'i wait for flash media sales to purchase sd card various sizes . i got the 64gb size for my gopro 3 and it works great. i see no issues with the speed. the price gb was great on these. best of all this has been completely reliable for me. no complaints whatsoever.', 'it worked for a gopro so what more to say except i wonder how they can fit 64 gigs on such a small chip. amazing.']"
528,amazon is the way to go. bought this for my gopro hero 3 camera silver edition. working without any problems!,"['bought it for my gopro hero3 camera silver edition .working without any problems. fast!was pleasantly surprised of the good quality memory card adapter! now can turn it into my laptop directly.', ""great price and it works perfectly in the hero 3. no need to pay the store's high prices for these type of items. amazon is the way to go."", 'i was afraid to buy it for so many comments saying it doesn 8217 t work with hero3 at high resolutions video, but it was not my case.', 'i bought this for my gopro hero 3, it works good it stores about 4 hours of high resolution 1440. the best to go.']"
529,gopro hero 3 motion camera fits and works just fine. big enough to film several flights and not run out of space. bought this for my go pro camera and so far it's worked without problems.,"['got this to use with the gopro hero 3 motion camera fits and works just fine. big enough to film several flights and not run out of space.', 'bought for gopro hero3. slips in, works great, keeps up with camera. awesome and cheap. great for smartphones as well!', ""i bought this for my gopro and so far it's worked without problems the gopro runs out of batteries before i can fill this up ."", ""got this to use in my go pro camera. it works great. get the no hassle packaging so you don't have to have scissors to open it.""]"
530,i bought this for use with my gopro hero 3 silver edition. works like a champ. havnt had any issues.,"[""i bought this to use with my gopro hero3 black, and it works great! no problems at all. for the price, it's hard to beat."", 'i use this with my go pro hero 3 black edition and it works great! get it! buy it! its definitely worth it!', 'purchase this for my gopro hero3. it was absolutely perfect and fair in price. i might just purchase another one 1 .', 'these work great in a gopro hero 3 black.', ""i use this with my gopro 3 black. it works well. it'd be nice if it came with a little usb 3.0 reader like some other brands."", ""i bought this for use in my new gopro hero3 black and it works great. i like the fact that it comes with an adapter, though i really wish that we'd move to usb adapters as the standard accessory . highly recommend."", 'i have this in my go pro hero 3 black. works good hold a ton of videos and pics. fair price after shopping around thanks prime! this is the maximum the go pro can take so have at it!', 'i bought this for use with my gopro hero 3 silver and i have had no complaints. trhgtr thth h r', 'used it on my gopro hero 3 and works great found sandisk to always make excellent products. money well spent.', 'i use this with my gopro hero 3 camera and it works great, no issues and perfect size and price.', ""i bought this for my new gopro3 black. it works wonderfully! i totally recommend it if you're looking for some high quality and speed"", ""worked for me and at great amazon price. in my hero 2 gopro's doing video's at least once or twice a week for over months."", 'works perfectly on my gopro camera silver edition hd 3 . been in use for about three months with no problems. highly recommend.', 'works perfectly in my gopro black edition and offers a lot of space, very happy overall. would recommend to friends.', 'i got this for my gopro hero 3. works great and reads writes fast. customer service was also awesome as well.', 'i use this in my gopro hero 3 silver. works great had no problems and the data transfer is very quick.', 'the right size for the gopro black!', 'i used this i my gopro 3 black and it worked flawlessly. shooting at 47 fps in hd without a hitch.', 'i purchased this for my gopro hero 3 . it works just fine i have not complaints. i would recommend this item.', 'works great in my gopro 3 black. i will only buy sandisk. if you want a name you can trust this is it.', 'this works great with my gopro hero 3 . it is able to shoot at the 60 and 120p without any problems or delay.', 'i bought this for my gopro hero 3 silver edition. works like a champ. havnt had any issues. definitly would purchase again.']"
531,great card. works with my gopro and canon 1d item arrived in a timely manner via usps surprisingly. it fit in there gerat and now i have 3 hours of recording time.,"['great card. works with my gopro and canon 1d', 'item arrived in a timely manner via usps surprisingly . i bought this card to go in my gopro camera, it fit in there gerat and now i have 3 hours of recording time.']"
532,"i installed this update and am now able to load gopro's pictures onto my computer. the card seems to preform well under most circumstances without using the protunes settings, without this setting, sandisk class 10 32gb microsd card works perfectly with hero3 camera. if you use this for a","[""if, like me, you are still happily in the stone age with windows xp, your computer will not be able to use this card unless you install windows update kb955704. this update is available from microsoft.com.thanks to dogg94, who pointed this out in customer questions and answers on august 6, 2013. i installed this update and am now able to load gopro's pictures onto my computer. dogg94's answer to the customer question provides the link to the update. amazon did not allow me to post the link here. i don't know why. just go to the microsoft.com updates site and look for kb955704. or go to the indicated question for the link.the product description should have provided this information."", ""before doing research, i assumed this card would support my brand new hero 3 camera... considering it was sold off the gopro site, it was a no brainer... or so i thought.anyhow, the card seems to preform well under most circumstances without using the protunes settings. the problems with the hero 3 where due to the slow write speed of this card under protunes settings, without this setting the hero works fine however, after a few timelapse issues 2 5 sec timelapse, which is well in this card's speeds .i noticed the card is corrupt. i tested this in other cameras and found that this problem still persists. i trust sandisk as my top choice for all my professional work, however this card has failed!i would not recommend this expensive card, id jump for a samsung, or even the transcend cards. they even come with a better warranty then this card.nothing but problems and lost memories that i cant replace...."", ""card works great in my gopro hero 3 white edition. i did a 48 hour time lapse and had no issues whatsoever with corrupted data or missing files. i've always had good experiences with sandisk products and recommend them to everyone."", ""there were known issues with sandisk and gopro hero3 cameras. so much so that if you paid attention, you'd see that gopro discontinued selling sandisk microsd cards on gopro's website. good thing too, because gopro was totally over charging customers for microsd cards, and still are!having said all that, i'd like to share with you that the sandisk class 10 32gb microsd card works perfectly with my hero3 black camera.pros immediate recognition of microsd card by my computerimmediate recognition of microsd card by my hero3 and hero3 cameraclass 10 speed allows me to do minor edits right from the microsd card, even through usbclass 10 speed makes file transfers quick and painlesscons had trouble being recognized by my hero3 camera"", ""for the first two months, the card worked great in my gopro hero 3 black edition. then, one night, it randomly stopped working. amazon won't take it back, and i've got an email into sandisk to see if i can get it replaced. now i'm out 52 and now can't use my camera. thanks so little."", ""if you have a gopro, get a different card, it worked in mine for a while then stopped, turns out the gopro fried it, no fault of gopro but through sandisks error, sandisk will replace it but it can get fried again. i've read up on it and it's a common issue, so if you use this for a gopro, get a samsung or patriot or something else to be on the safe side."", 'i have purchased 2 of these cards. i have attempted to use them in my gopro herohd, samsung galaxy s4, asus tf700, and in all of them they end up corrupting out of the blue with no warning. i then have to perform a deep recovery to get the files. i will never buy these ultra models again.']"
533,the card is the recommended card for gopro cameras. it's fast enough to work with the camera and is very reliable.,"[""the recommended card for gopro cameras. that's what i use it for and it works great providing outstanding performances and great quality."", 'i bought this memory card for my gopro. it does everything it is supposed to. it is fast enough to work with the camera and it is very reliable.', ""card is perfect for use in gopro. write's fast and provides for super fast transfers to the computer. price for two of these was the same as one 64gb card so the decision was easy. i'd rather have two cards so that i can swap them out, continue to record and have someone else transfer from the other one."", 'i have used my memory cards for shooting video with gopro cameras and pictures with my canon digital slr. i have never had an issue and continue to use these memory cards in all of my cameras.', 'this is the perfect card for your gopro. all the speed and quality you need. and in the frustration free packaging also environmentally friendly.']"
534,k but again not bought with that intent so these are a perfect fit for us.,"[""i bought this for my gopro and it does great. the only problem i experience with it is, if you download your pictures and videos from the day, you should re format the card before trying to use it again. it seems to get confused where you left off when you re install it. i lost out on getting some pictures and video because of not doing this on the second day of my scuba vacation. when i would start the gopro in video mode, it would record about 6 15 seconds then stop automatically. haven't have anymore problems since re formatting after each night's downloading. the videos, set on 1080 looks great."", ""i can't give that much feedback on this because i ended up returning it. i was looking for the ideal memory mircosd card for a gopro and found a better model. i did end up filming one event on this card, and it did pretty good. it did end up lagging after some time though, just briefly."", 'i purchased this card to work with my gopro and i have no complaints. i does not lag on 1080p 60fps or when i do a 10 photo burst. great product and an even better price', 'i use this memory card with my gopro hero 3 silver camera. i have had no issues recording 1080p video with this memory card. it provides sufficient write speeds. i bought the 16gb version. i wish i would have bought the 32gb version as 1080p videos become large files quite fast.', ""i purchased this card to use in a gopro hero 3. it keeps up with the 1080p video being wrote to it. i don't know if it would do 4k video, but 16gb wouldn't be enough for that type of quality either. bravo sandisk."", 'actually their is an extreme version but the price is about double and since i am not planning to shoot in 2.7 or 4k their was no need to pay more and get no improvement. grabbed 2 of these, one for my father for his great for my gopro hero 3 black edition and both cards worked as expected. works great with 1080p 60fps in the gopro and i imagine it probably would work for 2.7 and maybe it would work with 4k but again not bought with that intent so these perfectly suit our needs.']"
535,the card works as advertised and i have had no issues while using it with my gopro hero 3.,"['is exactly what you can expect from a memory card. nothing more nothing less. i tested the card in my gopro hero3 and it worked.', 'the memory card works as advertised and i have had no issues while using it with my gopro hero 3.']"
536,i bought this for my gopro hero3 white.pros. comes with an adapter for easy download - easy to format a card 'from the box',"[""this is my first foray into the microsd card world. i bought this for my gopro hero3 white.pros comes with an adapter for easy downloading. simple to format right out of the box. reads writes just fine with no errors.cons the adapter has no spring return like the devices you instert the card into removing the card from the adapter can be a pain.overall it's great and does what i need it to do.hope that helps..."", 'i bought this sandisk ultra 32 gb micro sdhc memory card for my go pro hero white edition, is really good and works perfecly, try it, you wont regret!!', ""got it to use with my go pro. this was cheaper than getting the regular sd ultra card class 10 . the read write speed isn't quite as good as the regular sd ultra card class 10 , but it gets the job done. shipped fast, great price, exactly as described!""]"
537,gopro hero 3 black edition comes with adapter perfect for high speed card readers. card says it needs to be formatted and it's not on their recommended list if it does work at first it will probably die in a couple of days.,"[""i bought this to use with my go pro hero 3 black edition. it requires a class 10 microsdxc card. so far i've had no issues with it. fast read write, came with adapter, small packaging, but that's all it needed! comes with a nice hard plastic case to keep both dry and together if needed."", 'i bought this card for my gopro hero3 and it was worked fine. some people said they have problems with the cards in the new gopros but i have had no such problems. the micro card works with anything that also takes standard cards due to the included adapter.', ""came with adapter as described and works perfectly. i use this sdhc card with my gopro hero 3 black and haven't been able to fill it up yet."", 'works well with my hero3 black gopro.its not on the approved micro sd hc card list from gopro, but it should. works great and low cost cant beat it.', ""i bought this for my gopro hd hero 3 camera, as it was the one recommended by most buyers. i've had zero problems with the card, and the included adaptor makes it easy to transfer my videos to my pc. these things are tiny though, and thin so be careful not to bend or lose them! the 24 price is reasonable as well."", 'works flawlessly in a gopro hero 3 black edition. great card for the price and fits plenty of footage, especially when you have 2 of them.', 'used with my gopro hero 3 black edition and it works like a charm! it comes with the adaptor to use in a regular sd card slot, or can be read with any microsd card reader with no issues. pushing video, even high quality, high frame rate video to this card is flawless.', 'well i got it for my go pro hero 3. the hero 3 takes this instead of regular sd cards, it seems to be working fine and its the same type that go pro sells of of their site for the hero 3.', 'i have used and tested this memory card on gopro hero3 black edition and everything works great. no problem at all.', 'use in my go pro hero 3 works just as would be expected for a memory card. price was good.', 'i ordered these to work in my gopro hero3 black and they have worked well. they came with an sd memory card adapter perfect for my high speed card readers.', ""got this to use with my gopro hero 3 black edition. put it in, seemed to work. tried to get the data from the card after using it for a second and the card says it needs to be formatted.looked to gopro's website and it is not on their recommended card list. reason being is that the card isn't fast enough. it's a class ten yes but clearly not fast enough.definitely get the recommended card, if it does work at first it will probably die in a couple of days."", 'this micro card works well with my go pro hero3 , does what you would expect a micro sd card to do.', ""haven't had a problem using these with my hero3 yet. it comes with the little plastic thing to connect to any sd port."", ""the card works like a charm with the gopro hero 3. pay attention though... it is about the size of a fingernail and could get lost very easily. also, keep track of the adapter, as you'll need it to download the images.""]"
538,the sandisk ultra card does not meet the demands of true hd recording. it doesn't work with the high resolution video from the hersung class 10 era.,"[""i bought 64gb version of the card to use with gopro hero 3 black edition. it didn't work out. the card worked ok if camera was set to resolution with lower bit rates. e.g. worked fine in 720p with protune on, or 1080p with protune off. however, in 1080p with protune on bitrate is just shy of 6 mb s in this mode much higher then with protune turned off it was nothing but trouble. camera would sometime work, and sometime randomly stop recording for no obvious reason. i first suspected camera, but testing with different sd cards, it ended up being sandisk's card that was at fault. my spare card, an old and cheap 16gb pny also class 10 , worked just fine under same conditions and with same camera settings.once it was obvious it was problem with the card, i found people on gopro's forums that had trouble with this specific card as well well, you always find these only after you figure it out for yourself, right? . anyhow, i did some speed tests with the card by doing simple write of 1gb file full of zeros using unix dd utility to copy 1gb of zeros from dev zero where else would you find that many zeros onto a file on the card. the result was that on average, sandisk's card would manage about 10.2 mb s. just barely above the bar for class 10 card. however, that was average over 1gb. during the write test, the speed was oscillating with many spikes and drops. drops were as low as 7mb s. uh. i thought write speed of class 10 card should never dip below 10 mb s? for comparison, my old cheap class 10 pny card was chugging along at constant 13 mb s under the same test. no spikes and no drops in speed.the card will probably work fine in most devices, as bitrates when recording 1080p video are often low enough and or camera might have huge buffer. but if you want to use it to record video at high bitrates, and your device doesn't have huge buffer to compensate for speed bumps of this card, you may run into trouble. be wary of using it in hero3 in modes that have higher bit rates e.g. 1080p with protune enabled .sandisk's website lists part numbers as sdsdqui 064g with adapter, and sdsdqua 064g without adapter. this conflicts with product description on amazon. while this is likely just amazon not getting product description right again a bit too common thing , it's interesting to note. update apr 20 2013 some numbers from testing the card. the test is extremely simple. write out 1gb of zeros onto the card using standard unix dd command to read 128kb blocks of zeroes from special device dev zero and write it onto the card. 128kb 8192 1gb. dd displays transfer stats once it finishes. while dd was running, i run iostat in second terminal displaying 1 second interval stats as a measure of current speed. this was done on the mac. dd command line can be used as is to repeat test on linux system, however iostat command is different on linux and would need to be modified slightly. i choose 128kb block size, as that seems to be what device drivers merges sequential writes into anyhow. using different block sizes, results are comparable. dd if dev zero of test bs 131072 count 81928192 0 records in8192 0 records out1073741824 bytes transferred in 101.578307 secs 10570582 bytes sec so, 10 mb s and all is good? right? wrong! iostat running in parallel with above dd command recorded this iostat d w 1 disk2disk2kb t tps mb s123.11 76 9.12116.61 185 21.04122.94 49 5.88128.00 41 5.12128.00 89 11.11128.00 134 16.73128.00 69 8.61128.00 61 7.62128.00 99 12.36 ... and so on until dd finishes writing 1gb of zeros to the card ... imo, the last column should never dip under 10mb s for card labeled class 10.for comparison, same test run against samsung pro 64gb micro sd card dd if dev zero of test bs 131072 count 81928192 0 records in8192 0 records out1073741824 bytes transferred in 52.869111 secs 20309436 bytes sec iostat d w 1 disk2disk2kb t tps mb s125.30 138 16.86117.73 157 18.03123.04 150 18.00128.00 159 19.86128.00 156 19.47126.45 160 19.73128.00 150 18.72128.00 154 19.22128.00 153 19.11 ... and so on until dd finishes writing 1gb of zeros to the card ... so, samsung is on average 2x faster, but more importantly it's speed is much more constant. and critically important, it never dips under 10mb s."", ""the gopro seems a bit finicky about card speeds since the last firmware upgrade i applied. the cards i've been using for quite a long time started causing it to randomly report errors and stop recording. i got a couple of these sandisk cards and i've got the hero powered via the usb port so i can fill the cards repeatedly without running out of battery. no errors reported so far, and i've completely filled one card twice and the other three times.i haven't always had the best luck with sandisk but these are working well so far. fingers crossed that they last a while, i use the camera to record off road and 34 brisk 34 dual sport rides."", ""not ok with gopro hero 3 black edition. the speed of this card is below other brands' class 10 standard. when i use this card with gopro and pro tune on, it will stop recording after 20 mins or so. i already returned this item and bought the samsung class 10 memory card instead."", ""despite the class 10 rating, this card has much slower write speeds than some others and there are numerous examples online of it not being fast enough to work with the high resolution video from the gopro hero 3 black edition. if you're using that camera, choose one of the cards recommended on their site."", ""since i bought this card, i've been using it almost daily in my hero 3 camera. the recordings are without any glitches so far."", ""sandisk makes a lot of claims about this card and some of them are questionable. i own two, and while the high capacity low price certainly makes them useful, they're not the answer to all of my recording needs. first of all, do not use this with a gopro hero 3 or later model . despite sandisk's claims, these cards cannot handle the demands of true hd recording. gopro removed it from their list of recommended cards because it caused the cameras to lock up and turn off. even with mycanon vixia hf10 flash memory high definition camcorder technology which is over 10 years old the sandisk ultra card does not meet the requirements for shooting in fxp mode 1920x1080, 17mbps even though the camera says only a class 4 is required. a firmware update to the gopro 'fixed' the issue for hero 3 and hero 3 cameras, but it did so by throttling the recording speed for the cards, i.e. lowering the quality of the recording slightly.those shortcomings aside, the sandisk ultra can shoot in xp mode 1440 x 1080 on the vixia hf10 and it works with all of the settings of acontourroam waterproof hd 1080p. is it water proof, temperature proof, x ray proof, shock proof ? i can't say. the contourroam is a waterproof camera, so even non waterproof cards are safe for submersion if they're in the housing. the ultra has functioned in 10 weather and after being dropped, so there's validity to the claim of it being temperature and shock proof. i guess i'll find out whether it's x ray proof the next time i go through the airport..."", ""i have tried different sd cards in a grpro hero3 black edition, as it can record from 4k downwards none of my other cards had been able to use the full range, the recording stops after few seconds.this card make me record 4k, 2.7k, 1080 etc. different fps until the card is full or battery runs empty.maybe i'm lucky, lots people said sandisk always giving them freezing and problems but i still go for it and i never had any problem."", ""my droid razr runs a little slow, is it because of this card? i can't be sure. what i am sure about is i put this card into my gopro hero 3 black edition and the video i record comes out choppy. so i bought the sandisk extreme pro 16gb version of this card, and the gopro works fine now. sandisk is normally very good, so perhaps i somehow got a bad ultra card. i never returned or exchanged it because the warranty had expired before i tried it in my gopro and knew for sure the card was slow. the sandisk ultra should work in the gopro hero 3 according to the gopro website, so again, perhaps i just got a subpar card..."", 'use this in my gopro 3 silver edition. even at 1080p 30 i get about 9 hours of video. write time is great and i have had no problems writing video to this card real time. i have been happy with all of my sandisk purchases.', ""i bought this for my gopro hero3 black and it works flawlessly. when capturing in 1080p 60fps it has no problem keeping data and writing. never had any errors or malfunctions. i've even captured using 4k and had no problems. for the people saying this doesn't work i'm guessing the problem isn't with the card but with either your gopro or computer.overall this card works perfectly and is much cheaper on amazon. don't bother buying in stores where they will charge you twice as much."", ""so i got this sd specifically for my gopro black 3 , simply hoping it would work since the gopro manual says 34 use cards up to 64gb 34 and the sandisk says it's good for cell phones and tablets, yet doesn't mention the gopro.well, turns out it works perfect! and although i haven't tried it on other devices, i think if it works flawlessly on the gopro, it will work even better on anything else...so at first i thought maybe since it's only 30mbps there may be frame rate issues with recording even though i knew that shouldn't be the case . well after popping it in, the gopro says 9hr14min 1080p super view video which is insane. i put it on my helmet and took it for a spin. when i came home after spending the day on the bike, the hd quality was spectacular granted it's all thanks to the camera itself , but it was smooth, with zero frame rate issues. the only flaw is the semi long time it takes to copy files to your hard drive as it copies at only 30mbps, but honestly that's really no big deal and totally worth it still.bottom line, this sd plus the gopro 3 is the best camera combination for your money.p.s. it's small, simple, durable, and has no lock feature which i always found to be an annoyance anyway .any questions please feel free to comment, and i will do my best to answer."", 'i was having problems on my gopro videos being choppy and cutting out. this card fixed it all its fast enough and does the trick']"
539,"card was used to video vacation in yap, guam underwater video. no issues at all while on a yellowstone trip card. it also comes with an adapter.","['using this card for my gopro hero 3 black. no issues to date. card was used to video vacation in palau, yap, guam underwater video. so far, no complaints!', 'card works great and i use it for our gopro hero 3 exclusively. no issues at all while on a yellowstone trip', 'card works great with my go pro hero , no speed issues at all. it also come with an adapter']"
540,card works fine at 1080p on my gopro hero 3 plus. works great in my transend usb 3.0 reader as well as the money you saved to buy an extra battery since the battery life sucks. i have some of these in the heror 3 black edition and they're very fast to copy off files off the,"['card works fine at 1080p on my gopro hero 3 plus. works great in my transend usb 3.0 reader as well.', ""don't get ripped off buying the same card direct from gopro, buy it here for less then you can use the money you saved to buy an extra battery since the hero 3 battery life sucks.i have a few of these in the hero 3 black edition and it works great on all recording formats and speeds, even the highest resolution ones that require full use of the card's 10 mb sec rating. they're very fast to copy files off of into the computer as well. i haven't benchmarked them because other reviews already have that information, but they're certainly much faster than the old class 4 cards i use for my hero 2 cameras.i would recommend formatting upon arrival i did have one initial issue with one of these which formatting resolved. it's worked fine since, with numerous uses, so i think it was just a missed qc check at the factory. it hasn't had the heat issue others have mentioned with regard to the few defective ones people have received and has worked flawlessly since so i'm not worried about it at this point."", ""i love these cards, 3rd one i've bought now. never any buffer issues from my gopro hero3 , nikon v1 nor nikon 5200."", 'has worked flawlessly with my gopro hero 3 black since i placed it in the camera. purchased 2 top have on hand. others have their hero 3 cameras 34 freeze 34 , 34 shut down 34 , or write files that are not usable. i recommend this card to anyone needing a class 10 card that can handle the workload.half second timelapse, 2.7k hd video, 720p 120p video, not a problem for this card.', 'many have complained that the hero3 requires a high quality msd card. picked up this one for a great price on amazon, and have not had any issues with my camera freezing up or not recording as desired. transfer rates were as advertised. also loaded it at one point with 30 or so xvid movies for my daughters to watch on an asus epad transformer and it worked perfectly. highly recommend.']"
