cluster_id,summary,used_reviews
-1,"this is a great memory card that i've put into my phone for music and picture storage. it works exactly as advertised. this went into my new samsung galaxy light cell phone to store my music files and my cell phone photos. zero problems. these sd cards just work until the don't . sandisk is a top brand and i have no trouble recommending this. look through the many dozens of other recommendations, too. class 10 uhs 1 is one of the fastest protocols available currently. great sandisk micro sd card. havent had anyproblems with this one. its fast and it loads good. i approve this","[""this is a great memory card that i've put into my phone for music and picture storage. it works exactly as advertised."", ""this went into my new samsung galaxy light cell phone to store my music files and my cell phone photos. zero problems. these sd cards just work until the don't . sandisk is a top brand and i have no trouble recommending this. look through the many dozens of other recommendations, too. class 10 uhs 1 is one of the fastest protocols available currently."", 'great sandisk micro sd card. havent had anyproblems with this one. its fast and it loads good. i approve this']"
0,"i use it to extend nook's memory. not much to say. it works well enough so i can forget it exists. happily nestled in the memory slot of my nook tablet and performing as promised. now, if only the nook memory slot were easier to access.... all well. the card arrived on time, well packaged, and has been chugging right along for two months now. i would definately recommend it to any lover of video, music, or other space consuming files. it's a fast card, reliable, and it offers tons more space for my nook hd. solid buy that you won't regret.","[""i use it to extend nook's memory. not much to say. it works well enough so i can forget it exists."", 'happily nestled in the memory slot of my nook tablet and performing as promised. now, if only the nook memory slot were easier to access.... all well. the card arrived on time, well packaged, and has been chugging right along for two months now. i would definately recommend it to any lover of video, music, or other space consuming files.', ""it's a fast card, reliable, and it offers tons more space for my nook hd. solid buy that you won't regret.""]"
1,i just recently received a new nook hd tablet as a gift and wanted to increase the storage capacity as well as convert it to an android base system with the n2a software! this card was compatible and has really increased the flexibility of my new nook without having to root the system and void my warranty. i can use my new nook either way. plus the card was at a reasonable price and really the latest in technology! i bought this to create a bootable sd card so that my nook hd could run pure android instead of the native nook os. it works beautifully. i bought this micro sdhc card for my nook hd device because i was going to install n2a and it worked perfectly.,"['i just recently received a new nook hd tablet as a gift and wanted to increase the storage capacity as well as convert it to an android base system with the n2a software! this card was compatible and has really increased the flexibility of my new nook without having to root the system and void my warranty. i can use my new nook either way. plus the card was at a reasonable price and really the latest in technology!', 'i bought this to create a bootable sd card so that my nook hd could run pure android instead of the native nook os. it works beautifully.', 'i bought this micro sdhc card for my nook hd device because i was going to install n2a and it worked perfectly.']"
2,"really fast processing speeds and saves crystal clear footage. haven't had any problems with it and don't expect to have any. this product has excellent quality! no problems so far. fast reading and data transferring. i love it! taking pictures like crazy without any worries. reliable product indeed. i have used this brand for a while, and no complaints... writing hd video to them quite often no issues.","[""really fast processing speeds and saves crystal clear footage. haven't had any problems with it and don't expect to have any."", 'this product has excellent quality! no problems so far. fast reading and data transferring. i love it! taking pictures like crazy without any worries. reliable product indeed.', 'i have used this brand for a while, and no complaints... writing hd video to them quite often no issues.']"
3,"the best quality there is in memories is super fast, wonderful and cantiad of gigas is very good, the best brand and speed nice product, perfect package and speed of recording. my camera will stay better with this memory. i recommend for all. best memory i have found for consistency and high speed. ideal for any modern application, especially high definition video recording.","['the best quality there is in memories is super fast, wonderful and cantiad of gigas is very good, the best brand and speed', 'nice product, perfect package and speed of recording. my camera will stay better with this memory. i recommend for all.', 'best memory i have found for consistency and high speed. ideal for any modern application, especially high definition video recording.']"
4,"works flawlessly, never had any problems with it and i've moved data on and off of it constantly. i have copied and transported a large amount of data and it work, and no errors. i will purchase more of these.","[""works flawlessly, never had any problems with it and i've moved data on and off of it constantly."", 'i have copied and transported a large amount of data and it work, and no errors. i will purchase more of these.']"
5,"does what it suppose to do....works great works well. good price. would buy another. good storage for any digital file. it worked well that one time i put some files on it. it was easily read by my computer and phone. then i lost it because it was so tiny. oh well! it works like it's supposed to. no lost files yet and it's big storage for it's microness. class 10, highest class so far!","['does what it suppose to do....works great works well. good price. would buy another. good storage for any digital file.', 'it worked well that one time i put some files on it. it was easily read by my computer and phone. then i lost it because it was so tiny. oh well!', ""it works like it's supposed to. no lost files yet and it's big storage for it's microness. class 10, highest class so far!""]"
6,"i use this with a nifty minidrive, ... to extend the built in ssd in my macbook pro. i highly recommend it for anyone needing a speedy flash card. i was really excited when this came out i have a mac air and a lot of music and film on it so the ability to stick this in my minidrive was great, it was that or buy a 128gb minidrive air which is like 30 more that this and i already had a minidrive. problem is its not very fast, not fast enough, my girlfriend has a new 128gb minidrive and it runs way faster than this in my old adapter and new sandisk 128. its great though 128gb in this little chip glad its out cause now its just a matter of time before they make it better.thanks i love this. i am using it to add additional storage space to my mb air together with the minidrive. i may not have comparable speed to an actual ssd but for audio files and photos it is good.","['i use this with a nifty minidrive, ... to extend the built in ssd in my macbook pro. i highly recommend it for anyone needing a speedy flash card.', 'i was really excited when this came out i have a mac air and a lot of music and film on it so the ability to stick this in my minidrive was great, it was that or buy a 128gb minidrive air which is like 30 more that this and i already had a minidrive. problem is its not very fast, not fast enough, my girlfriend has a new 128gb minidrive and it runs way faster than this in my old adapter and new sandisk 128. its great though 128gb in this little chip glad its out cause now its just a matter of time before they make it better.thanks', 'i love this. i am using it to add additional storage space to my mb air together with the minidrive. i may not have comparable speed to an actual ssd but for audio files and photos it is good.']"
7,"es un producto que recomiendo ampliamente solo se instala en el telefono este lo formatea y listo esta en fincion para ser utilizado al 100 muy bueno, realmente es rapido como dice, mi galaxy s2 arranca mucho mas rapido que con la msd que ten a anteriormente que era clase 4 este fue una buena compras ha sido todo lo que esperaba del producto. fue un bueno producto. llego en el momento indicado.","['es un producto que recomiendo ampliamente solo se instala en el telefono este lo formatea y listo esta en fincion para ser utilizado al 100', 'muy bueno, realmente es rapido como dice, mi galaxy s2 arranca mucho mas rapido que con la msd que ten a anteriormente que era clase 4', 'este fue una buena compras ha sido todo lo que esperaba del producto. fue un bueno producto. llego en el momento indicado.']"
8,"how do i praise extra memory? it fills my mp3 player with every song my heart desires, the sound quality is perfect. the ease of use is superb. it's great. i'm so happy that upgradable memory exists. i get to listen to a plethora of podcasts, music, and instructional mp3s. thank you sandisk! i am a music junkie and i use my phone as much as a mp3 player and video recorder, then as an actual phone, that i chew up memory quick. thanks, to sandisk and my q10 i can keep expanding my storage.","[""how do i praise extra memory? it fills my mp3 player with every song my heart desires, the sound quality is perfect. the ease of use is superb. it's great."", ""i'm so happy that upgradable memory exists. i get to listen to a plethora of podcasts, music, and instructional mp3s. thank you sandisk!"", 'i am a music junkie and i use my phone as much as a mp3 player and video recorder, then as an actual phone, that i chew up memory quick. thanks, to sandisk and my q10 i can keep expanding my storage.']"
9,"picked up a note 3 and added this card for an extra 32gb. scandisk is top of the line and never gives me any issues when i use their cards. highly recommended. great card for note 2 and galaxy 3...you can't do this on iphone..lolyou need more storage get this...but i don't really like scandisk..don't trust them..i read they have a lot problems with there cards. great microsdhc card, use it on my phone for extra storage. i have used this brand in the past and it works great. never a problem with scandisk.","['picked up a note 3 and added this card for an extra 32gb. scandisk is top of the line and never gives me any issues when i use their cards. highly recommended.', ""great card for note 2 and galaxy 3...you can't do this on iphone..lolyou need more storage get this...but i don't really like scandisk..don't trust them..i read they have a lot problems with there cards."", 'great microsdhc card, use it on my phone for extra storage. i have used this brand in the past and it works great. never a problem with scandisk.']"
10,great price and just what i needed i would recomend this product i think all scan disk products are good scan disk 64 gig for under 40 there was nothing to decide. i spent the money and was glad i did. a scan disc is a standard thing however the price for this 32gb was a good deal and the shipping was quick. this was a good buy would definitely recommend !,"['great price and just what i needed i would recomend this product i think all scan disk products are good', 'scan disk 64 gig for under 40 there was nothing to decide. i spent the money and was glad i did.', 'a scan disc is a standard thing however the price for this 32gb was a good deal and the shipping was quick. this was a good buy would definitely recommend !']"
11,"san disk is hard to beat. you will pay more for the brand but you get a quality product. would purchase again. san disk has always been a good brand for me. it worked very well for my samsung galaxy phones and tablets. i always buy san disk as i had issues with other brands and it always works in every application i used it, phone, camera, tablet, etc.","['san disk is hard to beat. you will pay more for the brand but you get a quality product. would purchase again.', 'san disk has always been a good brand for me. it worked very well for my samsung galaxy phones and tablets.', 'i always buy san disk as i had issues with other brands and it always works in every application i used it, phone, camera, tablet, etc.']"
12,bought this as a replacement for another 64gb micro sd card i had for about two years before it died on me a few days ago. no issues with this as of yet. loaded up just fine read and write speeds seem fine as i was able to transfer over 27gbs of data in a few minutes. using it in a note 3 with no issues. replaced another brand class 10 32 gb micro sd card for my phone. i didn't know how bad i had it before i put this in and started transferring files. it was so much faster than my previous one. i am pleased.no issues with delivery or description. i've heard bad things about this 64gb micro sd card crapping out after a few weeks but sk far so good. transfer speeds are normal but i like to be space. for the price it was a steal!would recommend.,"['bought this as a replacement for another 64gb micro sd card i had for about two years before it died on me a few days ago. no issues with this as of yet. loaded up just fine read and write speeds seem fine as i was able to transfer over 27gbs of data in a few minutes. using it in a note 3 with no issues.', ""replaced another brand class 10 32 gb micro sd card for my phone. i didn't know how bad i had it before i put this in and started transferring files. it was so much faster than my previous one. i am pleased.no issues with delivery or description."", ""i've heard bad things about this 64gb micro sd card crapping out after a few weeks but sk far so good. transfer speeds are normal but i like to be space. for the price it was a steal!would recommend.""]"
13,"i bought this card as high speed external memory for my asus me302c tablet to play movies, music, etc. the card meets all of my expectations, and was pleasantly surprised to discover that it had absolutely no crapware preloaded. no compatibility issues whatsoever. i use this card in my tablet, no problems, very fast. excellent product and very highly recommendit was just what i needed for my tablet. just the right amount of memory and the right price i was pleasantly surprised that my card arrived ahead of schedule. that's always a plus in my book. the works without a hitch. i was able to copy the files from my 16gb card to this one relatively quickly and very easily. my samsung galaxy tab 2 7.0 read the card perfectly. i have no complaints about the card although i expected the write speed to be a little faster. after all is said and done i would definitely recommend this card for your tablet, smart phone, or any other device that allows for expandable memory.","['i bought this card as high speed external memory for my asus me302c tablet to play movies, music, etc. the card meets all of my expectations, and was pleasantly surprised to discover that it had absolutely no crapware preloaded. no compatibility issues whatsoever.', 'i use this card in my tablet, no problems, very fast. excellent product and very highly recommendit was just what i needed for my tablet. just the right amount of memory and the right price', ""i was pleasantly surprised that my card arrived ahead of schedule. that's always a plus in my book. the works without a hitch. i was able to copy the files from my 16gb card to this one relatively quickly and very easily. my samsung galaxy tab 2 7.0 read the card perfectly. i have no complaints about the card although i expected the write speed to be a little faster. after all is said and done i would definitely recommend this card for your tablet, smart phone, or any other device that allows for expandable memory.""]"
14,"awesome product. it was worth if of buying. it's cheap and have a lot of memory, not to mention the fast processing. good value. it has great speed and memory for the purpose it serves. i wish my memory was this good. a truly great value, not nearly as expensive as i thought it would be. lots of memory and good speed as well.","[""awesome product. it was worth if of buying. it's cheap and have a lot of memory, not to mention the fast processing."", 'good value. it has great speed and memory for the purpose it serves. i wish my memory was this good.', 'a truly great value, not nearly as expensive as i thought it would be. lots of memory and good speed as well.']"
15,"bought a digital recorder with a memory card slot. this card worked perfectly. no problems and my files have a newhome. definitely worth the price and met expectations for data storage. i have three of these cards now, being used between 2 devices. the oldest one is over a year old, and i just bought my third one. i've had no problems or errors of any kind, nor have i lost any data off any of them. i'd consider them a solid investment and great memory cards for the price per gb. they even see 34 abuse 34 in that they get used in a helmet sports cam sometimes, and all the shaking and hits haven't affected my card's ability to store video in the least. i bought two of these memory cards for use with my logitech alert 750e outdoor master security camera's. so far, i have found them to be unreliable. i am not entirely certain if this is because of the camera system or the memory card themselves. the camera frequently will report a memory card error that indicates the card has to be reformatted. this is problematic as if the camera had recorded something that was important, the failure of the sd card would be very troublesome indeed.","['bought a digital recorder with a memory card slot. this card worked perfectly. no problems and my files have a newhome. definitely worth the price and met expectations for data storage.', ""i have three of these cards now, being used between 2 devices. the oldest one is over a year old, and i just bought my third one. i've had no problems or errors of any kind, nor have i lost any data off any of them. i'd consider them a solid investment and great memory cards for the price per gb. they even see 34 abuse 34 in that they get used in a helmet sports cam sometimes, and all the shaking and hits haven't affected my card's ability to store video in the least."", ""i bought two of these memory cards for use with my logitech alert 750e outdoor master security camera's. so far, i have found them to be unreliable. i am not entirely certain if this is because of the camera system or the memory card themselves. the camera frequently will report a memory card error that indicates the card has to be reformatted. this is problematic as if the camera had recorded something that was important, the failure of the sd card would be very troublesome indeed.""]"
16,"great price for a great chip, it worked perfectly in my new smart phone. i swapped out a 4 gig chip with this one, and now i have lots of excess storage capacity. love this chip,... bought this for my samsung s4, it works well and fast.... no issues with it, so i bought one for my mom.... i got this initially for my cellphone, however i have moved it to a raspberrypi, and it has been flawless, the storage is nice and the chip is fast, no issues to date.","['great price for a great chip, it worked perfectly in my new smart phone. i swapped out a 4 gig chip with this one, and now i have lots of excess storage capacity.', 'love this chip,... bought this for my samsung s4, it works well and fast.... no issues with it, so i bought one for my mom....', 'i got this initially for my cellphone, however i have moved it to a raspberrypi, and it has been flawless, the storage is nice and the chip is fast, no issues to date.']"
17,"i bought this card to extend the storage capability of my tablet. it holds hundreds of my short video files without having to use the tablet's built in memory. transfer speed from my computer into the card is relatively fast. if someday i may need more storage in the tablet i can always buy another one of these cards. i bought this card for use with my asus transformer book t 100ta to add external and removable replaceable storage capacity. when inserted into the slot provided it was immediately recognized and the driver installed. the card appears as available and with the promised storage capacity in the 34 my pc 34 folder of the computer. i have been able to move files on and off the card as intended. the product is fine and the price was satisfactory. this is a good, fast card, with plenty of capacity and it works great for additionals storage in a microsoft surface rt tablet.hint you can add the space to your windows libraries for a more seamless experience in the os by creating a few empty, dummy folders on your c drive, then using the windows disk management console to map those folders to the folders on the card.info on that here ...","[""i bought this card to extend the storage capability of my tablet. it holds hundreds of my short video files without having to use the tablet's built in memory. transfer speed from my computer into the card is relatively fast. if someday i may need more storage in the tablet i can always buy another one of these cards."", 'i bought this card for use with my asus transformer book t 100ta to add external and removable replaceable storage capacity. when inserted into the slot provided it was immediately recognized and the driver installed. the card appears as available and with the promised storage capacity in the 34 my pc 34 folder of the computer. i have been able to move files on and off the card as intended. the product is fine and the price was satisfactory.', 'this is a good, fast card, with plenty of capacity and it works great for additionals storage in a microsoft surface rt tablet.hint you can add the space to your windows libraries for a more seamless experience in the os by creating a few empty, dummy folders on your c drive, then using the windows disk management console to map those folders to the folders on the card.info on that here ...']"
18,"this card is exactly what i was expecting. it fit perfect in my tablet. i have enough memory to add my playlist of songs. this was a great little memory card for using with my microsoft surface pro tablet. i'm able to have my music with me at all times, plus a large number of photos.one item to note this type of memory card may not be suitable for high speed applications such as with a camera or for storing virtual hard drive type information . these micro cards are a 5 star if used for their intended purpose. i use this memory card for my tablet that has many pictures and games and also my music, one can not go wrong with lots of music and this memory card really helps me keep it all.","['this card is exactly what i was expecting. it fit perfect in my tablet. i have enough memory to add my playlist of songs.', ""this was a great little memory card for using with my microsoft surface pro tablet. i'm able to have my music with me at all times, plus a large number of photos.one item to note this type of memory card may not be suitable for high speed applications such as with a camera or for storing virtual hard drive type information . these micro cards are a 5 star if used for their intended purpose."", 'i use this memory card for my tablet that has many pictures and games and also my music, one can not go wrong with lots of music and this memory card really helps me keep it all.']"
19,"i purchased this to go into an external wireless connect drive that is made by the same manufacturer. other than having to format it differently than the default a very simple process , i have not experienced any issues with it. works as advertised. this is better for using with the newer products. i have noticed a increase in speed with my note 2 and note 8 when compared with previous version of sandisk micro sd.","['i purchased this to go into an external wireless connect drive that is made by the same manufacturer. other than having to format it differently than the default a very simple process , i have not experienced any issues with it.', 'works as advertised. this is better for using with the newer products. i have noticed a increase in speed with my note 2 and note 8 when compared with previous version of sandisk micro sd.']"
20,"i bought this to put into a wifi enabled usb flash drive. it works fine. i can get my entire cd collection on it, which was my goal. i love that you can get these things so cheap from amazon, vs. getting them at the major electronic stores for double the price. it works perfectly, and streams downloads uploads very quickly! i love the adapter that comes with it, too so i can use it for transferring files from a computer notebook faster than a 3.0 usb thumbdrive dongle. great buy!","['i bought this to put into a wifi enabled usb flash drive. it works fine. i can get my entire cd collection on it, which was my goal.', 'i love that you can get these things so cheap from amazon, vs. getting them at the major electronic stores for double the price. it works perfectly, and streams downloads uploads very quickly! i love the adapter that comes with it, too so i can use it for transferring files from a computer notebook faster than a 3.0 usb thumbdrive dongle. great buy!']"
21,"i use this in my gps unit older model and it works great! no complaints. i use a 16 gb in my phone and it's more than enough room! pictures, music, etc. i got this for my handheld gps. it stores data not already stored in the main memory. bought this one for the hubbys gps, works just great haven't heard any complaints out of him since i installed it. thank you","[""i use this in my gps unit older model and it works great! no complaints. i use a 16 gb in my phone and it's more than enough room! pictures, music, etc."", 'i got this for my handheld gps. it stores data not already stored in the main memory.', ""bought this one for the hubbys gps, works just great haven't heard any complaints out of him since i installed it. thank you""]"
22,"i purchased this micro memory card for my gps. when i updated the maps recently, the gps ran out of room and i could no longer put the entire us map in it. this card fits neatly into the gps slot, and adds enough memory for the gps to work. i haven't had this fix in place for long, so don't know about how well it will continue to work. the adapter looks to be handy if i have another use for the card. i purchased this product to install in my garmin gps unit, since it was full and couldn't handle the new map updates. easily and securely installed, this memory card promises to provide a long life to my gps unit. i got the 16gb card for my garmin gps. the gps's memory could be expanded so that more maps and info could be saved. the memory card works as described. i've used sandisk for many electronics and i have never had a problem. they are sometimes a little more expensive than other brands but i think the little extra is worth it.","[""i purchased this micro memory card for my gps. when i updated the maps recently, the gps ran out of room and i could no longer put the entire us map in it. this card fits neatly into the gps slot, and adds enough memory for the gps to work. i haven't had this fix in place for long, so don't know about how well it will continue to work. the adapter looks to be handy if i have another use for the card."", ""i purchased this product to install in my garmin gps unit, since it was full and couldn't handle the new map updates. easily and securely installed, this memory card promises to provide a long life to my gps unit."", ""i got the 16gb card for my garmin gps. the gps's memory could be expanded so that more maps and info could be saved. the memory card works as described. i've used sandisk for many electronics and i have never had a problem. they are sometimes a little more expensive than other brands but i think the little extra is worth it.""]"
23,"i bought this sd card for use with my cell phone. it worked really well and as far as i could tell, transfers the data at a fast rate. no complaints. if you need a good sd card this works perfect for you smart phones, has all the memory you will need, very fast transfer rate","['i bought this sd card for use with my cell phone. it worked really well and as far as i could tell, transfers the data at a fast rate. no complaints.', 'if you need a good sd card this works perfect for you smart phones, has all the memory you will need, very fast transfer rate']"
24,"pros and conspros1. it's fast2. it works in my galaxy note 3 also works in my gf's galaxy note 2 and my brother's galaxy s4 3. i got it on sale. sales rock.4. it's half red, which makes it harder to lose than all black ones.5. comes with a microsd to sd converter so you can use it in stuff like cameras and sd card slots on your computer. wildly useful for non phone transfers and uses.cons1. none yet. we'll have to see how long it lasts. fast transfers and retrieval of data on phone, especially video shooting. very easy to find becasue of color difference, all black seems easy to misplace of trading out to adapters and such","[""pros and conspros1. it's fast2. it works in my galaxy note 3 also works in my gf's galaxy note 2 and my brother's galaxy s4 3. i got it on sale. sales rock.4. it's half red, which makes it harder to lose than all black ones.5. comes with a microsd to sd converter so you can use it in stuff like cameras and sd card slots on your computer. wildly useful for non phone transfers and uses.cons1. none yet. we'll have to see how long it lasts."", 'fast transfers and retrieval of data on phone, especially video shooting. very easy to find becasue of color difference, all black seems easy to misplace of trading out to adapters and such']"
25,"why worry about the packaging. this was the best i could find at the time for a name brand class 10 micro sdhc card. came with basic packaging and a full sd card to adapt, which is what i needed.works great, speed tests show excellent speed for video recording. the item arrived in perfect shape and even included a sd adapter if you need it. the card has worked just fine for me so far, so i have not complaints. the packaging opens very easy and the micro sd card works flawlessly in my razor maxx hd and asus transformer.","['why worry about the packaging. this was the best i could find at the time for a name brand class 10 micro sdhc card. came with basic packaging and a full sd card to adapt, which is what i needed.works great, speed tests show excellent speed for video recording.', 'the item arrived in perfect shape and even included a sd adapter if you need it. the card has worked just fine for me so far, so i have not complaints.', 'the packaging opens very easy and the micro sd card works flawlessly in my razor maxx hd and asus transformer.']"
26,"the product shipped fast and actually came in a few days early. i read about some people having problems with this card. when i got it, first thing i did was format it. also make sure your device is compatible with sdhc cards. i have had no problems. very fast read write speeds. a little over 29 gb actually available for storage. i am pleased. product arrived on time not excessively packaged. worked perfectly out of the box. speed is excellent as i can play movies on it and the large file transfer time is very quick on the tablet. a on product and seller came as described shipping was very fast i was excited to see how this class 10 was compared to other micro sd cards. i have it in my new galaxy s4 pulls pictures videos quickly and stores them just as good. i have already recommended this to friends.","['the product shipped fast and actually came in a few days early. i read about some people having problems with this card. when i got it, first thing i did was format it. also make sure your device is compatible with sdhc cards. i have had no problems. very fast read write speeds. a little over 29 gb actually available for storage. i am pleased.', 'product arrived on time not excessively packaged. worked perfectly out of the box. speed is excellent as i can play movies on it and the large file transfer time is very quick on the tablet.', 'a on product and seller came as described shipping was very fast i was excited to see how this class 10 was compared to other micro sd cards. i have it in my new galaxy s4 pulls pictures videos quickly and stores them just as good. i have already recommended this to friends.']"
27,"copied all the data from my phone 16gb sdcard to the new 32gb and everything worked fine the first time the card was installed. i had previously done the same with an 8gb to 16gb with same results. it does not increase an speed to the phone as it is controlled by phones operating system, i hate how people complain the transfer speed isn't the 34 promised 34 30 mbs. it even says in the fine print that it depends on the product you are using the card on. i bought this to upgrade my galaxy note 2s memory. bought on sale for about 20 and amazon credited me the difference when it went on sale a week later for 17 . very satisfied great product and great customer service. thanks amazon!","['copied all the data from my phone 16gb sdcard to the new 32gb and everything worked fine the first time the card was installed. i had previously done the same with an 8gb to 16gb with same results. it does not increase an speed to the phone as it is controlled by phones operating system,', ""i hate how people complain the transfer speed isn't the 34 promised 34 30 mbs. it even says in the fine print that it depends on the product you are using the card on. i bought this to upgrade my galaxy note 2s memory. bought on sale for about 20 and amazon credited me the difference when it went on sale a week later for 17 . very satisfied great product and great customer service. thanks amazon!""]"
28,"i added this sandisk ultra 32 gb microsdhc to my smartphone, and it works perfectly. although i would not say that i 34 love 34 the memory card, i will say that i have no complaints about it, and i am perfectly happy with it. i think the title says it all. this card is 34 super fast and works great 34 . so happy to have this in my phone. samsung galaxy siii i got the 34 ultra 34 becuase it said it lets your camera phone save pictures faster, it seems to do that. also, it was a great price.","['i added this sandisk ultra 32 gb microsdhc to my smartphone, and it works perfectly. although i would not say that i 34 love 34 the memory card, i will say that i have no complaints about it, and i am perfectly happy with it.', 'i think the title says it all. this card is 34 super fast and works great 34 . so happy to have this in my phone. samsung galaxy siii', 'i got the 34 ultra 34 becuase it said it lets your camera phone save pictures faster, it seems to do that. also, it was a great price.']"
29,"love sandisk, never had a problem with them and still have not. popped this into my samsung galaxy relay 4g running android 4.0.4 and the phone detected it without a problem. has the write speeds expected and gets the job done. would recommend a different card if you plan to go to 64gb, buy the samsung uhs 1 sdxc, writes at much higher speeds and has less lag. would buy this again for the cheap price, fifty elsewhere.sincerely, isklcndykid i bought one of the 32gb for my galaxy s4, and another for my canon t3i. it works no problem in it, detected and formatted out of the box. sandisk is one of the most reliable card manufacturers in my opinion. i've gone through and sold a lot of cheap lesser sd cards throughout the years, and almost all manufacturer has their failures, but to date i haven't had any issues with sandisk. i've bought this same card for my wife and family members everyone has the s4 , and so far there's been no issues. i use mine heavily everyday, new music and movies, and after 6 9 months haven't had any failures.as far as speed goes, using dd on a usb3 card reader i recorded almost 14mb s write speed and 33mb s read speed. making it by far the fastest class 10 card i've had. they do sell 34 extreme 34 versions of this card which are even faster, but most integrated devices won't see the speed increase benefits. of late, sandisk appears to have lost their way a little with their flash storage products. it's almost a universal truth that all of their usb flash drives are hopelessly slow while they're usually reliable, transfer rates of 4mb sec or less are worthless when filling a 32gb drive. fortunately, their ultra line of sd cards still appears to buck this trend.formatted as ntfs and used in anelago mobile nano ii reader, i see write speeds on a 64 bit linux machine at a consistent 15 16mb sec when copying large 1gb or larger files to this card, which more than lives up to its class 10 billing. reads appear to run at about 19 20mb sec.i can't comment on reliability as i've only had the card a few days, but everything i've copied so far for testing has made it onto the card and off again with no corruption whatsoever the md5 checksum of every file i've transferred matches the source. that's more than can be said for the supertalent pico usb drive that this sd card and reader are intended to replace, which has never been quite right it's always occasionally randomly corrupted files of larger than 100mb or so, and the probability of 1gb or greater files surviving was near zero .32gb appears to be the sweet spot at the moment smaller cards don't cost that much less, and larger cards are beyond the sdhc spec and into sdxc territory, which isn't yet universal in terms of device compatibility not to mention they cost far more than double for 64gb .for what i paid for this around thanksgiving not part of any explicit sale, but definitely a lower price than appears usual as far as camelcamelcamel is concerned i'm extremely satisfied.edit i should also mention that the included mechanical full size sd adaptor is one of the worst i've ever encountered. there's a lot of friction when the microsd card is inserted, and it's a right bugger to get it out of the adaptor again. thankfully i have a few other such adaptors lying around should i ever need one this one's going in the bin.","['love sandisk, never had a problem with them and still have not. popped this into my samsung galaxy relay 4g running android 4.0.4 and the phone detected it without a problem. has the write speeds expected and gets the job done. would recommend a different card if you plan to go to 64gb, buy the samsung uhs 1 sdxc, writes at much higher speeds and has less lag. would buy this again for the cheap price, fifty elsewhere.sincerely, isklcndykid', ""i bought one of the 32gb for my galaxy s4, and another for my canon t3i. it works no problem in it, detected and formatted out of the box. sandisk is one of the most reliable card manufacturers in my opinion. i've gone through and sold a lot of cheap lesser sd cards throughout the years, and almost all manufacturer has their failures, but to date i haven't had any issues with sandisk. i've bought this same card for my wife and family members everyone has the s4 , and so far there's been no issues. i use mine heavily everyday, new music and movies, and after 6 9 months haven't had any failures.as far as speed goes, using dd on a usb3 card reader i recorded almost 14mb s write speed and 33mb s read speed. making it by far the fastest class 10 card i've had. they do sell 34 extreme 34 versions of this card which are even faster, but most integrated devices won't see the speed increase benefits."", ""of late, sandisk appears to have lost their way a little with their flash storage products. it's almost a universal truth that all of their usb flash drives are hopelessly slow while they're usually reliable, transfer rates of 4mb sec or less are worthless when filling a 32gb drive. fortunately, their ultra line of sd cards still appears to buck this trend.formatted as ntfs and used in anelago mobile nano ii reader, i see write speeds on a 64 bit linux machine at a consistent 15 16mb sec when copying large 1gb or larger files to this card, which more than lives up to its class 10 billing. reads appear to run at about 19 20mb sec.i can't comment on reliability as i've only had the card a few days, but everything i've copied so far for testing has made it onto the card and off again with no corruption whatsoever the md5 checksum of every file i've transferred matches the source. that's more than can be said for the supertalent pico usb drive that this sd card and reader are intended to replace, which has never been quite right it's always occasionally randomly corrupted files of larger than 100mb or so, and the probability of 1gb or greater files surviving was near zero .32gb appears to be the sweet spot at the moment smaller cards don't cost that much less, and larger cards are beyond the sdhc spec and into sdxc territory, which isn't yet universal in terms of device compatibility not to mention they cost far more than double for 64gb .for what i paid for this around thanksgiving not part of any explicit sale, but definitely a lower price than appears usual as far as camelcamelcamel is concerned i'm extremely satisfied.edit i should also mention that the included mechanical full size sd adaptor is one of the worst i've ever encountered. there's a lot of friction when the microsd card is inserted, and it's a right bugger to get it out of the adaptor again. thankfully i have a few other such adaptors lying around should i ever need one this one's going in the bin.""]"
30,"do not buy, card failed on the third usage. kicker not to my favoris you only have about 2 months to return this card for a full refund.then, it's a pro rated rated deal when you send it back to amamzon inlexington, ky.the failed card was in a gopro white edition. needless to say, a camera thatwas purchased for summer outdoor usage in november is going to sit for quite awhile before you have time to get your money back. card sat all winter and failedtowards the end of april. 6 months lag to get a decent, even pro rated refund.out of all the items i bought from amazon this is my only bad experience.64 gigs crammed on a tiny micro sd card is too much. i'll stick with thesmaller 32 gigs until this technology is meant to last.refund update, once again amazon did the right thing anbd refunded full purchase pricefor the dead 64 gig. amazon is where i shop for 2 reasons. 1. i live 50 miles frombig box stores and 2. they always make things right with no muss ...no fuss.i replaced the dead card with amazon brand micro 32 gig sd micro card.i have purchased amazon branded sd cards before and they work just as good as any.not to mention the cost savings. i mean it's a 64gb memory card. the price was right caught a sale and its a big ole memory card. i like sandisk and haven't had any trouble! you can't beat the value of this 32 micro m a cardbeliever that there is no such thing as a deal of a lifetime when it comes to electronics but for now this card really is a great value.","[""do not buy, card failed on the third usage. kicker not to my favoris you only have about 2 months to return this card for a full refund.then, it's a pro rated rated deal when you send it back to amamzon inlexington, ky.the failed card was in a gopro white edition. needless to say, a camera thatwas purchased for summer outdoor usage in november is going to sit for quite awhile before you have time to get your money back. card sat all winter and failedtowards the end of april. 6 months lag to get a decent, even pro rated refund.out of all the items i bought from amazon this is my only bad experience.64 gigs crammed on a tiny micro sd card is too much. i'll stick with thesmaller 32 gigs until this technology is meant to last.refund update, once again amazon did the right thing anbd refunded full purchase pricefor the dead 64 gig. amazon is where i shop for 2 reasons. 1. i live 50 miles frombig box stores and 2. they always make things right with no muss ...no fuss.i replaced the dead card with amazon brand micro 32 gig sd micro card.i have purchased amazon branded sd cards before and they work just as good as any.not to mention the cost savings."", ""i mean it's a 64gb memory card. the price was right caught a sale and its a big ole memory card. i like sandisk and haven't had any trouble!"", ""you can't beat the value of this 32 micro m a cardbeliever that there is no such thing as a deal of a lifetime when it comes to electronics but for now this card really is a great value.""]"
31,"good price and fast enough to load mp3 files from the computer quickly. i use these in sansa clip mp3 players, perfect match. perfect for my sansa clipp mp3 player. plenty fast, and was priced right. this worked in a sansa clip zip when another generic brand didn't. no complaints other than a couple cbs higher price.","['good price and fast enough to load mp3 files from the computer quickly. i use these in sansa clip mp3 players, perfect match.', 'perfect for my sansa clipp mp3 player. plenty fast, and was priced right.', ""this worked in a sansa clip zip when another generic brand didn't. no complaints other than a couple cbs higher price.""]"
32,"bought this to add storage to a sansa fuze mp3 player.the card formatted correctly and works quite smoothly with the device.i also tried it using the adapter, in my kodak digital camera and it was recognized instantly. pictures were saved quickly, allowing the camera to shoot again without undue delay. i have used many memory devices from sandisk, as well as a couple of sansa mp3 players. this card lives up to my expectations. it works well in my samsung galaxy s3 phone. i haven't bothered with the adapter, but i have no doubt it does its job. it is nice to have it just in case i need to read the card outside the phone. i use it in my sansa clip zip 8gb mp3 player and now i have 40gb for music.the included adapter allows me to remove the card from my player and add and subtract music using a standard card reader on my computer without having to plug in my mp3 player.when i'm done i slip the micro card back into the player, let the mp3 player refresh itself, and i'm good to go.this card is a class 10 unit so it's also good for expansion ports on video cameras as well. v","['bought this to add storage to a sansa fuze mp3 player.the card formatted correctly and works quite smoothly with the device.i also tried it using the adapter, in my kodak digital camera and it was recognized instantly. pictures were saved quickly, allowing the camera to shoot again without undue delay.', ""i have used many memory devices from sandisk, as well as a couple of sansa mp3 players. this card lives up to my expectations. it works well in my samsung galaxy s3 phone. i haven't bothered with the adapter, but i have no doubt it does its job. it is nice to have it just in case i need to read the card outside the phone."", ""i use it in my sansa clip zip 8gb mp3 player and now i have 40gb for music.the included adapter allows me to remove the card from my player and add and subtract music using a standard card reader on my computer without having to plug in my mp3 player.when i'm done i slip the micro card back into the player, let the mp3 player refresh itself, and i'm good to go.this card is a class 10 unit so it's also good for expansion ports on video cameras as well. v""]"
33,"more like 8mb s in my note 10.1 and that's using sandisk's own app. a bit faster in my note ii, but still a disappointment for devices with quad core processors. not sure if it's the card or the device, so benefit of the doubt and four stars. fast, reliable, plenty of size for the money. i ran sandisk memory zone on this and was reading between 22 and 29 mbps. not quite the 30 that it is supposedly rated at, but that is with a lot of apps installed and running off of the device. the sandisk ultra 32 gb is very fast. the quiality is excellent. usefull for all device. not problem. i recomended.","[""more like 8mb s in my note 10.1 and that's using sandisk's own app. a bit faster in my note ii, but still a disappointment for devices with quad core processors. not sure if it's the card or the device, so benefit of the doubt and four stars."", 'fast, reliable, plenty of size for the money. i ran sandisk memory zone on this and was reading between 22 and 29 mbps. not quite the 30 that it is supposedly rated at, but that is with a lot of apps installed and running off of the device.', 'the sandisk ultra 32 gb is very fast. the quiality is excellent. usefull for all device. not problem. i recomended.']"
34,"this is a fantastic little drive, has all the gigabytes it says, works in all ways i can discern and i use it to hold the flac recordings i play on my excellent fiio x5 digital audio player. this is the real thing and not one of the fakes that, evidently, are out there. like i said, this is a flash drive. it works. there are no data copying or writing speed problems and it performs within manufacturer specs. this has some really fast speeds and has a good amount of storage. it's also almost as cheap as those bargain bin items that give out after a month or so of hard usage. this one didn't though. i'm pretty hard on flash, doing long sequential writes and what have you, and this guy just won't give up.","['this is a fantastic little drive, has all the gigabytes it says, works in all ways i can discern and i use it to hold the flac recordings i play on my excellent fiio x5 digital audio player. this is the real thing and not one of the fakes that, evidently, are out there.', 'like i said, this is a flash drive. it works. there are no data copying or writing speed problems and it performs within manufacturer specs.', ""this has some really fast speeds and has a good amount of storage. it's also almost as cheap as those bargain bin items that give out after a month or so of hard usage. this one didn't though. i'm pretty hard on flash, doing long sequential writes and what have you, and this guy just won't give up.""]"
35,"works perfectly and for a fair price, it is immediately recognized by any device you use it . good purchase! was working fine for 2 months. randomly stopped working. is not recognized by my computer or cell phone. i am beyond the amazon return window, so this absolutely sucks.wasted my money. the first 2 i bought both had multiple problems with not being recognized, this one so far has had no problems.","['works perfectly and for a fair price, it is immediately recognized by any device you use it . good purchase!', 'was working fine for 2 months. randomly stopped working. is not recognized by my computer or cell phone. i am beyond the amazon return window, so this absolutely sucks.wasted my money.', 'the first 2 i bought both had multiple problems with not being recognized, this one so far has had no problems.']"
36,"got this for my galxy s3 had another brand that the phone kept losing contact with and that corrupted a few files. much faster transfers with this i got the 64gb version for my note 10.1. as always, super fast shipping with amazon prime. works great and price was not too bad either. worked perfect with out having to format it. transfer rate was fast when i loaded 20 movies and 9 gb of musice and 2 gb of pictures all at the same time. it took a total of 30 min. probably because i had multiple transfers at same time but works great for my new bought samsung galaxy note 10.1. thanks i got it, formatted it for my phone, and it seems to be working perfectly. i am able to transfer and open files at a good speed, and i have had no problems with it. good product!","['got this for my galxy s3 had another brand that the phone kept losing contact with and that corrupted a few files. much faster transfers with this i got the 64gb version for my note 10.1. as always, super fast shipping with amazon prime.', 'works great and price was not too bad either. worked perfect with out having to format it. transfer rate was fast when i loaded 20 movies and 9 gb of musice and 2 gb of pictures all at the same time. it took a total of 30 min. probably because i had multiple transfers at same time but works great for my new bought samsung galaxy note 10.1. thanks', 'i got it, formatted it for my phone, and it seems to be working perfectly. i am able to transfer and open files at a good speed, and i have had no problems with it. good product!']"
37,i got this sd card for my phone. works well. no issues. it was cheap and exactly what i needed. this sd card was exactly what we were looking for. the last one we purchased got deleted and unformatted by the phone so we decided to replace it. this is a great price and came with the adapter too. this sd card is perfect for my phone. it is the right size and especially the right price. after looking all over amazon price for this card was almost 10 lower than everyone else's.,"['i got this sd card for my phone. works well. no issues. it was cheap and exactly what i needed.', 'this sd card was exactly what we were looking for. the last one we purchased got deleted and unformatted by the phone so we decided to replace it. this is a great price and came with the adapter too.', ""this sd card is perfect for my phone. it is the right size and especially the right price. after looking all over amazon price for this card was almost 10 lower than everyone else's.""]"
38,"its amazing the amount of storage we are putting in micro chips these days. i use this for my dive camera taking videos and pictures. the chip hasn't let me down yet and no errors. we were going on vacation and i wanted to take a bunch of digital media for the long plane flights and for chilling during downtime. this chip took everything i needed and worked without issue. glad to see the 128gb chips on the market, looking forward to the 256gb ones! this chip holds way more than i would normally need but we were going on a three week trip and potentially taking about a million fotos. if you need a large capacity this card was fast for the writes and reads for all the fotos i took. the largest fotos were in the 10 12 mb range but most were 5 7 mb.and there were at least 15000 shots, some were absolute crap but that is the great thing about digifotos, the film is cheap.i bought mine here for 50.47, and that is still a good price i think for the ability to capture so many fotos and videos and data if you wish .","[""its amazing the amount of storage we are putting in micro chips these days. i use this for my dive camera taking videos and pictures. the chip hasn't let me down yet and no errors."", 'we were going on vacation and i wanted to take a bunch of digital media for the long plane flights and for chilling during downtime. this chip took everything i needed and worked without issue. glad to see the 128gb chips on the market, looking forward to the 256gb ones!', 'this chip holds way more than i would normally need but we were going on a three week trip and potentially taking about a million fotos. if you need a large capacity this card was fast for the writes and reads for all the fotos i took. the largest fotos were in the 10 12 mb range but most were 5 7 mb.and there were at least 15000 shots, some were absolute crap but that is the great thing about digifotos, the film is cheap.i bought mine here for 50.47, and that is still a good price i think for the ability to capture so many fotos and videos and data if you wish .']"
39,"good price, excellent for my camcorder. the micro design was not required for my unit, but gives you flexibility for cell phones, etc. good buy good value for the money, i would recommend having always a few of these around for all photo or film devices hopefully these will get cheaper but worth every cent to have more recording time i used 5 of these for christmas work great and you have good eyes !!!","['good price, excellent for my camcorder. the micro design was not required for my unit, but gives you flexibility for cell phones, etc. good buy', 'good value for the money, i would recommend having always a few of these around for all photo or film devices', 'hopefully these will get cheaper but worth every cent to have more recording time i used 5 of these for christmas work great and you have good eyes !!!']"
40,"the sandisk ultra 32 gb microsdhc memory card is a good value for the money. it doubles the memory of my new samsung galaxy s3 and there is no perceptible delay between access to the card and built in memory. i got two of these cards for under 40 ea on small business saturday and it was worth every penny. the card is fast, i use it in my note 2 galaxy s4 and i play music while taking sending pictures constantly as well as writing s notes with no lag or stutter at all. this automatically gives you enough storage for whatever you should need, no need to ever buy a phone with the most memory because a 16gb version or whatever the lowest version available is can instantly have 64gb, just make sure it has expandable memory! sandisk may have won me over since i always bought samsung kingston memory, would definitely buy this again!","['the sandisk ultra 32 gb microsdhc memory card is a good value for the money. it doubles the memory of my new samsung galaxy s3 and there is no perceptible delay between access to the card and built in memory.', 'i got two of these cards for under 40 ea on small business saturday and it was worth every penny. the card is fast, i use it in my note 2 galaxy s4 and i play music while taking sending pictures constantly as well as writing s notes with no lag or stutter at all. this automatically gives you enough storage for whatever you should need, no need to ever buy a phone with the most memory because a 16gb version or whatever the lowest version available is can instantly have 64gb, just make sure it has expandable memory! sandisk may have won me over since i always bought samsung kingston memory, would definitely buy this again!']"
41,"i picked this up as a deal of the day. no issues at all. put it in my phone, and then connected the phone galaxy s4 to the computer and dropped music and pictures in the folder and everything was quick and easy! i bought one for my daughter and one for my daughter in law they inserted them into their phones and transferred their itunes to their galaxy s2 and s3 phones. got this super cheap works great in my phone, now if i could figure out how to put music on the phone","['i picked this up as a deal of the day. no issues at all. put it in my phone, and then connected the phone galaxy s4 to the computer and dropped music and pictures in the folder and everything was quick and easy!', 'i bought one for my daughter and one for my daughter in law they inserted them into their phones and transferred their itunes to their galaxy s2 and s3 phones.', 'got this super cheap works great in my phone, now if i could figure out how to put music on the phone']"
42,"fast and lots of storage, not a flimsy card either. fells like its build tough. i would definitely recommend this to a friend. side note, if your device supports it and you can afford it, get the 64gb. youll appreciate never changing out ur card. this 32gb card is fast. great for storing video and music and whatever you need to do without worry. it is plenty large and the price is very reasonable. the data speeds are kinda slow but i am enjoying this card and thinking of buying a 64gb, nice buy.","['fast and lots of storage, not a flimsy card either. fells like its build tough. i would definitely recommend this to a friend. side note, if your device supports it and you can afford it, get the 64gb. youll appreciate never changing out ur card.', 'this 32gb card is fast. great for storing video and music and whatever you need to do without worry. it is plenty large and the price is very reasonable.', 'the data speeds are kinda slow but i am enjoying this card and thinking of buying a 64gb, nice buy.']"
43,"i just received my card, it is the class 10 64gb with the correct serial sdsdqua 064g a11a. i received it in an unopened sandisk packaging. i am going to use it on my htc rezound, i hope it works. from what i have read, it will work after reformatting the disk. i will update this review if i have any issues using it, if not, my rating will remain unchanged... this item works exactly as advertised! those negative reviews for this product must be from people who mistakenly reviewed the wrong product or don't know what they have. this sandisk ultra 32gb sdhc micro sd card is truly a class 10, and works fine in my htc phone! sandisk ultra 64 gb microsdxc class 10 uhs 1 memory card 30mb s with adapter sdsdqua 064g u46a fits very nicely in the htc vivid and the system recognized it right off the bat! simple and easy to format the disk and then encrypting it was a snap as well. there are many reviews on the internet about this product possibly not working in the htc vivid....i am a believer in doing the research and reading the reviews. it works like a champ and the price was reasonable on amazon!","['i just received my card, it is the class 10 64gb with the correct serial sdsdqua 064g a11a. i received it in an unopened sandisk packaging. i am going to use it on my htc rezound, i hope it works. from what i have read, it will work after reformatting the disk. i will update this review if i have any issues using it, if not, my rating will remain unchanged...', ""this item works exactly as advertised! those negative reviews for this product must be from people who mistakenly reviewed the wrong product or don't know what they have. this sandisk ultra 32gb sdhc micro sd card is truly a class 10, and works fine in my htc phone!"", 'sandisk ultra 64 gb microsdxc class 10 uhs 1 memory card 30mb s with adapter sdsdqua 064g u46a fits very nicely in the htc vivid and the system recognized it right off the bat! simple and easy to format the disk and then encrypting it was a snap as well. there are many reviews on the internet about this product possibly not working in the htc vivid....i am a believer in doing the research and reading the reviews. it works like a champ and the price was reasonable on amazon!']"
44,"the price for this 64gb micro sd card is excellent compare to retail. the card is reliable with no issues at all. i bought one for my samsung note 8 tablet and samsung galaxy s4! pretty good price, great performance! i've been using micro sd cards for years, tried many brands mostly cheaper. there is a reason they've been around and will continue to be! good price for a good size micro sd. not the fastese card that i have used but for the price i am satisfied.","['the price for this 64gb micro sd card is excellent compare to retail. the card is reliable with no issues at all. i bought one for my samsung note 8 tablet and samsung galaxy s4!', ""pretty good price, great performance! i've been using micro sd cards for years, tried many brands mostly cheaper. there is a reason they've been around and will continue to be!"", 'good price for a good size micro sd. not the fastese card that i have used but for the price i am satisfied.']"
45,"a good size and good price for a small camera or phone that takes micro sd memory this is fast but not hyped as aiiiigh super speedy because it doesn't need to be it's good for all the standard usages of your average consumer photos, ringtones, games, lightweight video, etc . i love this micro sd because i used it as my main memory phone mostly because the galaxy s4 it comes with a 9gb of free space. so i can pretty much just enjoy this ultra 64gb for music, photos and movies but not for apps because my phone is not compatible with moving apps to the sd it stills works for other phones but not this one. i have to say this is one of the fastest micro sd i ever bought recommended a lot. this is the best micro memory for an android phone! it's very fast running as fast as 38mb s. the 30gb was a splurge but if you have movies or videos on your phone than this is perfect! amazing product!p. s. do not get the ultra mobile version of this, it's slower than this one","[""a good size and good price for a small camera or phone that takes micro sd memory this is fast but not hyped as aiiiigh super speedy because it doesn't need to be it's good for all the standard usages of your average consumer photos, ringtones, games, lightweight video, etc ."", 'i love this micro sd because i used it as my main memory phone mostly because the galaxy s4 it comes with a 9gb of free space. so i can pretty much just enjoy this ultra 64gb for music, photos and movies but not for apps because my phone is not compatible with moving apps to the sd it stills works for other phones but not this one. i have to say this is one of the fastest micro sd i ever bought recommended a lot.', ""this is the best micro memory for an android phone! it's very fast running as fast as 38mb s. the 30gb was a splurge but if you have movies or videos on your phone than this is perfect! amazing product!p. s. do not get the ultra mobile version of this, it's slower than this one""]"
46,bought from bestbuy online the day it was announced. i have tested in my sony xperia z ultra and my 12inch samsung pro tablet.both work fine. shows 119gb available. only issue i have is that i paid 199.99 for it best buy will most likely match this though. bought this to go with my samsung tab 2 7.0 tablet. even though the tablet indicates that it can only take up to a 32gb card. this 64 gb worked like a charm. now there is plenty of storage space for videos and music. recommended,"['bought from bestbuy online the day it was announced. i have tested in my sony xperia z ultra and my 12inch samsung pro tablet.both work fine. shows 119gb available. only issue i have is that i paid 199.99 for it best buy will most likely match this though.', 'bought this to go with my samsung tab 2 7.0 tablet. even though the tablet indicates that it can only take up to a 32gb card. this 64 gb worked like a charm. now there is plenty of storage space for videos and music. recommended']"
47,"got this for the dell venue 8 pro and it works perfectly. no complaints. here are more words to complete my review. works great with a dell venue 8 pro. so far working great, i'm using on my dell venue 8 pro and is working fine, no issues","['got this for the dell venue 8 pro and it works perfectly. no complaints. here are more words to complete my review.', 'works great with a dell venue 8 pro.', ""so far working great, i'm using on my dell venue 8 pro and is working fine, no issues""]"
48,"it is a good card and does the job well. now i am going to have to fill in this space as there isn't much else to say about this. using this as expansion for dell venue 8 pro. now have almost 64g of open capacity on the tablet. i was surprised to see the main drive in my dell venue pro 8 was almost completely consumed by the windows os. i added this card to create some space for myself. the tablet recognized it as an additional disc with 29gb available. that gives me plenty of breathing room for what i do with the tablet, and the speed is incredible. i am very pleased with this product, and will purchase another one when i upgrade the card in my gopro this summer. i purchased this for my dell venue 11 pro, which effectively doubled it's storage capacity. installation was simple and the card has worked flawlessly since i installed it. great price, great performance, no headaches. been going for a couple months now with no issues.","[""it is a good card and does the job well. now i am going to have to fill in this space as there isn't much else to say about this. using this as expansion for dell venue 8 pro. now have almost 64g of open capacity on the tablet."", 'i was surprised to see the main drive in my dell venue pro 8 was almost completely consumed by the windows os. i added this card to create some space for myself. the tablet recognized it as an additional disc with 29gb available. that gives me plenty of breathing room for what i do with the tablet, and the speed is incredible. i am very pleased with this product, and will purchase another one when i upgrade the card in my gopro this summer.', ""i purchased this for my dell venue 11 pro, which effectively doubled it's storage capacity. installation was simple and the card has worked flawlessly since i installed it. great price, great performance, no headaches. been going for a couple months now with no issues.""]"
49,"i bought this card when i got my note 2 back in october, it is perfect and fast. no problems in any way and fully compatible with my device.update 1 15 14 i bought a second card for my note 3 and it it excellent. the frustration free packaging was much appreciated from the other packing last year. my first original card got corrupted when i put it in an old feature phone but i am confident it had nothing to do with the card in any way. i have tested these cards with the galaxy note 2, note 3, note 10.1 2014 and tab 3 7 and they all read the card no problem. i have been extremely satisfied so far. works great in my note ii. no issues. reads and writes fast. no corrupted files and my note ii had no issues reading this card. my friend bought an off brand card because it was cheaper and every so often he gets a 34 card not found 34 error. good buy. no problems in my note 2. slid what i wanted from the original 16 gb card on to this and couldn't even tell anything had changed. i mean that in a good way.","['i bought this card when i got my note 2 back in october, it is perfect and fast. no problems in any way and fully compatible with my device.update 1 15 14 i bought a second card for my note 3 and it it excellent. the frustration free packaging was much appreciated from the other packing last year. my first original card got corrupted when i put it in an old feature phone but i am confident it had nothing to do with the card in any way. i have tested these cards with the galaxy note 2, note 3, note 10.1 2014 and tab 3 7 and they all read the card no problem. i have been extremely satisfied so far.', 'works great in my note ii. no issues. reads and writes fast. no corrupted files and my note ii had no issues reading this card. my friend bought an off brand card because it was cheaper and every so often he gets a 34 card not found 34 error. good buy.', ""no problems in my note 2. slid what i wanted from the original 16 gb card on to this and couldn't even tell anything had changed. i mean that in a good way.""]"
50,"great speeds and reliable so no complaints here! has lasted a few months now in my smartphone which is longer than some other knockoff brands that i have received. so far so good works as described and on my lg motion 4g android smartphone. speed is pretty good too even though it reverts back to class 10 on this phone. great speed, great capacity, great price, and fits great in my htc evo design 4g android phone. i recomend it.","['great speeds and reliable so no complaints here! has lasted a few months now in my smartphone which is longer than some other knockoff brands that i have received.', 'so far so good works as described and on my lg motion 4g android smartphone. speed is pretty good too even though it reverts back to class 10 on this phone.', 'great speed, great capacity, great price, and fits great in my htc evo design 4g android phone. i recomend it.']"
51,fast and reliable. well worth the price. works in my android tablet 7.0 with no problems. setup was no problem. fast and reliable. have worked with it for around 2 months now and nothing to complain about.good fit for my asus tf700,"['fast and reliable. well worth the price. works in my android tablet 7.0 with no problems. setup was no problem.', 'fast and reliable. have worked with it for around 2 months now and nothing to complain about.good fit for my asus tf700']"
52,"love this 32gb micro sd card. i put it in my samsung galaxy note phone. i just returned from a 3 day trip where i used it as my camera video recorder. i kept it on hd quality the whole time. no problems at all. the only reason i did not give it a 5 star rating was because it actually only had 29gb of space instead of 32. if that is the norm then please excuse my ignorance! this has really just been used to store some extra files and pass between computers. it came with the converter to change it to a standard sd card. no issues with either. it always amazes me how so much data can be stored in such a small space. anyway, it will get more use in the next month. i'm planning on upgrading phones and will knock it down a star if it seems to slow to record video to. so if you just see 5 stars, it means i am lazy and the disk is still good. i give this memory card a 5 star because it works like a charm easy to use plug and play. the packaging is easy to open so you don't have to worry about damaging the card itself . slipped it right in my samsung galaxy s 3 maxing out the card slot with this sandisk 64gb but it only displays 59.47gb its stable and fast works really good. didn't have to format anything or do any extra steps to use it. i recommend this to everyone","['love this 32gb micro sd card. i put it in my samsung galaxy note phone. i just returned from a 3 day trip where i used it as my camera video recorder. i kept it on hd quality the whole time. no problems at all. the only reason i did not give it a 5 star rating was because it actually only had 29gb of space instead of 32. if that is the norm then please excuse my ignorance!', ""this has really just been used to store some extra files and pass between computers. it came with the converter to change it to a standard sd card. no issues with either. it always amazes me how so much data can be stored in such a small space. anyway, it will get more use in the next month. i'm planning on upgrading phones and will knock it down a star if it seems to slow to record video to. so if you just see 5 stars, it means i am lazy and the disk is still good."", ""i give this memory card a 5 star because it works like a charm easy to use plug and play. the packaging is easy to open so you don't have to worry about damaging the card itself . slipped it right in my samsung galaxy s 3 maxing out the card slot with this sandisk 64gb but it only displays 59.47gb its stable and fast works really good. didn't have to format anything or do any extra steps to use it. i recommend this to everyone""]"
53,"the 64gb version does not seem as reliable as the lower gb versions. i have had to reformat this card twice .. a real nuisance. when its working .. it does well. the 64gb card i purchased actually contains 4gb of flash memory and some kind of hack that causes it to appear as a 64gb drive in various drives and readers. of course, this took me a while to figure out since i only just got around to copying more than 4gb of data to the card, but with some testing i have nonetheless discovered this to be the case.the card i bought was in amazon frustration free packaging. i don't know if cards purchased that way are less likely to be counterfeit than retail packaged versions, but i suspect that i will stick with manufacturer packaging from now on. i wanted a 64gb card for my samsung galaxy note ii. i've learned my lesson about buying from that well known auction site we all know, and getting fake cards there. i've always had good experiences buying memory cards from amazon, and always got genuine stuff. this card was recognized by my phone right away, mounted, and formatted perfectly. i have a ton of music on it, and some videos, and still have about 12 gb free. i feel like i got my money's worth!","['the 64gb version does not seem as reliable as the lower gb versions. i have had to reformat this card twice .. a real nuisance. when its working .. it does well.', ""the 64gb card i purchased actually contains 4gb of flash memory and some kind of hack that causes it to appear as a 64gb drive in various drives and readers. of course, this took me a while to figure out since i only just got around to copying more than 4gb of data to the card, but with some testing i have nonetheless discovered this to be the case.the card i bought was in amazon frustration free packaging. i don't know if cards purchased that way are less likely to be counterfeit than retail packaged versions, but i suspect that i will stick with manufacturer packaging from now on."", ""i wanted a 64gb card for my samsung galaxy note ii. i've learned my lesson about buying from that well known auction site we all know, and getting fake cards there. i've always had good experiences buying memory cards from amazon, and always got genuine stuff. this card was recognized by my phone right away, mounted, and formatted perfectly. i have a ton of music on it, and some videos, and still have about 12 gb free. i feel like i got my money's worth!""]"
54,"i have been looking for a 64gb memory card and i found one at our local electronics store but it was over 100. i logged onto amazon.com and found this at a great price. why pay more when you can come to amazon and get it for less. this was an exceptional deal...especially since they actually sent me a 64gb card instead of a 32gb. price is right. buying two of the 32gb cards is even cheaper than buying one 64gb, too. it's a really is a solid value.","['i have been looking for a 64gb memory card and i found one at our local electronics store but it was over 100. i logged onto amazon.com and found this at a great price. why pay more when you can come to amazon and get it for less.', 'this was an exceptional deal...especially since they actually sent me a 64gb card instead of a 32gb. price is right.', ""buying two of the 32gb cards is even cheaper than buying one 64gb, too. it's a really is a solid value.""]"
55,"i purchased this card for my parent's asus transformer tablet as a christmas gift. it installed with no issues and they love it. i made the mistake of buying a no name sd card for my tablet motorola xoom previously and had to return it as my tablet didn't recognize it. the sandisk brand is excellent quality. i guess it just goes to show you, you get what you pay for. the amazon price is good. never again will buy cheap for a memory card. not sure what the point is of reviewing a stanard 32g memory card. purchased for a tablet and works fine. bought it for my tablet. its worth it to pay a couple bucks more for quality instead of trying to seek out the rock bottom priced bargain sometimes. there's a lot of counterfeit cards out there but you don't have to worry about being suckered like that when you buy a sandisk or other quality name brand memory card.","[""i purchased this card for my parent's asus transformer tablet as a christmas gift. it installed with no issues and they love it. i made the mistake of buying a no name sd card for my tablet motorola xoom previously and had to return it as my tablet didn't recognize it. the sandisk brand is excellent quality. i guess it just goes to show you, you get what you pay for. the amazon price is good. never again will buy cheap for a memory card."", 'not sure what the point is of reviewing a stanard 32g memory card. purchased for a tablet and works fine.', ""bought it for my tablet. its worth it to pay a couple bucks more for quality instead of trying to seek out the rock bottom priced bargain sometimes. there's a lot of counterfeit cards out there but you don't have to worry about being suckered like that when you buy a sandisk or other quality name brand memory card.""]"
56,"i bought this for use in my blackberry z10. it works great for me as i hold all of my music from itunes and my most precious pictures of my wife and kids.no problems whatsoever with my z10 works great in my blackberry z10. holds all i need and it is fast. i really wish there was more to say, but i can't think of anything. no cons. i've been using this in my blackberry z10 for movies, music pictures for the past few months without issue. quick response, no lag or compatibility issues.","['i bought this for use in my blackberry z10. it works great for me as i hold all of my music from itunes and my most precious pictures of my wife and kids.no problems whatsoever with my z10', ""works great in my blackberry z10. holds all i need and it is fast. i really wish there was more to say, but i can't think of anything. no cons."", ""i've been using this in my blackberry z10 for movies, music pictures for the past few months without issue. quick response, no lag or compatibility issues.""]"
57,"i bought this for my samsung galaxy s3 to expand the memory. best money i could have spent. no issues, works as it should. fast shipping, great packaging. worth every penny. works as expected. this product has added 32gb memory to my samsung galaxy s3. love it. it adds so much more memory to your device. bought this for extended memory in a galaxy s iii. great price. easy to install and the phone recognized it instantly. does what its supposed to do.","['i bought this for my samsung galaxy s3 to expand the memory. best money i could have spent. no issues, works as it should. fast shipping, great packaging. worth every penny.', 'works as expected. this product has added 32gb memory to my samsung galaxy s3. love it. it adds so much more memory to your device.', 'bought this for extended memory in a galaxy s iii. great price. easy to install and the phone recognized it instantly. does what its supposed to do.']"
58,"i was better off with my 32gig card. this thing was nothing but problems. the phone does not see it half the time and it is slow. the phone keeps asking to re format it. i got it to see the card after a reboot. it is still slow.i will be buying the samsung 64gig card for my samsung galaxy note 1. i have seen good things from samsung. this card has met my requirements. i wanted a 32 gb card with an adapter and i wanted the faster card and it is a c10. it worked out of the box with no problem. i bought 2 of them at the same time, one for mine and one for my wife's smartphone samsung galaxy centura. i am satisfied with both of them.","['i was better off with my 32gig card. this thing was nothing but problems. the phone does not see it half the time and it is slow. the phone keeps asking to re format it. i got it to see the card after a reboot. it is still slow.i will be buying the samsung 64gig card for my samsung galaxy note 1. i have seen good things from samsung.', ""this card has met my requirements. i wanted a 32 gb card with an adapter and i wanted the faster card and it is a c10. it worked out of the box with no problem. i bought 2 of them at the same time, one for mine and one for my wife's smartphone samsung galaxy centura. i am satisfied with both of them.""]"
59,"i got this to expand the memory storage in my samsung galaxy note 10.1. the tablet and paperwork claim to support up to 32gb, but other reviews for these cards and the note 10.1 said that a 64gb worked just fine. and work just fine it does.i store mostly music on here, as i've got over 22gb worth of music, which would have taken up most of the 32gb built in to the tablet. i also use my tablet for sheet music, so i needed to have the capability to have all that on there, too. so this was my best solution, and so far it's worked wonderfully.and, on top of that, it came with a microsd card to sd card adapter, making file transfers even easier. overall, i would highly, highly recommend this product! got two of these one for our samsung galaxy note 10.1 tablet and one for my samsung galaxy note ii cell phone. both devices had no problem recognizing the new 64gb cards. couldn't be any easier to use. nice to have a large amount of storage on both devices. the easy to open packaging was a real treat. i did not use the adapters as i just connect my phone and tablet to my laptop via usb to transfer music, photos and music. i finally took the plunge and got this guy. i was worried it wouldn't work with my samsung galaxy tab 2 10.1. after reading some of the reviews how people 'got it working', i finally decided to give it a try.first of all, i want to say there was no 'getting it to work'. i put it in and it recognized it immediately. i didn't have to pre format it or do anything hokey with it. i used the tablet to format it anyways there might be some optimization things that can happen , but it work! now, i can load all my songs and movies onto one card as opposed to keeping them on two and swapping between them.hey samsung, why don't you make a tablet that holds more than one microsd card? i'd buy it. update i bought another one to go in my galaxy s5 for 40. even though the 128gb will work in the phone, i couldn't see paying literally 3x more for only twice the memory. so these work great!","[""i got this to expand the memory storage in my samsung galaxy note 10.1. the tablet and paperwork claim to support up to 32gb, but other reviews for these cards and the note 10.1 said that a 64gb worked just fine. and work just fine it does.i store mostly music on here, as i've got over 22gb worth of music, which would have taken up most of the 32gb built in to the tablet. i also use my tablet for sheet music, so i needed to have the capability to have all that on there, too. so this was my best solution, and so far it's worked wonderfully.and, on top of that, it came with a microsd card to sd card adapter, making file transfers even easier. overall, i would highly, highly recommend this product!"", ""got two of these one for our samsung galaxy note 10.1 tablet and one for my samsung galaxy note ii cell phone. both devices had no problem recognizing the new 64gb cards. couldn't be any easier to use. nice to have a large amount of storage on both devices. the easy to open packaging was a real treat. i did not use the adapters as i just connect my phone and tablet to my laptop via usb to transfer music, photos and music."", ""i finally took the plunge and got this guy. i was worried it wouldn't work with my samsung galaxy tab 2 10.1. after reading some of the reviews how people 'got it working', i finally decided to give it a try.first of all, i want to say there was no 'getting it to work'. i put it in and it recognized it immediately. i didn't have to pre format it or do anything hokey with it. i used the tablet to format it anyways there might be some optimization things that can happen , but it work! now, i can load all my songs and movies onto one card as opposed to keeping them on two and swapping between them.hey samsung, why don't you make a tablet that holds more than one microsd card? i'd buy it. update i bought another one to go in my galaxy s5 for 40. even though the 128gb will work in the phone, i couldn't see paying literally 3x more for only twice the memory. so these work great!""]"
60,"best 64 gigs of micro sd out there. no lag accessing data for the smartphone, acts like the phone's own internal storage and is indistinguishable from it. the integrity of the data is well preserved. this san disk micro sdhc is perfect for today's small electronics that need extra storage, such as smartphones, tablets, and cameras, etc. i've purchased several of these and this brand version, is among the best. while amazon usually has great prices on these, make sure you check out sales, especially at radio shack, which often beat all others. no, they don't pay me i just like to pass along info on good deals when i spot them. fyi radio shack's sale prices on no contract smartphones are usually tops as well. i bought my virgin mobile samsung s2 from them and am loving this phone!back to the memory card, it's so nice to have android products that take these to expand memory, something the i guys could really take a lesson in. and if you don't think you'll need the expanded memory, trust me, with photo taking and all the goodies you can get, you'll want it over time.as one person commented, yes, this memory card comes in various sizes, including the 32gb version i also purchased, which is the max compatible with the devices i have, although 64gb is also available for the latest tech. all this is amazing to this old timer, whose first desktop pc hard drive had only 500mb storage! price of micro sd per gb is much lower compared to a few years ago.works fine with lg g2x and galaxy note 2.with all the new phones with more than 6m pixels and 1080p video, your internal storage is going to dry out very fast. external micro sd is definitely a must.4gb and 8 gb are running out very fast . 32gb is definitely a welcome especially if you buy it during the sale pro 1. bought this during sale under 25 usd.2. class 10 fastest for now 3. trusted brand sandiskcons none.","[""best 64 gigs of micro sd out there. no lag accessing data for the smartphone, acts like the phone's own internal storage and is indistinguishable from it. the integrity of the data is well preserved."", ""this san disk micro sdhc is perfect for today's small electronics that need extra storage, such as smartphones, tablets, and cameras, etc. i've purchased several of these and this brand version, is among the best. while amazon usually has great prices on these, make sure you check out sales, especially at radio shack, which often beat all others. no, they don't pay me i just like to pass along info on good deals when i spot them. fyi radio shack's sale prices on no contract smartphones are usually tops as well. i bought my virgin mobile samsung s2 from them and am loving this phone!back to the memory card, it's so nice to have android products that take these to expand memory, something the i guys could really take a lesson in. and if you don't think you'll need the expanded memory, trust me, with photo taking and all the goodies you can get, you'll want it over time.as one person commented, yes, this memory card comes in various sizes, including the 32gb version i also purchased, which is the max compatible with the devices i have, although 64gb is also available for the latest tech. all this is amazing to this old timer, whose first desktop pc hard drive had only 500mb storage!"", 'price of micro sd per gb is much lower compared to a few years ago.works fine with lg g2x and galaxy note 2.with all the new phones with more than 6m pixels and 1080p video, your internal storage is going to dry out very fast. external micro sd is definitely a must.4gb and 8 gb are running out very fast . 32gb is definitely a welcome especially if you buy it during the sale pro 1. bought this during sale under 25 usd.2. class 10 fastest for now 3. trusted brand sandiskcons none.']"
61,"great value for extra storage on cell phones. adapter included with memory disk allows easy interface with standard computer card reader interfaces. a must for any device when u need extra space, adapter allows easy transfer of info such as pictures, music or documents i have plenty of space for my pics and songs that i store on my sd card. the adaptor helps in easy transfer to my laptop.","['great value for extra storage on cell phones. adapter included with memory disk allows easy interface with standard computer card reader interfaces.', 'a must for any device when u need extra space, adapter allows easy transfer of info such as pictures, music or documents', 'i have plenty of space for my pics and songs that i store on my sd card. the adaptor helps in easy transfer to my laptop.']"
62,i bought this micro sd card for my samsung pocket camera.i was amazed at how much storage i could shoot video in hd 1080 on such a tiny card.so far it is performing nicely. i put 20 gb of videos on this micro sd card and it is a perfect fit and functions flawlessly.,"['i bought this micro sd card for my samsung pocket camera.i was amazed at how much storage i could shoot video in hd 1080 on such a tiny card.so far it is performing nicely.', 'i put 20 gb of videos on this micro sd card and it is a perfect fit and functions flawlessly.']"
63,above average speed and perfect for the photographer needing ample file space. can easily be used as a micro or sd card in different format cameras. fair pricing.cons none i wanted a good quality micro sd for video recording my nephew's wedding. this was more than enough storage for a couple hours of mixed 720p and 1080p recording with plenty of room to spare. video looked good for the quality of video cam. great micro sd high speed card for digital photography i use in sony hdr cx160 . the 16g storage can be sufficient for a short program.,"['above average speed and perfect for the photographer needing ample file space. can easily be used as a micro or sd card in different format cameras. fair pricing.cons none', ""i wanted a good quality micro sd for video recording my nephew's wedding. this was more than enough storage for a couple hours of mixed 720p and 1080p recording with plenty of room to spare. video looked good for the quality of video cam."", 'great micro sd high speed card for digital photography i use in sony hdr cx160 . the 16g storage can be sufficient for a short program.']"
64,"solid sdhc card that is fast at reading and writing fast for recording video and pics , has great capacity, and is reasonably priced. i have had no issues with it.overall, highly recommend. purchased this card for use with my new slr camera as a backup. read write to the card is fast which allows maximum use of special modes available with the camera. data transfer speeds to a computer are also good, no real complaints. overall a good sd card for the price. good fast and reliable sdhc for the price can't beat it! been using this for video and photos no issues at all.","['solid sdhc card that is fast at reading and writing fast for recording video and pics , has great capacity, and is reasonably priced. i have had no issues with it.overall, highly recommend.', 'purchased this card for use with my new slr camera as a backup. read write to the card is fast which allows maximum use of special modes available with the camera. data transfer speeds to a computer are also good, no real complaints. overall a good sd card for the price.', ""good fast and reliable sdhc for the price can't beat it! been using this for video and photos no issues at all.""]"
65,"i have to assume that the brand new 64gb sandisk ultra class 10 sdxc card is responsible for the occasional video recording stutter pausing that has happened since i started using it today. prior to that, never had an issue with my previous sandisk sdhc card. but today on its maiden trip, it has led each video only 3 5 minutes long each to have several performance issues that by default i have to attribute to the card since nothing else has changed and i've never had an issue in the four months that i've had my galaxy note 2. no problems formatting this card though or installing using it otherwise. its probably better than i think it is. i got this to go in a samsung tablet which is about to get replaced with an ipad. but the sd memory card portion has not given me any fits yet. the write speed isn't as high as some sd cards and this funky form factor requires an adapter most of the time, so don't expect to pop this into your dslr.","[""i have to assume that the brand new 64gb sandisk ultra class 10 sdxc card is responsible for the occasional video recording stutter pausing that has happened since i started using it today. prior to that, never had an issue with my previous sandisk sdhc card. but today on its maiden trip, it has led each video only 3 5 minutes long each to have several performance issues that by default i have to attribute to the card since nothing else has changed and i've never had an issue in the four months that i've had my galaxy note 2. no problems formatting this card though or installing using it otherwise."", ""its probably better than i think it is. i got this to go in a samsung tablet which is about to get replaced with an ipad. but the sd memory card portion has not given me any fits yet. the write speed isn't as high as some sd cards and this funky form factor requires an adapter most of the time, so don't expect to pop this into your dslr.""]"
66,"this sdhc is fast. great for cameras, the pictures take nothing to record and the next shot is quick and easy. i use it with raspberry pi, that needs fast media. works perfectly. this is the fastest sd card i ever own, 30mb s i recorded full hd videos... and this card help me a lot with it. this is the fastest microsdhc i've used. i got it for a tablet but it turned out the tablet had no microsdhc slot when it arrived. so, using it for a 10.1mp camera. it writes very quickly and then off to the next shot. i'm quite pleased with the performance of this card.i think there may be cards even faster. but this suits my needs of casual photography.","['this sdhc is fast. great for cameras, the pictures take nothing to record and the next shot is quick and easy. i use it with raspberry pi, that needs fast media. works perfectly.', 'this is the fastest sd card i ever own, 30mb s i recorded full hd videos... and this card help me a lot with it.', ""this is the fastest microsdhc i've used. i got it for a tablet but it turned out the tablet had no microsdhc slot when it arrived. so, using it for a 10.1mp camera. it writes very quickly and then off to the next shot. i'm quite pleased with the performance of this card.i think there may be cards even faster. but this suits my needs of casual photography.""]"
67,"great memory card. using this along with out roku3. works great. fast transfer rate, good capacity, and reasonable price. what else could you ask for? i could not get this brand of memory card to work in my roku. it would not format correctly. i had to return this for another brand which worked ok. good fast access memory card. i use it in my roku player, but it would work equally well in any device that required a micro card.","['great memory card. using this along with out roku3. works great. fast transfer rate, good capacity, and reasonable price. what else could you ask for?', 'i could not get this brand of memory card to work in my roku. it would not format correctly. i had to return this for another brand which worked ok.', 'good fast access memory card. i use it in my roku player, but it would work equally well in any device that required a micro card.']"
68,"this is a little gray square, with one corner missing. it holds just short of 32gb of data, and transfers it at just short of 30mb s, as expected. i use in in my cameras, which is what it's designed for, and it works as designed. compact size is helpful and the transfer speed is quite good. highly recommend this for people who have large storage requirements. didn't realize this was as small as it was, nice speed and great use cross device with the included adapter. lots of storage space for transferring files and films.","[""this is a little gray square, with one corner missing. it holds just short of 32gb of data, and transfers it at just short of 30mb s, as expected. i use in in my cameras, which is what it's designed for, and it works as designed."", 'compact size is helpful and the transfer speed is quite good. highly recommend this for people who have large storage requirements.', ""didn't realize this was as small as it was, nice speed and great use cross device with the included adapter. lots of storage space for transferring files and films.""]"
69,"it works, but file writes are a bit slower than expected on a usb3 reader.also, both reads and writes are faster with the card inside the standard size sd adapter 15 mb s vs 10 write 45 mb s vs 22 mb s read on the same card reader. can't figure why... i bought this to use in my chromebook with a short sd card adapter. i can transfer a 1 gbt file from the sd card to my usb 3.0 flash drive in about a minute. my wife and i just upgraded our phone to note 3 and wanted more space. we had the phone for 4 days now and micro sd card works fine. however, i feel transfer rate is slow when transfering movies from my desktop to sd card. 1.2gb movie will take about 12 16 minutes. i have pretty high end gaming pc. intel i7 980x cpu, 12gb memory, 7870 ati graphic card, 120gb ssd card, 3tb hard drive for storage, 1200w 80plus gold pus, asus sabortooth motherboard,etc. when transfering movies or file to my wd 2.5 inch external hard drive will take 1 2 minutes. still satisfied, since i have more than 90gb of storage on my phone.","[""it works, but file writes are a bit slower than expected on a usb3 reader.also, both reads and writes are faster with the card inside the standard size sd adapter 15 mb s vs 10 write 45 mb s vs 22 mb s read on the same card reader. can't figure why..."", 'i bought this to use in my chromebook with a short sd card adapter. i can transfer a 1 gbt file from the sd card to my usb 3.0 flash drive in about a minute.', 'my wife and i just upgraded our phone to note 3 and wanted more space. we had the phone for 4 days now and micro sd card works fine. however, i feel transfer rate is slow when transfering movies from my desktop to sd card. 1.2gb movie will take about 12 16 minutes. i have pretty high end gaming pc. intel i7 980x cpu, 12gb memory, 7870 ati graphic card, 120gb ssd card, 3tb hard drive for storage, 1200w 80plus gold pus, asus sabortooth motherboard,etc. when transfering movies or file to my wd 2.5 inch external hard drive will take 1 2 minutes. still satisfied, since i have more than 90gb of storage on my phone.']"
70,"i had been using a 'regular' sandisk 32gb micro sd card that came included with my htc thunderbolt i bought in 2011. the size was decent, but i never realized until upgrading how much i was lacking on the speed.i finally got one of these to replace my old card with my galaxy s3. it is superb. i just recently got a galaxy s4, and again, this card is just about the best expansion you can add to most any phone.with my old microsd card, i had gotten used to just sitting there, zoning out, as i waited patiently for my computer to transfer pictures videos off my card to be backed up to my pc's hard drive, or copying some music files from my pc to my card. with this new card, almost any single file even hundreds of megabytes big is an instant transfer, that transfers too quick to even bring up that 34 moving 34 dialog box in windows 8. on my very big transfers lots of hd video files at once, totaling several gigabytes , i have to wait, but i'm waiting for seconds instead of minutes.combine the excellent speed with the fact that 64gb can hold a ton of data compared to typical storage sizes on phones , and you have a very satisfied customer. now i can procrastinate even longer the occasional transfers of all my pictures and videos to my pc, though i try not to.a lot of phones like my s4 specify 64gb sdxc cards as the maximum they support, so this is about the best you can even get for the moment, unless you want to pay almost double for sandisk's extreme cards. unless you have money to burn, i think these are a much better value and diminishing returns certainly kick in beyond this price point. but perhaps my next phone will support 4k hd video onto 256gb cards and i will yet again need to upgrade my card's capacity and speed... anyway, bottom line on this product awesome. once i figured out the s3 wasn't liking the exfat file structure and formatted to fat32 it works quite well. i don't know if it's the phone or card and i'm not about to test it elsewhere, but i didn't see the 30mb s speeds. it works good enough for the phone and it's the best option i have for the biggest storage for now.1080p videos with no issues. no problems with read write stability. overall i'm happy i bought it.","[""i had been using a 'regular' sandisk 32gb micro sd card that came included with my htc thunderbolt i bought in 2011. the size was decent, but i never realized until upgrading how much i was lacking on the speed.i finally got one of these to replace my old card with my galaxy s3. it is superb. i just recently got a galaxy s4, and again, this card is just about the best expansion you can add to most any phone.with my old microsd card, i had gotten used to just sitting there, zoning out, as i waited patiently for my computer to transfer pictures videos off my card to be backed up to my pc's hard drive, or copying some music files from my pc to my card. with this new card, almost any single file even hundreds of megabytes big is an instant transfer, that transfers too quick to even bring up that 34 moving 34 dialog box in windows 8. on my very big transfers lots of hd video files at once, totaling several gigabytes , i have to wait, but i'm waiting for seconds instead of minutes.combine the excellent speed with the fact that 64gb can hold a ton of data compared to typical storage sizes on phones , and you have a very satisfied customer. now i can procrastinate even longer the occasional transfers of all my pictures and videos to my pc, though i try not to.a lot of phones like my s4 specify 64gb sdxc cards as the maximum they support, so this is about the best you can even get for the moment, unless you want to pay almost double for sandisk's extreme cards. unless you have money to burn, i think these are a much better value and diminishing returns certainly kick in beyond this price point. but perhaps my next phone will support 4k hd video onto 256gb cards and i will yet again need to upgrade my card's capacity and speed... anyway, bottom line on this product awesome."", ""once i figured out the s3 wasn't liking the exfat file structure and formatted to fat32 it works quite well. i don't know if it's the phone or card and i'm not about to test it elsewhere, but i didn't see the 30mb s speeds. it works good enough for the phone and it's the best option i have for the biggest storage for now.1080p videos with no issues. no problems with read write stability. overall i'm happy i bought it.""]"
71,"works well in my galaxy note ii. i've bought many sandisk memory cards and never experienced a failure, even the 256mb sd card purchased for a palm pilot still works. works like a charm in my galaxy note 3. i'm tired of getting bogus sd cards off another major auction house. added this card to my note 2 for massive storage capacity. phone recognized the card without any issues and it's been solid since its installation. read write when plugged into a computer is blazing fast.","[""works well in my galaxy note ii. i've bought many sandisk memory cards and never experienced a failure, even the 256mb sd card purchased for a palm pilot still works."", ""works like a charm in my galaxy note 3. i'm tired of getting bogus sd cards off another major auction house."", ""added this card to my note 2 for massive storage capacity. phone recognized the card without any issues and it's been solid since its installation. read write when plugged into a computer is blazing fast.""]"
72,"got for my cell phone and this card works nice and fast on my cell phone as well as on my pc to load it. i purchased this for my wandboard quad. i loaded the wandboard provided android 4.2.2 image and have had zero issues. as the os boots and runs from this card, it boots pretty quickly though not as quickly as if it were booting from emmc , and runs smoothly once at the android launcher.","['got for my cell phone and this card works nice and fast on my cell phone as well as on my pc to load it.', 'i purchased this for my wandboard quad. i loaded the wandboard provided android 4.2.2 image and have had zero issues. as the os boots and runs from this card, it boots pretty quickly though not as quickly as if it were booting from emmc , and runs smoothly once at the android launcher.']"
73,"i bought this to expand the memory on my galaxy s4. inexpensive, easily to install, and comes with an adapter to make it a full sized sd card, the sandisk ultra should be at the top of your list. i got this to add more memory to my htc evo lte phone. it works perfectly, is very fast on both reads and writes, and at 32gb, provides a lot of additional storage on top of the 8gb in the phone. i recommend this specific card for any android phone. sorry apple users... no expansion slot for you! use it in galaxy s3, note 8.0 and note 10.1. never had a problem. i'll continue to buy these when i get new devices. never tried a 64g one. might.","['i bought this to expand the memory on my galaxy s4. inexpensive, easily to install, and comes with an adapter to make it a full sized sd card, the sandisk ultra should be at the top of your list.', 'i got this to add more memory to my htc evo lte phone. it works perfectly, is very fast on both reads and writes, and at 32gb, provides a lot of additional storage on top of the 8gb in the phone. i recommend this specific card for any android phone. sorry apple users... no expansion slot for you!', ""use it in galaxy s3, note 8.0 and note 10.1. never had a problem. i'll continue to buy these when i get new devices. never tried a 64g one. might.""]"
74,"was expecting a better and faster, more efficient product, and was not disappointed. replaced a standard type 32 gb card and this does work remarkably better. pleased with the purchase. great product and price from sandisc. i will be using it for my cell phone, replacing the 8gb. for my video now i have 2 hours with the 32gb compared to 20 minutes w 8gb in 34 super fine 34 mode. all the rest of my sandisc memory card from years ago are still working 100 ! thanks sandisc!!!","['was expecting a better and faster, more efficient product, and was not disappointed. replaced a standard type 32 gb card and this does work remarkably better. pleased with the purchase.', 'great product and price from sandisc. i will be using it for my cell phone, replacing the 8gb. for my video now i have 2 hours with the 32gb compared to 20 minutes w 8gb in 34 super fine 34 mode. all the rest of my sandisc memory card from years ago are still working 100 ! thanks sandisc!!!']"
75,"it's amazing to have a 128gb micro sd. works with my samsung note2. i am using it on my yoga 2 pro with modified nifty minidrive i have a samsung galaxy s3 phone and the microsd works great with my phone, it gives me the memory that i need to store videos and photos instead of using the memory from my phone is very good micro sd , i use with my samsung galazy s 4 and work perfectly , have more space to my music","[""it's amazing to have a 128gb micro sd. works with my samsung note2. i am using it on my yoga 2 pro with modified nifty minidrive"", 'i have a samsung galaxy s3 phone and the microsd works great with my phone, it gives me the memory that i need to store videos and photos instead of using the memory from my phone', 'is very good micro sd , i use with my samsung galazy s 4 and work perfectly , have more space to my music']"
76,"super fast and lots of storage! i can fit months worth of music, app's and ebook's on it with room to go! as advertised this guy holds some serious stuff in its innards. solves my issues and is quite speedy. would suggest. fast and holds all my music and larger apps.","[""super fast and lots of storage! i can fit months worth of music, app's and ebook's on it with room to go!"", 'as advertised this guy holds some serious stuff in its innards. solves my issues and is quite speedy. would suggest.', 'fast and holds all my music and larger apps.']"
77,"quick speeds and a ton of memory.if you have an expandable slot, get this.it was nice being able to store all my photos, videos, and music on my phone finally. really fast sd card, large storage space. works perfect.i use it for all my music and photos. no problems so far. nothing much to say about it besides that it does everything i need it to. fast data speeds, large capacity and worked right off the bat in my samsung siii. love the fact it holds my large music and audio books library on the device.","['quick speeds and a ton of memory.if you have an expandable slot, get this.it was nice being able to store all my photos, videos, and music on my phone finally.', 'really fast sd card, large storage space. works perfect.i use it for all my music and photos. no problems so far. nothing much to say about it besides that it does everything i need it to.', 'fast data speeds, large capacity and worked right off the bat in my samsung siii. love the fact it holds my large music and audio books library on the device.']"
78,"i bought this for my son's tablet for cartoon videos, movies and 34 all 34 games he will be downloading he's under 5 yrs so they'll be small simple games . i bought this for my 6yr old's nabi tablet. thing works perfectly allowing him to download music and games with ease. loved the price and trust sandisk products. my young kids all filled their tablets with games and needed some space. these worked just fine. i like sandisk. i would buy stock in their company but i am not a gambling man. good ratings on the transfer speed too might i add with it being a class 10.","[""i bought this for my son's tablet for cartoon videos, movies and 34 all 34 games he will be downloading he's under 5 yrs so they'll be small simple games ."", ""i bought this for my 6yr old's nabi tablet. thing works perfectly allowing him to download music and games with ease. loved the price and trust sandisk products."", 'my young kids all filled their tablets with games and needed some space. these worked just fine. i like sandisk. i would buy stock in their company but i am not a gambling man. good ratings on the transfer speed too might i add with it being a class 10.']"
79,"i don't want to write a review for each of the 8, 16, 32, and 64 gb sandisk microsdhc class 10 cards. they're all 5 stars. they're extremely fast, and as class 10s, have allowed my canon sx50's shutter to speed up because it transfers information so quickly with the camera's very small processor. they also allow a burst mode of 9 13 fps which is amazing for a non dslr.these cards are also very reliable. i've had no read write failures in the two years that i've been using them.the one 34 negative 34 is that they're so small and can be dropped easily when getting them out of the adapter. still, if you've been working with computers since there was a gerbil running the power for your pc, you have to marvel at how anything this small can hold more than 30,000 high def 6 gb photos on a 64 gb card that is smaller than your pinky nail. compactflash is just about perfect to use in a camera in the field. as the size shrinks, so does one's ability to easily handle the card. sd is getting marginal as far as usability in the field. forget about changing a micro sdhc card unless you are back at your computer! too small to handle and easy to drop and loose!however, with the 32gb and 64gb cards, that's not quite an issue especially if you leave the card in the camera! the camera is larger than the card my a great deal. set it down and it's a lot easier to find and handle than a micro card shown twice as large as life when i was writing this review .my cards came with sd adaptors so that they would be useable in my work flow, a plus. also, within the adaptor, i can use the card in devices with sd slots and download using my existing readers. have ordered a couple of these 16gb class 10 microsdhc uhs 1 cards and they've done well by me. high transfer speeds, nice adapter, and no problems so far. works with android phones tablets easily, windows and mac machines so far from my tests.","[""i don't want to write a review for each of the 8, 16, 32, and 64 gb sandisk microsdhc class 10 cards. they're all 5 stars. they're extremely fast, and as class 10s, have allowed my canon sx50's shutter to speed up because it transfers information so quickly with the camera's very small processor. they also allow a burst mode of 9 13 fps which is amazing for a non dslr.these cards are also very reliable. i've had no read write failures in the two years that i've been using them.the one 34 negative 34 is that they're so small and can be dropped easily when getting them out of the adapter. still, if you've been working with computers since there was a gerbil running the power for your pc, you have to marvel at how anything this small can hold more than 30,000 high def 6 gb photos on a 64 gb card that is smaller than your pinky nail."", ""compactflash is just about perfect to use in a camera in the field. as the size shrinks, so does one's ability to easily handle the card. sd is getting marginal as far as usability in the field. forget about changing a micro sdhc card unless you are back at your computer! too small to handle and easy to drop and loose!however, with the 32gb and 64gb cards, that's not quite an issue especially if you leave the card in the camera! the camera is larger than the card my a great deal. set it down and it's a lot easier to find and handle than a micro card shown twice as large as life when i was writing this review .my cards came with sd adaptors so that they would be useable in my work flow, a plus. also, within the adaptor, i can use the card in devices with sd slots and download using my existing readers."", ""have ordered a couple of these 16gb class 10 microsdhc uhs 1 cards and they've done well by me. high transfer speeds, nice adapter, and no problems so far. works with android phones tablets easily, windows and mac machines so far from my tests.""]"
80,this item is great! i can't believe how small it is. imagine 64gb this size back in the 70's when they had whole buildings full of computers that couldn't pack this much space! great item. i bought this for my raspberry pi. it is large enough to run a full lamp server. the price speed are a good bargain.,"[""this item is great! i can't believe how small it is. imagine 64gb this size back in the 70's when they had whole buildings full of computers that couldn't pack this much space! great item."", 'i bought this for my raspberry pi. it is large enough to run a full lamp server. the price speed are a good bargain.']"
81,"great sd card. i use it in a galaxy s3, and have no complaints.its quite fast, and works. i don't know what else to say.you can't go wrong with sandisk. we have 3 of these and so far it is my favorite microsd card, fast and so far no problems. have been using this non stop for 6 months without any failure or problems. it is the fastest one that i have been able to find and all of this in a tiny little microsd.","[""great sd card. i use it in a galaxy s3, and have no complaints.its quite fast, and works. i don't know what else to say.you can't go wrong with sandisk."", 'we have 3 of these and so far it is my favorite microsd card, fast and so far no problems.', 'have been using this non stop for 6 months without any failure or problems. it is the fastest one that i have been able to find and all of this in a tiny little microsd.']"
82,i am giving this item a five star rating because it works well and can be used in a micro or standard format. there is a reason why this memory card has thousands of 5 star ratings. good price and it works well. this rating is based on multiple years of use of this memory card. its reliable and easy to use. i would recommend this to anyone looking for a memory card for long term use.,"['i am giving this item a five star rating because it works well and can be used in a micro or standard format.', 'there is a reason why this memory card has thousands of 5 star ratings. good price and it works well.', 'this rating is based on multiple years of use of this memory card. its reliable and easy to use. i would recommend this to anyone looking for a memory card for long term use.']"
83,"16gb is a good amount for what i use it for and sandisk is 1 fir sd cards, i'm satisfied. 16gb and it works! great price for the chip, fastest speed on the market, and fast service good job. 16gb is a great amount of storage for the price, even better than 32 or 64gb, great for cameras, phones, tablets, etc.","[""16gb is a good amount for what i use it for and sandisk is 1 fir sd cards, i'm satisfied."", '16gb and it works!', 'great price for the chip, fastest speed on the market, and fast service good job. 16gb is a great amount of storage for the price, even better than 32 or 64gb, great for cameras, phones, tablets, etc.']"
84,"just dropped right into the phone with no proble. disk works great and give me plenty of room for storage. had had this for about 6 months now and it's in my samsung galaxy s4. haven't had any storage issues and it was a breeze to put in the phone. i went with sandisk because of their reputation and reliability. sure... i could have gone a little cheaper in price, but it wasn't all that expensive to start with, so why not spend a little extra and get something that will last.","['just dropped right into the phone with no proble. disk works great and give me plenty of room for storage.', ""had had this for about 6 months now and it's in my samsung galaxy s4. haven't had any storage issues and it was a breeze to put in the phone. i went with sandisk because of their reputation and reliability. sure... i could have gone a little cheaper in price, but it wasn't all that expensive to start with, so why not spend a little extra and get something that will last.""]"
85,"i bought this for a friend of mine to put some videos on it. initially, when plugged into the computer, we couldn't find the storage in the directory. however, after finding a micro sd to usb adapter...bingo! worked like a charm after that. install the videos, plugged the card in the phone, and we were off to the races.not sure if we needed the adapter, but we couldn't get the computer to recognize it. we also used a linux o s. go figure. the moment i got this, i just plugged it into my sgs3 cellphone. i transferred some videos from my cellphone memory directly to the sandisk ultra, and it copied real fast. i plan to replace this soon with a higher capacity 32gb variant. highly recommended brand. plug and play simplicity. popped it in and it works. didn't even need to format it. i believe sandisk said it was formatted as 'exfat' so i'm good with that and so is my wife's phone. it shows approximately 119gb before use. holds a whole heap of photos and videos.","[""i bought this for a friend of mine to put some videos on it. initially, when plugged into the computer, we couldn't find the storage in the directory. however, after finding a micro sd to usb adapter...bingo! worked like a charm after that. install the videos, plugged the card in the phone, and we were off to the races.not sure if we needed the adapter, but we couldn't get the computer to recognize it. we also used a linux o s. go figure."", 'the moment i got this, i just plugged it into my sgs3 cellphone. i transferred some videos from my cellphone memory directly to the sandisk ultra, and it copied real fast. i plan to replace this soon with a higher capacity 32gb variant. highly recommended brand.', ""plug and play simplicity. popped it in and it works. didn't even need to format it. i believe sandisk said it was formatted as 'exfat' so i'm good with that and so is my wife's phone. it shows approximately 119gb before use. holds a whole heap of photos and videos.""]"
86,"the sd card arrived quickly and has worked ever since initial install. i have removed and used in adapter for laptop and put back in without issue. i'm using on droid razr m and always select unmount option in storage section prior to removal to ensure data is not lost. i have no complaints with this item. i bought this card to replace a 32gb card i purchased previously and suddenly stopped working. i paid a little more but some things are well worth it. i put a lot of mp3 files on my device so this card is great. not much to say about sd cards either they work or they don't. this one appears well built and required no formatting hassles and took to my galaxy siii as well as the original or better the original samsung card fried . a month into it, and no problems. works flawlessly. i dont buy any sd cards unless its from sandisk. never had a problem with them and i know their class speeds are true or under rated compared to other brands.","[""the sd card arrived quickly and has worked ever since initial install. i have removed and used in adapter for laptop and put back in without issue. i'm using on droid razr m and always select unmount option in storage section prior to removal to ensure data is not lost. i have no complaints with this item. i bought this card to replace a 32gb card i purchased previously and suddenly stopped working. i paid a little more but some things are well worth it. i put a lot of mp3 files on my device so this card is great."", ""not much to say about sd cards either they work or they don't. this one appears well built and required no formatting hassles and took to my galaxy siii as well as the original or better the original samsung card fried . a month into it, and no problems."", 'works flawlessly. i dont buy any sd cards unless its from sandisk. never had a problem with them and i know their class speeds are true or under rated compared to other brands.']"
87,"so far i have not have any problems with this memory, the transfer speed is good and it works just great on my samsung note 8 i have a couple of these and have had no problems with them at all. they seem to be fast and supply the full advertised memory capacity.","['so far i have not have any problems with this memory, the transfer speed is good and it works just great on my samsung note 8', 'i have a couple of these and have had no problems with them at all. they seem to be fast and supply the full advertised memory capacity.']"
88,"good buy on this card. was just what i needed for my tablet. super fast spead on this so up loading or down loading from my pc or laptop is fast. this card is great and at 20 bucks its a steal. the card handles high transfer speeds which is good for music, pictures and videos. do not get any lag or have to wait for card to load up. i love this card. it provides a massive storage boost for my tablet, and has really fast access speeds. i have never run into loading problems, even with very large video files, and am happy with its performance.","['good buy on this card. was just what i needed for my tablet. super fast spead on this so up loading or down loading from my pc or laptop is fast.', 'this card is great and at 20 bucks its a steal. the card handles high transfer speeds which is good for music, pictures and videos. do not get any lag or have to wait for card to load up.', 'i love this card. it provides a massive storage boost for my tablet, and has really fast access speeds. i have never run into loading problems, even with very large video files, and am happy with its performance.']"
89,"this card is great. it's really fast compared to common cards even from sandisk, kingston, etc.if you need to copy files to your card in the shortest time, then this is the right one.it 8217 s reliable, never missed a photo or music file.5 stars well deserved. love this card, its fast and sports an insane 128gb of storage. amazon had a killer price on it too, well below the big box stores. works perfect with my phone and my hd video recorder. best card for an 808 26. gives you 2.5 charge cycles worth of recording without having to dump memory. but ya 32gig is better!","[""this card is great. it's really fast compared to common cards even from sandisk, kingston, etc.if you need to copy files to your card in the shortest time, then this is the right one.it 8217 s reliable, never missed a photo or music file.5 stars well deserved."", 'love this card, its fast and sports an insane 128gb of storage. amazon had a killer price on it too, well below the big box stores. works perfect with my phone and my hd video recorder.', 'best card for an 808 26. gives you 2.5 charge cycles worth of recording without having to dump memory. but ya 32gig is better!']"
90,"works great and faster than a conventional memory card. videos, pictures and access run smoother. highly recomnended for those who are in need of great space. already many reviews on the product so i just wanted to say i have a few of them and these cards are just plain solid and priced right as well. hope to see the 128 gb soon. i really wanted a 128 gb card, but at less than half the price, as well as actually being in stock right now, this is a good buy, and works well. i couldn't find anyone that would say for sure when i was looking to buy, but this is compatible with mac.","['works great and faster than a conventional memory card. videos, pictures and access run smoother. highly recomnended for those who are in need of great space.', 'already many reviews on the product so i just wanted to say i have a few of them and these cards are just plain solid and priced right as well. hope to see the 128 gb soon.', ""i really wanted a 128 gb card, but at less than half the price, as well as actually being in stock right now, this is a good buy, and works well. i couldn't find anyone that would say for sure when i was looking to buy, but this is compatible with mac.""]"
91,"i bought three of these one to replace my old 1 gb card and two for first time users to add to their phone memory. these cards work fine, and none of the three had any trouble. i have had no problems with this memory card. owned it a couple years and transfered it from phone to phone. what can i say about this memory card other than that it worked when in my phone after the old one caused all manner of problems. it does the job it's supposed to.","['i bought three of these one to replace my old 1 gb card and two for first time users to add to their phone memory. these cards work fine, and none of the three had any trouble.', 'i have had no problems with this memory card. owned it a couple years and transfered it from phone to phone.', ""what can i say about this memory card other than that it worked when in my phone after the old one caused all manner of problems. it does the job it's supposed to.""]"
92,"great memory card! got this on one amazon's daily deals at a terrific price! getting ready to upgrade my cell phone and want to have a larger capacity memory card ready to go. this is just what i needed! i would recommend this memory card to anyone that has a cell phone, or a tablet pc. this memory card is fast and efficient. perfect memory card for cell phone use great amount of storage and has really good read write speeds. would recommend to others","[""great memory card! got this on one amazon's daily deals at a terrific price! getting ready to upgrade my cell phone and want to have a larger capacity memory card ready to go. this is just what i needed!"", 'i would recommend this memory card to anyone that has a cell phone, or a tablet pc. this memory card is fast and efficient.', 'perfect memory card for cell phone use great amount of storage and has really good read write speeds. would recommend to others']"
93,"works great! i was running out of room on my 32gb card on my galaxy note 3. this solved my problems nicely! now i have enough space for movies, music and photos on my device! i don't think i will be running out of space for a while! i got this to go in my smart phone and it does the job great! inexpensive and it includes an adaptor card so i can use it in applications without a micro sd slot. this expands its versatility.","[""works great! i was running out of room on my 32gb card on my galaxy note 3. this solved my problems nicely! now i have enough space for movies, music and photos on my device! i don't think i will be running out of space for a while!"", 'i got this to go in my smart phone and it does the job great! inexpensive and it includes an adaptor card so i can use it in applications without a micro sd slot. this expands its versatility.']"
94,"i was a bit concerned when i first ordered this microsd card. samsung's documentation says it is compatible with an sdhc card, but this one is sdxc. i read a bunch on google about incompatibilities, but they were older forum discussions. i read the sdxc used to be incompatible, but that samsung published an update late last year that allowed the galaxy note 10.1 to work with this card without the need for reformatting to a fat file system. for the price, i thought i didn't have much to lose and would give this a shot.my report the galaxy note 10.1 read the card perfectly when installed. there was a small glitch where the note asked to format the card after i removed it from the tablet and transferred about 25gb of data to the card from my pc while it was in a card reader . all i needed to do was to remove the card again, and reinsert and reboot the tablet, and the problem went away. have been using this for hours doing extensive read writes to the card with no failures. will update if i have any issues, but for now, i am extremely pleased with the performance on this. i searched for an inexpensive 64 gb micosdxc card for my new samsung galaxy note 10.1 2014 edition 32gb tablet and this one caught my eyes regarding positive comments and price. the note was a christmas gift and it will be used for media entertainment while on business travel and as a replacement for an aging toshiba notebook. there were no problems with the install ... the card was recognized upon boot up after the installation. i don't require great transfer speeds for my tasks. a quick test using es file explorer copying a 400 mb media file from the tablet os card to this expansion card yielded 10 mb s write and 40 mb s read speed, which is more than sufficient for all my tasks. as a bonus, i added this card to my shopping cart at 46.99 and the following day the price dropped to 37.99. that was all the incentive needed to push the 34 place your order 34 button. i can't speak much of reliability since i've had the card installed for less than two weeks. so far it has been stable.","[""i was a bit concerned when i first ordered this microsd card. samsung's documentation says it is compatible with an sdhc card, but this one is sdxc. i read a bunch on google about incompatibilities, but they were older forum discussions. i read the sdxc used to be incompatible, but that samsung published an update late last year that allowed the galaxy note 10.1 to work with this card without the need for reformatting to a fat file system. for the price, i thought i didn't have much to lose and would give this a shot.my report the galaxy note 10.1 read the card perfectly when installed. there was a small glitch where the note asked to format the card after i removed it from the tablet and transferred about 25gb of data to the card from my pc while it was in a card reader . all i needed to do was to remove the card again, and reinsert and reboot the tablet, and the problem went away. have been using this for hours doing extensive read writes to the card with no failures. will update if i have any issues, but for now, i am extremely pleased with the performance on this."", ""i searched for an inexpensive 64 gb micosdxc card for my new samsung galaxy note 10.1 2014 edition 32gb tablet and this one caught my eyes regarding positive comments and price. the note was a christmas gift and it will be used for media entertainment while on business travel and as a replacement for an aging toshiba notebook. there were no problems with the install ... the card was recognized upon boot up after the installation. i don't require great transfer speeds for my tasks. a quick test using es file explorer copying a 400 mb media file from the tablet os card to this expansion card yielded 10 mb s write and 40 mb s read speed, which is more than sufficient for all my tasks. as a bonus, i added this card to my shopping cart at 46.99 and the following day the price dropped to 37.99. that was all the incentive needed to push the 34 place your order 34 button. i can't speak much of reliability since i've had the card installed for less than two weeks. so far it has been stable.""]"
95,"i purchased the card in the sandisk packaging, so i am pretty sure it is genuine. i tested it with various programs on the web that apparently can detect whether they are fakes or not. this one turned out to be a real sandisk card. the card came formatted with fat32.i read on the web about these micro sds, and apparently they are not as fast as the full sd card version. i borrowed my brothers sandisk 32gb full sd card to make comparison tests. here are my official unofficial test results using diskbench v2.6.2.0 and h2testw 1.4 test. i will give the results as an overall result, because after testing these cards over and over with speed writes and reads, the results get mixed and varied to a big degree... much larger than i expected, but the numerous tests showed me a general trend. the trend is that the full sd cards do write faster than the microsd card. but, also remember that the microsd had to be put into an adapter to do the test on my pc while the fullsd card was put into the computer reader directly.these are just my averages, but small file writes both sd cards wrote at close to 10mb sec. the microsd was less consistent in the tests and sometimes dropped to 8mb sec.small file reads both sd cards read at close to 20 mb sec at their fastest.large file copies to card microsd wrote at 3.5mb sec while the fullsd wrote at about 4mb seclarge file reads copies from card microsd was 10mb sec while the fullsd read at about 14mb sec.my conclusion my tests were by no means official for this card and showed much variance dependent on file size of the reads and writes, but the fullsd card was faster in many cases, but equal to microsd in most cases. the small file writes and reads showed that they are similar enough. but, my only concern is with large file writes.... is 3.5 mb sec good enough for rapid photography on a high pixel camera? i don't know. i have had no problem using these cards with h264 movie capture for hours. i am surprised that 3.5 mb sec is enough.also, never during the huge file copies to the card did i get any noticeable heating of the card itself, by touch even for an hour. i've noticed that it has been a complaint from many people on the web, some stating that they felt they might burn themselves. i copied files that took more than an hour with no noticeable temperature change, other than, perhaps a couple of degrees. of course, this was on a pc and not installed in a camera.the card performs well for video work, and appears to meet many other tests performed by other people. i never saw a read close to 30 mb sec... they were very consistent at 20 mb sec at the highest performance.i would get the card again, if the price were right. this was the fastest microsd card i have tested, unfortunately it died after about four months of use in my android phone. at first my phone would randomly say the card had been removed, then eventually neither the phone nor any reader i had could access it.the test results from my older but still functional 32gb class 4 sandisk sequential read 23.022 mb ssequential write 4.460 mb srandom read 512kb 22.387 mb srandom write 512kb 3.144 mb srandom read 4kb qd 1 3.414 mb s 833.5 iops random write 4kb qd 1 1.231 mb s 300.5 iops random read 4kb qd 32 3.309 mb s 807.8 iops random write 4kb qd 32 0.993 mb s 242.4 iops compared to this product, 32gb class 10 sandisk sequential read 41.492 mb ssequential write 15.653 mb srandom read 512kb 43.380 mb srandom write 512kb 17.685 mb srandom read 4kb qd 1 4.696 mb s 1146.5 iops random write 4kb qd 1 1.595 mb s 389.4 iops random read 4kb qd 32 4.859 mb s 1186.2 iops random write 4kb qd 32 1.334 mb s 325.6 iops","[""i purchased the card in the sandisk packaging, so i am pretty sure it is genuine. i tested it with various programs on the web that apparently can detect whether they are fakes or not. this one turned out to be a real sandisk card. the card came formatted with fat32.i read on the web about these micro sds, and apparently they are not as fast as the full sd card version. i borrowed my brothers sandisk 32gb full sd card to make comparison tests. here are my official unofficial test results using diskbench v2.6.2.0 and h2testw 1.4 test. i will give the results as an overall result, because after testing these cards over and over with speed writes and reads, the results get mixed and varied to a big degree... much larger than i expected, but the numerous tests showed me a general trend. the trend is that the full sd cards do write faster than the microsd card. but, also remember that the microsd had to be put into an adapter to do the test on my pc while the fullsd card was put into the computer reader directly.these are just my averages, but small file writes both sd cards wrote at close to 10mb sec. the microsd was less consistent in the tests and sometimes dropped to 8mb sec.small file reads both sd cards read at close to 20 mb sec at their fastest.large file copies to card microsd wrote at 3.5mb sec while the fullsd wrote at about 4mb seclarge file reads copies from card microsd was 10mb sec while the fullsd read at about 14mb sec.my conclusion my tests were by no means official for this card and showed much variance dependent on file size of the reads and writes, but the fullsd card was faster in many cases, but equal to microsd in most cases. the small file writes and reads showed that they are similar enough. but, my only concern is with large file writes.... is 3.5 mb sec good enough for rapid photography on a high pixel camera? i don't know. i have had no problem using these cards with h264 movie capture for hours. i am surprised that 3.5 mb sec is enough.also, never during the huge file copies to the card did i get any noticeable heating of the card itself, by touch even for an hour. i've noticed that it has been a complaint from many people on the web, some stating that they felt they might burn themselves. i copied files that took more than an hour with no noticeable temperature change, other than, perhaps a couple of degrees. of course, this was on a pc and not installed in a camera.the card performs well for video work, and appears to meet many other tests performed by other people. i never saw a read close to 30 mb sec... they were very consistent at 20 mb sec at the highest performance.i would get the card again, if the price were right."", 'this was the fastest microsd card i have tested, unfortunately it died after about four months of use in my android phone. at first my phone would randomly say the card had been removed, then eventually neither the phone nor any reader i had could access it.the test results from my older but still functional 32gb class 4 sandisk sequential read 23.022 mb ssequential write 4.460 mb srandom read 512kb 22.387 mb srandom write 512kb 3.144 mb srandom read 4kb qd 1 3.414 mb s 833.5 iops random write 4kb qd 1 1.231 mb s 300.5 iops random read 4kb qd 32 3.309 mb s 807.8 iops random write 4kb qd 32 0.993 mb s 242.4 iops compared to this product, 32gb class 10 sandisk sequential read 41.492 mb ssequential write 15.653 mb srandom read 512kb 43.380 mb srandom write 512kb 17.685 mb srandom read 4kb qd 1 4.696 mb s 1146.5 iops random write 4kb qd 1 1.595 mb s 389.4 iops random read 4kb qd 32 4.859 mb s 1186.2 iops random write 4kb qd 32 1.334 mb s 325.6 iops']"
96,"i was out of space on my droid razr 16gb and still had an empty microsd slot, so i figured i'd pick this up seeing as how it is a reputable brand in flash memory. i am glad i went with the sandisk ultra, because there is seemingly no difference in speed between this drive and the built in internal memory of my phone. i record a lot of videos with my phone and i've been recording straight to this card in hd with no problems at all.installation was a breeze. i took the memory card out of the package and inserted into my phone. then my phone brought up a menu asking if i wanted to move my music, videos, and photos to the memory card. i selected all three categories, and in minutes it had moved all of my media onto the memory card. i didn't even have to do anything else. i had read some other reviews that said they had to reformat the card or mess around with moving files by hand, but i didn't have to do any of that.i haven't tried using the included sd adapter yet, but i imagine it will work as well as any other adapter. the adapter and memory card were both shipped in a little clear plastic case, which makes it easier to carry the adapter around with you. so you have it with you when you need it.the price on this card when i bought it was a few dollars more than the generic brands. i decided to spend a few extra dollars on it since i would be really upset if i lost all my photos and videos due to a corrupt memory card. i am very satisfied with the product and i would highly recommend it to anyone looking to increase the storage capacity of their phone or anything else this would fit in. the class ten card failed and jamed my phone a kyocera rise it was replaced with another regular h d 32gb sandisk card and is working fine. the micro sdhc cards are 1 3 less in price than they used to be and are a best buy by far.your music paljoe mal this review is for the sandisk ultra 32 gb microsdhc class 10 uhs 1 memory card with adapter sdsdqu 032g affp a that was purchased for me from amazon.frustrating in a word. this card was reported by two different android phones as damaged but my windows computer recognized it with no issues. if the card had nothing on it or had just been reformatted then the phones recognized it but as soon as data, music or pictures were added then the phones reported the card as damaged. i had this card returned to amazon after 3 days of sheer frustration.i read another review that suggested the class 10 cards were not ideal for smart phones. i was already using a sandisk class 4 16gb card in another phone and had never had issues so i purchased a class 4 sandisk 32gb and it was as smooth as butter. both phones recognized the card right away and added data, music and pictures seamlessly and quickly. the second card purchased was the sandisk microsdhc 32gb flash memory card, black, sdsdqm 032g b35 retail packaging .in summary this card may work just fine for other devices but based on the sheer number of other reviewers here on amazon and elsewhere on the internet that had similar issues with smartphones i cannot recommend this card for a smartphone.","[""i was out of space on my droid razr 16gb and still had an empty microsd slot, so i figured i'd pick this up seeing as how it is a reputable brand in flash memory. i am glad i went with the sandisk ultra, because there is seemingly no difference in speed between this drive and the built in internal memory of my phone. i record a lot of videos with my phone and i've been recording straight to this card in hd with no problems at all.installation was a breeze. i took the memory card out of the package and inserted into my phone. then my phone brought up a menu asking if i wanted to move my music, videos, and photos to the memory card. i selected all three categories, and in minutes it had moved all of my media onto the memory card. i didn't even have to do anything else. i had read some other reviews that said they had to reformat the card or mess around with moving files by hand, but i didn't have to do any of that.i haven't tried using the included sd adapter yet, but i imagine it will work as well as any other adapter. the adapter and memory card were both shipped in a little clear plastic case, which makes it easier to carry the adapter around with you. so you have it with you when you need it.the price on this card when i bought it was a few dollars more than the generic brands. i decided to spend a few extra dollars on it since i would be really upset if i lost all my photos and videos due to a corrupt memory card. i am very satisfied with the product and i would highly recommend it to anyone looking to increase the storage capacity of their phone or anything else this would fit in."", 'the class ten card failed and jamed my phone a kyocera rise it was replaced with another regular h d 32gb sandisk card and is working fine. the micro sdhc cards are 1 3 less in price than they used to be and are a best buy by far.your music paljoe mal', 'this review is for the sandisk ultra 32 gb microsdhc class 10 uhs 1 memory card with adapter sdsdqu 032g affp a that was purchased for me from amazon.frustrating in a word. this card was reported by two different android phones as damaged but my windows computer recognized it with no issues. if the card had nothing on it or had just been reformatted then the phones recognized it but as soon as data, music or pictures were added then the phones reported the card as damaged. i had this card returned to amazon after 3 days of sheer frustration.i read another review that suggested the class 10 cards were not ideal for smart phones. i was already using a sandisk class 4 16gb card in another phone and had never had issues so i purchased a class 4 sandisk 32gb and it was as smooth as butter. both phones recognized the card right away and added data, music and pictures seamlessly and quickly. the second card purchased was the sandisk microsdhc 32gb flash memory card, black, sdsdqm 032g b35 retail packaging .in summary this card may work just fine for other devices but based on the sheer number of other reviewers here on amazon and elsewhere on the internet that had similar issues with smartphones i cannot recommend this card for a smartphone.']"
97,"i have this regularly plugged into my asus transformer tf300t tablet as extra storage. but with the included adapter i can also plug it into my laptop. so i use it as a sort of 34 sneaker net 34 , allowing me to move 30 gb of data to what ever i am using at the time. it is filled mostly with pictures and movies. the speed of this makes it convenient for transferring large amounts of data. i'll be buying another one of these in the near future. bought this to add to my daughter's new asus transformer. excellent access and storage speed. i put this in my mom's asus transformer book t100ta c1 gr to provide an ample amount of storage for all pictures, music, and movies. this performs very well and we've experience 0 lag so far. great product.","[""i have this regularly plugged into my asus transformer tf300t tablet as extra storage. but with the included adapter i can also plug it into my laptop. so i use it as a sort of 34 sneaker net 34 , allowing me to move 30 gb of data to what ever i am using at the time. it is filled mostly with pictures and movies. the speed of this makes it convenient for transferring large amounts of data. i'll be buying another one of these in the near future."", ""bought this to add to my daughter's new asus transformer. excellent access and storage speed."", ""i put this in my mom's asus transformer book t100ta c1 gr to provide an ample amount of storage for all pictures, music, and movies. this performs very well and we've experience 0 lag so far. great product.""]"
98,"i am using this to add capacity to my android powered hp slate 7 34 tablet, had to re format to ntfs to work but then it worked great! note many devices will only work with up to 32 gb card only, check your specs before ordering works great in my asus android tablet. the 32gb specification seems to limit the size, but it works great, some i am happy to write more words.","['i am using this to add capacity to my android powered hp slate 7 34 tablet, had to re format to ntfs to work but then it worked great! note many devices will only work with up to 32 gb card only, check your specs before ordering', 'works great in my asus android tablet. the 32gb specification seems to limit the size, but it works great, some i am happy to write more words.']"
99,"i put this in my asus tf700t tablet. there were mixed reports of whether the tablet would support such a large card, as the official limit for this tablet is listed as 32 gb. i have had no problems with this in the tf700t, and leave it in the device all the time. this is a great way to ensure that you have a hefty amount of media available anywhere. i purchased this card as memory storage for my asus tf700 tablet and it works like a charm. highly recommended! bought this for one purpose to plug into my asus tf700t tablet. worked perfectly nice and fast fast enough, at least and full 64gb capacity recognized.","['i put this in my asus tf700t tablet. there were mixed reports of whether the tablet would support such a large card, as the official limit for this tablet is listed as 32 gb. i have had no problems with this in the tf700t, and leave it in the device all the time. this is a great way to ensure that you have a hefty amount of media available anywhere.', 'i purchased this card as memory storage for my asus tf700 tablet and it works like a charm. highly recommended!', 'bought this for one purpose to plug into my asus tf700t tablet. worked perfectly nice and fast fast enough, at least and full 64gb capacity recognized.']"
100,"perfect card for my galaxy s3 lots of capacity at a decent price, and not a no name brand either. not too much to say about the card, other than it works well in my samsung galaxy s4. the price was great for such large storage and i believe you will be very happy with your purchase. this card is great for the price it's exactly what i ordered. works great with my samsung s4. plenty of memory.","['perfect card for my galaxy s3 lots of capacity at a decent price, and not a no name brand either.', 'not too much to say about the card, other than it works well in my samsung galaxy s4. the price was great for such large storage and i believe you will be very happy with your purchase.', ""this card is great for the price it's exactly what i ordered. works great with my samsung s4. plenty of memory.""]"
101,"works! and why should i write more..... damn it! eleven more words... finally am done with this, crap!! three more words?? this item came on time nice works well they want 12 more words i just dont have then . . simply works, what else matters? why does amazon insist on a minimum number of words? this is a simple product that works. that' s all that needs saying.","['works! and why should i write more..... damn it! eleven more words... finally am done with this, crap!! three more words??', 'this item came on time nice works well they want 12 more words i just dont have then . .', ""simply works, what else matters? why does amazon insist on a minimum number of words? this is a simple product that works. that' s all that needs saying.""]"
102,"this card has met my every expectation. i use it for still pictures and video streaming in my samsung camera, and thus far no problems at all. i've had this card for over a year, and it has worked great as a backup storage source for our digital camcorder 1080p 60 . it seems to keep up just fine, and functions perfectly.the only albeit minor nit is that the microsdhc to sdhc adapter seems to not work in all card readers. i'm not sure why, but it wasn't worth removing a star for that. it's been working for over 4 years on my gp camera. has not crashed nor failed me. i've shot over a hundred hours of footage on this card. i will buy again for sure.","['this card has met my every expectation. i use it for still pictures and video streaming in my samsung camera, and thus far no problems at all.', ""i've had this card for over a year, and it has worked great as a backup storage source for our digital camcorder 1080p 60 . it seems to keep up just fine, and functions perfectly.the only albeit minor nit is that the microsdhc to sdhc adapter seems to not work in all card readers. i'm not sure why, but it wasn't worth removing a star for that."", ""it's been working for over 4 years on my gp camera. has not crashed nor failed me. i've shot over a hundred hours of footage on this card. i will buy again for sure.""]"
103,"yeah. ultra hot. i could not get any of my devices to recognize this card. when i finally was, using a usd reader, i tried to format it. it wouldn't format and burned my fingers when i removed it. others have also posted this. maybe they are not all bad, but many are. perhaps they are counterfeit, i don't know. but the hassle of having to return it isn't worth the 10 you may save. i purchased 2 of these, 1 for my htc incredible phone and the other for use in a key chain storage device. both of these cards run very very hot. after copying over 4gb of files, it was almost scalding to the touch. but both have been reliable with only a few issues of reading them, both times in the thumb drive adapter, so that may have been at fault and not the card itself. arrived today. as always shipping from amazon is the best.i read the reviews, and decided i would give the sandisk 64gb microsdxc a shot, normally i go with patriot for all my flash memory.so one thing i read that worried me, was the heat issue. well i can say that it does run hot.how hot you ask? i can feel it through the back cover of my samsung galaxy s3. not plastic melting hot. but i know it is there.is that an issue? maybe? maybe not! i have never really noticed any of my previous cards getting hot. sure even some of my usb sticks run hot after a transfer.is it cause for concern? i honestly don't know, yet.i will use it and see if heat causes any issues. if anyone has had the same problem feel free to comment and tell me what happened or if you contacted sandisk.i am thinking about calling them and also samsung to find out what max temperature range is acceptable. as i really don't want to ruin my bad a new phone.otherwise this is a lot of space for cheap. can't complain there. i gave it 5 stars for that reason alone.the heat issue is something else and i wont take a star off just because of that.but i will still be concerned until i have some answers.thanks for reading.","[""yeah. ultra hot. i could not get any of my devices to recognize this card. when i finally was, using a usd reader, i tried to format it. it wouldn't format and burned my fingers when i removed it. others have also posted this. maybe they are not all bad, but many are. perhaps they are counterfeit, i don't know. but the hassle of having to return it isn't worth the 10 you may save."", 'i purchased 2 of these, 1 for my htc incredible phone and the other for use in a key chain storage device. both of these cards run very very hot. after copying over 4gb of files, it was almost scalding to the touch. but both have been reliable with only a few issues of reading them, both times in the thumb drive adapter, so that may have been at fault and not the card itself.', ""arrived today. as always shipping from amazon is the best.i read the reviews, and decided i would give the sandisk 64gb microsdxc a shot, normally i go with patriot for all my flash memory.so one thing i read that worried me, was the heat issue. well i can say that it does run hot.how hot you ask? i can feel it through the back cover of my samsung galaxy s3. not plastic melting hot. but i know it is there.is that an issue? maybe? maybe not! i have never really noticed any of my previous cards getting hot. sure even some of my usb sticks run hot after a transfer.is it cause for concern? i honestly don't know, yet.i will use it and see if heat causes any issues. if anyone has had the same problem feel free to comment and tell me what happened or if you contacted sandisk.i am thinking about calling them and also samsung to find out what max temperature range is acceptable. as i really don't want to ruin my bad a new phone.otherwise this is a lot of space for cheap. can't complain there. i gave it 5 stars for that reason alone.the heat issue is something else and i wont take a star off just because of that.but i will still be concerned until i have some answers.thanks for reading.""]"
104,"bought october 7th. passed away december 23rd. rip.i didn't really even use it because of the built in storage on my gs3. i had about 15 gb of music and movies on it, but only for when i was unexpectedly bored and without my zunehd. on to the next brand i guess. i ordered this in anticipation of getting my new galaxy s4. it arrived quickly long before the phone was is my hands! and was easy to install. after almost 2 months, i've had no problems at all so far. i store all my photos and music on it, and it's great not to have to worry about maxing out the phone's native memory. i bought this for my wife when it was on sale for black friday 2013, and has been coming to good use since. she appreciates the fact that she has extra other than built in storage for her phone to be able to hog on to more pics, music, and games. great deal on a great product.","[""bought october 7th. passed away december 23rd. rip.i didn't really even use it because of the built in storage on my gs3. i had about 15 gb of music and movies on it, but only for when i was unexpectedly bored and without my zunehd. on to the next brand i guess."", ""i ordered this in anticipation of getting my new galaxy s4. it arrived quickly long before the phone was is my hands! and was easy to install. after almost 2 months, i've had no problems at all so far. i store all my photos and music on it, and it's great not to have to worry about maxing out the phone's native memory."", 'i bought this for my wife when it was on sale for black friday 2013, and has been coming to good use since. she appreciates the fact that she has extra other than built in storage for her phone to be able to hog on to more pics, music, and games. great deal on a great product.']"
105,"easy to install and performs per specs. i have expanded the capacity of my handheld scanner with this product. the convenience of these micro products is phenomenal! i began my career in it in the 70's and can attest to the truly wonderful progress tech has made over the years. we do more with less that's innovation, that's capitalism at its best! easy to install, good performance, can be used in phone, photo machines, computer. now i have extra space in my cell phone. easy installation, immediate functionality, great way to expand my phone's photo storage capacity. i am very pleased with this purchase,","[""easy to install and performs per specs. i have expanded the capacity of my handheld scanner with this product. the convenience of these micro products is phenomenal! i began my career in it in the 70's and can attest to the truly wonderful progress tech has made over the years. we do more with less that's innovation, that's capitalism at its best!"", 'easy to install, good performance, can be used in phone, photo machines, computer. now i have extra space in my cell phone.', ""easy installation, immediate functionality, great way to expand my phone's photo storage capacity. i am very pleased with this purchase,""]"
106,"well since 16 gb is not enought for me i purchased this one specifically for my samsung galaxy note 2 which by the way is far better than the iphone 5 ... i have both so i can compare and i am not trolling... in any casethe sandisk 64gb works perfectly with the note 2. i transferred the original info from my previous 16 gb sdcard to this in a heart beat. now i have movies, music everything. works great.dont understand how people can rate it with a 1... product works as described 5 5 got a transformer infinity tablet 32 gb which was a decent amount to begin with however i wanted a microsd to double it to have a decent storage size. i decided to go with sandisk since i've never gotten any bad portable storage from them before.microsd is still working fine in my tablet. has my videos i wanna watch on the go when i have my tablet. also useful to store and apps to for installation. i bought the 32 gb and 16 gb versions to backup photes to my galaxy tab 2 while travelling. it works very well an dallows me to view edit pictures while on the road. it is my primary photo backup system while on the road. the micro sd card is much more secure and less likely to be damaged than a hard drive while travelling.","['well since 16 gb is not enought for me i purchased this one specifically for my samsung galaxy note 2 which by the way is far better than the iphone 5 ... i have both so i can compare and i am not trolling... in any casethe sandisk 64gb works perfectly with the note 2. i transferred the original info from my previous 16 gb sdcard to this in a heart beat. now i have movies, music everything. works great.dont understand how people can rate it with a 1... product works as described 5 5', ""got a transformer infinity tablet 32 gb which was a decent amount to begin with however i wanted a microsd to double it to have a decent storage size. i decided to go with sandisk since i've never gotten any bad portable storage from them before.microsd is still working fine in my tablet. has my videos i wanna watch on the go when i have my tablet. also useful to store and apps to for installation."", 'i bought the 32 gb and 16 gb versions to backup photes to my galaxy tab 2 while travelling. it works very well an dallows me to view edit pictures while on the road. it is my primary photo backup system while on the road. the micro sd card is much more secure and less likely to be damaged than a hard drive while travelling.']"
107,got it for my note 10.1 and it's great being able to pop it into my computer via the adapter to load large amounts of pictures on and then back into my tablet. kinda wishing i got a larger capacity one. this product was early coming in. it works great in my samsung galaxy note 10.1 tablet. it's easy to upload and export items from multiple devices with the adapter that comes with it. bought it for my galaxy note 10.1 and worked since day one. easy to use in multiple devices for transferring files also.,"[""got it for my note 10.1 and it's great being able to pop it into my computer via the adapter to load large amounts of pictures on and then back into my tablet. kinda wishing i got a larger capacity one."", ""this product was early coming in. it works great in my samsung galaxy note 10.1 tablet. it's easy to upload and export items from multiple devices with the adapter that comes with it."", 'bought it for my galaxy note 10.1 and worked since day one. easy to use in multiple devices for transferring files also.']"
108,"i got this for my samsung galaxy note. after reading various reviews and comparing different micro sd cards, i decided to get this. one of the main reason was because of the speed of this card uhs 1 . the card has been good to me and i'm happy with my purchase. i bought this micro sd card for my galaxy note 2 about 5 months ago and its been great. plug and play with no problems. it recognized it immediate and right after i was able to transfer 20gb of videos music to my phone right away. the transfer speed is good and is what i was expecting from reading guides on these type of sd cards. this is a good product and i recommend it to anyone looking for a sd card. bought this micro sd card for my samsung galaxy note 2 and it works flawlessly. lots of space and fast!","[""i got this for my samsung galaxy note. after reading various reviews and comparing different micro sd cards, i decided to get this. one of the main reason was because of the speed of this card uhs 1 . the card has been good to me and i'm happy with my purchase."", 'i bought this micro sd card for my galaxy note 2 about 5 months ago and its been great. plug and play with no problems. it recognized it immediate and right after i was able to transfer 20gb of videos music to my phone right away. the transfer speed is good and is what i was expecting from reading guides on these type of sd cards. this is a good product and i recommend it to anyone looking for a sd card.', 'bought this micro sd card for my samsung galaxy note 2 and it works flawlessly. lots of space and fast!']"
109,"file system as shipped might not be appropriate for all phones but just stick it in and format it in the phone and you are good to go. plug in to the phone shows up sd card, but didn't give me the option to format, plug in to the laptop, same thing. thought it was doa. but later realized that i had to format the card from the flip down menu. now it works perfect. was going to look for a gen4 64gb ipod touch, 350 vs 55 makes no sense. plus the galaxy s2 t727 works just fine as a media player.","['file system as shipped might not be appropriate for all phones but just stick it in and format it in the phone and you are good to go.', ""plug in to the phone shows up sd card, but didn't give me the option to format, plug in to the laptop, same thing. thought it was doa. but later realized that i had to format the card from the flip down menu. now it works perfect. was going to look for a gen4 64gb ipod touch, 350 vs 55 makes no sense. plus the galaxy s2 t727 works just fine as a media player.""]"
110,"i bought two of these for my samsung galaxy note 10.1. just to be on the safe side...i put them in my note first and formatted them, then took them out and put media on them. i use the media card reader with these and it works just fine on my computer and tablet. works great in my modern phone and tablet. however i was unable to use it on my pc's sd card reader. it appears the older card readers are not compatible with class 10 as both my new cards could not be written to without the operating system win7 reporting write errors.i probably should blame the card reader, but it never failed me until trying to write to this card. no problem here. i use it in my samsung note 10.1. it is a little slow writing to it but such are micro sd cards.","['i bought two of these for my samsung galaxy note 10.1. just to be on the safe side...i put them in my note first and formatted them, then took them out and put media on them. i use the media card reader with these and it works just fine on my computer and tablet.', ""works great in my modern phone and tablet. however i was unable to use it on my pc's sd card reader. it appears the older card readers are not compatible with class 10 as both my new cards could not be written to without the operating system win7 reporting write errors.i probably should blame the card reader, but it never failed me until trying to write to this card."", 'no problem here. i use it in my samsung note 10.1. it is a little slow writing to it but such are micro sd cards.']"
111,"works great with my samsung galaxy note 10.1. fast and dependable, no problem with viewing videos from it on the note 10.1. try it you will like it! i bought this for my samsung galaxy 10.1. it works great! i have had no problems with it!i would definitely buy this again. seller was also very fast in shipping! i use this with my samsung galaxy 10.1 tablet and it works great. the sd card loads fast and i have had no issues.","['works great with my samsung galaxy note 10.1. fast and dependable, no problem with viewing videos from it on the note 10.1. try it you will like it!', 'i bought this for my samsung galaxy 10.1. it works great! i have had no problems with it!i would definitely buy this again. seller was also very fast in shipping!', 'i use this with my samsung galaxy 10.1 tablet and it works great. the sd card loads fast and i have had no issues.']"
112,"the 32 gig san disk memory card went into a tablet given as a christmas gift.no problems and fast performance.i loaded all the music and some video that was stored in a laptop.i still have 12 gigs left.very happy with the memory unit. installed as sublimental memory for samsung tab 3 8 inch tablet. doesn't look like apps can be installed on the card, but that is a tab 3 issue, not a san disk issue. something to think about when chosing your tablet. i plan on installing a lot of memory hogging field guide apps, so thetab 3's 16 gb built in memory may be a problem for me. on the other hand, i have a lot of music, so the sd card will be useful.","['the 32 gig san disk memory card went into a tablet given as a christmas gift.no problems and fast performance.i loaded all the music and some video that was stored in a laptop.i still have 12 gigs left.very happy with the memory unit.', ""installed as sublimental memory for samsung tab 3 8 inch tablet. doesn't look like apps can be installed on the card, but that is a tab 3 issue, not a san disk issue. something to think about when chosing your tablet. i plan on installing a lot of memory hogging field guide apps, so thetab 3's 16 gb built in memory may be a problem for me. on the other hand, i have a lot of music, so the sd card will be useful.""]"
113,i use this in an asus android tablet. i've had no problems using it to transfer data between the tablet and pc. no trouble with storage errors either. using it in a 10 34 android tablet and have had no issues. mounted easily and seems to be doing it's job! bought this item to use in my android based tablet and it has worked just fine. doubled my storage capacity at a very reasonable cost.,"[""i use this in an asus android tablet. i've had no problems using it to transfer data between the tablet and pc. no trouble with storage errors either."", ""using it in a 10 34 android tablet and have had no issues. mounted easily and seems to be doing it's job!"", 'bought this item to use in my android based tablet and it has worked just fine. doubled my storage capacity at a very reasonable cost.']"
114,we bought this to go with our new samsung galaxy tab 4. works great and allows us to add a lot of videos onto our tablet. i use this in my samsung galaxy work pro 12.2 tablet. it woks so what else can you say? for the one that are afraid of buying it to use with your tablet good news. is tiny piece of memory works fine with samsung galaxy note n8000. i had to do nothing. just plug it. no problems at all. it runs smooth so far.,"['we bought this to go with our new samsung galaxy tab 4. works great and allows us to add a lot of videos onto our tablet.', 'i use this in my samsung galaxy work pro 12.2 tablet. it woks so what else can you say?', 'for the one that are afraid of buying it to use with your tablet good news. is tiny piece of memory works fine with samsung galaxy note n8000. i had to do nothing. just plug it. no problems at all. it runs smooth so far.']"
115,"i installed this on my samsung tablet tab 2 7.0. there is definitely a performance difference on my tablet especially when i load up all my apps. got for my samsung galaxy tab2 7.0 . plugged it in and it works.that is about all there is to it. good stuff! works with my newly bought samsung galaxy tab 2 10.1 inch, wi fi no problems at all. i am happy.","['i installed this on my samsung tablet tab 2 7.0. there is definitely a performance difference on my tablet especially when i load up all my apps.', 'got for my samsung galaxy tab2 7.0 . plugged it in and it works.that is about all there is to it.', 'good stuff! works with my newly bought samsung galaxy tab 2 10.1 inch, wi fi no problems at all. i am happy.']"
116,"i purchased two of these one for my samsung tablet and one for my samsung galaxy note. great hardware that is truly speedy, responsive and meets my needs! works perfect with my samsung tablet, very satisfied with this product, good quality and awesome, highly recommended, fast shipment, a plus works perfectly in my samsung tablet!","['i purchased two of these one for my samsung tablet and one for my samsung galaxy note. great hardware that is truly speedy, responsive and meets my needs!', 'works perfect with my samsung tablet, very satisfied with this product, good quality and awesome, highly recommended, fast shipment, a plus', 'works perfectly in my samsung tablet!']"
117,"bought this for my samsung tab3. works great, fast and have not had a problem. this will also work with the samsung galaxy s4. works great for my samsung galaxy tab 2. just plugged and played. didn't have to do anything special. i would recommend. works perfect in my galaxy tab 4","['bought this for my samsung tab3. works great, fast and have not had a problem. this will also work with the samsung galaxy s4.', ""works great for my samsung galaxy tab 2. just plugged and played. didn't have to do anything special. i would recommend."", 'works perfect in my galaxy tab 4']"
118,"i keep growing with these things as they grow in capacity and speed. this device, however, stands out above all the others microsd cards i have used. i experienced an incredible and noticeable difference in speed between this and thesandisk 32gb microsdhc memory card bulk package i have used in my phone for the last two years. besides doubling the capacity from 32gb, i am enjoying the benefit of the speed this thing brings with it and adds to my phone. the price was really right for this too. i can only imagine what thesandisk extreme 64 gb microsdxc class 10 uhs i memory card with adapter sdsdqx 064g u46a is like. i was not yet willing to pay the price for it to find out. this has got to be by far the best microsd card on the market. it is very fast, was easy to set it up. i am using it in a samsung galaxy s3 and it works flawlessly. well worth the money. an excellent microsd card from sandisk. i purchased this to format fat32 for use with mysamsung galaxy tab 3 7 inch, white and, once so formatted, works flawlessly. it never has unmounted on its own, it's lightning fast, it's reliable and offers plenty of storage. reasonably priced as well. in fact, i purchased this on sale at my local big box blue retailer with the yellow price tag for a logo for 27.99.","['i keep growing with these things as they grow in capacity and speed. this device, however, stands out above all the others microsd cards i have used. i experienced an incredible and noticeable difference in speed between this and thesandisk 32gb microsdhc memory card bulk package i have used in my phone for the last two years. besides doubling the capacity from 32gb, i am enjoying the benefit of the speed this thing brings with it and adds to my phone. the price was really right for this too. i can only imagine what thesandisk extreme 64 gb microsdxc class 10 uhs i memory card with adapter sdsdqx 064g u46a is like. i was not yet willing to pay the price for it to find out.', 'this has got to be by far the best microsd card on the market. it is very fast, was easy to set it up. i am using it in a samsung galaxy s3 and it works flawlessly. well worth the money.', ""an excellent microsd card from sandisk. i purchased this to format fat32 for use with mysamsung galaxy tab 3 7 inch, white and, once so formatted, works flawlessly. it never has unmounted on its own, it's lightning fast, it's reliable and offers plenty of storage. reasonably priced as well. in fact, i purchased this on sale at my local big box blue retailer with the yellow price tag for a logo for 27.99.""]"
119,"i have always trusted sandisk. this card works great in the samsung galaxy tab 10.1 2. i have been using it for about a month. i purchased this to use with my samsung galaxy tab 2 10.1. i chose this memory card because i have used sandisk products many time in the past and have never had a problem. this sd card does work with the galaxy tab 2 10.1. i was unable to format with a windows 7 machine, however utilized my macbook pro disk utility to format. works greats reads and writes videos and pics fast. i have not tested saving apps yet, but will adjust the review when i get the chance.","['i have always trusted sandisk. this card works great in the samsung galaxy tab 10.1 2. i have been using it for about a month.', 'i purchased this to use with my samsung galaxy tab 2 10.1. i chose this memory card because i have used sandisk products many time in the past and have never had a problem.', 'this sd card does work with the galaxy tab 2 10.1. i was unable to format with a windows 7 machine, however utilized my macbook pro disk utility to format. works greats reads and writes videos and pics fast. i have not tested saving apps yet, but will adjust the review when i get the chance.']"
120,"i purchased this product for my samsung galxy tab pro 10.1, and so far it's been flawless. everything works just right. got it for my samsung galaxy talet 2 10.1, its ideal for the tab. no problems with it got it in the day i got it, does exactly what i want it to do i bought this for my galaxy tab 2 10.1, for some reason i couldnt get it to work in it. so i put it in my galaxy note 2 phone and it works great. i have 7 movies and other assorted crap on it and it still has plenty of room.","[""i purchased this product for my samsung galxy tab pro 10.1, and so far it's been flawless. everything works just right."", 'got it for my samsung galaxy talet 2 10.1, its ideal for the tab. no problems with it got it in the day i got it, does exactly what i want it to do', 'i bought this for my galaxy tab 2 10.1, for some reason i couldnt get it to work in it. so i put it in my galaxy note 2 phone and it works great. i have 7 movies and other assorted crap on it and it still has plenty of room.']"
121,"great card for a great price read and write speeds are on par with what is posted on the specifications detail report. stil not getting the write speed as i need, but considering the cost capacity speed it is a good card! it works great, good size good and good price. only giving it 4 stars because it is a 34 little 34 slow to write and read from but it is to be expected from an xc card with speeds up to 10mb s i believe.","['great card for a great price read and write speeds are on par with what is posted on the specifications detail report.', 'stil not getting the write speed as i need, but considering the cost capacity speed it is a good card!', 'it works great, good size good and good price. only giving it 4 stars because it is a 34 little 34 slow to write and read from but it is to be expected from an xc card with speeds up to 10mb s i believe.']"
122,"i use in a tablet. works perfectly. good size price. the more capacity ones will come down eventually but this is perfect right now. i use this in my hisense sero 7 pro and it works great. it's a good buy for any device used this in an android tablet. it's fast, reliable and performs exactly as expected.","['i use in a tablet. works perfectly. good size price. the more capacity ones will come down eventually but this is perfect right now.', ""i use this in my hisense sero 7 pro and it works great. it's a good buy for any device"", ""used this in an android tablet. it's fast, reliable and performs exactly as expected.""]"
123,"bought it for my tablet. it works well, and it has been working now for about 6 months. i have no complaints. needed this to put into my new tablet. this is exactly as described and works great no complaints . would recommend to others and the price was good too. this is what i needed for my tablet and it works great. i will buy two the next time. thank you .","['bought it for my tablet. it works well, and it has been working now for about 6 months. i have no complaints.', 'needed this to put into my new tablet. this is exactly as described and works great no complaints . would recommend to others and the price was good too.', 'this is what i needed for my tablet and it works great. i will buy two the next time. thank you .']"
124,"as expected, sandisk delivered again with this card. very fast transfers and a lot of data to use up. bought it for a galaxy s 3 and it works great. i've always bought sandisk sd cards, and have never been disappointed. this one is no exception. i'm using it in my galaxy s iii and have no problems. transfer speeds are as advertised. great card, great price.","['as expected, sandisk delivered again with this card. very fast transfers and a lot of data to use up. bought it for a galaxy s 3 and it works great.', ""i've always bought sandisk sd cards, and have never been disappointed. this one is no exception. i'm using it in my galaxy s iii and have no problems. transfer speeds are as advertised. great card, great price.""]"
125,"replaced a smaller and slower micro sd card in my phone. i've had other brands corrupt and die in the past. i've grown to only trust sandisk.it is faster than most other micro sd cards, the price was right at 27. i've tried several brands of microsd cards in various smartphones and this sandisk card is by far the fastest and most reliable card i've used. like others have mentioned, i did have to format it using the tool from sdcard.org but once i did, it was faster than any other card i have ever used. completely error free and no issues whatsoever what's more to say, this is the biggest microsdxc card at the time with the reliability of sandisk with great speed. i have one in all of my tablets and both mobile phones. i have yet to have an issue with this card and don't expect to.","[""replaced a smaller and slower micro sd card in my phone. i've had other brands corrupt and die in the past. i've grown to only trust sandisk.it is faster than most other micro sd cards, the price was right at 27."", ""i've tried several brands of microsd cards in various smartphones and this sandisk card is by far the fastest and most reliable card i've used. like others have mentioned, i did have to format it using the tool from sdcard.org but once i did, it was faster than any other card i have ever used. completely error free and no issues whatsoever"", ""what's more to say, this is the biggest microsdxc card at the time with the reliability of sandisk with great speed. i have one in all of my tablets and both mobile phones. i have yet to have an issue with this card and don't expect to.""]"
126,"i only buy sandisk cards and this one is good just like i expected. great read and write speed and no issues whatsoever. i also own the 64gb one and its just as good...also comes with an adapter so you can use it in bigger older size sd card slots.buy with confidence! i wanted to upgrade my htc evo micro sd card. i found this sandisk at a good price. i have had few sandisks earlier and had no problems with it. i ordered and it was shipped fast. it comes with sd adapter and makes it usage as regular sd card. i unmounted the existing card from the phone, copied over the contents from one sd card to another using adapter and loaded up the new one. works great. i didn't see a huge difference in speed, but may be i didn't run any speed tests or anything. i like the price for the brand and 32gb card. i will recommend it. purchased two of these as they are the best. yes there are faster sandisk cards but this works just fine in the note ii .","['i only buy sandisk cards and this one is good just like i expected. great read and write speed and no issues whatsoever. i also own the 64gb one and its just as good...also comes with an adapter so you can use it in bigger older size sd card slots.buy with confidence!', ""i wanted to upgrade my htc evo micro sd card. i found this sandisk at a good price. i have had few sandisks earlier and had no problems with it. i ordered and it was shipped fast. it comes with sd adapter and makes it usage as regular sd card. i unmounted the existing card from the phone, copied over the contents from one sd card to another using adapter and loaded up the new one. works great. i didn't see a huge difference in speed, but may be i didn't run any speed tests or anything. i like the price for the brand and 32gb card. i will recommend it."", 'purchased two of these as they are the best. yes there are faster sandisk cards but this works just fine in the note ii .']"
127,"nowadays this memories don't have the fastest write speed, but even tho those are good speeds.on the other hand, sandisk is a good mark.and, what adds even more value, imo, it's that those specific memory cards have a lifetime warranty.i got one damaged in 1 year, and they changed it.i really like this warranty service. good write performance. it sped up the time to load my pictures as well. this was a good buy. there are lots of manufacturers for memory cards but i feel most confident with sandisk. i've used many sandisk memory cards over the years. this one ranks way up there just like all the others. i am using it in a samsung tablet and it does all i want it to do. i cannot comment on speed, since that isn't an issue to me. for storage this is quite the gem. and i bought it 34 pretty cheap 34 .","[""nowadays this memories don't have the fastest write speed, but even tho those are good speeds.on the other hand, sandisk is a good mark.and, what adds even more value, imo, it's that those specific memory cards have a lifetime warranty.i got one damaged in 1 year, and they changed it.i really like this warranty service."", 'good write performance. it sped up the time to load my pictures as well. this was a good buy. there are lots of manufacturers for memory cards but i feel most confident with sandisk.', ""i've used many sandisk memory cards over the years. this one ranks way up there just like all the others. i am using it in a samsung tablet and it does all i want it to do. i cannot comment on speed, since that isn't an issue to me. for storage this is quite the gem. and i bought it 34 pretty cheap 34 .""]"
128,"i have several devices that use micro cards, so i buy these in anticipation of needs in the future. so i am not going to test this to see if it works when i get this. most items i buy at a good price. now if i am loading up cameras and recording gear for a trip or maybe a day at le mans. i will check them before i travel, as i check batteries and spares and chargers.so far i have not had a problem with sandisk, i am gearing up for a trip, my destination is a bit in question at this point. i've had good luck with sandisk cards on my cameras, and so far this card for my android phone is no exception. fast and no errors, though admittedly i haven't had it very long. the sandisk ultras tend to work reliably on all my different cameras and phones which is not always true of some common but less expensive cards. this simplifies ordering but they do cost a bit more.","['i have several devices that use micro cards, so i buy these in anticipation of needs in the future. so i am not going to test this to see if it works when i get this. most items i buy at a good price. now if i am loading up cameras and recording gear for a trip or maybe a day at le mans. i will check them before i travel, as i check batteries and spares and chargers.so far i have not had a problem with sandisk, i am gearing up for a trip, my destination is a bit in question at this point.', ""i've had good luck with sandisk cards on my cameras, and so far this card for my android phone is no exception. fast and no errors, though admittedly i haven't had it very long."", 'the sandisk ultras tend to work reliably on all my different cameras and phones which is not always true of some common but less expensive cards. this simplifies ordering but they do cost a bit more.']"
129,"very simple to format and use. excellent storage. buy it along with a 3.0 compatible usb microcard adapter for downloading to 3.0 capable computer. makes for very fast and hassle free transfer of your pictures. came pre formatted and easy to install. came with adapter which is great. i recommend this if you are looking for a micro memory card, very worth the price. it was already formatted and ready to go. just plug it in and start recording nothing more to say for a storage device just want it to work with no hassles.","['very simple to format and use. excellent storage. buy it along with a 3.0 compatible usb microcard adapter for downloading to 3.0 capable computer. makes for very fast and hassle free transfer of your pictures.', 'came pre formatted and easy to install. came with adapter which is great. i recommend this if you are looking for a micro memory card, very worth the price.', 'it was already formatted and ready to go. just plug it in and start recording nothing more to say for a storage device just want it to work with no hassles.']"
130,"this sandisk ultra 64 gb microsdxc class 10 micro sd card can storage an enormous among of data. and with the class 10 reliability and speed, it's a great buy. microsdxc is the wave of future storage for any manufacturer that has any sense. these little cars can increase the storage capacity of the most basic of devices for far less than buying more expensive models that don't allow external storage. easy to use and with an industry standard that expands up to 2tb in capacity.","[""this sandisk ultra 64 gb microsdxc class 10 micro sd card can storage an enormous among of data. and with the class 10 reliability and speed, it's a great buy."", ""microsdxc is the wave of future storage for any manufacturer that has any sense. these little cars can increase the storage capacity of the most basic of devices for far less than buying more expensive models that don't allow external storage. easy to use and with an industry standard that expands up to 2tb in capacity.""]"
131,"i use this in my tablet for extra space and it works as it should. the storage space is awesome and works good i have had a few months now and not having any issues! excellent used to upgrade the capacity of my asus tf 700 x tablet, has greatly enhanced the abilities of the tablet, easy to use and to transfer information as necessary. i purchased this for my tablet. it holds a lot of information and i do not have any problems with this at all","['i use this in my tablet for extra space and it works as it should. the storage space is awesome and works good i have had a few months now and not having any issues!', 'excellent used to upgrade the capacity of my asus tf 700 x tablet, has greatly enhanced the abilities of the tablet, easy to use and to transfer information as necessary.', 'i purchased this for my tablet. it holds a lot of information and i do not have any problems with this at all']"
132,great item. runs a lot faster then the cheap ones and still a really good price. worth the extra money excellent. got 2 of these but still testing to see if speed is its greatest deal. anyway cheap at the time. bought this one to add to the standard one i had already purchased for the size and speed and price it was worth it,"['great item. runs a lot faster then the cheap ones and still a really good price. worth the extra money', 'excellent. got 2 of these but still testing to see if speed is its greatest deal. anyway cheap at the time.', 'bought this one to add to the standard one i had already purchased for the size and speed and price it was worth it']"
133,there are things that i would like to say about the sand disk ultra.it is the best dang sd card i've ever used. all rights so let's be honest i just put this in my phone so that i would have extra storage for photos and videoshowever it is really good because it just sits in my phone and i don't have to do anything about it.seriously i can access everything by just connecting my phone to usb so it is essentially like the phone has another hard drive. i knew buying sandisk i would get a great sd card and its super fast. i really like it in my phone.if you need a micro sd card this one will perform great and not let you down.,"[""there are things that i would like to say about the sand disk ultra.it is the best dang sd card i've ever used. all rights so let's be honest i just put this in my phone so that i would have extra storage for photos and videoshowever it is really good because it just sits in my phone and i don't have to do anything about it.seriously i can access everything by just connecting my phone to usb so it is essentially like the phone has another hard drive."", 'i knew buying sandisk i would get a great sd card and its super fast. i really like it in my phone.if you need a micro sd card this one will perform great and not let you down.']"
134,"i love the ultras cause it writes fast to the card with my samsung s3 with not much time in between pics. i also got one for my fuji waterproof camera and it takes a few seconds before i can take another photo but that is the limitation of the processor of the camera, not the card. overall, i love it. my computer can read them fast and videos are played back at real speed i have two of these, one for each of our smartphones and they work great. ultras far surpass the basic microsds super fast access to my samsung galaxy note ii. sandisk ultra micro hc is blazing fast compared to the other microsd cards i have bought including pny, sony and more!","['i love the ultras cause it writes fast to the card with my samsung s3 with not much time in between pics. i also got one for my fuji waterproof camera and it takes a few seconds before i can take another photo but that is the limitation of the processor of the camera, not the card. overall, i love it. my computer can read them fast and videos are played back at real speed', 'i have two of these, one for each of our smartphones and they work great. ultras far surpass the basic microsds', 'super fast access to my samsung galaxy note ii. sandisk ultra micro hc is blazing fast compared to the other microsd cards i have bought including pny, sony and more!']"
135,"sandisk makes great products and this one's just another of them. i'm using it in a vehicle dash camera to record hd .mov format video and on my shakedown run the camera and the disc worked perfectly together! 32gb of space gives me plenty of room to record, and the class 10 rating means the card is plenty fast enough to keep up and produce crisp and clear video. color was also good. sandisk is a very reputable company, and this class10 microsdhc card is quick. i use it in my galaxy s3 and it records video and photos without skipping a beat. sandisk makes the most reliable sd cards. after working in tech support for a company that relied on maps loaded on sd cards, i only recommend sandisk now. class 10 is great, it means you have the fastest card made. the class shows the minimum speeds for data transfer to and from the card. a class 10 will always have at least a minimum transfer of 10mb sec. these are the cards professionals use to record hd video and high quality images.","[""sandisk makes great products and this one's just another of them. i'm using it in a vehicle dash camera to record hd .mov format video and on my shakedown run the camera and the disc worked perfectly together! 32gb of space gives me plenty of room to record, and the class 10 rating means the card is plenty fast enough to keep up and produce crisp and clear video. color was also good."", 'sandisk is a very reputable company, and this class10 microsdhc card is quick. i use it in my galaxy s3 and it records video and photos without skipping a beat.', 'sandisk makes the most reliable sd cards. after working in tech support for a company that relied on maps loaded on sd cards, i only recommend sandisk now. class 10 is great, it means you have the fastest card made. the class shows the minimum speeds for data transfer to and from the card. a class 10 will always have at least a minimum transfer of 10mb sec. these are the cards professionals use to record hd video and high quality images.']"
136,"there really isn't anything bad you can say about a well performing micro sdhc. it gives me good speeds and works fine in my devices. there may be a bit of confusion given its look but this is an sdhc micro sd in case anybody was confused or wondering. 32gb is the official max of sdhc devices so be careful if you see 64gb sds. fast. sleek. small. not really much to say about a microsdhc... most of you buying this knows what they do. it's very fast micro sd card i use it for my mobile and gopro camera , sandisk is the best ever","[""there really isn't anything bad you can say about a well performing micro sdhc. it gives me good speeds and works fine in my devices. there may be a bit of confusion given its look but this is an sdhc micro sd in case anybody was confused or wondering. 32gb is the official max of sdhc devices so be careful if you see 64gb sds."", 'fast. sleek. small. not really much to say about a microsdhc... most of you buying this knows what they do.', ""it's very fast micro sd card i use it for my mobile and gopro camera , sandisk is the best ever""]"
137,"fast card with the highest capacity you can currently buy in a microsd format. it's probably the fastest microsd of this size also. when you are looking for a high end sd card with great write speeds look no further than scan disk ultra it's a little more than sandisk's slow 16gb microsdhc, but cheaper than some other brands, and it works.writes are a bit slow when the card fills up, but that's endemic to all sd cards, and it's not as bad as some other cards.","[""fast card with the highest capacity you can currently buy in a microsd format. it's probably the fastest microsd of this size also."", 'when you are looking for a high end sd card with great write speeds look no further than scan disk ultra', ""it's a little more than sandisk's slow 16gb microsdhc, but cheaper than some other brands, and it works.writes are a bit slow when the card fills up, but that's endemic to all sd cards, and it's not as bad as some other cards.""]"
138,"we bought this card to use in a samsung tab 2 7 34 , since it came with only 8gb of storage only about 4gb left after all the junk and bloatware it comes with. we found out we couldn't delete the extra, unneeded apps without messing up the system. with the 32gb card, we hope to not need anymore storage for the foreseeable future. the card was immediately recognized by the system and is intergrated seemlessly. being able to use additional memory storage was one reason we got the samsung instead of the apple products. i got this for my samsung galaxy tablet. according to samsung, the tablet can only take a 32 gb card. but other reviewers of the tablet said it could take 64 gb. i went ahead and bought the 64 gb one and it formatted fine in my tablet. bought this by accident for my samsung galaxy s3 but the phone reads it and accepts all 64 gb so i am a happy camper. worked the first time so i bought one more for my galaxy tab 2. again, no problems! awesome card!","[""we bought this card to use in a samsung tab 2 7 34 , since it came with only 8gb of storage only about 4gb left after all the junk and bloatware it comes with. we found out we couldn't delete the extra, unneeded apps without messing up the system. with the 32gb card, we hope to not need anymore storage for the foreseeable future. the card was immediately recognized by the system and is intergrated seemlessly. being able to use additional memory storage was one reason we got the samsung instead of the apple products."", 'i got this for my samsung galaxy tablet. according to samsung, the tablet can only take a 32 gb card. but other reviewers of the tablet said it could take 64 gb. i went ahead and bought the 64 gb one and it formatted fine in my tablet.', 'bought this by accident for my samsung galaxy s3 but the phone reads it and accepts all 64 gb so i am a happy camper. worked the first time so i bought one more for my galaxy tab 2. again, no problems! awesome card!']"
139,"what else can i say... this sandisk 32 gb class 10 works like a charm in my galaxy sii i9100 unlocked . if you're upgrading from an old smaller microsd card, i did this 1. create a .img file of the old microsd with hdd raw copy tool freeware 2. recover the saved .img file in the new microsd card with hdd raw copy tool since the old microsd had only 8 gb, the new microsd card will have only 8 gb d 3. install minitool partition wizard freeware and choose the new microsd.4. choose the move resize option.5. drag the space to the full size of the new microsd card6. don't forget to apply7. put the microsd in your phone and there you go all your stuff and apps saved to the microsd working. ok, this is how i transferred the files on my old microsd card to this one.1. turn off device and remove old microsd card2. put old microsd card in adapter and put into laptop sd card can be found in 34 my computer .3. copy all the files and paste onto laptop in 34 my documents 34 4. remove old microsd card and insert new microsd card into laptop.5.copy files in 34 my documents 34 and paste them directly to new microsd.6. put new microsd in the device and turn device on. enjoy the space! quick note the actual space on this card is roughly 29.7 gb due to some formatting and files already on the card. hope this helps. most mobile devices and tablets that are of any count state that the limit to their sd storage is 32gb...but on a few of those they can and do read sd cards that are in fact larger than this. i would suggest anyone that thinks they need space beyond those stated limits of their device do a quick search on line for their particular make and model cellphone or tablet to see what size sd's others have been successful at using. once you have found out and that you can in fact use such an sd...go and search online for hdd raw copy tool from hdd guru...and it will allow you to make an image of your old sd to apply to the new sd and or even make a backup of one's sd. since the sd drives are different sizes when this image is applied to the larger...you will need to use a partition manager, such as minitool partition wizard which is free for home use and resize the partition of the larger drive. this will allow you to take advantage of the whole drive space. i love the upgrade and added space...can't go wrong with this price for a class 10 sd of this size.","[""what else can i say... this sandisk 32 gb class 10 works like a charm in my galaxy sii i9100 unlocked . if you're upgrading from an old smaller microsd card, i did this 1. create a .img file of the old microsd with hdd raw copy tool freeware 2. recover the saved .img file in the new microsd card with hdd raw copy tool since the old microsd had only 8 gb, the new microsd card will have only 8 gb d 3. install minitool partition wizard freeware and choose the new microsd.4. choose the move resize option.5. drag the space to the full size of the new microsd card6. don't forget to apply7. put the microsd in your phone and there you go all your stuff and apps saved to the microsd working."", 'ok, this is how i transferred the files on my old microsd card to this one.1. turn off device and remove old microsd card2. put old microsd card in adapter and put into laptop sd card can be found in 34 my computer .3. copy all the files and paste onto laptop in 34 my documents 34 4. remove old microsd card and insert new microsd card into laptop.5.copy files in 34 my documents 34 and paste them directly to new microsd.6. put new microsd in the device and turn device on. enjoy the space! quick note the actual space on this card is roughly 29.7 gb due to some formatting and files already on the card. hope this helps.', ""most mobile devices and tablets that are of any count state that the limit to their sd storage is 32gb...but on a few of those they can and do read sd cards that are in fact larger than this. i would suggest anyone that thinks they need space beyond those stated limits of their device do a quick search on line for their particular make and model cellphone or tablet to see what size sd's others have been successful at using. once you have found out and that you can in fact use such an sd...go and search online for hdd raw copy tool from hdd guru...and it will allow you to make an image of your old sd to apply to the new sd and or even make a backup of one's sd. since the sd drives are different sizes when this image is applied to the larger...you will need to use a partition manager, such as minitool partition wizard which is free for home use and resize the partition of the larger drive. this will allow you to take advantage of the whole drive space. i love the upgrade and added space...can't go wrong with this price for a class 10 sd of this size.""]"
140,"i like to keep track of the 34 daily deals 34 and check them almost daily resulting in me spending more than i should , but this was too good of a deal to pass up. i will be upgrading my cell phone soon, so i knew i would be needing it soon. so, at 30 with an adaptor and in retail packaging i jumped at it and am glad i did! there is not much more you can ask for than that. i will be buying more for my airport boredom fighting collection. is there any more i can say? no! i get it less than 30 bucks! you can use it in your cellphone or whatever support it.","['i like to keep track of the 34 daily deals 34 and check them almost daily resulting in me spending more than i should , but this was too good of a deal to pass up. i will be upgrading my cell phone soon, so i knew i would be needing it soon. so, at 30 with an adaptor and in retail packaging i jumped at it and am glad i did!', 'there is not much more you can ask for than that. i will be buying more for my airport boredom fighting collection.', 'is there any more i can say? no! i get it less than 30 bucks! you can use it in your cellphone or whatever support it.']"
141,"i picked this up to slam into my s3 phone it works greatif you are thinking about it for that just order it.if you have an s3, 64 gig is the largest card it will support heard wonky reports on using a 64gig card in the s3, i have no experience or background in knowing that personally, so i did the safe thing and went with the 32 gig. i would like to get up to 64 but 5 star rating for this product. i bought this card for increased storage on my galaxy s3. i had zero issues using it this way. if you're contemplating doing the same, ignore the theoretical limits you're reading about. the 64 gb card works fine on galaxy s3and the entirety of the card is recognized, not just the first 32 gb.","['i picked this up to slam into my s3 phone it works greatif you are thinking about it for that just order it.if you have an s3, 64 gig is the largest card it will support', 'heard wonky reports on using a 64gig card in the s3, i have no experience or background in knowing that personally, so i did the safe thing and went with the 32 gig. i would like to get up to 64 but 5 star rating for this product.', ""i bought this card for increased storage on my galaxy s3. i had zero issues using it this way. if you're contemplating doing the same, ignore the theoretical limits you're reading about. the 64 gb card works fine on galaxy s3and the entirety of the card is recognized, not just the first 32 gb.""]"
142,"got this 32gb card for my droid razr maxx hd. it was recognized by the phone and i have had no troubles with it. shipping was only a couple of days. the sd slot on my laptop recognized this card immediately. when i put it in my droid razr maxx it recognized the proper amount but the phone required a reformat.since install my phone has had some instability but i haven't had enough time to troubleshoot to determine whether or not it is due to the card. motorola says the phone can handle 32gig cards. some users have reported the 64gig works fine. other users have reported problems with the 64gig card. other than the phone instability the storage on the card seems to be working fine for now. altough motorola says the droid razr maxx only supports a 32gb card, i've read many reports of people using this 64gb card, so i took a chance with it.i formatted it in my phone and started loading music and movies onto the card by connecting my phone to the computer with the usb cable.note i had read to not format the card in the computer because it will only show up as 27gb of memory available i was careful to heed this advice, though did play with it in the computer itself without formatting it, just looking and it does only show up as 27gb . however, in my droid it definitely shows as 64gb well 59 and change so far the card is functioning as it should i have played music, looked at pictures, and watched a little bit of a movie, all stored on the card, and eveerything seems to be working iin blissful droid perfection.","['got this 32gb card for my droid razr maxx hd. it was recognized by the phone and i have had no troubles with it. shipping was only a couple of days.', ""the sd slot on my laptop recognized this card immediately. when i put it in my droid razr maxx it recognized the proper amount but the phone required a reformat.since install my phone has had some instability but i haven't had enough time to troubleshoot to determine whether or not it is due to the card. motorola says the phone can handle 32gig cards. some users have reported the 64gig works fine. other users have reported problems with the 64gig card. other than the phone instability the storage on the card seems to be working fine for now."", ""altough motorola says the droid razr maxx only supports a 32gb card, i've read many reports of people using this 64gb card, so i took a chance with it.i formatted it in my phone and started loading music and movies onto the card by connecting my phone to the computer with the usb cable.note i had read to not format the card in the computer because it will only show up as 27gb of memory available i was careful to heed this advice, though did play with it in the computer itself without formatting it, just looking and it does only show up as 27gb . however, in my droid it definitely shows as 64gb well 59 and change so far the card is functioning as it should i have played music, looked at pictures, and watched a little bit of a movie, all stored on the card, and eveerything seems to be working iin blissful droid perfection.""]"
143,"as a quick note, unless they're on sale, it's best to avoid buying these in big box stores because they almost always seem to be overpriced. i purchased three of these for family members for their samsung s4 phones and they're all very happy and pleased with them. so far this item is great. purchased one for myself and then one for my niece for her phone for xmas. another plus the shipping was great. great price and great manufacture. the item met my needs for my new phone, i'll have ample storage now using this device.","[""as a quick note, unless they're on sale, it's best to avoid buying these in big box stores because they almost always seem to be overpriced. i purchased three of these for family members for their samsung s4 phones and they're all very happy and pleased with them."", 'so far this item is great. purchased one for myself and then one for my niece for her phone for xmas. another plus the shipping was great.', ""great price and great manufacture. the item met my needs for my new phone, i'll have ample storage now using this device.""]"
144,"i purchased this micro sd card to add storage to my acer tablet. unfortunately the tablet did not recognize the device. after uninstalling the card several times i decided to use it in my samsung phone and it works fine there.if you are going to buy this product for a tablet, i recommend you do you research and make sure it's compatible. i got this for my new android tablet and it works perfectly. the microsd to sd adapter is great. it allows me to plug it into my computer into the regular sized sd card port to transfer files much quicker than if i were to plug the tablet into my computer over usb. i got this sd card for my android tablet. my only complaint is after the tablet installed its file system my computers would no longer recognize the sd card. still love it.","[""i purchased this micro sd card to add storage to my acer tablet. unfortunately the tablet did not recognize the device. after uninstalling the card several times i decided to use it in my samsung phone and it works fine there.if you are going to buy this product for a tablet, i recommend you do you research and make sure it's compatible."", 'i got this for my new android tablet and it works perfectly. the microsd to sd adapter is great. it allows me to plug it into my computer into the regular sized sd card port to transfer files much quicker than if i were to plug the tablet into my computer over usb.', 'i got this sd card for my android tablet. my only complaint is after the tablet installed its file system my computers would no longer recognize the sd card. still love it.']"
145,"purchased it for data2sd on my asus transformer prime. it did a great job but eventually the tablet started slowing down anyway so i have replaced it with a samsung tablet, which i will use the sd card in it but as a regular form of storage. i got this microsd card to use in my new asus tablet. it works great. i also wanted it to use in my camera as its sd card. fitted into the sd card adapter and it works perfectly in the camera. pull it out and put it into the tablet slot and i can get my pictures off the card as well as use it for some other things. perfect.","['purchased it for data2sd on my asus transformer prime. it did a great job but eventually the tablet started slowing down anyway so i have replaced it with a samsung tablet, which i will use the sd card in it but as a regular form of storage.', 'i got this microsd card to use in my new asus tablet. it works great. i also wanted it to use in my camera as its sd card. fitted into the sd card adapter and it works perfectly in the camera. pull it out and put it into the tablet slot and i can get my pictures off the card as well as use it for some other things. perfect.']"
146,"upgraded from 32gb to 64gb card for my galaxy note phone. looks like it works fine and has full capacity. good product. i bought this card to expand the memory in my note ii. works well, no complaints so far. will probably purchase a 64 gb when this one fills up. i bought this memory card for my galaxy note 2 phone. i saved a lot of money by purchasing the 16gb phone and just buying this memory card. i haven't came close to filling it up yet, but when i do, i'll just upgrade to the 64gb version of this card. great product! fast shipping! great price!","['upgraded from 32gb to 64gb card for my galaxy note phone. looks like it works fine and has full capacity. good product.', 'i bought this card to expand the memory in my note ii. works well, no complaints so far. will probably purchase a 64 gb when this one fills up.', ""i bought this memory card for my galaxy note 2 phone. i saved a lot of money by purchasing the 16gb phone and just buying this memory card. i haven't came close to filling it up yet, but when i do, i'll just upgrade to the 64gb version of this card. great product! fast shipping! great price!""]"
147,i never faced any issues ...so far..so good. it works well with my tablet. it is super fast and reliable. no issues at all. i ended up utttingthis in my samsung galaxy s3 instead of my tab2 like i had originally planned. i will be ordering another one soon. so far i haven't had any issues. it's working and is compatible with my phone. quick shipping. im satisfied with my purchase,"['i never faced any issues ...so far..so good. it works well with my tablet. it is super fast and reliable.', 'no issues at all. i ended up utttingthis in my samsung galaxy s3 instead of my tab2 like i had originally planned. i will be ordering another one soon.', ""so far i haven't had any issues. it's working and is compatible with my phone. quick shipping. im satisfied with my purchase""]"
148,"it works just fine and i'm thinking of getting a 64gb for my tablet later on. i don't have too much more to say except buy! i love it so far it works as it should the price was good and i am very pleased in fact i bought a 64 gb as well for my phone i bought the 32 gb for my wife worked exactly as advertised, good price, happy with our purchase. will probably wait for the 64gb version to drop a bit in price before i get one for my phone. this one was for the wife.","[""it works just fine and i'm thinking of getting a 64gb for my tablet later on. i don't have too much more to say except buy!"", 'i love it so far it works as it should the price was good and i am very pleased in fact i bought a 64 gb as well for my phone i bought the 32 gb for my wife', 'worked exactly as advertised, good price, happy with our purchase. will probably wait for the 64gb version to drop a bit in price before i get one for my phone. this one was for the wife.']"
149,"needed more room on the phone and i picked this card up. popped it in and let the phone format it, works just fine. specs say that this phone max out with 32 gb card but that's just not true. really glad i got this card, it's fast so when i am taking photo's in burst mode it moves every one.... not missing out on photo's due to a slow card. bought this to use on my htc evo 3d, which is supposed to have a maximum cap or 32 gb, however after formatting the card in fat32 format, the phone will read it, and functions w out any issues. unlike my old memory cards, even with a power loss i have not experienced any lost pictures or videos. worth the price since when i bought this over a year ago, it was still double the price retail and no one carried it locally. i went from 2g to this 32g card and really love it. the price is way lower than the verizon stores. you will not have storage issues after popping this in your phone.","[""needed more room on the phone and i picked this card up. popped it in and let the phone format it, works just fine. specs say that this phone max out with 32 gb card but that's just not true. really glad i got this card, it's fast so when i am taking photo's in burst mode it moves every one.... not missing out on photo's due to a slow card."", 'bought this to use on my htc evo 3d, which is supposed to have a maximum cap or 32 gb, however after formatting the card in fat32 format, the phone will read it, and functions w out any issues. unlike my old memory cards, even with a power loss i have not experienced any lost pictures or videos. worth the price since when i bought this over a year ago, it was still double the price retail and no one carried it locally.', 'i went from 2g to this 32g card and really love it. the price is way lower than the verizon stores. you will not have storage issues after popping this in your phone.']"
150,"i've used the 32gb version of this card since i got it in two android phones and no problems with either phone. it gives me all the music, pictures, downloads, etc. storage i'll ever need. as fast as any other card and faster than most. i also love amazon frustration fee packaging. since there are so many fakes with online retailers, buy from a trusted source like amazon. bought this for use in my phone to expand the memory in it. i have the 32gb gs3. i wanted to double the memory of my phone but i wasn't sure if my phone would take a 32gb card it did and i'm happy with the product, i also loved the easy open cardboard packaging. i like that it's easier to open and ship but mostly i like that it's not plastic since i hate the excess trash that puts in landfills. there is a lot of conflicting info on the we about whether cards larger than 32gb work in this phone. the phone specs say that it only supports up to 32gb. i put it in, formatted it and got 59.7 gb of usable space, which is exactly what you would expect. i have been using it for 3 weeks now and it has worked perfectly. good price too.","[""i've used the 32gb version of this card since i got it in two android phones and no problems with either phone. it gives me all the music, pictures, downloads, etc. storage i'll ever need. as fast as any other card and faster than most. i also love amazon frustration fee packaging. since there are so many fakes with online retailers, buy from a trusted source like amazon."", ""bought this for use in my phone to expand the memory in it. i have the 32gb gs3. i wanted to double the memory of my phone but i wasn't sure if my phone would take a 32gb card it did and i'm happy with the product, i also loved the easy open cardboard packaging. i like that it's easier to open and ship but mostly i like that it's not plastic since i hate the excess trash that puts in landfills."", 'there is a lot of conflicting info on the we about whether cards larger than 32gb work in this phone. the phone specs say that it only supports up to 32gb. i put it in, formatted it and got 59.7 gb of usable space, which is exactly what you would expect. i have been using it for 3 weeks now and it has worked perfectly. good price too.']"
151,"very satisfied with the product and price.sandisk has not let me down never and 32 gb added to my dell venue 8 pro tablet just rocks.i could have gone for the 64 gb but i really don't need more than 32. and the price was right got this for use with the dell venue 32gb. with a smaller hard drive space, it was critical for all downloads, videos, photos, etc to be on the microsd. speed is more than adequate. great deal for 20","[""very satisfied with the product and price.sandisk has not let me down never and 32 gb added to my dell venue 8 pro tablet just rocks.i could have gone for the 64 gb but i really don't need more than 32. and the price was right"", 'got this for use with the dell venue 32gb. with a smaller hard drive space, it was critical for all downloads, videos, photos, etc to be on the microsd. speed is more than adequate. great deal for 20']"
152,"not a bad prices and really adds the needed storage. i added to win8.1 and android tablet. no problems. plug and go. i got it at a good price, and it is nice to have 64gb of extra space for media to use in my phone.","['not a bad prices and really adds the needed storage. i added to win8.1 and android tablet. no problems. plug and go.', 'i got it at a good price, and it is nice to have 64gb of extra space for media to use in my phone.']"
153,"i use these for every project i work on. it's a brand i trust and excited to continue with. excellent, quality item. great value and works perfectly.","[""i use these for every project i work on. it's a brand i trust and excited to continue with."", 'excellent, quality item.', 'great value and works perfectly.']"
154,"this is a nice card. holds about 29 gb. you can store data on it. it is a microsdhc card. this is a really small card, but it holds the data and does the job. it comes with an adapter allowing the card to be used in a laptop or card reader. it has worked well for me so far and has my recommendation.","['this is a nice card. holds about 29 gb. you can store data on it. it is a microsdhc card.', 'this is a really small card, but it holds the data and does the job. it comes with an adapter allowing the card to be used in a laptop or card reader. it has worked well for me so far and has my recommendation.']"
155,"had to return this item, it would not fit properly into the adapter that it came with. return was no problem, but i am reluctant to buy another one. works, was priced right, has adaptor.now i have to fill in more words to meet the minimum requirement. e um nothing much to really say about it . the adapter for it works but i gave it 3 stars because it goes in n out sometimes","['had to return this item, it would not fit properly into the adapter that it came with. return was no problem, but i am reluctant to buy another one.', 'works, was priced right, has adaptor.now i have to fill in more words to meet the minimum requirement. e', 'um nothing much to really say about it . the adapter for it works but i gave it 3 stars because it goes in n out sometimes']"
156,"this is a great 32 sd card it works real good for my samsong rush and it hold a lot of pictures a lot of videos a lot mp 3 and mp4 4matic songs this is a good sd card i would recommend it to everybody that's why i gave it 5 stars 32gb card takes my smartphone to a new level. recently purchased a razrm and this huge capacity card allows me to take tons of picture even with a good percentage of my mp3 collection and about 9 movies on mp4. fast and so far so good as far as data integrity. highly recommend awesome little sd card, my phone is 32gb but i still wanted more for music and videos and this totally works great, as soon as i put it on my phone read it and also it is fast.. i am happy with my purchase..","[""this is a great 32 sd card it works real good for my samsong rush and it hold a lot of pictures a lot of videos a lot mp 3 and mp4 4matic songs this is a good sd card i would recommend it to everybody that's why i gave it 5 stars"", '32gb card takes my smartphone to a new level. recently purchased a razrm and this huge capacity card allows me to take tons of picture even with a good percentage of my mp3 collection and about 9 movies on mp4. fast and so far so good as far as data integrity. highly recommend', 'awesome little sd card, my phone is 32gb but i still wanted more for music and videos and this totally works great, as soon as i put it on my phone read it and also it is fast.. i am happy with my purchase..']"
157,"32 gb micro sd chip. if this is the size and memory amount you desire, this memory card has never failed or had errors on me. 5 stars for that and being the cheapest i could get at the time. good 32 gb sd card. i bought it to upgrade memory stotage on my cell. it works on my samsung s3. also comes with adapter. 32 gb sd card works well, and the price was reasonable, very happy with purchase so far! worth a try!","['32 gb micro sd chip. if this is the size and memory amount you desire, this memory card has never failed or had errors on me. 5 stars for that and being the cheapest i could get at the time.', 'good 32 gb sd card. i bought it to upgrade memory stotage on my cell. it works on my samsung s3. also comes with adapter.', '32 gb sd card works well, and the price was reasonable, very happy with purchase so far! worth a try!']"
158,"working flawlessly as it is supposed to. i like the speed of the product. the adapter case is also nice to have. worked as advertized, loads fast. only problem was pulling it out of the adapter after loading it on my computer.","['working flawlessly as it is supposed to. i like the speed of the product. the adapter case is also nice to have.', 'worked as advertized, loads fast. only problem was pulling it out of the adapter after loading it on my computer.']"
159,"works well, as advertised. i like the class 10 speed. price was right. would recommend this product to others. thank you. works great, i'm not a techie kind of person hence don't know if the speed and ratings are for real.. but it works for me works great. great for video capture since it is a class 10 rating. works as it should and the shipping was fast as well.","['works well, as advertised. i like the class 10 speed. price was right. would recommend this product to others. thank you.', ""works great, i'm not a techie kind of person hence don't know if the speed and ratings are for real.. but it works for me"", 'works great. great for video capture since it is a class 10 rating. works as it should and the shipping was fast as well.']"
160,"excellent delivery time, and the memory feels to read and write pretty fast. i have a previous experience with a class 4 16gb micro sd. this is a lot faster. very impressed with the speed of this 32 gb micro sdhc. very good performance for data read and write . good quality sd memory. the speed suggested is true for the read speed. the write speed is slower, around 15mb s.","['excellent delivery time, and the memory feels to read and write pretty fast. i have a previous experience with a class 4 16gb micro sd. this is a lot faster.', 'very impressed with the speed of this 32 gb micro sdhc. very good performance for data read and write .', 'good quality sd memory. the speed suggested is true for the read speed. the write speed is slower, around 15mb s.']"
161,"the price is goodthe looking is nicethe speed is goodit came with an adaptershipping speed is excellenti used it with my surface pro samsung galaxy s iii, working good on boththis is a good choice to have great price great for cellphones, tablets, etc. easy to put in and easy to use. it comes with a adapter too. it was a good value for money , product was delivered on time and in good condition. i am using it with my tablet and am happy with the performance.","['the price is goodthe looking is nicethe speed is goodit came with an adaptershipping speed is excellenti used it with my surface pro samsung galaxy s iii, working good on boththis is a good choice to have', 'great price great for cellphones, tablets, etc. easy to put in and easy to use. it comes with a adapter too.', 'it was a good value for money , product was delivered on time and in good condition. i am using it with my tablet and am happy with the performance.']"
162,"it is handy. 64gb is a good size. even though many devices claim only to support up to 32 gb card, many of them actually do support 64g card.i like sandisk, it is a brand you can always trust not saying they dont have lemon,but it's happened to everything . this is the biggest memory card i have at 32 gig. it works fine! i am using it on an 8 inch dell tablet with windows 8 and a solid state 8 gig hard drive.","[""it is handy. 64gb is a good size. even though many devices claim only to support up to 32 gb card, many of them actually do support 64g card.i like sandisk, it is a brand you can always trust not saying they dont have lemon,but it's happened to everything ."", 'this is the biggest memory card i have at 32 gig. it works fine! i am using it on an 8 inch dell tablet with windows 8 and a solid state 8 gig hard drive.']"
163,"many devices still don't work well with 64gb capacity cards. these 32gb cards are often available on sell for a great price and work fantastically. anybody getting this 64 gb card be aware that this card before use needs to be formatted. the problem is that computers only format 32 gb or less i got only 28 gb formatted of the card. sandisk don't tell that to nobody. so what's the use to buy such expensive card when you can only use 32 gb instead of the 64. you can google it and discover that other people had the same problem. i wish i knew.i bought it to put it on my galaxy note 2 android phone. i think they shouldn't even sell the 64 gb or at least informed the people. i heard that there are applications that could make it work but when i buy something i expect that to work without the need of hassling around since i'm not a geek. first off, companies need to mark these right, they consider 1000mb to be 1 gig, when 1 gig is actually 1024 mb.that means you will end up with 62 gb 60 and in all actuality it will read as 59 gb in your device 62 other then that this card works awesome. i would highly recommend it!one star lost due to them not knowing how to measure data.","[""many devices still don't work well with 64gb capacity cards. these 32gb cards are often available on sell for a great price and work fantastically."", ""anybody getting this 64 gb card be aware that this card before use needs to be formatted. the problem is that computers only format 32 gb or less i got only 28 gb formatted of the card. sandisk don't tell that to nobody. so what's the use to buy such expensive card when you can only use 32 gb instead of the 64. you can google it and discover that other people had the same problem. i wish i knew.i bought it to put it on my galaxy note 2 android phone. i think they shouldn't even sell the 64 gb or at least informed the people. i heard that there are applications that could make it work but when i buy something i expect that to work without the need of hassling around since i'm not a geek."", 'first off, companies need to mark these right, they consider 1000mb to be 1 gig, when 1 gig is actually 1024 mb.that means you will end up with 62 gb 60 and in all actuality it will read as 59 gb in your device 62 other then that this card works awesome. i would highly recommend it!one star lost due to them not knowing how to measure data.']"
164,"never looked to verify the capacity of this card, it is clearly labeled 64gb but when installed it clearly is not. when installed into any computer it shows 27.4gb available with 1.68 used. so beware if you order one to make sure you are getting what you pay for. item i ordered was 64gb it listed it on the card but this was tested and at most was 1gb and very oldi would steer far away from sandisk sold online unless it is in original packagingi returned it for a full refund and reordered and oem 64gb card from samsung not sure if it's the card or computer but it only shows up as 32 gig. i tried reformating it and everything and it still says 32gigs.","['never looked to verify the capacity of this card, it is clearly labeled 64gb but when installed it clearly is not. when installed into any computer it shows 27.4gb available with 1.68 used. so beware if you order one to make sure you are getting what you pay for.', 'item i ordered was 64gb it listed it on the card but this was tested and at most was 1gb and very oldi would steer far away from sandisk sold online unless it is in original packagingi returned it for a full refund and reordered and oem 64gb card from samsung', ""not sure if it's the card or computer but it only shows up as 32 gig. i tried reformating it and everything and it still says 32gigs.""]"
165,"i recommend anybody to get the 64gb scandisk ultra from amazon, if you are looking to expand your tablet or any device memory. this product was delivered on time with simple to open packaging. inserted into my windows 8 tablet and was able to save, edit, and so on with no problem. amazing how 64gb now fits on a micro card. i added this to the asus vivo tablet to extend the memory and am very glad that i purchased it. working great and have always trusted scandisk!great item......great purchase! i now have a 76 gb tablet, thanks to this reasonably priced micro sd card and easeus partition master. as the description says, it comes with an adapter to normal sd size. just put the micro card into the adapter, put the sd card into the sd slot on your computer, launch easeus partition master free , and right click and choose partition format. after that was completed, i put it in my tablet, and it showed almost 60 gb free. together with the 16 gb that came on my tablet, i am extremely pleased. as always, amazon delivery was fast, and i couldn't be more pleased.","['i recommend anybody to get the 64gb scandisk ultra from amazon, if you are looking to expand your tablet or any device memory. this product was delivered on time with simple to open packaging. inserted into my windows 8 tablet and was able to save, edit, and so on with no problem.', 'amazing how 64gb now fits on a micro card. i added this to the asus vivo tablet to extend the memory and am very glad that i purchased it. working great and have always trusted scandisk!great item......great purchase!', ""i now have a 76 gb tablet, thanks to this reasonably priced micro sd card and easeus partition master. as the description says, it comes with an adapter to normal sd size. just put the micro card into the adapter, put the sd card into the sd slot on your computer, launch easeus partition master free , and right click and choose partition format. after that was completed, i put it in my tablet, and it showed almost 60 gb free. together with the 16 gb that came on my tablet, i am extremely pleased. as always, amazon delivery was fast, and i couldn't be more pleased.""]"
166,"good price, good quality. put it in my phone for some extra storage, and it's held up very well since i got it. for the price it's a very good deal. i have lots of space and it works perfect in my cell phone. great price especially for the size and speed, this maxed out my note 2 smartphone and i am very pleased with the speed of delivery and the cost.","[""good price, good quality. put it in my phone for some extra storage, and it's held up very well since i got it."", ""for the price it's a very good deal. i have lots of space and it works perfect in my cell phone."", 'great price especially for the size and speed, this maxed out my note 2 smartphone and i am very pleased with the speed of delivery and the cost.']"
167,"good price and working well. i used it for my galaxy s3, s4, note2 and asus tf700, also purchased one for spare. highly recommended. great price and works great with my samsung galaxy s4.such a relief not having to worry about space for pix and apps. great price for a great product works great in my new samsung galaxy 4 why anyone pays full price at the cell provider is beyond me! keep up the good work amazon love you guys!!","['good price and working well. i used it for my galaxy s3, s4, note2 and asus tf700, also purchased one for spare. highly recommended.', 'great price and works great with my samsung galaxy s4.such a relief not having to worry about space for pix and apps.', 'great price for a great product works great in my new samsung galaxy 4 why anyone pays full price at the cell provider is beyond me! keep up the good work amazon love you guys!!']"
168,"i've gotten four of these for both of my nikon d7000's and have had little bit of an issue with the adapter cards being out of spec and sticking in the nikon camera sd slots, and one of my card readers. sure enough, i sanded one down carefully and it fit perfectly.performance wise, these things scream over regular class 10 or class 6 cards and perform nearly excellent. i cant complain other than i wish they were faster, but i'm not getting that for a while at 23 per card. the micro card is excellent for its intended purpose. i bought several and have had no problems with them. that i don't like having to deal with cards of this size has absolutely no bearing on its performance or its rating. i have never used them with their adapters and so cannot comment. i've started buying all of my sd cards with the adapter. these is no reason to limit myself with having a large card when i need a small one. at first i was concerned about connection reliability when the small card was inserted into the large one, but i haven't had a single problem so far.this one performed as expected and otherwise is more flexible than a standard large size sd card. fully recommended.","[""i've gotten four of these for both of my nikon d7000's and have had little bit of an issue with the adapter cards being out of spec and sticking in the nikon camera sd slots, and one of my card readers. sure enough, i sanded one down carefully and it fit perfectly.performance wise, these things scream over regular class 10 or class 6 cards and perform nearly excellent. i cant complain other than i wish they were faster, but i'm not getting that for a while at 23 per card."", ""the micro card is excellent for its intended purpose. i bought several and have had no problems with them. that i don't like having to deal with cards of this size has absolutely no bearing on its performance or its rating. i have never used them with their adapters and so cannot comment."", ""i've started buying all of my sd cards with the adapter. these is no reason to limit myself with having a large card when i need a small one. at first i was concerned about connection reliability when the small card was inserted into the large one, but i haven't had a single problem so far.this one performed as expected and otherwise is more flexible than a standard large size sd card. fully recommended.""]"
169,"i bought this for my husband and then the 32 gb one went on sale so i bought that one for him. i use this one in my tablet and i love it! no issues!! pros 32 gbs more for my tablet. works great.cons none to speak ofoverall i hold this and i feel like i'm going to lose it. it is the perfect size to add storage to my tablet, though, and that is what i want it for. this is one of those products that either works or it doesn't which rarely happens , so what can i say. it work's great. 32 gb allows plenty of room for storage in my tablet, and with the high rate transfer speed apps run as quickly as if they were using internal memory storage.","['i bought this for my husband and then the 32 gb one went on sale so i bought that one for him. i use this one in my tablet and i love it! no issues!!', ""pros 32 gbs more for my tablet. works great.cons none to speak ofoverall i hold this and i feel like i'm going to lose it. it is the perfect size to add storage to my tablet, though, and that is what i want it for."", ""this is one of those products that either works or it doesn't which rarely happens , so what can i say. it work's great. 32 gb allows plenty of room for storage in my tablet, and with the high rate transfer speed apps run as quickly as if they were using internal memory storage.""]"
170,"this memory is very fast, perfect for phones, very good product i give it 5 stars and recommend it for all types of use ... all is fine with this memory. it works very well with my smartphone, very fast communication with my pics and videos. good purchase!!! the product arrived on time too. using it in a cell phone, and so far no problemsi would recommend this o anyone who needs more memory","['this memory is very fast, perfect for phones, very good product i give it 5 stars and recommend it for all types of use ...', 'all is fine with this memory. it works very well with my smartphone, very fast communication with my pics and videos. good purchase!!! the product arrived on time too.', 'using it in a cell phone, and so far no problemsi would recommend this o anyone who needs more memory']"
171,"sandisk is the only brand i use i probably should have gotten a 64 gb as well but prices keep falling, so i can't really lose. 64 gb additional memory for a great low price. sandisk provides exceptional quality at an affordable price. easy to install. great product at an affordable price! there's just no messing with sandisk quality, and with 64 gigs you'll have plenty of room to store anything and everything you want!","[""sandisk is the only brand i use i probably should have gotten a 64 gb as well but prices keep falling, so i can't really lose."", '64 gb additional memory for a great low price. sandisk provides exceptional quality at an affordable price. easy to install.', ""great product at an affordable price! there's just no messing with sandisk quality, and with 64 gigs you'll have plenty of room to store anything and everything you want!""]"
172,"this memory helps me to keep all what i want to keep on my cell phone.it is a good brand and its on the right price. very nice product. the memory works perfectly and it is exactly what i was waiting for. i recommend it 100 i like it, good product next time i will order the bigger memory. i will recomend this product to my friends","['this memory helps me to keep all what i want to keep on my cell phone.it is a good brand and its on the right price.', 'very nice product. the memory works perfectly and it is exactly what i was waiting for. i recommend it 100', 'i like it, good product next time i will order the bigger memory. i will recomend this product to my friends']"
173,"memory either works or not what more can be said than it works as designed. i was very happy with the price. the memory is fine but the adapter that it came with was useless. i did not contact the seller about it since i had another to use. i like the that this is small but holds a lot of memory and fits in the adapter, i have yet to find anything bad about these kind of memory. i have to have this kind as some of electronic equip require use of a mini","['memory either works or not what more can be said than it works as designed. i was very happy with the price.', 'the memory is fine but the adapter that it came with was useless. i did not contact the seller about it since i had another to use.', 'i like the that this is small but holds a lot of memory and fits in the adapter, i have yet to find anything bad about these kind of memory. i have to have this kind as some of electronic equip require use of a mini']"
174,"these sandisk ultra microsdhc class 10 cards work great in my samsung galaxy note 8 tablet and my samsung galaxy s3 phones. i've also used them in non smart phones, and they work just as well. fast write read speeds are highly recommended to get the best experience from your gadgets and devices, especially when taking pictures videos, viewing editing them, opening editing files, etc. sandisk has come a long way in terms of quality and performance, and i would not hesitate to buy more of their cards. i needed some new sd cards for my new tablets. after researching i bought the sandisk ultra 32 gb microsdhc class 10. it is way better than the almost same price sandisk ultra without class10!! the ultra class10 is lightning fast. you can see the difference when you copy large files, you will note that read and write procedures are much faster, whether you use it in camera, smart phone or tablet. the price is also ok. only drawback i noted was that the recognized capacity is not 32gb but 29,71gb in my asus memo pad. other than that i am extremly pleased with this micro sd. update 6 19 2014 so my lovely wife bought me a samsung galaxy tab 4 for father's day and i've been loving it ever since. just as other with samsung products, the galaxy tab 4 has the ability to add a microsd card to expand the memory on the device. since it's been over a year, i decided to do some more research to see if sandisk offered anything new. as of 6 19 2014, their product lineup for microsd cards from worst to best performance wise are the as follows sandisksandisk ultrasandisk ultra plussandisk extremesandisk extreme plussandisk extreme pronow, the difference between all of these cards are simply the speed in which you can read write data to the card. yes, the published rating of most all these cards except the sandisk regular are class 10 uhs i but that's just a rating... actual real world performance does get better with each model, but with faster cards come more expensive prices. since amazon doesn't carry the ultra plus model of microsd card, i had to do direct comparisons between the sandisk ultra 34.27 , extreme 57.95 , and extreme plus 67.95 .as mentioned in my earlier review, i purchased the sandisk ultra for my galaxy s4. my question was, did i want to pay over 20 more for a card that is faster than the one i already owned? or i could pay almost double to get sandisk's 2nd most fastest microsd card.the ultra works perfectly fine for my style of usage storing capturing pictures hd video and movie playback on my phone. so in the end, i ended up just buying another sandisk ultra 64gb card. i use my cell phone more than i do my tablet and if the card is good enough for my phone, it's good enough for my tablet. i don't own a 4k hd camera or anything like that, so i honestly didn't see a need to get one of the faster cards at this time.i am now a proud owner of 2 sandisk ultra cards and have absolutely 0 issues with it in my samsung devices. original review 5 1 2013 i haven't had to buy a microsd card in a long time. the last time i bought one was for my cell phone over 2 years ago. but since my cellular contract was up, i knew i would have to get a newer card in addition to my new phone, the samsung galaxy s4. reason for this is because i knew my small 16gb microsd card wasn't going to cut it.doing research on the galaxy s4, i wanted to get the best card possible that had decent capacity 32 gb or greater . this led me to find that the galaxy s4 supports the microsdxc class 10 uhs i card, which is the fastest possible given that class. searching for that specifically on amazon gave me results of only 3 vendors as of april that makes these microsdxc class 10 uhs 1 cards. they are sandisk the majority , samsung and lexar. nobody else makes these that are sold on amazon.seeing how sandisk is a pretty good name out of the 3 i've used them the most , i decided upon the sandisk because lexar was overpriced and the samsung one was overpriced as well as not eligible for amazon prime .but the scary thing is that when you filter by the sandisk, you literally get dozens of options. all of them have different model numbers, different sizes, etc. then there's that confusion of what's the difference between sdhc sdxc?sdhc vs sdxc sdhc stand for secure digital high capacity and sdxc stands for secure digital extended capacity . essentially these two cards are the same with the exception that sdhc only supports capcities up to 32gb and is formated with the fat32 file system. the sdxc cards are formatted with the exfat file system. if you use an sdxc card in a device, it must support that file system, otherwise it may not be recognizable and or you have to reformat the card to fat32.fat32 vs exfat the differences between the two file systems means that fat32 has a maximum file size of 4gb, limited by that file system. exfat on the otherhand, supports file sizes up to 2tb terabytes . the only thing you need to know here really is that it's possible your device doesn't support exfat. if that's the case, just reformat it to fat32. remember formatting erases all data!to clarify the model numbers, i i hopped over to the sandisk official webpage. what i found there is that they offer two highspeed options for sandisk cards. these are sandisk extreme pro and sandisk ultra. sandisk extreme pro is a line that supports read speeds up to 95mb sec, however they are sdhc only. to make things worse, they are currently only available in 16gb 8gb capacities. since one of my requirements was to have a lot of storage, i ruled these out.the remaining devices listed on amazon's search were the sandisk ultra line. but here, confusion sets in because sandisk separates these cards to two different devices. cameras mobile devices. is there a real difference between the two or is this just a marketing stunt? unfortunately i'm not sure but i do know the price difference between the two range from a couple cents to a few dollars. since i wasn't sure, i opted for the one specifically targeted for mobile devices just in case there is some kind of compatibility issue . to find the exact model number, i would go to sandisk's webpage sandisk.com and compare their existing product lineup. from there, you get exact model numbers and you can then search amazon for these model numbers. that is how i got mine sdsdqua 064g .as for speed tests, i haven't run any specific testing, but copying 8 gb worth of data from my pc to the card literally took just a few minutes.one last note is that amazon attaches additional characters to the end for example sdsdqua 064g affp a vs sdsdqua 064g u46a . the difference between the two is that the affp a means amazon frustration free packaging . other than that, these are exactly the same. if you're wondering what i got and want to use it in your galaxy s4 , i got the sdsdqua 064g u46a and it works like charm.","[""these sandisk ultra microsdhc class 10 cards work great in my samsung galaxy note 8 tablet and my samsung galaxy s3 phones. i've also used them in non smart phones, and they work just as well. fast write read speeds are highly recommended to get the best experience from your gadgets and devices, especially when taking pictures videos, viewing editing them, opening editing files, etc. sandisk has come a long way in terms of quality and performance, and i would not hesitate to buy more of their cards."", 'i needed some new sd cards for my new tablets. after researching i bought the sandisk ultra 32 gb microsdhc class 10. it is way better than the almost same price sandisk ultra without class10!! the ultra class10 is lightning fast. you can see the difference when you copy large files, you will note that read and write procedures are much faster, whether you use it in camera, smart phone or tablet. the price is also ok. only drawback i noted was that the recognized capacity is not 32gb but 29,71gb in my asus memo pad. other than that i am extremly pleased with this micro sd.', ""update 6 19 2014 so my lovely wife bought me a samsung galaxy tab 4 for father's day and i've been loving it ever since. just as other with samsung products, the galaxy tab 4 has the ability to add a microsd card to expand the memory on the device. since it's been over a year, i decided to do some more research to see if sandisk offered anything new. as of 6 19 2014, their product lineup for microsd cards from worst to best performance wise are the as follows sandisksandisk ultrasandisk ultra plussandisk extremesandisk extreme plussandisk extreme pronow, the difference between all of these cards are simply the speed in which you can read write data to the card. yes, the published rating of most all these cards except the sandisk regular are class 10 uhs i but that's just a rating... actual real world performance does get better with each model, but with faster cards come more expensive prices. since amazon doesn't carry the ultra plus model of microsd card, i had to do direct comparisons between the sandisk ultra 34.27 , extreme 57.95 , and extreme plus 67.95 .as mentioned in my earlier review, i purchased the sandisk ultra for my galaxy s4. my question was, did i want to pay over 20 more for a card that is faster than the one i already owned? or i could pay almost double to get sandisk's 2nd most fastest microsd card.the ultra works perfectly fine for my style of usage storing capturing pictures hd video and movie playback on my phone. so in the end, i ended up just buying another sandisk ultra 64gb card. i use my cell phone more than i do my tablet and if the card is good enough for my phone, it's good enough for my tablet. i don't own a 4k hd camera or anything like that, so i honestly didn't see a need to get one of the faster cards at this time.i am now a proud owner of 2 sandisk ultra cards and have absolutely 0 issues with it in my samsung devices. original review 5 1 2013 i haven't had to buy a microsd card in a long time. the last time i bought one was for my cell phone over 2 years ago. but since my cellular contract was up, i knew i would have to get a newer card in addition to my new phone, the samsung galaxy s4. reason for this is because i knew my small 16gb microsd card wasn't going to cut it.doing research on the galaxy s4, i wanted to get the best card possible that had decent capacity 32 gb or greater . this led me to find that the galaxy s4 supports the microsdxc class 10 uhs i card, which is the fastest possible given that class. searching for that specifically on amazon gave me results of only 3 vendors as of april that makes these microsdxc class 10 uhs 1 cards. they are sandisk the majority , samsung and lexar. nobody else makes these that are sold on amazon.seeing how sandisk is a pretty good name out of the 3 i've used them the most , i decided upon the sandisk because lexar was overpriced and the samsung one was overpriced as well as not eligible for amazon prime .but the scary thing is that when you filter by the sandisk, you literally get dozens of options. all of them have different model numbers, different sizes, etc. then there's that confusion of what's the difference between sdhc sdxc?sdhc vs sdxc sdhc stand for secure digital high capacity and sdxc stands for secure digital extended capacity . essentially these two cards are the same with the exception that sdhc only supports capcities up to 32gb and is formated with the fat32 file system. the sdxc cards are formatted with the exfat file system. if you use an sdxc card in a device, it must support that file system, otherwise it may not be recognizable and or you have to reformat the card to fat32.fat32 vs exfat the differences between the two file systems means that fat32 has a maximum file size of 4gb, limited by that file system. exfat on the otherhand, supports file sizes up to 2tb terabytes . the only thing you need to know here really is that it's possible your device doesn't support exfat. if that's the case, just reformat it to fat32. remember formatting erases all data!to clarify the model numbers, i i hopped over to the sandisk official webpage. what i found there is that they offer two highspeed options for sandisk cards. these are sandisk extreme pro and sandisk ultra. sandisk extreme pro is a line that supports read speeds up to 95mb sec, however they are sdhc only. to make things worse, they are currently only available in 16gb 8gb capacities. since one of my requirements was to have a lot of storage, i ruled these out.the remaining devices listed on amazon's search were the sandisk ultra line. but here, confusion sets in because sandisk separates these cards to two different devices. cameras mobile devices. is there a real difference between the two or is this just a marketing stunt? unfortunately i'm not sure but i do know the price difference between the two range from a couple cents to a few dollars. since i wasn't sure, i opted for the one specifically targeted for mobile devices just in case there is some kind of compatibility issue . to find the exact model number, i would go to sandisk's webpage sandisk.com and compare their existing product lineup. from there, you get exact model numbers and you can then search amazon for these model numbers. that is how i got mine sdsdqua 064g .as for speed tests, i haven't run any specific testing, but copying 8 gb worth of data from my pc to the card literally took just a few minutes.one last note is that amazon attaches additional characters to the end for example sdsdqua 064g affp a vs sdsdqua 064g u46a . the difference between the two is that the affp a means amazon frustration free packaging . other than that, these are exactly the same. if you're wondering what i got and want to use it in your galaxy s4 , i got the sdsdqua 064g u46a and it works like charm.""]"
175,"the sandisk ultra is a very high quality micro sd card. i have bought several and have never had an issue with any of them, which i can't say about less expensive cards. if you need a card for your smart phone or tablet, this is it, just make sure not to get a bigger capacity card than your device can use. i have a long term positive experience using sandisk cards. i have been very pleased with the way these cards work in my samsung galaxy note 8.0. no problems whatsoever and the capacity is huge.i quickly became confused about the differences between the so called 34 mobile 34 ultra cards and the ultra cards. the performance specs to my 34 intermediate tech experience 34 eyes were virtually the same. the prices were also similar, with the 34 mobile 34 version slightly higher. to finally resolve my confusion i contacted sandisk technical support. to my surprise, the 34 mobile 34 version is the older, no longer manufactured version. the ultra is the current model. so i immediately bought the current ultra version, which very fortunately amazon had on sale! with most of the world's electronic devices finally standardizing to sd thank you sony for finally adopting this standard , it seems most things we own work on either the microsd or regular sd card. that's why this little package is so handy. you get both in one neat little package and at 64gb, you'll have plenty of space to store most of your programs, files, etc on your device.the class 10 rating ability to move data on off card at the current maximum speed is a must for anyone that doesn't want to sit for vital seconds waiting for data to write to the card. and sandisk has proven themselves over the years as making a quality product. sure, you may occasionally find a dud in their inventory, but they are quick to fix replace it and that is what matters most. buying cheaper cards will land you with a read write error when you can least afford it. don't be the person that loses those important family photos or that document that is due today because of a cheap and defective card.i purchased this particular card for my asus transformer, as it fits nicely into the pad itself and with the optional keyboard attachment which is capable of holding standard sd cards it fits there as well. making this the perfect solution for my extra memory needs and at a much better bargain than most competitors. you can certainly purchase more internal memory on your iproduct or android device most seem to have 16gb or 32gb variants , but why spend the extra cash for 16gb extra, when you can buy far more in an external card?","[""the sandisk ultra is a very high quality micro sd card. i have bought several and have never had an issue with any of them, which i can't say about less expensive cards. if you need a card for your smart phone or tablet, this is it, just make sure not to get a bigger capacity card than your device can use."", 'i have a long term positive experience using sandisk cards. i have been very pleased with the way these cards work in my samsung galaxy note 8.0. no problems whatsoever and the capacity is huge.i quickly became confused about the differences between the so called 34 mobile 34 ultra cards and the ultra cards. the performance specs to my 34 intermediate tech experience 34 eyes were virtually the same. the prices were also similar, with the 34 mobile 34 version slightly higher. to finally resolve my confusion i contacted sandisk technical support. to my surprise, the 34 mobile 34 version is the older, no longer manufactured version. the ultra is the current model. so i immediately bought the current ultra version, which very fortunately amazon had on sale!', ""with most of the world's electronic devices finally standardizing to sd thank you sony for finally adopting this standard , it seems most things we own work on either the microsd or regular sd card. that's why this little package is so handy. you get both in one neat little package and at 64gb, you'll have plenty of space to store most of your programs, files, etc on your device.the class 10 rating ability to move data on off card at the current maximum speed is a must for anyone that doesn't want to sit for vital seconds waiting for data to write to the card. and sandisk has proven themselves over the years as making a quality product. sure, you may occasionally find a dud in their inventory, but they are quick to fix replace it and that is what matters most. buying cheaper cards will land you with a read write error when you can least afford it. don't be the person that loses those important family photos or that document that is due today because of a cheap and defective card.i purchased this particular card for my asus transformer, as it fits nicely into the pad itself and with the optional keyboard attachment which is capable of holding standard sd cards it fits there as well. making this the perfect solution for my extra memory needs and at a much better bargain than most competitors. you can certainly purchase more internal memory on your iproduct or android device most seem to have 16gb or 32gb variants , but why spend the extra cash for 16gb extra, when you can buy far more in an external card?""]"
176,"there really isn't much to say about a micro sd card it either works or it doesn't. i bought this to install in my phone and it seems to be working fine. the fit was perfect and the performance is totally satisfactory. i've never had any trouble with sandisk products and this will likely be no exception. it was a great value compared to places i had priced locally. i have had good look with the sandisk brand microsdhc. i still wanted to wait a while before reviewing, usually if these units are going to fail they fail in the first few days weeks. this has been running in a lg optimus phone and has been flawless since install. still have a working sandisk micrsdhc 32gb that's over 2 years old, that i transfered from my old htc to the optimus and now in my galaxy s3. this sandisk class 10 microsdhc is installed in my phone and works great. as always, sandisk lives up to its name.","[""there really isn't much to say about a micro sd card it either works or it doesn't. i bought this to install in my phone and it seems to be working fine. the fit was perfect and the performance is totally satisfactory. i've never had any trouble with sandisk products and this will likely be no exception. it was a great value compared to places i had priced locally."", ""i have had good look with the sandisk brand microsdhc. i still wanted to wait a while before reviewing, usually if these units are going to fail they fail in the first few days weeks. this has been running in a lg optimus phone and has been flawless since install. still have a working sandisk micrsdhc 32gb that's over 2 years old, that i transfered from my old htc to the optimus and now in my galaxy s3."", 'this sandisk class 10 microsdhc is installed in my phone and works great. as always, sandisk lives up to its name.']"
177,"i inserted the 128gb microsd card and it works great. i didn't even have to format it. my tablet see 119gb which is still good. once i read the reviews about the card it made me think second about it. sandisk fixed all the issues they had in the previous years to the point where all i have to do is stick the card in the slot and the space is available. great job sandisk for listening to people's complaints and fixing issues in the past. sandisk is well known for their microsd cards. i placed one of these 64gb cards in my galaxy note ii and love all the extra storage on my phone for video, music, work docs, etc. haven't had any issues with the card thus far and it has been working great in my note ii. i purchased the sandisk ultra 32gb microsdhc for some extra storage room for my samsung galaxy note 10.1 tablet. i was considering the 64 gb, but went with this card because i have the 64gb version on my galaxy note 2 phone and i have never come close to needing all that space. granted, i don't store any music on my phone but i do take a lot of photos videos and store as many apps on the microsdhc card rather than use the phone's internal memory.for the cost savings of going with the smaller 32gb card, it was a no brainer.the card has worked flawlessly since i installed it on my tablet and have had no problems with it whatsoever. plus sandisk is a big name in storage so again, it's a no brainer buy it!","[""i inserted the 128gb microsd card and it works great. i didn't even have to format it. my tablet see 119gb which is still good. once i read the reviews about the card it made me think second about it. sandisk fixed all the issues they had in the previous years to the point where all i have to do is stick the card in the slot and the space is available. great job sandisk for listening to people's complaints and fixing issues in the past."", ""sandisk is well known for their microsd cards. i placed one of these 64gb cards in my galaxy note ii and love all the extra storage on my phone for video, music, work docs, etc. haven't had any issues with the card thus far and it has been working great in my note ii."", ""i purchased the sandisk ultra 32gb microsdhc for some extra storage room for my samsung galaxy note 10.1 tablet. i was considering the 64 gb, but went with this card because i have the 64gb version on my galaxy note 2 phone and i have never come close to needing all that space. granted, i don't store any music on my phone but i do take a lot of photos videos and store as many apps on the microsdhc card rather than use the phone's internal memory.for the cost savings of going with the smaller 32gb card, it was a no brainer.the card has worked flawlessly since i installed it on my tablet and have had no problems with it whatsoever. plus sandisk is a big name in storage so again, it's a no brainer buy it!""]"
178,"i love the 64gb capacity, and it is compatible with my devices. i have one in go pro hero3 and one in a samsung galaxy 7 34 tablet. this is the second one of these chips that i received. the first either had a latent physical defect or damage in transit, but it snapped in half on first use. i was really bummed, but determined to try again. this was a breeze! the chip blazes, doubled the capacity of the 32 gb chip it replaced in my asus tf700t tablet, and holds all of my music and documents with plenty of room left over! i now have 128 gb available on my tablet, and it all works flawlessly.anyone that is looking to upgrade needs to do a little due diligence in determining that your device is able to address 64 gb's, but with that reservation, i strongly recommend this little gem!! it says on the acer that the max is 32gb but i popped this puppy in and it read the 64 gigs just fine. i have my mp3s and some photos on here so i do not clog up the hd for my tablet.","['i love the 64gb capacity, and it is compatible with my devices. i have one in go pro hero3 and one in a samsung galaxy 7 34 tablet.', ""this is the second one of these chips that i received. the first either had a latent physical defect or damage in transit, but it snapped in half on first use. i was really bummed, but determined to try again. this was a breeze! the chip blazes, doubled the capacity of the 32 gb chip it replaced in my asus tf700t tablet, and holds all of my music and documents with plenty of room left over! i now have 128 gb available on my tablet, and it all works flawlessly.anyone that is looking to upgrade needs to do a little due diligence in determining that your device is able to address 64 gb's, but with that reservation, i strongly recommend this little gem!!"", 'it says on the acer that the max is 32gb but i popped this puppy in and it read the 64 gigs just fine. i have my mp3s and some photos on here so i do not clog up the hd for my tablet.']"
179,"excellent price for the amount of storage and speed. i just washed this in the washing machine and was preparing to buy another. after checking it for errors it came up with none. needless to say i don't have to buy another but did feel compelled to write a review. cheers! i've heard horror stories about other models but this one is good and it really makes life easier and allows for plenty of storage. great price and works great. if you want more storage at a reasonable price, i would highly recommend this product.","[""excellent price for the amount of storage and speed. i just washed this in the washing machine and was preparing to buy another. after checking it for errors it came up with none. needless to say i don't have to buy another but did feel compelled to write a review. cheers!"", ""i've heard horror stories about other models but this one is good and it really makes life easier and allows for plenty of storage."", 'great price and works great. if you want more storage at a reasonable price, i would highly recommend this product.']"
180,"works as described, good packaging, fair price, and i have no issues with the product up to this point. thanks. this product met my expectations. it was easy to install and works as you would expect it to. shipping was fast as usual. product arrived on time as expected and worked exactly as advertised. a good buy on a product that will be used as part of a surveillance system.","['works as described, good packaging, fair price, and i have no issues with the product up to this point. thanks.', 'this product met my expectations. it was easy to install and works as you would expect it to. shipping was fast as usual.', 'product arrived on time as expected and worked exactly as advertised. a good buy on a product that will be used as part of a surveillance system.']"
181,"i wish i could install one of these in my head. but i will have to settle for installing it in my brain. the increased memory for my tablet has been great allowing me to use it for many things. this is great! this is why i don't buy apple products and get charged up the for non expandable memory. expandable memory is dirt cheap these days for how much you get and it's more reliable than apple. works like a charm. i've got two of these, one in my phone and one in my tablet, and i've never had any problem or inconvenience with either of them. this is a great little memory device. i now have several and they work without problem with my newer android tablets. older versions before jelly bean have problems accessing all 64mb jelly bean works great.","['i wish i could install one of these in my head. but i will have to settle for installing it in my brain. the increased memory for my tablet has been great allowing me to use it for many things.', ""this is great! this is why i don't buy apple products and get charged up the for non expandable memory. expandable memory is dirt cheap these days for how much you get and it's more reliable than apple. works like a charm. i've got two of these, one in my phone and one in my tablet, and i've never had any problem or inconvenience with either of them."", 'this is a great little memory device. i now have several and they work without problem with my newer android tablets. older versions before jelly bean have problems accessing all 64mb jelly bean works great.']"
182,"great micro sd card! very helpful to store my media files and has no problem for my samsung galaxy note2!! what is there to say? it's a nice big, cheap, effective, micro sd card. i use it in my galaxy note 8.0 for extra storage and it works fine.","['great micro sd card! very helpful to store my media files and has no problem for my samsung galaxy note2!!', ""what is there to say? it's a nice big, cheap, effective, micro sd card. i use it in my galaxy note 8.0 for extra storage and it works fine.""]"
183,"couldn't find this in the local stores. it is what we needed and it was brand new as stated and works great. back 4 years ago, you'd be crazy to buy this thing, because it was so expensive. 10 years ago, you'd practically had to make 6 figure to buy this, really, for show, because nothing can utilize it that well.today, it's cheap, it's stable, and it works.plus, it came with the adopter. good deal. this was purchased on a special and the price was right! it works great, plenty of storage space, and the great price sealed the deal!","[""couldn't find this in the local stores. it is what we needed and it was brand new as stated and works great."", ""back 4 years ago, you'd be crazy to buy this thing, because it was so expensive. 10 years ago, you'd practically had to make 6 figure to buy this, really, for show, because nothing can utilize it that well.today, it's cheap, it's stable, and it works.plus, it came with the adopter. good deal."", 'this was purchased on a special and the price was right! it works great, plenty of storage space, and the great price sealed the deal!']"
184,"best price anywhere!!! balance of trusting the name on the brand price. felt like the price i paid was a good value. reasonable price, good quality. not much more needs to be said.","['best price anywhere!!!', 'balance of trusting the name on the brand price. felt like the price i paid was a good value.', 'reasonable price, good quality. not much more needs to be said.']"
185,"32gb of micro storage. can fit tons of songs or movies on it as well as games which is nice for your phone or tablet. also the fact that i got it for 24 is pretty awesome too. thanks amazon! at 32 gb, this holds plenty of music, movies, apps and files. at about 75 cents a gig, this is a great deal. 32gb worth of memory space, perfect if you love installing a variety of apps and it is useful when you need to store memory into your phone, camera, or tablet.","['32gb of micro storage. can fit tons of songs or movies on it as well as games which is nice for your phone or tablet. also the fact that i got it for 24 is pretty awesome too. thanks amazon!', 'at 32 gb, this holds plenty of music, movies, apps and files. at about 75 cents a gig, this is a great deal.', '32gb worth of memory space, perfect if you love installing a variety of apps and it is useful when you need to store memory into your phone, camera, or tablet.']"
186,"i bought this as a gift for a co worker he went from 512 megs to 32 gigs what a difference. although it will take him a while to fill it up, he still enjoys it compared to his old one. on time, so much memory!!!!!! i used my 32gb on a week vacation and didnt even fill it up. i'll use this one next, but my 32gb is the same brand, class and speed. i don't know why i bought this but i'm glad i did. 32gb would of been just as good. i bought this considering i have a huge itunes collection of about 28gb and would increase pass the 32gb so i bought the 64. problem is since i have a playstation plus account i bought a sony music unlimited at a reduced price of 12 bucks. which left me having pretty much my entire music catalog in the palm of my hard without me wasting a single gb of memory. i still love the product and does work would definitely recommend.","['i bought this as a gift for a co worker he went from 512 megs to 32 gigs what a difference. although it will take him a while to fill it up, he still enjoys it compared to his old one.', ""on time, so much memory!!!!!! i used my 32gb on a week vacation and didnt even fill it up. i'll use this one next, but my 32gb is the same brand, class and speed."", ""i don't know why i bought this but i'm glad i did. 32gb would of been just as good. i bought this considering i have a huge itunes collection of about 28gb and would increase pass the 32gb so i bought the 64. problem is since i have a playstation plus account i bought a sony music unlimited at a reduced price of 12 bucks. which left me having pretty much my entire music catalog in the palm of my hard without me wasting a single gb of memory. i still love the product and does work would definitely recommend.""]"
187,perfect.get the 32gb. buy it. i could never commit to paying so much for data until my 32gb filled up so quick. so i wasted money buying the 32gb when in the end i still ended up buying the 64gb. i got an amazing price and this is an amazing product. 64 gigs is a lot of memory. i don't think i'm ever going to fill it up but it's nice to have it. it has given me no problem so far.,"['perfect.get the 32gb.', 'buy it. i could never commit to paying so much for data until my 32gb filled up so quick. so i wasted money buying the 32gb when in the end i still ended up buying the 64gb.', ""i got an amazing price and this is an amazing product. 64 gigs is a lot of memory. i don't think i'm ever going to fill it up but it's nice to have it. it has given me no problem so far.""]"
188,"great storage, has not failed yet after about a year of usage. excellent storage and small! works well and does everything i need it to plus it came in at a good price. good storage","['great storage, has not failed yet after about a year of usage.', 'excellent storage and small! works well and does everything i need it to plus it came in at a good price.', 'good storage']"
189,"love the large storage space, great when you get a less expensivettablet and make it better than an expensive one. i got these on sale and must say they truly have so much space for a good price. so anytime you see them on sale start snatchng these babies up especially if you like to travel. i bought this for my father and he definitely enjoys the extra storage space. who wouldn't. it came in a timely manner and was easy to install.","['love the large storage space, great when you get a less expensivettablet and make it better than an expensive one.', 'i got these on sale and must say they truly have so much space for a good price. so anytime you see them on sale start snatchng these babies up especially if you like to travel.', ""i bought this for my father and he definitely enjoys the extra storage space. who wouldn't. it came in a timely manner and was easy to install.""]"
190,"good product that is working well, was packaged well and delivered as promised. it was a birthday gift for my sons laptop easy to use.non stick and bulit well.would buy again no question.hope it last longer than the last.only issue is it's longevity.last one lasted less than 3 years.for that price it should last longer","['good product that is working well, was packaged well and delivered as promised. it was a birthday gift for my sons laptop', ""easy to use.non stick and bulit well.would buy again no question.hope it last longer than the last.only issue is it's longevity.last one lasted less than 3 years.for that price it should last longer""]"
191,"this is just what the tablet needs, it increases the memory up to nearly 100 gb so i will bnever run out of storage space. i bought this to use i'm my galaxy note 10.1 tablet. so far so good. simple put into microsd slot and began storing data on it this product is perfect for what i needed it for. providing a ton of memory in my samsung note 10.1 in a small package.","['this is just what the tablet needs, it increases the memory up to nearly 100 gb so i will bnever run out of storage space.', ""i bought this to use i'm my galaxy note 10.1 tablet. so far so good. simple put into microsd slot and began storing data on it"", 'this product is perfect for what i needed it for. providing a ton of memory in my samsung note 10.1 in a small package.']"
192,"i added 128bg with two san disk ultra 64gb memory cards to my psp with a micro sdxc adapter to the memory stick duo. i used this sd in my psp with an adapter and works fine, all the games stored into this memory ran perfectly without lags tried this out today in one of those 'memory stick pro duo dual slot adapters', basically you use two microsd cards in one and then use it for your psp, or camera, or whatever. worked great, two 32 gb cards were just a little cheaper than one of these and i wanted my nephew to upgrade to 128 gb if he wanted. the adapter didn't say it would work with xc and we were worried that the psp would have a problem with it but it all worked out great. he is upgrading to 64 gb from 2 gb, it was a little overwhelming. he has lots more space now and might get another one of these cards to put in the same adapter. i'll update this if anything goes wrong.","['i added 128bg with two san disk ultra 64gb memory cards to my psp with a micro sdxc adapter to the memory stick duo.', 'i used this sd in my psp with an adapter and works fine, all the games stored into this memory ran perfectly without lags', ""tried this out today in one of those 'memory stick pro duo dual slot adapters', basically you use two microsd cards in one and then use it for your psp, or camera, or whatever. worked great, two 32 gb cards were just a little cheaper than one of these and i wanted my nephew to upgrade to 128 gb if he wanted. the adapter didn't say it would work with xc and we were worried that the psp would have a problem with it but it all worked out great. he is upgrading to 64 gb from 2 gb, it was a little overwhelming. he has lots more space now and might get another one of these cards to put in the same adapter. i'll update this if anything goes wrong.""]"
193,"it was for my new galaxy note 2, i am not sure if i ever need one 64gb, but why not, when these is a bargain for one. wasn't sure 64 gigs would work on my galaxy s2it does work and i am very pleased!does the job!","['it was for my new galaxy note 2, i am not sure if i ever need one 64gb, but why not, when these is a bargain for one.', ""wasn't sure 64 gigs would work on my galaxy s2it does work and i am very pleased!does the job!""]"
194,"64gb...delivered fast and installed quick! works like it should at reasonable price. i only wish i could get more memory in my note 3...so much media!! first, it is 64 gb. the volume is enough. in addition, it can fit every device for me. i love it. 64gb... i'm set for i don't know how long. i bought one for my note 8 and my s3. i've loaded tons of pics and music and still have more than enough space to last me for a long, long, long time.thank you samsung for having your new devices able to read 64gb microsd cards.","['64gb...delivered fast and installed quick! works like it should at reasonable price. i only wish i could get more memory in my note 3...so much media!!', 'first, it is 64 gb. the volume is enough. in addition, it can fit every device for me. i love it.', ""64gb... i'm set for i don't know how long. i bought one for my note 8 and my s3. i've loaded tons of pics and music and still have more than enough space to last me for a long, long, long time.thank you samsung for having your new devices able to read 64gb microsd cards.""]"
195,"best deal i could find on fast microsd card. seems to work fine in our new android tab. can't lose! i purchase three of these and they work great, and were almost half the local price. if you need a reliable high speed micro sd card, this is for you. bought these together with the sd and couldn't found any better pricing than these. just don't know where i will be using it for but it will come in handy and that's lowest price i've ever seen....thanks for the great product .....","[""best deal i could find on fast microsd card. seems to work fine in our new android tab. can't lose!"", 'i purchase three of these and they work great, and were almost half the local price. if you need a reliable high speed micro sd card, this is for you.', ""bought these together with the sd and couldn't found any better pricing than these. just don't know where i will be using it for but it will come in handy and that's lowest price i've ever seen....thanks for the great product .....""]"
196,"it's a memory card. it's tiny, it works. i need ten more words to post this review. that is all. it is a memory card. it works and gets the job done. hasn't failed on me yet knock on wood what can i say, it's a memory card.","[""it's a memory card. it's tiny, it works. i need ten more words to post this review. that is all."", ""it is a memory card. it works and gets the job done. hasn't failed on me yet knock on wood"", ""what can i say, it's a memory card.""]"
197,"i bought this for media storage on my surface 2 and absolutely love it. it allows me to store my videos, pictures, and music on a removable drive and keep my tablets memory free for apps. i would recommend this to anyone with a tablet looking to expand their storage capabilities. shipping and packaging were perfect and quick. i use this on my 32 gb microsoft surface rt and it does the job as advertised, so 5 stars.i have used it to extend the storage capacity on the tablet to 64gb for storing documents, pictures etc. there are many articles on the internet that show you how to do that. added this to my microsoft surface rt tablet and it works perfectly and is extremely fast. perfect for storing videos!","['i bought this for media storage on my surface 2 and absolutely love it. it allows me to store my videos, pictures, and music on a removable drive and keep my tablets memory free for apps. i would recommend this to anyone with a tablet looking to expand their storage capabilities. shipping and packaging were perfect and quick.', 'i use this on my 32 gb microsoft surface rt and it does the job as advertised, so 5 stars.i have used it to extend the storage capacity on the tablet to 64gb for storing documents, pictures etc. there are many articles on the internet that show you how to do that.', 'added this to my microsoft surface rt tablet and it works perfectly and is extremely fast. perfect for storing videos!']"
198,i bought this card for my phone. it gave me the extra storage for my pictures and video that i needed. bought this micro memory card for my smart phone so i could take long videos on phone it working ok i got this for my samsung galaxy s3 phone for additional storage.i originally had another card in it that was apparently not fast enough or something and gave me errors while shooting videoit would let me shoot video but not watch them backthis card fixed this problem,"['i bought this card for my phone. it gave me the extra storage for my pictures and video that i needed.', 'bought this micro memory card for my smart phone so i could take long videos on phone it working ok', 'i got this for my samsung galaxy s3 phone for additional storage.i originally had another card in it that was apparently not fast enough or something and gave me errors while shooting videoit would let me shoot video but not watch them backthis card fixed this problem']"
199,"this card was great! i originally bought it because it was cheap for being a class 10 card and having 32gb of storage. no problems so far.pros cheap, most other cards would cost a lot moreclass 10, 32gbfastworks on smartphonecon none so far i bought this card for my galaxy s4, but with the included adapter i can also use it in my canon 6d in a pinch. as it meets uhs 1 spec it can keep up with the cameras buffer.there are plenty of details in these reviews regarding transfer rates, etc so i won't revisit that. i have had no issues with the card overheating, it performs exactly as i expected. the price was also fantastic.i would recommend this card to anyone for a wide variety of reasons. it is fast, has a good warranty and comes with the adapter to use in regular sized sd card slots. this card is great. ive noticed slight improvement in every aspect of my phone. so much space! very pleased. came on time. brand new. easy to open thanks to amazon. and it mentions on the tiny booklet that this thing is temperature resistant. thats a big plus since overuse of smartphones tend to heat em up pretty good. being from texas, the heat out here only makes em hotter. and my last sd seems to have fried. well this is a good buy. if i need another i'd definitly buy again. maybe the black and gold one. it only available in 16gb but its super fast.","['this card was great! i originally bought it because it was cheap for being a class 10 card and having 32gb of storage. no problems so far.pros cheap, most other cards would cost a lot moreclass 10, 32gbfastworks on smartphonecon none so far', ""i bought this card for my galaxy s4, but with the included adapter i can also use it in my canon 6d in a pinch. as it meets uhs 1 spec it can keep up with the cameras buffer.there are plenty of details in these reviews regarding transfer rates, etc so i won't revisit that. i have had no issues with the card overheating, it performs exactly as i expected. the price was also fantastic.i would recommend this card to anyone for a wide variety of reasons. it is fast, has a good warranty and comes with the adapter to use in regular sized sd card slots."", ""this card is great. ive noticed slight improvement in every aspect of my phone. so much space! very pleased. came on time. brand new. easy to open thanks to amazon. and it mentions on the tiny booklet that this thing is temperature resistant. thats a big plus since overuse of smartphones tend to heat em up pretty good. being from texas, the heat out here only makes em hotter. and my last sd seems to have fried. well this is a good buy. if i need another i'd definitly buy again. maybe the black and gold one. it only available in 16gb but its super fast.""]"
200,"i got a card and it wouldn't let me copy files to it, it would a not recognize on any of the three computers or my android tab at home, and b unmount itself in the middle of file copies. these two things happened randomly. i got a replacement, but it suffered from the problem of letting me format it yay, farther than i got with unit 1 , then crapping out 300mb into a file transfer.avoid this guy. this card was dead on arrival and did not work whatsoever. when copying files to it, the transfer speed was below 1mb s and then when i would eject the card the contents i just transferred would be lost. the card refused to format, i got an error message that the lock was on when it was not. definitely a dud. i exchanged for a kingston card of the same size which worked and still works flawlessly. i dunno if it's a bad copy or what but when i try to transfer files like 2gb or 3gb it doesn't copy! it ejects itself and then mounts itself again. i had to transfer all my songs from my pc through airdroid which was a pain in the a i can't transfer movies from my pc and by the way i tried formatting it and checking for some errors but same issue but i can move smaller files like 20mb or sovery disappointing especially for such price!update now i have more problems! my phone tells me every now and then that the sd card was unexpectedly removed and i tried on other phones with the same problem","[""i got a card and it wouldn't let me copy files to it, it would a not recognize on any of the three computers or my android tab at home, and b unmount itself in the middle of file copies. these two things happened randomly. i got a replacement, but it suffered from the problem of letting me format it yay, farther than i got with unit 1 , then crapping out 300mb into a file transfer.avoid this guy."", 'this card was dead on arrival and did not work whatsoever. when copying files to it, the transfer speed was below 1mb s and then when i would eject the card the contents i just transferred would be lost. the card refused to format, i got an error message that the lock was on when it was not. definitely a dud. i exchanged for a kingston card of the same size which worked and still works flawlessly.', ""i dunno if it's a bad copy or what but when i try to transfer files like 2gb or 3gb it doesn't copy! it ejects itself and then mounts itself again. i had to transfer all my songs from my pc through airdroid which was a pain in the a i can't transfer movies from my pc and by the way i tried formatting it and checking for some errors but same issue but i can move smaller files like 20mb or sovery disappointing especially for such price!update now i have more problems! my phone tells me every now and then that the sd card was unexpectedly removed and i tried on other phones with the same problem""]"
201,"i've had the sd card for over 6 months, and use it in my galaxy s4. it has never had any issues, it transfers data pretty quickly and 32gb is a good amount of space. great price too! i use this card in my samsung galaxy s3 and have not had any issues with it at all. i have had other brand memory cards which have failed and become unreadable in the past, this however has accepted anything i throw at it. i use it to store all pictures that i take on the phone currently 1,700 , music and videos. i have mp3's and a few movies on it and there is never any lag or random un mounts. i highly recommend it.","[""i've had the sd card for over 6 months, and use it in my galaxy s4. it has never had any issues, it transfers data pretty quickly and 32gb is a good amount of space. great price too!"", ""i use this card in my samsung galaxy s3 and have not had any issues with it at all. i have had other brand memory cards which have failed and become unreadable in the past, this however has accepted anything i throw at it. i use it to store all pictures that i take on the phone currently 1,700 , music and videos. i have mp3's and a few movies on it and there is never any lag or random un mounts. i highly recommend it.""]"
202,i have always been satisfied with sandisk products this memory card did not disappoint with it's fast reading and writing ability sandisk has done it again. what more can i say?i'm using it to double the memory of my asus tf700 from 32 to 64gb and this card has a good read write performance and it's sandisk!recommended.,"[""i have always been satisfied with sandisk products this memory card did not disappoint with it's fast reading and writing ability sandisk has done it again."", ""what more can i say?i'm using it to double the memory of my asus tf700 from 32 to 64gb and this card has a good read write performance and it's sandisk!recommended.""]"
203,"so far its working fine, i've read some negative reviews on it giving up on one, but nothing yet so good buy. so far has worked as expected, it's difficult to tell is it is going to fail or not soon but for the moment is working pretty well with a good performance. so far, so good. no complaints, does what it is supposed to do.","[""so far its working fine, i've read some negative reviews on it giving up on one, but nothing yet so good buy."", ""so far has worked as expected, it's difficult to tell is it is going to fail or not soon but for the moment is working pretty well with a good performance."", 'so far, so good. no complaints, does what it is supposed to do.']"
204,"what is there to say about a sd card. it works, and it's a class 10 card. the price was decent. i needed one for my android tablet, shopped around and this one seemed like the best choice. this is the best class 10 microsd card i own. i have compared it to my other cards and it out performs all other cards i have. it came with a sd to microsd card converter which is a nice plus. this card come pre formatted to work with android devices and windows devices. can't get much easier than that.great card fast shipping no complaints","[""what is there to say about a sd card. it works, and it's a class 10 card. the price was decent. i needed one for my android tablet, shopped around and this one seemed like the best choice."", ""this is the best class 10 microsd card i own. i have compared it to my other cards and it out performs all other cards i have. it came with a sd to microsd card converter which is a nice plus. this card come pre formatted to work with android devices and windows devices. can't get much easier than that.great card fast shipping no complaints""]"
205,"its a sandisk, cant go wrong. i use it for my gopro and it dont skip a beat. i have 2 of these and they write data fast. i use this in a d link web cam and it is fast read write and reliable sandisk are the best! i have tried other brands but always fall back on sandisk! get a fast card for your gadgets, this is a class 10. higher the number the faster the read write it is and sandisk is a well know reputable name. i would avoid the cheap junk as if it fails then you've lost what's on the card most likely!","['its a sandisk, cant go wrong. i use it for my gopro and it dont skip a beat. i have 2 of these and they write data fast.', 'i use this in a d link web cam and it is fast read write and reliable sandisk are the best! i have tried other brands but always fall back on sandisk!', ""get a fast card for your gadgets, this is a class 10. higher the number the faster the read write it is and sandisk is a well know reputable name. i would avoid the cheap junk as if it fails then you've lost what's on the card most likely!""]"
206,"it does what it is supposed to do and is pretty fast. sandisk is a great company when it comes to flash memory as usual, sandisk does not disappoint. the speed is incredible, as is the price. although you can get a variety of different manufacturers, none are as reliable as this one.","['it does what it is supposed to do and is pretty fast. sandisk is a great company when it comes to flash memory', 'as usual, sandisk does not disappoint. the speed is incredible, as is the price. although you can get a variety of different manufacturers, none are as reliable as this one.']"
207,"does the job. no complaints so far. doing its thing, no complaints","['does the job. no complaints so far.', 'doing its thing, no complaints']"
208,"i was impress with the value and quality. i used sandisk ultra 64 gb microsdxc class 10 with my asus 300tf it works great! absolutely a perfect microsd chip.4500 songs were transferred into it, effortlessly and i have balance of about 50 of usable space.sandisk is a synonym with all engineers and i need not add any thing to glorify it.thank you sandisk thank you amazon.sincerelykj kumar there is no question about sandisk, and their continued innovation with really keeping storage from any computer for those on the go. with any need for electronic files, or music or games securely stored and protected from computer to phones and mp3 players and tablets, micro sd cards are becoming a increased need for laptops and computer needs. sandisk has made several products through time, and they have continued to get better with innovation. their ultra micro sdhc memory card handles very well. it works nicely with storing all my media files into one convient package. i like it because i can safely have all my mp3 files, in this card and play them with my sandisk mp3 player nicely. this is definitely a good buy for anyone that really wants a bit of extra space. i definitely recommend this micro sd memory card for all the extra storage space.price bconvience b overall b 1 2","['i was impress with the value and quality. i used sandisk ultra 64 gb microsdxc class 10 with my asus 300tf it works great!', 'absolutely a perfect microsd chip.4500 songs were transferred into it, effortlessly and i have balance of about 50 of usable space.sandisk is a synonym with all engineers and i need not add any thing to glorify it.thank you sandisk thank you amazon.sincerelykj kumar', 'there is no question about sandisk, and their continued innovation with really keeping storage from any computer for those on the go. with any need for electronic files, or music or games securely stored and protected from computer to phones and mp3 players and tablets, micro sd cards are becoming a increased need for laptops and computer needs. sandisk has made several products through time, and they have continued to get better with innovation. their ultra micro sdhc memory card handles very well. it works nicely with storing all my media files into one convient package. i like it because i can safely have all my mp3 files, in this card and play them with my sandisk mp3 player nicely. this is definitely a good buy for anyone that really wants a bit of extra space. i definitely recommend this micro sd memory card for all the extra storage space.price bconvience b overall b 1 2']"
209,"i have not had any problems with this product and it works as it is supposed to so i would buy again. i have had it for six months or so now and have had no problems with it. it's awesome. thanks! the product works after several months. i have no problems with it, and its holding out well! thank you very much","['i have not had any problems with this product and it works as it is supposed to so i would buy again.', ""i have had it for six months or so now and have had no problems with it. it's awesome. thanks!"", 'the product works after several months. i have no problems with it, and its holding out well! thank you very much']"
210,"this sandisk ultra 32 gb microsdhc c10 uhs1 memory card with adapter really work like it suppose too, i will ordering another soon. the sandisk ultra 32 gb microsdhc c10 uhs1 memory card with adapter handles its job as you would expect from sandisk. sandisk ultra 32gb microsdhc class 10 uhs... item is as described. decent product for its price and quality. it comes with the small sd card and a next size up adapter","['this sandisk ultra 32 gb microsdhc c10 uhs1 memory card with adapter really work like it suppose too, i will ordering another soon.', 'the sandisk ultra 32 gb microsdhc c10 uhs1 memory card with adapter handles its job as you would expect from sandisk.', 'sandisk ultra 32gb microsdhc class 10 uhs... item is as described. decent product for its price and quality. it comes with the small sd card and a next size up adapter']"
211,"priced right, this memory card also reads and writes fast. it's a noticeable difference over cheaper cards. i put it in my phone and plan to buy another one for my tablet. was a really good price on amazon. i will be using this card to expand the memory in a garmin gps unit. as stated above, and not a bad price. bought this thing in hopes of using it with my ztpad c93 tablet, and it works like a charm. the card is very fast for what it is and i have not had any problems with it to date.","[""priced right, this memory card also reads and writes fast. it's a noticeable difference over cheaper cards. i put it in my phone and plan to buy another one for my tablet."", 'was a really good price on amazon. i will be using this card to expand the memory in a garmin gps unit.', 'as stated above, and not a bad price. bought this thing in hopes of using it with my ztpad c93 tablet, and it works like a charm. the card is very fast for what it is and i have not had any problems with it to date.']"
212,no issues. no issues. no problems!,"['no issues.', 'no issues.', 'no problems!']"
213,purchased for school district. i haven't heard any complaints which i would so i can only assume that everything is okay. bought 2 of these absolutely no issues no problems at all. works great,"[""purchased for school district. i haven't heard any complaints which i would so i can only assume that everything is okay."", 'bought 2 of these absolutely no issues', 'no problems at all. works great']"
214,working good. work good works great,"['working good.', 'work good', 'works great']"
215,yes good great,"['yes', 'good', 'great']"
216,"i have alway bought this brand, for some reason about a month ago i got some other brand, bad move!!!!! i ended up getting my money back, then i bought me this one, works like a champ, this is way to go!!!! this arrived quickly and was the actual product that was described, unlike what others committed about this item. it works and does just what i needed it for. thanks. this product works great and was a reasonable enough price. i am going to buy a larger one next time. best chk out the size you can use in your product before buying.","['i have alway bought this brand, for some reason about a month ago i got some other brand, bad move!!!!! i ended up getting my money back, then i bought me this one, works like a champ, this is way to go!!!!', 'this arrived quickly and was the actual product that was described, unlike what others committed about this item. it works and does just what i needed it for. thanks.', 'this product works great and was a reasonable enough price. i am going to buy a larger one next time. best chk out the size you can use in your product before buying.']"
217,"by far the best microsd card i've ever used. it's precise, fast and secure, what more can you ask for? whether it was photos, music or even a few movies, this recorded, played and transferred data flawlessly. very highly recommend best, most reliable microsd card you can get. i use it for all my devices phones, tablets, cameras, camcorders, gopro cameras... other than a few for cell phones over the years, this is the first time i've used microsd cards in an actual camera. i'm very impressed. it seems to be just as fast, durable, and dependable as the full sized cards that i've been using for years. amazing.","[""by far the best microsd card i've ever used. it's precise, fast and secure, what more can you ask for? whether it was photos, music or even a few movies, this recorded, played and transferred data flawlessly. very highly recommend"", 'best, most reliable microsd card you can get. i use it for all my devices phones, tablets, cameras, camcorders, gopro cameras...', ""other than a few for cell phones over the years, this is the first time i've used microsd cards in an actual camera. i'm very impressed. it seems to be just as fast, durable, and dependable as the full sized cards that i've been using for years. amazing.""]"
218,"i have been amazed at memory pricing, but this little card is inexpensive, fast and just what i needed for my new tablet. was a decent price for the amount of memory. had no issues reading it on my old hp6910p laptop built in card reader. no problems so far.","['i have been amazed at memory pricing, but this little card is inexpensive, fast and just what i needed for my new tablet.', 'was a decent price for the amount of memory. had no issues reading it on my old hp6910p laptop built in card reader. no problems so far.']"
219,"the memory card works well and i have no problem with it. it was one of the cheapest out there. came with adapter, so that's convenient. this card is great for the money and performs adequately. i recommend this product to anyone who needs a memory card. if you need a memory card, this one works as advertised... it is fast and reliable. i have never had a problem with this brand.","[""the memory card works well and i have no problem with it. it was one of the cheapest out there. came with adapter, so that's convenient."", 'this card is great for the money and performs adequately. i recommend this product to anyone who needs a memory card.', 'if you need a memory card, this one works as advertised... it is fast and reliable. i have never had a problem with this brand.']"
220,"i didn't realize what small memory i had on my old phone t mobile my touch 3g slide! i mean the thing was so slow and not accepting downloading stuff anymore! i figured later than the memory might be small. sure it was! i looked up for a sandisk memory card on amazon and ordered one! was surprised it was much cheaper than i had seen in a store! installed it in my phone, worked like a champ! i can still use my phone for different downloads with that much memory! sandisk makes a great big little card. i have this in my htc sensation 4g which it isn't supposed to work in and i got the full memory card working. it's great to be able to cary that mush memory on a phone. i've wasted time and money trying other company's sd and microsd cards, some work all right, and some died on me, it's not the price that you pay but rather the value that you get. let me tell ya, sandisk makes the best memory cards, period..... i bought one of this card for my samsung galaxy note 2 phone, mostly for movies and music. i usually use anydvd handbrake programs to convert movies large mp4 also playable on my samsung tablet and simply copy and paste movies and musics on this little card. both my phone and tablet read this card without any problem and i cannot imagine my phone without it. now i've bought 2 more....","[""i didn't realize what small memory i had on my old phone t mobile my touch 3g slide! i mean the thing was so slow and not accepting downloading stuff anymore! i figured later than the memory might be small. sure it was! i looked up for a sandisk memory card on amazon and ordered one! was surprised it was much cheaper than i had seen in a store! installed it in my phone, worked like a champ! i can still use my phone for different downloads with that much memory!"", ""sandisk makes a great big little card. i have this in my htc sensation 4g which it isn't supposed to work in and i got the full memory card working. it's great to be able to cary that mush memory on a phone."", ""i've wasted time and money trying other company's sd and microsd cards, some work all right, and some died on me, it's not the price that you pay but rather the value that you get. let me tell ya, sandisk makes the best memory cards, period..... i bought one of this card for my samsung galaxy note 2 phone, mostly for movies and music. i usually use anydvd handbrake programs to convert movies large mp4 also playable on my samsung tablet and simply copy and paste movies and musics on this little card. both my phone and tablet read this card without any problem and i cannot imagine my phone without it. now i've bought 2 more....""]"
221,"i needed this for my samsung galley tablet. it's doing the job it was needed for. i really didn't need the adapter, but most all micro sd cards come with them. haven't used it yet. it's my first encounter with a micro. appears to be a quality product, though instructions for using the adapter would be welcomed. good cost and fulfillment. expecting it to function as advertised based on sandisk's track record at our house. this micro sd with adapter works fine. i have no complaints. if there was one thing i would wish for is a little less packaging it was over packaged for something sent mail order.","[""i needed this for my samsung galley tablet. it's doing the job it was needed for. i really didn't need the adapter, but most all micro sd cards come with them."", ""haven't used it yet. it's my first encounter with a micro. appears to be a quality product, though instructions for using the adapter would be welcomed. good cost and fulfillment. expecting it to function as advertised based on sandisk's track record at our house."", 'this micro sd with adapter works fine. i have no complaints. if there was one thing i would wish for is a little less packaging it was over packaged for something sent mail order.']"
222,"simply put the card works well in my note 3, gives me the extra space needed and to date has worked flawlessly. i upgraded from a 64gb sandisk to the 128gb with no issues. plenty of space available now in my phone and i can keep movies and music local. some people have scoffed online about using such a large card but the reality of it is that you don't always have data service and when that time comes, such as when you're on a plane, its nice to have access to some movies and music that you've kept on local storage.so far its worked in my note 3 and sg4. okay, i'm a memory hog. i admit it.the note 3 has 32gb internal storage and it's nearly full. i had a 64gb microsd card in it and guess what? 15gb left! so what's a geek to do?buy this! wow, what breathing room i have! and then some! i copied the entire 64gb card to the 128gb card, and then added more hd movies. in addition to the phone's stuff, i have all 6 star wars movies, the back to the future trilogy, and the indiana jones movies on this card and room for plenty more. no doubt when the note 4 comes out, i'll be ready with a kick butt memory card.the note 3's specs state that it will accept cards up to 64gb . well, at the time 64 was the highest card available, so they couldn't possibly test for a higher capacity. phandroid android forums, however, has a fairly comprehensive list of devices that are compatible with this card, accurate to the date of the article ... so i'm a happy camper. yes, i paid a premium for being an early adopter... but i'll be saving my pennies for the inevitable black friday sale in november, which will be just about the time the note 4 is released. folks, i can't recommend this card enough just make sure you're backing up to a pc regularly! if it does fail, you definitely want your precious pics and data backed up. i ordered two 32gb and two 64gb versions of these memory cards but i can write only one review per amazon . two 32gb cards went into a camera and a cell phone which only accept up to 32gb cards and one 64gb card went into my samsung galaxy s3 cell phone. the second 64gb card's a spare.the galaxy s3 phone accepted the 64gb microsd card with no problems except for the fact that my galaxy s3 only recognizes 59.7gb of the 64gb microsd card. i have no idea why it does that and why i lost over 5gb of an empty microsd card but i'm okay with that i guess. 60gb's is still plenty. the transfers of music, videos, and pictures between the phone's internal 16gb memory and the 64gb microsd card is wayyy faster than the old sandisk 16gb microsd card that was in there. the same noticeably faster speeds between my desktop computer and the 64gb microsd card were also smile inspiring.as for the sandisk microsd cards they work great and seem to operate pretty darn fast. they're definitely faster than the old 16gb sandisk microsd cards i had installed in my camera and cell phone s .now as for the shipping dismal! i ordered two 32gb along with two 64gb microsd cards on august 21 during an amazon gold box sale. according to the tracking feature they didn't even transmit the shipping info to the carrier usps until august 31. all four were shipped together. i didn't receive them until september 6 a full 16 days after i ordered. a little over two weeks for four tiny items that were indicated on the amazon page as being in stock. ships from and sold by amazon.com at the time of purchase. they also shipped all four tiny microsd card packages in a way over sized box which the usps couldn't fit into the mailbox so i had to make a cross town trip to the us post office and stand in a very long and slow moving line to pick up the box. they could have all four easily fit in one small envelope. even a small padded envelope. i left packaging feedback on that already.this is the 3rd straight time that amazon shipping was horrible over the last several months and that is why the 2 star rating. this is not the amazon shipping that i remember.","[""simply put the card works well in my note 3, gives me the extra space needed and to date has worked flawlessly. i upgraded from a 64gb sandisk to the 128gb with no issues. plenty of space available now in my phone and i can keep movies and music local. some people have scoffed online about using such a large card but the reality of it is that you don't always have data service and when that time comes, such as when you're on a plane, its nice to have access to some movies and music that you've kept on local storage.so far its worked in my note 3 and sg4."", ""okay, i'm a memory hog. i admit it.the note 3 has 32gb internal storage and it's nearly full. i had a 64gb microsd card in it and guess what? 15gb left! so what's a geek to do?buy this! wow, what breathing room i have! and then some! i copied the entire 64gb card to the 128gb card, and then added more hd movies. in addition to the phone's stuff, i have all 6 star wars movies, the back to the future trilogy, and the indiana jones movies on this card and room for plenty more. no doubt when the note 4 comes out, i'll be ready with a kick butt memory card.the note 3's specs state that it will accept cards up to 64gb . well, at the time 64 was the highest card available, so they couldn't possibly test for a higher capacity. phandroid android forums, however, has a fairly comprehensive list of devices that are compatible with this card, accurate to the date of the article ... so i'm a happy camper. yes, i paid a premium for being an early adopter... but i'll be saving my pennies for the inevitable black friday sale in november, which will be just about the time the note 4 is released. folks, i can't recommend this card enough just make sure you're backing up to a pc regularly! if it does fail, you definitely want your precious pics and data backed up."", ""i ordered two 32gb and two 64gb versions of these memory cards but i can write only one review per amazon . two 32gb cards went into a camera and a cell phone which only accept up to 32gb cards and one 64gb card went into my samsung galaxy s3 cell phone. the second 64gb card's a spare.the galaxy s3 phone accepted the 64gb microsd card with no problems except for the fact that my galaxy s3 only recognizes 59.7gb of the 64gb microsd card. i have no idea why it does that and why i lost over 5gb of an empty microsd card but i'm okay with that i guess. 60gb's is still plenty. the transfers of music, videos, and pictures between the phone's internal 16gb memory and the 64gb microsd card is wayyy faster than the old sandisk 16gb microsd card that was in there. the same noticeably faster speeds between my desktop computer and the 64gb microsd card were also smile inspiring.as for the sandisk microsd cards they work great and seem to operate pretty darn fast. they're definitely faster than the old 16gb sandisk microsd cards i had installed in my camera and cell phone s .now as for the shipping dismal! i ordered two 32gb along with two 64gb microsd cards on august 21 during an amazon gold box sale. according to the tracking feature they didn't even transmit the shipping info to the carrier usps until august 31. all four were shipped together. i didn't receive them until september 6 a full 16 days after i ordered. a little over two weeks for four tiny items that were indicated on the amazon page as being in stock. ships from and sold by amazon.com at the time of purchase. they also shipped all four tiny microsd card packages in a way over sized box which the usps couldn't fit into the mailbox so i had to make a cross town trip to the us post office and stand in a very long and slow moving line to pick up the box. they could have all four easily fit in one small envelope. even a small padded envelope. i left packaging feedback on that already.this is the 3rd straight time that amazon shipping was horrible over the last several months and that is why the 2 star rating. this is not the amazon shipping that i remember.""]"
223,"product sandisk ultra 64 gb microsdxc class 10 uhs 1 memory card 30mb s with adapter sdsdqu 064g affp arating 5 5 excellent people buy microsd cards with 4 primary criteria in mind 1 storage capacity, 2 price, 3 reliability compatibility availability, and 4 speed. when i bought the u64 back in feb 2013 not long after its release it was the largest and fastest microsd available at the time, and it weighed in at a good price and backed up by sandisk reputation.for me, and my galaxy s3 sch i535, currently with android 4.3 this card has been a delightful slam dunk on all four counts. i was reminded of this today when i slammed 30 gb of mp3's from my pc onto my s3's card. the card handled the massive data dump with grace and aplomb, and i'm now able to use my phone to wirelessly stream my entire music library to my new bluetooth compatible bookshelf stereo.color me very satisfied. after a long research about the sd cards. i came across this deal. i wanted an sd card for my new samsung note 3. none of the review was talking about note 3. most of the reviews were either about note 2 or s4.a few reviews were talking about possible problem of not able to recognize the card and getting into the cycle where you have to call sandisk. i was not sure to go for it or not. although choices were very thin. samsung cards were way out of my budget.so i decided to take a chance and i am happy that i did.it's working smoothly. no need to format. just works great. one star for not exactly 64 gb. it shows up 59gb.i will again update this post after 1 month. when i will really sure it has no problem","[""product sandisk ultra 64 gb microsdxc class 10 uhs 1 memory card 30mb s with adapter sdsdqu 064g affp arating 5 5 excellent people buy microsd cards with 4 primary criteria in mind 1 storage capacity, 2 price, 3 reliability compatibility availability, and 4 speed. when i bought the u64 back in feb 2013 not long after its release it was the largest and fastest microsd available at the time, and it weighed in at a good price and backed up by sandisk reputation.for me, and my galaxy s3 sch i535, currently with android 4.3 this card has been a delightful slam dunk on all four counts. i was reminded of this today when i slammed 30 gb of mp3's from my pc onto my s3's card. the card handled the massive data dump with grace and aplomb, and i'm now able to use my phone to wirelessly stream my entire music library to my new bluetooth compatible bookshelf stereo.color me very satisfied."", ""after a long research about the sd cards. i came across this deal. i wanted an sd card for my new samsung note 3. none of the review was talking about note 3. most of the reviews were either about note 2 or s4.a few reviews were talking about possible problem of not able to recognize the card and getting into the cycle where you have to call sandisk. i was not sure to go for it or not. although choices were very thin. samsung cards were way out of my budget.so i decided to take a chance and i am happy that i did.it's working smoothly. no need to format. just works great. one star for not exactly 64 gb. it shows up 59gb.i will again update this post after 1 month. when i will really sure it has no problem""]"
224,"what more can i say? the 64gb micro sd works for the samsung galaxy note ii! i simply popped in the card and there it was with no formatting. 59gb of space couldn't be more happier. i bought this memory card for my new samsung galaxy note 3 from t mobile, and it works perfectly. turn off the phone, take off the back cover, insert the card, and reassemble. simple as that, and when i turned the phone on and checked storage, there was the external microsd card. the phone shows total space on the card as 59.45gb, but i think that's a function of the phone using some space for its housekeeping and not a shortcoming of the card itself.like the title indicates, no hassles with this memory card. it just does what it's supposed to do. i bought this sd card to expand the memory on my samsung tablet. i had read that the galaxy note could only be expanded up to 32gb as the sd card would have to be formated as fat32.long story short, i inserted it and without any problems or formatting it showed as 60 odd gb.noyce!","[""what more can i say? the 64gb micro sd works for the samsung galaxy note ii! i simply popped in the card and there it was with no formatting. 59gb of space couldn't be more happier."", ""i bought this memory card for my new samsung galaxy note 3 from t mobile, and it works perfectly. turn off the phone, take off the back cover, insert the card, and reassemble. simple as that, and when i turned the phone on and checked storage, there was the external microsd card. the phone shows total space on the card as 59.45gb, but i think that's a function of the phone using some space for its housekeeping and not a shortcoming of the card itself.like the title indicates, no hassles with this memory card. it just does what it's supposed to do."", 'i bought this sd card to expand the memory on my samsung tablet. i had read that the galaxy note could only be expanded up to 32gb as the sd card would have to be formated as fat32.long story short, i inserted it and without any problems or formatting it showed as 60 odd gb.noyce!']"
225,"i needed a bit more storage in my galaxy note ii, this has worked perfectly. i have not run into any problems, other than finding out that my phone does not allow moving applications to the card due to limitations that have been added to the newer versions of android i purchased this memory card to expand the storage on my samsung galaxy note 2. after installation my note 2 recognized the card and i've been using it to store images and music without any issues. i put this micro sd card in my note ii phone, and i have had a seamless experience with it. programs that are on the card operate as quickly and flawlessly as those that are on my phone's memory. it will hold dozens of programs, and gives me all the expandibility that i will need unless i start collecting hd movies on my phone! . this card seems to be designed specifically for smartphones, and does its job very well. recommended.","['i needed a bit more storage in my galaxy note ii, this has worked perfectly. i have not run into any problems, other than finding out that my phone does not allow moving applications to the card due to limitations that have been added to the newer versions of android', ""i purchased this memory card to expand the storage on my samsung galaxy note 2. after installation my note 2 recognized the card and i've been using it to store images and music without any issues."", ""i put this micro sd card in my note ii phone, and i have had a seamless experience with it. programs that are on the card operate as quickly and flawlessly as those that are on my phone's memory. it will hold dozens of programs, and gives me all the expandibility that i will need unless i start collecting hd movies on my phone! . this card seems to be designed specifically for smartphones, and does its job very well. recommended.""]"
226,"it reaches read speed of about 24mb s and write speed of about 18mb s at optimal situation.other than the speed, everything is fine. i'd like to say the color is quite a good thing, because microsd could be so small that you put it away for a few seconds it will easily disappear. with the bright read and light grey color, it is much easier to find, because it will not blend into common background.also, the quality looks good, not like some of the microsd cards, this is a unibody design that you cannot tell from appearance that where is the circuits. the sd card adapter come with it is in quite good quality too.in summery, good design, good quality, not too satisfying speed. it will be a judgement call to say if it worth it or not. but to me i can totally go with it. i liked the color liked that i didn't have to worry about it getting confused with other microsd cards that i had lying around. it functions as i expected, given that it was made by sandisk this is my first ultra micro sd card. i like the color which makes them easy to see because i swap them out all the time in my asus tablet. the black ones can be hard to see on the busy desk. the speed is great but that is not why i bought it. i was very impressed with the price on black friday 2013.","[""it reaches read speed of about 24mb s and write speed of about 18mb s at optimal situation.other than the speed, everything is fine. i'd like to say the color is quite a good thing, because microsd could be so small that you put it away for a few seconds it will easily disappear. with the bright read and light grey color, it is much easier to find, because it will not blend into common background.also, the quality looks good, not like some of the microsd cards, this is a unibody design that you cannot tell from appearance that where is the circuits. the sd card adapter come with it is in quite good quality too.in summery, good design, good quality, not too satisfying speed. it will be a judgement call to say if it worth it or not. but to me i can totally go with it."", ""i liked the color liked that i didn't have to worry about it getting confused with other microsd cards that i had lying around. it functions as i expected, given that it was made by sandisk"", 'this is my first ultra micro sd card. i like the color which makes them easy to see because i swap them out all the time in my asus tablet. the black ones can be hard to see on the busy desk. the speed is great but that is not why i bought it. i was very impressed with the price on black friday 2013.']"
227,"i started to have trouble with my card after about 3 months. i shall attempt to get a replacement and hopefully the new one lasts much longer. i hope you have better luck, it has gotten a lot of great reviews, but first the sticker ! covering the contacts on the back fell off, then the card died completely. hopefully it's an isolated incident, but i'm trying a different brand in case its a bad batch.","['i started to have trouble with my card after about 3 months. i shall attempt to get a replacement and hopefully the new one lasts much longer.', ""i hope you have better luck, it has gotten a lot of great reviews, but first the sticker ! covering the contacts on the back fell off, then the card died completely. hopefully it's an isolated incident, but i'm trying a different brand in case its a bad batch.""]"
228,"fantastic product as it is described. i purchased 2 of them. delivery was fast. i will definitely buy it again and recommend this product to anyone. i love this product! i would recommend this product to anyone, i gave it 5 out of 5 stars because it does everything i need it to plus more! thank you very much, i'm very satisfied and pleased with the product i purchased, i recommend this vendor for their reliability, diligence and quality of their products, in my grateful and happy client.oswaldo artiaga","['fantastic product as it is described. i purchased 2 of them. delivery was fast. i will definitely buy it again and recommend this product to anyone.', 'i love this product! i would recommend this product to anyone, i gave it 5 out of 5 stars because it does everything i need it to plus more!', ""thank you very much, i'm very satisfied and pleased with the product i purchased, i recommend this vendor for their reliability, diligence and quality of their products, in my grateful and happy client.oswaldo artiaga""]"
229,"this microsd serves the purpose in every way. if i need another, i will certainly buy another one of these. what can i say its a micro sd. it serves its purpose and it works just so. i would recommend to others a sweet spot for microsdhc's. added a nice bump in memory for my nokia lumia 822. arrived on time and is being used as i write this comment.","['this microsd serves the purpose in every way. if i need another, i will certainly buy another one of these.', 'what can i say its a micro sd. it serves its purpose and it works just so. i would recommend to others', ""a sweet spot for microsdhc's. added a nice bump in memory for my nokia lumia 822. arrived on time and is being used as i write this comment.""]"
230,"this microsd is helping me alot for my samsung galaxy note. if you are storing lots of music, photos, and videos for your phone and looking for high speeds rate of reading, then this the wise choice to buy. is everything i need, the best and faster microsd in market, exxecent choice i ordered 2, so i recomended it","['this microsd is helping me alot for my samsung galaxy note. if you are storing lots of music, photos, and videos for your phone and looking for high speeds rate of reading, then this the wise choice to buy.', 'is everything i need, the best and faster microsd in market, exxecent choice i ordered 2, so i recomended it']"
231,"i have no issues with this card. it works great and now i have a ton of storage space for music and what not. bit overkill, but that's how i like it. no issues with this. formatted the cards i reviewed from amazon. put them in the devices and they're running great. i have 4 of these in use in different devices. i have had no issues with any of these cards, they're all still working great.","[""i have no issues with this card. it works great and now i have a ton of storage space for music and what not. bit overkill, but that's how i like it."", ""no issues with this. formatted the cards i reviewed from amazon. put them in the devices and they're running great."", ""i have 4 of these in use in different devices. i have had no issues with any of these cards, they're all still working great.""]"
232,"i own multiple of these cards for my phones and devices and haven't ever had a problem. would buy again if i ever needed one for another device. i've used one of those cards in my phone for about 2 years now and never had a single problem. recently bought another for my tablet and so far so good. recommended i bought this card to replace a kingston card that my phone fried, it has been working without issues so far.","[""i own multiple of these cards for my phones and devices and haven't ever had a problem. would buy again if i ever needed one for another device."", ""i've used one of those cards in my phone for about 2 years now and never had a single problem. recently bought another for my tablet and so far so good. recommended"", 'i bought this card to replace a kingston card that my phone fried, it has been working without issues so far.']"
233,can't say enough about it ... just works perfectly every time ... wish i could say the same about people ... great product this is the first of these i've had. it works as mentioned and have had not problems with it. satisfied.,"[""can't say enough about it ... just works perfectly every time ... wish i could say the same about people ... great product"", ""this is the first of these i've had. it works as mentioned and have had not problems with it. satisfied.""]"
234,"this was a gift for my boyfriend and he loves it, he said it works perfectly. so i am happy with the result this item works as intended, well made, functions properly. good level of comfort fairly cheaply priced wont need to replace any time soon this product is the only one i had bought like this that has worked will recommend to all family and friends","['this was a gift for my boyfriend and he loves it, he said it works perfectly. so i am happy with the result', 'this item works as intended, well made, functions properly. good level of comfort fairly cheaply priced wont need to replace any time soon', 'this product is the only one i had bought like this that has worked will recommend to all family and friends']"
235,"its just an sd card. works as good as any other. i don't know what else to say about it. its a micro sd card and it works. what more can you ask for.i have one for each of my electronic devices. it's an sd card that works great. big storage, and writes fast enough for me. not much to complain about.","[""its just an sd card. works as good as any other. i don't know what else to say about it."", 'its a micro sd card and it works. what more can you ask for.i have one for each of my electronic devices.', ""it's an sd card that works great. big storage, and writes fast enough for me. not much to complain about.""]"
236,"product supplied as described 16gb micro sdhc class 10 card with adapter. i purchased this to use in my samsung galaxy tablet and it works perfectly. it is easy to identify from other micro flash cards you may have because of its red grey color. this is a great memory solution for your stored media for any device! good priced memory comes in plain white wrapper and an adaptor for sd card size. it didn't forget what i put on it so i guess it works. this actually came with the sd adapter making it a great buy. lots of memory, microsd, sd and cheap. can't go wrong.","['product supplied as described 16gb micro sdhc class 10 card with adapter. i purchased this to use in my samsung galaxy tablet and it works perfectly. it is easy to identify from other micro flash cards you may have because of its red grey color. this is a great memory solution for your stored media for any device!', ""good priced memory comes in plain white wrapper and an adaptor for sd card size. it didn't forget what i put on it so i guess it works."", ""this actually came with the sd adapter making it a great buy. lots of memory, microsd, sd and cheap. can't go wrong.""]"
237,"i've ordered other sd cards before but this one is the best overall. shipping was excellent fast and reliable. i would recommend it to anyone who is looking for a quality product. thanks again! love this sd card. i have had such great results from it. i could not be happier with it. love the price i was able to get this for. i have bought them before and will probably buy more. i don't think i will ever buy anything but the ultra series sd cards. i gave it five stars, simply because i am not a tech genius, so i don't know if it is the best or not but jeez, this thing is fast and it does everything that i wanted it to do. i have no complaints so far. i'm a very happy customer and i would definitely recommend this product to someone who is looking at buying an affordable micro sd card.","[""i've ordered other sd cards before but this one is the best overall. shipping was excellent fast and reliable. i would recommend it to anyone who is looking for a quality product. thanks again!"", ""love this sd card. i have had such great results from it. i could not be happier with it. love the price i was able to get this for. i have bought them before and will probably buy more. i don't think i will ever buy anything but the ultra series sd cards."", ""i gave it five stars, simply because i am not a tech genius, so i don't know if it is the best or not but jeez, this thing is fast and it does everything that i wanted it to do. i have no complaints so far. i'm a very happy customer and i would definitely recommend this product to someone who is looking at buying an affordable micro sd card.""]"
238,"love this micro sd card, but love the fact that i was able to buy it at such a great price! i love this micro sd card. awesome amount of space and just plain ole reliable. you dont find to many products like that nowadays. good micro sd card. i love sandisk's products because they have a good warranty policy. i would recommend this product.","['love this micro sd card, but love the fact that i was able to buy it at such a great price!', 'i love this micro sd card. awesome amount of space and just plain ole reliable. you dont find to many products like that nowadays.', ""good micro sd card. i love sandisk's products because they have a good warranty policy. i would recommend this product.""]"
239,amazon sells this card for a great value! no local store even comes close to this price. it has plenty of room on it for lots of storage. this is a big card for a great price. i remember buying a 2gb cf card for around 200 a while ago!,"['amazon sells this card for a great value! no local store even comes close to this price. it has plenty of room on it for lots of storage.', 'this is a big card for a great price. i remember buying a 2gb cf card for around 200 a while ago!']"
240,"stuck it in my s2, formatted in settings, works great! already filled with music, pics and videos... get this card, format it right, and you'll have no problems. if your phone won't do it right, should have got a samsung! haha... works great in the samsung galaxy s3 phone. i purchased one for my phone and one for my son's phone and they both work great! we've had no problems with either card. my son loves that he was able to put his whole music library, several translator apps and bible versions, along with several movies on his phone to take with him on a mission trip to peru and still had room to store thousands of photos he took while there. being able to use a card like this is one of the main reasons i switched from an iphone to an s3. love it! this is a great card that works with the galaxy s3 phone. i just put the card in and it worked.","[""stuck it in my s2, formatted in settings, works great! already filled with music, pics and videos... get this card, format it right, and you'll have no problems. if your phone won't do it right, should have got a samsung! haha..."", ""works great in the samsung galaxy s3 phone. i purchased one for my phone and one for my son's phone and they both work great! we've had no problems with either card. my son loves that he was able to put his whole music library, several translator apps and bible versions, along with several movies on his phone to take with him on a mission trip to peru and still had room to store thousands of photos he took while there. being able to use a card like this is one of the main reasons i switched from an iphone to an s3. love it!"", 'this is a great card that works with the galaxy s3 phone. i just put the card in and it worked.']"
241,works as it should and have not had any issues with it so far. i also was able to purchase it here for much less then wal mart. works perfect. no complaints. it's fast. that's why i bought it. it does what it says it's going to do,"['works as it should and have not had any issues with it so far. i also was able to purchase it here for much less then wal mart.', ""works perfect. no complaints. it's fast. that's why i bought it. it does what it says it's going to do""]"
242,"it does the job, found it cheaper after i bought it. bummer is the first thing that came to mind. works, had to give a review of this since it does exactly what is it advertised to! good buy for anyone! it works just like it should. it really does work like it should. i bought this thinking it would work and it does!","['it does the job, found it cheaper after i bought it. bummer is the first thing that came to mind.', 'works, had to give a review of this since it does exactly what is it advertised to! good buy for anyone!', 'it works just like it should. it really does work like it should. i bought this thinking it would work and it does!']"
243,"this was a great price for this card, and they are not cheap made. save several buying form amazon, the local stores was a lot higher... love this card. wanted one but the retail prices were just too much. found it here at a fair price and have been using it ever since the first day it arrived. great buy if you need this one. good purchase and i am satisfied with this card. would definitely purchase another one. i would advise everyone to purchase this one.","['this was a great price for this card, and they are not cheap made. save several buying form amazon, the local stores was a lot higher...', 'love this card. wanted one but the retail prices were just too much. found it here at a fair price and have been using it ever since the first day it arrived. great buy if you need this one.', 'good purchase and i am satisfied with this card. would definitely purchase another one. i would advise everyone to purchase this one.']"
244,"this is a great little card. no problems. i haven't done any benchmarking but everyday use is quick and flawless. the card was good. haven't had a problem with it yet. good price. fit the product i bought it for. works as advertised, no issues to date. there are faster cards out there but you will pay more for them.","[""this is a great little card. no problems. i haven't done any benchmarking but everyday use is quick and flawless."", ""the card was good. haven't had a problem with it yet. good price. fit the product i bought it for."", 'works as advertised, no issues to date. there are faster cards out there but you will pay more for them.']"
245,works great in our smart phones. gives us a lot more memory. comes with an adapter if you require the ability to put it directly into your computer with a normal sd slot. purchased this for my galaxy s3 phone. the phone has 16 gb internal memory and you can't use this with it. luckily it came with an adapter and i use it in my card reader for storage. i go from the pc to the phone. its worth the money but remember its useless with the galaxy s3 great buy for this sandisk 16 gb memory. worked well in my samsung s4 smartphone. i mainly use the extra memory to save photos and music. like the adapter that i use frequently to copies files to my desk top pc.,"['works great in our smart phones. gives us a lot more memory. comes with an adapter if you require the ability to put it directly into your computer with a normal sd slot.', ""purchased this for my galaxy s3 phone. the phone has 16 gb internal memory and you can't use this with it. luckily it came with an adapter and i use it in my card reader for storage. i go from the pc to the phone. its worth the money but remember its useless with the galaxy s3"", 'great buy for this sandisk 16 gb memory. worked well in my samsung s4 smartphone. i mainly use the extra memory to save photos and music. like the adapter that i use frequently to copies files to my desk top pc.']"
246,"it is a memory card, fast as any other class10 card, and sandisk units rarely lose data. i wish these guys would keep their marketing on the backside leaving some white space on top so we could write things. the cheapo brands do this but not the big guys idiots. it's a memory card. it works great. what else do i need to say? sandisk always makes high quality stuff...i am not worried at all... great memory card. i have trusted sandisk since it came out with memory products. they work harder to keep innovating.","['it is a memory card, fast as any other class10 card, and sandisk units rarely lose data. i wish these guys would keep their marketing on the backside leaving some white space on top so we could write things. the cheapo brands do this but not the big guys idiots.', ""it's a memory card. it works great. what else do i need to say? sandisk always makes high quality stuff...i am not worried at all..."", 'great memory card. i have trusted sandisk since it came out with memory products. they work harder to keep innovating.']"
247,"i got this for my samsung galaxy s3 when it was on sale. my fairly new internal card reader wasn't able to write to it so i tried 2 different usb adapters and they didn't work either. i installed it in my phone and was able to copy files via usb. it was slow but it worked and is great in the phone. i bought this with the sole intention of putting it in my samsung galaxy s3. i had to use a tool to format the card to fat32, but once i did so, the card worked great. i have been taking advantage of the extra room i have for music, videos, pictures, etc. the sd adapter that comes with this is also handy.the transfer speeds didn't feel like class 10 when connected and transferred files from my computer, but my computer is 5 years old, so it's very possible that it's the problem. other than that, i'm completely satisfied. performs as expected. i bought for mi galaxy s3 to increase it storage options, when i need to transfer big files i use a usb adapter since the wifi and mtp conectios speed is far slower than directly connecting the device but that is not the cards problem. its fast reading and writing inside the s3 and when connected to a current generation computer.old computers will read and write at slower speeds, but is still compatible hardware wise. the exfat format can be a hassle.no problems yet hardware wise. i would have preferred an open standard as partition format instead of exfat, but that is microsoft fault not sandisk.is easy to reformat with a usb sd micro sd adapter.","[""i got this for my samsung galaxy s3 when it was on sale. my fairly new internal card reader wasn't able to write to it so i tried 2 different usb adapters and they didn't work either. i installed it in my phone and was able to copy files via usb. it was slow but it worked and is great in the phone."", ""i bought this with the sole intention of putting it in my samsung galaxy s3. i had to use a tool to format the card to fat32, but once i did so, the card worked great. i have been taking advantage of the extra room i have for music, videos, pictures, etc. the sd adapter that comes with this is also handy.the transfer speeds didn't feel like class 10 when connected and transferred files from my computer, but my computer is 5 years old, so it's very possible that it's the problem. other than that, i'm completely satisfied."", 'performs as expected. i bought for mi galaxy s3 to increase it storage options, when i need to transfer big files i use a usb adapter since the wifi and mtp conectios speed is far slower than directly connecting the device but that is not the cards problem. its fast reading and writing inside the s3 and when connected to a current generation computer.old computers will read and write at slower speeds, but is still compatible hardware wise. the exfat format can be a hassle.no problems yet hardware wise. i would have preferred an open standard as partition format instead of exfat, but that is microsoft fault not sandisk.is easy to reformat with a usb sd micro sd adapter.']"
248,"my ipod finally bit the dust, so i bought this card to use in my galaxy 4 so i could use it as my new music player. it was very easy to transfer the music and get it playing right away. i can't complain at all, it was nice to be able to expand my storage on my phone enough with this that i didn't have to go buy another ipod. i have a lot of music and this thing holds it all and doesn't slow my phone down at all. no complaints here, i actually bought another one of these for my galaxy tab so i can keep all my music on that too. so it's safe to say i would buy it again. bought this a few months back for my phone... but after switching phones to one that didn't support extra storage i reformatted and stuck it on my car stereo full of music. even at full capacity it has been there for months now playing without a hitch. music only take about 5 seconds after starting the car to start playing, skipping, fast forwarding or searching all works flawlessly. the stereo is to be given some props here but if the card wasn't up to par it clearly wouldn't be as fast as it is. very glad with the purchase. will buy again if the need ever comes. i've had this card for a couple months now and it is amazing, i use it in my phone so i can put stuff in there rather then use the space on the phone, its extremely responsive and extremely fast as well, i had a sandisk class 4 microsd card and this flies past that easily, usually when i would try playing music it would take a couple seconds to start, but using this it starts instantaneous , it was as if i had stored the music on the phone itself, i dont know what else you might use this card for, but if you are looking for a microsd for your phone, look no further","[""my ipod finally bit the dust, so i bought this card to use in my galaxy 4 so i could use it as my new music player. it was very easy to transfer the music and get it playing right away. i can't complain at all, it was nice to be able to expand my storage on my phone enough with this that i didn't have to go buy another ipod. i have a lot of music and this thing holds it all and doesn't slow my phone down at all. no complaints here, i actually bought another one of these for my galaxy tab so i can keep all my music on that too. so it's safe to say i would buy it again."", ""bought this a few months back for my phone... but after switching phones to one that didn't support extra storage i reformatted and stuck it on my car stereo full of music. even at full capacity it has been there for months now playing without a hitch. music only take about 5 seconds after starting the car to start playing, skipping, fast forwarding or searching all works flawlessly. the stereo is to be given some props here but if the card wasn't up to par it clearly wouldn't be as fast as it is. very glad with the purchase. will buy again if the need ever comes."", ""i've had this card for a couple months now and it is amazing, i use it in my phone so i can put stuff in there rather then use the space on the phone, its extremely responsive and extremely fast as well, i had a sandisk class 4 microsd card and this flies past that easily, usually when i would try playing music it would take a couple seconds to start, but using this it starts instantaneous , it was as if i had stored the music on the phone itself, i dont know what else you might use this card for, but if you are looking for a microsd for your phone, look no further""]"
249,"i bought this for a sansa clip , it worked after formatting the card to fat32. can't say much other than i have tons of lossless songs here that were previously on cds. what i don't like in general is that manufacturers lie about real size of cards arguing some technical issue, it's like saying that 2 2 5, when in reality is not, this card like any other card is not 64gb, it's more like 62gb can't remember exact size, don't have card available at hand .2 2 is not 5. this card is advertised as 64gb yet in reality is lower, manufactures using false advertising as usual. this kinds of memory cards are a good example of false advertisement. i made the mistake of buying a supposed 64gig card on ebay and found that it was fake. so, i decided to purposely buy a retail packaged sanddisk card directly from amazon. the card is great, i reformatted it to fat32 for use with my sansa clipzip and hisoundaudio studio v 3rd anniversary. i have not had any problems with the card, works as advertised and the transfer speeds are great when loading files onto the card. 128gb in the size of a fingernail for this price, who'da thunk it?works fine in my sansa clip zip using rockbox software probably fine with original firmware but i haven't tried it .nota bene as with all sdhc xc cards, it comes from the factory formatted to exfat.for rockbox at least, and probably other software, reformatting to fat32 is required.if your device or software supports exfat, you won't care about this caveat.i'm only using it for mp3 bitrates, so i can't comment on speed issues.the dark red printing on the card is hard to read compared to the white on the 64gb cards.awesome! thank you sandisk and amazon.","[""i bought this for a sansa clip , it worked after formatting the card to fat32. can't say much other than i have tons of lossless songs here that were previously on cds. what i don't like in general is that manufacturers lie about real size of cards arguing some technical issue, it's like saying that 2 2 5, when in reality is not, this card like any other card is not 64gb, it's more like 62gb can't remember exact size, don't have card available at hand .2 2 is not 5. this card is advertised as 64gb yet in reality is lower, manufactures using false advertising as usual. this kinds of memory cards are a good example of false advertisement."", 'i made the mistake of buying a supposed 64gig card on ebay and found that it was fake. so, i decided to purposely buy a retail packaged sanddisk card directly from amazon. the card is great, i reformatted it to fat32 for use with my sansa clipzip and hisoundaudio studio v 3rd anniversary. i have not had any problems with the card, works as advertised and the transfer speeds are great when loading files onto the card.', ""128gb in the size of a fingernail for this price, who'da thunk it?works fine in my sansa clip zip using rockbox software probably fine with original firmware but i haven't tried it .nota bene as with all sdhc xc cards, it comes from the factory formatted to exfat.for rockbox at least, and probably other software, reformatting to fat32 is required.if your device or software supports exfat, you won't care about this caveat.i'm only using it for mp3 bitrates, so i can't comment on speed issues.the dark red printing on the card is hard to read compared to the white on the 64gb cards.awesome! thank you sandisk and amazon.""]"
250,"it has worked perfectly for last few weeks. i am using it in a garmin dash cam system. it has replaced the original 4gig chip originally supplied with the unit. i have been using sandisk chips for over ten years with absolutely no issues. this is top of the food chain for sd micro chips. i bought this item and at first the card was defective however a quick online chat with sandisk and two weeks later i had a new working device. not much to say other than a great product and company. definitely recommend. what can i say, the card works perfectly, haven't had a single issue with it. i had a sandisk card at one point that didn't work properly and sandisks customer service was great in replacing my product which is the reason i will keep giving them my business.","['it has worked perfectly for last few weeks. i am using it in a garmin dash cam system. it has replaced the original 4gig chip originally supplied with the unit. i have been using sandisk chips for over ten years with absolutely no issues. this is top of the food chain for sd micro chips.', 'i bought this item and at first the card was defective however a quick online chat with sandisk and two weeks later i had a new working device. not much to say other than a great product and company. definitely recommend.', ""what can i say, the card works perfectly, haven't had a single issue with it. i had a sandisk card at one point that didn't work properly and sandisks customer service was great in replacing my product which is the reason i will keep giving them my business.""]"
251,"got this because you can't beat the price and sandisk has so far always been reliable for me. i own two 32gb uhs 1 cards and a few older 16gb, 8gb, class 4, class 6, etc sandisk microsds not including my standard sds or my usb thumb drives and they have stood up to my tests with only one card i can think of failing, which i was still able to recover all the data from just not write to it anymore and i'm pretty hard on my rewritable media. what more can you say? in the past, i've bought lots of cf and sd cards and usb keys. years ago, i bought brands randomly until i had a failure with a particularly high priced brand. at the time, these critters were tres chere, so i decided to standardize on wd because i'd never had a failure except for hard drives, but that's a different topic .now that the price per gig is less than i used to pay per meg, i still stick with wd because i'm using these cards over long periods of time and don't want to lose the data.i recognize that this is anecdotal and may or may not be in line with what consumer reports says or others' experience, but by now, i'm a mindless fan and frequently chant roll wide. now, if only they would get rid of the anti shoplifting packaging . . . . i bought this with costco black friday deal and started using just a couple of days ago. today when i was transferring video files from my phone to the card, i wasn't able to because it stopped half way. now, nothing can be written on it.it was purchased from costco, so it's not a fake microsdhc card. i tested it out its authenticity with an app on google play and verified that it's real too. still, it's a piece junk. what is sandisk doing to its reputation?i would advise shopper to choose other brands over this. surely, it's cheap but would you rather lose all of the important files that you store in it?","[""got this because you can't beat the price and sandisk has so far always been reliable for me. i own two 32gb uhs 1 cards and a few older 16gb, 8gb, class 4, class 6, etc sandisk microsds not including my standard sds or my usb thumb drives and they have stood up to my tests with only one card i can think of failing, which i was still able to recover all the data from just not write to it anymore and i'm pretty hard on my rewritable media. what more can you say?"", ""in the past, i've bought lots of cf and sd cards and usb keys. years ago, i bought brands randomly until i had a failure with a particularly high priced brand. at the time, these critters were tres chere, so i decided to standardize on wd because i'd never had a failure except for hard drives, but that's a different topic .now that the price per gig is less than i used to pay per meg, i still stick with wd because i'm using these cards over long periods of time and don't want to lose the data.i recognize that this is anecdotal and may or may not be in line with what consumer reports says or others' experience, but by now, i'm a mindless fan and frequently chant roll wide. now, if only they would get rid of the anti shoplifting packaging . . . ."", ""i bought this with costco black friday deal and started using just a couple of days ago. today when i was transferring video files from my phone to the card, i wasn't able to because it stopped half way. now, nothing can be written on it.it was purchased from costco, so it's not a fake microsdhc card. i tested it out its authenticity with an app on google play and verified that it's real too. still, it's a piece junk. what is sandisk doing to its reputation?i would advise shopper to choose other brands over this. surely, it's cheap but would you rather lose all of the important files that you store in it?""]"
252,"no problems encountered and seems perfectly compatable with the s4... can't even tell when you are using something off the card or off the phones internal memory.note that up to 32gb it requires the hc cards, from there to 64gb it requires the xc version.happy with this purchase so far. have used this same sd card in me galaxy s3 for the whole time i had it then put it in my s4 when i got that and have had no issues. has been fast and reliable and i have gotten what i paid for that's for sure. i held off on rating this item until i had a chance to evaluate its performance. i am glad i made the purchase. this memory card is just what i needed. it has given me a steady, and strong performance. the access time to games and photos is very acceptable. as to the unspoken problems with the galaxy s4,i have not had a problem at this point. my card has not dismounted, nor have i experienced any failure on the memory cards part.","[""no problems encountered and seems perfectly compatable with the s4... can't even tell when you are using something off the card or off the phones internal memory.note that up to 32gb it requires the hc cards, from there to 64gb it requires the xc version.happy with this purchase so far."", ""have used this same sd card in me galaxy s3 for the whole time i had it then put it in my s4 when i got that and have had no issues. has been fast and reliable and i have gotten what i paid for that's for sure."", 'i held off on rating this item until i had a chance to evaluate its performance. i am glad i made the purchase. this memory card is just what i needed. it has given me a steady, and strong performance. the access time to games and photos is very acceptable. as to the unspoken problems with the galaxy s4,i have not had a problem at this point. my card has not dismounted, nor have i experienced any failure on the memory cards part.']"
253,i use the phone with this card in combination with an eye fi mobi card to back up photos when i'm in the field. this card is great you can save lots of pictures or files on this card the card works great in most phones same as i wrote for all other cards by sandiskgood qualityworks well for long timea must for extra photos and songs in your cellphone,"[""i use the phone with this card in combination with an eye fi mobi card to back up photos when i'm in the field."", 'this card is great you can save lots of pictures or files on this card the card works great in most phones', 'same as i wrote for all other cards by sandiskgood qualityworks well for long timea must for extra photos and songs in your cellphone']"
254,"spent over 50 and the thing came fast and didn't work. neither my computer nor my phone could read it or format it. i have had plenty of memory cards, so i know to unmount it with software. odds are yours will be fine, mine sucked, died within 6 months! stopped being able to read or write when i went to destroy it, it crumbled easily into tiny pieces. never again.","[""spent over 50 and the thing came fast and didn't work. neither my computer nor my phone could read it or format it. i have had plenty of memory cards, so i know to unmount it with software. odds are yours will be fine, mine sucked,"", 'died within 6 months! stopped being able to read or write when i went to destroy it, it crumbled easily into tiny pieces. never again.']"
255,"when i first got this card, it worked perfectly in my galaxy s3 phone. then, i rooted the phone and installed the cyanogen mod rom to gain additional features not available from my carrier. the card was instantly corrupted by that rom, because it's formatted with a filing system the rom doesn't support. fortunately there was nothing on the card i couldn't replace.i ended up having to use a third party utility to format the card with a filing system supported by both windows and the rom.once properly formatted, there have been no corruption or data loss issues and the card has performed well.if you are using a stock galaxy s3 rom, you'll have no problem at all. you'll find the card roomy and fast. i ordered this card as part of a lighning deal back in november. the card was working fine in my galaxy s3 until a few weeks ago where it would intermittently not be recognized by my phone or my desktop computer and today, 4 months later, it died completely. i guess you really do get what you pay for. i have found this chip works well even in conditions that aren't ideal. i bought a 16gb galaxy s 3 and tried this chip but the phone has a flaw with the 32gb microsoft chips so it worked for a month then would randomly eject the card when i didn't do anything.","[""when i first got this card, it worked perfectly in my galaxy s3 phone. then, i rooted the phone and installed the cyanogen mod rom to gain additional features not available from my carrier. the card was instantly corrupted by that rom, because it's formatted with a filing system the rom doesn't support. fortunately there was nothing on the card i couldn't replace.i ended up having to use a third party utility to format the card with a filing system supported by both windows and the rom.once properly formatted, there have been no corruption or data loss issues and the card has performed well.if you are using a stock galaxy s3 rom, you'll have no problem at all. you'll find the card roomy and fast."", 'i ordered this card as part of a lighning deal back in november. the card was working fine in my galaxy s3 until a few weeks ago where it would intermittently not be recognized by my phone or my desktop computer and today, 4 months later, it died completely. i guess you really do get what you pay for.', ""i have found this chip works well even in conditions that aren't ideal. i bought a 16gb galaxy s 3 and tried this chip but the phone has a flaw with the 32gb microsoft chips so it worked for a month then would randomly eject the card when i didn't do anything.""]"
256,"this is the best accessory that you can buy for your smartphone! simple explanation 1 i loaded all my hd movies onto this micro sd card, inserted it into my samsung galaxy s3, and it plays them superbly without any delays, as it it up to 30mb s read speed!2 the most important reason for this being the best accessory for your phone is to think about this the premium you pay for an iphone 64gb is 200. the price you pay for this 64gb micro sd card is 50 depends on amazon's pricing at the time . that means you get the same thing for 150 less, and you can interchange your sd card between devices if you buy a new tablet for example .no brainer.note that it reads only at 10mb s, so a 7gb hd movie will take about 10 15 minutes to load up. if you want tons of storage on your phone or device this is the answer. the card is also fast i can watch an hd movie or shoot one with my phone with no issues whatsoever.i upgraded from a 32g card to this newer faster one and can really tell the difference. the faster cards are worth the upgrade price.","[""this is the best accessory that you can buy for your smartphone! simple explanation 1 i loaded all my hd movies onto this micro sd card, inserted it into my samsung galaxy s3, and it plays them superbly without any delays, as it it up to 30mb s read speed!2 the most important reason for this being the best accessory for your phone is to think about this the premium you pay for an iphone 64gb is 200. the price you pay for this 64gb micro sd card is 50 depends on amazon's pricing at the time . that means you get the same thing for 150 less, and you can interchange your sd card between devices if you buy a new tablet for example .no brainer.note that it reads only at 10mb s, so a 7gb hd movie will take about 10 15 minutes to load up."", 'if you want tons of storage on your phone or device this is the answer. the card is also fast i can watch an hd movie or shoot one with my phone with no issues whatsoever.i upgraded from a 32g card to this newer faster one and can really tell the difference. the faster cards are worth the upgrade price.']"
257,"using it in my htc inspire and so far no problems had to format it though, the card is fast and works really well. i'm considering buying one for my tablet. after reading many reviews i decided to purchase this card for my new galaxy s3 phone. i powered off my phone ,removed the back cover and put this card in and turned my phone on and i did not need to format it or anything it was ready to go. so far so good. purchased for my galaxie 3 phone and it fits and works. not much else to say. ok, the price was good.update 06 24 13it stopped working! all of a sudden my phone started alerting me that the sd chip was mounting and dismounting. caused the battery to drain in a few hours. everything on the card was lost. i attempted to re format in my laptop. card was not found by laptop.googled the issue and found many blogs of others experiencing the same problem.i will attempt to return to amazon.","[""using it in my htc inspire and so far no problems had to format it though, the card is fast and works really well. i'm considering buying one for my tablet."", 'after reading many reviews i decided to purchase this card for my new galaxy s3 phone. i powered off my phone ,removed the back cover and put this card in and turned my phone on and i did not need to format it or anything it was ready to go. so far so good.', 'purchased for my galaxie 3 phone and it fits and works. not much else to say. ok, the price was good.update 06 24 13it stopped working! all of a sudden my phone started alerting me that the sd chip was mounting and dismounting. caused the battery to drain in a few hours. everything on the card was lost. i attempted to re format in my laptop. card was not found by laptop.googled the issue and found many blogs of others experiencing the same problem.i will attempt to return to amazon.']"
258,"this memory card worked well in my samsung s3 and was instantly recognized. i didn't have to do a single thing aside from installing it. i use this memory card in my galaxy s3, and though i had some issues getting it formatted correctly this is the phone's fault it works like a dream and have had zero issues. i've been using this card for over 2 months and it works perfectly. i installed it in a samsung galaxy s3 and it was immediately recognized. no need for formatting or other special handling.","[""this memory card worked well in my samsung s3 and was instantly recognized. i didn't have to do a single thing aside from installing it."", ""i use this memory card in my galaxy s3, and though i had some issues getting it formatted correctly this is the phone's fault it works like a dream and have had zero issues."", ""i've been using this card for over 2 months and it works perfectly. i installed it in a samsung galaxy s3 and it was immediately recognized. no need for formatting or other special handling.""]"
259,"the only memory i use for most devices. have never had one fail, whether it be this microsdhc, compact flash, sd, flash drives, etc. great company. i dont understand why but i use both micro sd cards and usb and these always seem to work better and last longer.","['the only memory i use for most devices. have never had one fail, whether it be this microsdhc, compact flash, sd, flash drives, etc. great company.', 'i dont understand why but i use both micro sd cards and usb and these always seem to work better and last longer.']"
260,formated to fat32 using easy partition home edition free on the web and it works on both my samsung galaxy s ii phone and asus tf101 tabletam gonna buy another one so each can have one works great in my compatible device but if you think you can reformat to fat32 and us in an older device only designed for 32gb you will likely experience excess battery drain even if you think it is working fine to start with. i reformatted it in disk utility on my mac so that is fat32. and it works very well in my device nokia n900 .,"['formated to fat32 using easy partition home edition free on the web and it works on both my samsung galaxy s ii phone and asus tf101 tabletam gonna buy another one so each can have one', 'works great in my compatible device but if you think you can reformat to fat32 and us in an older device only designed for 32gb you will likely experience excess battery drain even if you think it is working fine to start with.', 'i reformatted it in disk utility on my mac so that is fat32. and it works very well in my device nokia n900 .']"
261,"i purchased this after my wife and i bought our samsung galaxy s4 to store all the music, pictures and videos. the s4 camera is capable of capturing 16 megapixels photos so the 16gb microsd that i had will not suffice. as a matter of fact i've already exhausted the remaining space on the card so this 64gb will allow me to take more photos of our son . i was looking for the maximum storage i could add to my sd card slot on my samsung galaxy s4. while samsung only recommends using standard microsd cards, this microsdxc card works perfectly and offers great speeds. if you need a card to expand your galaxy s4's storage, this is the go to card for you. installed this in my s4 and it was immediately recognized by the phone. i performed a format from the phone just to see what it would do, but it didn't give me any further storage capacity with the card. with card overhead it still adds nearly 59.5gb of storage capacity to my bloated s4.i tested moving existing applications, pictures, music, and other files back and forth between my phone and the card, absolutely no problems. if you're not going to put a lot of music, pictures or applications on your phone, you'll probably be fine with no additional storage. however, if you're going to add any storage capacity to your phone, why not maximize it with a 64gb card for about 50?","[""i purchased this after my wife and i bought our samsung galaxy s4 to store all the music, pictures and videos. the s4 camera is capable of capturing 16 megapixels photos so the 16gb microsd that i had will not suffice. as a matter of fact i've already exhausted the remaining space on the card so this 64gb will allow me to take more photos of our son ."", ""i was looking for the maximum storage i could add to my sd card slot on my samsung galaxy s4. while samsung only recommends using standard microsd cards, this microsdxc card works perfectly and offers great speeds. if you need a card to expand your galaxy s4's storage, this is the go to card for you."", ""installed this in my s4 and it was immediately recognized by the phone. i performed a format from the phone just to see what it would do, but it didn't give me any further storage capacity with the card. with card overhead it still adds nearly 59.5gb of storage capacity to my bloated s4.i tested moving existing applications, pictures, music, and other files back and forth between my phone and the card, absolutely no problems. if you're not going to put a lot of music, pictures or applications on your phone, you'll probably be fine with no additional storage. however, if you're going to add any storage capacity to your phone, why not maximize it with a 64gb card for about 50?""]"
262,works just fine. haven't had any issues. bought another 32gb micro sd mini but haven't used it yet. so far i'm pleased with the purchase.ordered the hassle free packaging and the card seems legit. decided to order the retail packaging for the other card since i read stories about fakes being shipped to people. this sd card works great! i haven't had an issue with it since i bought it and i don't expect to have any issues at all! works well no problems. this is a very good price for a name brand sd card. i will buy again,"[""works just fine. haven't had any issues. bought another 32gb micro sd mini but haven't used it yet. so far i'm pleased with the purchase.ordered the hassle free packaging and the card seems legit. decided to order the retail packaging for the other card since i read stories about fakes being shipped to people."", ""this sd card works great! i haven't had an issue with it since i bought it and i don't expect to have any issues at all!"", 'works well no problems. this is a very good price for a name brand sd card. i will buy again']"
263,what can i say? it's a micro sd card i use for a sandisk sansa clip . it has worked perfectly with no errors. i love this micro sd card. i'm glad i bought it and i use it for my samsung galaxy tab 3. i have never gotten any errors with it so far or failures.,"[""what can i say? it's a micro sd card i use for a sandisk sansa clip . it has worked perfectly with no errors."", ""i love this micro sd card. i'm glad i bought it and i use it for my samsung galaxy tab 3. i have never gotten any errors with it so far or failures.""]"
264,"this is just what my s4 wanted! i have so many songs to take around with me that i had to get a bigger card and this one is great! no memory issues any time soon! i bought this after i found out that you can add a memory card to the samsung galaxy s4! i never even knew that you could, and so once i found out i bought this and installed it. it's worked perfectly since and holds all of my songs and videos. great buy! i purchased the sandisk ultra 64gb micosdxc memory card to put in my samsung s4. i tried to purchase this memory card locally at and bestbuy but no one had a 64 gb memory card. i am glad that i purchased the memory card as not i can put my backups, music, podcasts, etc... on added storage. i would recommend this memory card for anyone who has a samsung s4.pceddie ...","['this is just what my s4 wanted! i have so many songs to take around with me that i had to get a bigger card and this one is great! no memory issues any time soon!', ""i bought this after i found out that you can add a memory card to the samsung galaxy s4! i never even knew that you could, and so once i found out i bought this and installed it. it's worked perfectly since and holds all of my songs and videos. great buy!"", 'i purchased the sandisk ultra 64gb micosdxc memory card to put in my samsung s4. i tried to purchase this memory card locally at and bestbuy but no one had a 64 gb memory card. i am glad that i purchased the memory card as not i can put my backups, music, podcasts, etc... on added storage. i would recommend this memory card for anyone who has a samsung s4.pceddie ...']"
265,"i download movies, pictures, music and i still have space in my sd card, my phone galaxy s3 is a real and powerfull phone with 64 16 gigas.thank youraul what a bargain! 64gb of memory for all of your music and movies. i bought this and the galaxy s4 and couldn't be happier. this much memory in an iphone would cost an arm and leg.comes with a sd size attachment so you can easily transfer files straight from your computer.","['i download movies, pictures, music and i still have space in my sd card, my phone galaxy s3 is a real and powerfull phone with 64 16 gigas.thank youraul', ""what a bargain! 64gb of memory for all of your music and movies. i bought this and the galaxy s4 and couldn't be happier. this much memory in an iphone would cost an arm and leg.comes with a sd size attachment so you can easily transfer files straight from your computer.""]"
266,stopped working and could not reformat. didn't have good luck with this item or the vendor selling this item. hopefully just a bad one...sandisk is usually pretty good received a defective one that did not want to format. returned it. bought a different brand instead although from past experience sandisk has been fine. sandisk told me i needed to send this to them to format it. it will not recognize in any of my items.,"[""stopped working and could not reformat. didn't have good luck with this item or the vendor selling this item. hopefully just a bad one...sandisk is usually pretty good"", 'received a defective one that did not want to format. returned it. bought a different brand instead although from past experience sandisk has been fine.', 'sandisk told me i needed to send this to them to format it. it will not recognize in any of my items.']"
267,"as an photographer i rely on high quality cards for my images...this one does the job and then some. two thumbs up !! well i do try to take alot of pictures and with this card it does the job for me, i would recommend this to even my enemies really good product especially when they go on sale on amazon....package kinda two big for this little thing, but i will work with that little problem. this card allows the camera to work for hours and continued copies.it was one of the best purchases i have ever made. it was worth the money.","['as an photographer i rely on high quality cards for my images...this one does the job and then some. two thumbs up !!', 'well i do try to take alot of pictures and with this card it does the job for me, i would recommend this to even my enemies really good product especially when they go on sale on amazon....package kinda two big for this little thing, but i will work with that little problem.', 'this card allows the camera to work for hours and continued copies.it was one of the best purchases i have ever made. it was worth the money.']"
268,"i've now bought 5 of these cards i like them so well. i take a lot of pictures in raw, often times filling one of the 64gb cards up in a day or less. they are fast and very handy due to the small size. it works great i'm using it for my car dash cam and i purchased 3 different cards and this is the only one that was actually fast enough for it to read and write. great card with fast write times. excellent for use in dslr or gopro camera. i have used it to save both photos and movies.","[""i've now bought 5 of these cards i like them so well. i take a lot of pictures in raw, often times filling one of the 64gb cards up in a day or less. they are fast and very handy due to the small size."", ""it works great i'm using it for my car dash cam and i purchased 3 different cards and this is the only one that was actually fast enough for it to read and write."", 'great card with fast write times. excellent for use in dslr or gopro camera. i have used it to save both photos and movies.']"
269,"true to its name! sandisk is the best! i am only using this for my smartphone so i guess it's overkill! many said this type of micro sd card is meant for dslr's. i'm going for quality and something that would last a long time. that's why i went for this. highly recommended! sandisk makes some of the best sd and micro sd cards out there. this one is no exception best microsd card. sandisk is a brand i trust for my sd and microsd card. over the years, they have proven to be the most reliable and least expensive memory card sollution. i also bought the 64gb and you just can't beat the price or the quality.","[""true to its name! sandisk is the best! i am only using this for my smartphone so i guess it's overkill! many said this type of micro sd card is meant for dslr's. i'm going for quality and something that would last a long time. that's why i went for this. highly recommended!"", 'sandisk makes some of the best sd and micro sd cards out there. this one is no exception', ""best microsd card. sandisk is a brand i trust for my sd and microsd card. over the years, they have proven to be the most reliable and least expensive memory card sollution. i also bought the 64gb and you just can't beat the price or the quality.""]"
270,"i purchased a 64gb samsung sd card to expand the memory of the phone.however, i frequently get a message that the card has been removed or is recovering.sometimes the problem clears itself, other times i have to reboot the phone.it also says mtp application will restart to prepare sd card . it then starts listing the restarting recovering sd card.i eventually replaced it with a sandisk 16gb microsd hd card from walmart and it is operating fine.i have been reading a lot about people having issues with the 64gb sandisk cards and the galaxy s4.i wish i had done more research before wasting 50 on what i thought was a good buy! i bought this 64 gb unit for my new samsung galaxy s iv. i wanted the maximum size for music and the copious number of pictures i take of my kids and other things.i like the read and write speed on this card. i like the size but would have been happier with a bigger card but this is the max for my phone.always happy with sandisk, you will not be sorry you paid a little more.edit should not have put they have never let me down in the title! 3 months in, i have been having problems with the sd card slot on my galaxy s4. not sure if it is the phone or the sd card moving in the slot. t mobile have sent me a new phone so we shall see.edit 2 4 months in and i am having more problems with the same card. i received a new phone from t mobile and the same problem continues to occur. i have formatted the card twice and this gives a little time before the problem reoccurs. i have spoken to sandisk and will call them again to have this card replaced. i will let you know how this goes. i haven't figured out yet if i'm a dummy or if i have a defective card. i don't know if the card is bad since i can't even get the card to stay in my samsung galaxy s4.8. the little card will go in the larger one won't but it won't stay in. if i put pressure on it the samsung says .. preparing sd card but as soon as i release pressure the samsung says .... card removed.this card came from a source outside of amazon and took way to long to get here. it arrived in a white envelope with no instructions. i'm very upset about this purchase as i've never had a problem before with either sandisk or amazon. i'll try to find someone with more experience than me to give this a try before i return it. i would have expected this to come in a package from sandisk, like other sandisk products i've bought in big box stores or from amazon but it did not.","['i purchased a 64gb samsung sd card to expand the memory of the phone.however, i frequently get a message that the card has been removed or is recovering.sometimes the problem clears itself, other times i have to reboot the phone.it also says mtp application will restart to prepare sd card . it then starts listing the restarting recovering sd card.i eventually replaced it with a sandisk 16gb microsd hd card from walmart and it is operating fine.i have been reading a lot about people having issues with the 64gb sandisk cards and the galaxy s4.i wish i had done more research before wasting 50 on what i thought was a good buy!', 'i bought this 64 gb unit for my new samsung galaxy s iv. i wanted the maximum size for music and the copious number of pictures i take of my kids and other things.i like the read and write speed on this card. i like the size but would have been happier with a bigger card but this is the max for my phone.always happy with sandisk, you will not be sorry you paid a little more.edit should not have put they have never let me down in the title! 3 months in, i have been having problems with the sd card slot on my galaxy s4. not sure if it is the phone or the sd card moving in the slot. t mobile have sent me a new phone so we shall see.edit 2 4 months in and i am having more problems with the same card. i received a new phone from t mobile and the same problem continues to occur. i have formatted the card twice and this gives a little time before the problem reoccurs. i have spoken to sandisk and will call them again to have this card replaced. i will let you know how this goes.', ""i haven't figured out yet if i'm a dummy or if i have a defective card. i don't know if the card is bad since i can't even get the card to stay in my samsung galaxy s4.8. the little card will go in the larger one won't but it won't stay in. if i put pressure on it the samsung says .. preparing sd card but as soon as i release pressure the samsung says .... card removed.this card came from a source outside of amazon and took way to long to get here. it arrived in a white envelope with no instructions. i'm very upset about this purchase as i've never had a problem before with either sandisk or amazon. i'll try to find someone with more experience than me to give this a try before i return it. i would have expected this to come in a package from sandisk, like other sandisk products i've bought in big box stores or from amazon but it did not.""]"
271,"the card seemed to work well in most devices that i tried it in, but in a samsung galaxy s4 it would continue to unmount and mount over over on the phone a known issue on the galaxy s4 forums due to a possibly bad batch of them. i tried to reformat the card in the phone and from a pc computer, but that didn't help. finally i just called sandisk and they had to rma the card, which took about 2 weeks from start to finish when i had the new card in my hand. the new 64 gb card from sandisk looks slightly different, but still has gray red on it. however, it now works great in the galaxy s4 and hasn't had any unmounting issues now for the past 3 weeks.good card for pretty much everything else, except in the new samsung galaxy s4 phones. i've had this for about a week now and so far no problems. due to my laziness, i didn't do a lot of research beforehand and didn't find out about the problem these cards had with the galaxy s4, which is the phone i have, until after i had bought the card apparently the cards kept unmounting themselves, even if you remounted it in the settings . fortunately, sandisk caught wind of the problem a couple months ago and fixed it, so kudos to them. i purchased this product knowing there might be an issue with the galaxy s4. this card worked for a week or two then began to spontaneously unmount and would mount itself back in. the unmount periods began to become longer than a few hours, days! i tried this card in a galaxy note 2 still with the same result. i attempted to contact sandisk customer service and utilize the warranty. they know of the problem and began the exchange process then instructed me to wait for a mailing label that never came. i called back and was told that they would re email it to me. to this day i am still waiting for that email. i have never had this issue with this company but with ever changing technology, it is what it is, right? i know this card will be good for some device i have. if you own a galaxy phone beware!! i have not attempted to use this in a samsung tablet so on that i cannot review.","[""the card seemed to work well in most devices that i tried it in, but in a samsung galaxy s4 it would continue to unmount and mount over over on the phone a known issue on the galaxy s4 forums due to a possibly bad batch of them. i tried to reformat the card in the phone and from a pc computer, but that didn't help. finally i just called sandisk and they had to rma the card, which took about 2 weeks from start to finish when i had the new card in my hand. the new 64 gb card from sandisk looks slightly different, but still has gray red on it. however, it now works great in the galaxy s4 and hasn't had any unmounting issues now for the past 3 weeks.good card for pretty much everything else, except in the new samsung galaxy s4 phones."", ""i've had this for about a week now and so far no problems. due to my laziness, i didn't do a lot of research beforehand and didn't find out about the problem these cards had with the galaxy s4, which is the phone i have, until after i had bought the card apparently the cards kept unmounting themselves, even if you remounted it in the settings . fortunately, sandisk caught wind of the problem a couple months ago and fixed it, so kudos to them."", 'i purchased this product knowing there might be an issue with the galaxy s4. this card worked for a week or two then began to spontaneously unmount and would mount itself back in. the unmount periods began to become longer than a few hours, days! i tried this card in a galaxy note 2 still with the same result. i attempted to contact sandisk customer service and utilize the warranty. they know of the problem and began the exchange process then instructed me to wait for a mailing label that never came. i called back and was told that they would re email it to me. to this day i am still waiting for that email. i have never had this issue with this company but with ever changing technology, it is what it is, right? i know this card will be good for some device i have. if you own a galaxy phone beware!! i have not attempted to use this in a samsung tablet so on that i cannot review.']"
272,"it got it because my sandisk 32gb was getting full and had about 2 3gb free. i have no almost filled this one up in a few months and have about 17gb free now. i am starting to need the new sandisk 128gb. i need money and storage. i have been using it without any problems coming up. my s4 treats it nice and i can get decent speeds of about 10 15mb s transfer but i do hate waiting for a gb of 1080p footage to transfer but i guess i would rather have storage over speed. i would recommend it to anyone needing high storage at a cheap price. this was a great deal that i would purchase again if i need another just like it. my galaxy note 3 is great for videos, games and movies so it needs a lot of storage. this sandisk had just the right amount of gbs and price to make this a great deal. it's almost filled up already so i might buy another one soon. don't hesitate if you're interested in quality storage.","['it got it because my sandisk 32gb was getting full and had about 2 3gb free. i have no almost filled this one up in a few months and have about 17gb free now. i am starting to need the new sandisk 128gb. i need money and storage. i have been using it without any problems coming up. my s4 treats it nice and i can get decent speeds of about 10 15mb s transfer but i do hate waiting for a gb of 1080p footage to transfer but i guess i would rather have storage over speed. i would recommend it to anyone needing high storage at a cheap price.', ""this was a great deal that i would purchase again if i need another just like it. my galaxy note 3 is great for videos, games and movies so it needs a lot of storage. this sandisk had just the right amount of gbs and price to make this a great deal. it's almost filled up already so i might buy another one soon. don't hesitate if you're interested in quality storage.""]"
273,"i am very happy with this sandisk, if anyone is looking for a goodly amount of storage, get this one. sandisk is the best brand in my oppinion. 32gb is a great size to put music, video etc. recommend it! i used to use an 8gb one n i recently upgraded to this one as i have bigger need. put it into my mobile as soon as i got it n it works well. quite easy to use n i use it for storing all my music pictures on my mobile n sometimes upload movies when i go on long drives. sandisk is a great brand n its definitely worth it.","['i am very happy with this sandisk, if anyone is looking for a goodly amount of storage, get this one.', 'sandisk is the best brand in my oppinion. 32gb is a great size to put music, video etc. recommend it!', 'i used to use an 8gb one n i recently upgraded to this one as i have bigger need. put it into my mobile as soon as i got it n it works well. quite easy to use n i use it for storing all my music pictures on my mobile n sometimes upload movies when i go on long drives. sandisk is a great brand n its definitely worth it.']"
274,"bought this for galaxy s3, worked like a charm for 3 months then i started getting error messages on phone stating the card has been taken out or that it is not there, went on like this for a week or so then one day gone. initially i thought it was problem with phone. popped in a 2gb card from bb it worked. popped this one into the bb same, no detection. after spending so much on an sd card its disappointing to see it go bust outside of return period. acquired this card a month ago for use in my phone samsung galaxy s4 and only have taken issues with it.the micro sd card is really bad, the camera takes a long time to be ready and repeatedly resets the phone. absolutely not recommend it in my previous phone s3 used a micro sd card 32gb samsung brand and never had problems with it.to correct the problem of instability recommend formatting the card, i did and the problem remains the same.live outside the u.s. and i must acquire excellent quality products because the cost of returning it exceeds the cost of the product.next time buy a card samsung brand that never gave me problems. i bought this card for my samsung galaxy s3. unfortunately it failed after 4 months. i contacted sandisk and they promptly sent me another. it has been going strong for 6 months.","['bought this for galaxy s3, worked like a charm for 3 months then i started getting error messages on phone stating the card has been taken out or that it is not there, went on like this for a week or so then one day gone. initially i thought it was problem with phone. popped in a 2gb card from bb it worked. popped this one into the bb same, no detection. after spending so much on an sd card its disappointing to see it go bust outside of return period.', 'acquired this card a month ago for use in my phone samsung galaxy s4 and only have taken issues with it.the micro sd card is really bad, the camera takes a long time to be ready and repeatedly resets the phone. absolutely not recommend it in my previous phone s3 used a micro sd card 32gb samsung brand and never had problems with it.to correct the problem of instability recommend formatting the card, i did and the problem remains the same.live outside the u.s. and i must acquire excellent quality products because the cost of returning it exceeds the cost of the product.next time buy a card samsung brand that never gave me problems.', 'i bought this card for my samsung galaxy s3. unfortunately it failed after 4 months. i contacted sandisk and they promptly sent me another. it has been going strong for 6 months.']"
275,"this is a very fast microsd card compared to the class 4 speeds. it looks nice and it works. i'm not sure what else i can say other than that i have no problems with it and it hasn't died on my yet.it's been about 4 months at least now in my samsung galaxy s3. the s3 had a reputation for breaking sandisk sd cards for some reason and it's only randomly unmounted about 3 times but easily remounted with a take out and put back in with maybe a restart on the phone to refresh some apps to see it. i think this is just because the galaxy s3 tends to get really hot right below the sd card which might damage it a bit. i don't think they put it in a good spot but that has nothing to do with the card itself so just get it if you want a nice sd card. this microsd card works as advertised. my samsung galaxy s3 developed a problem with the sd card that was included with the purchase of the phone. once i replaced it, it's as good as new. i bought it for just 23 usd, it is very fast and reliable, simply the best option for a 10 class micro sd of 32gb.update 11 08 2013don't buy it for using it on a samsung galaxy s3, there's seem to be an issue between the phone an this particular reference that makes that after a while the microsd card lost its data and get nonfunctional. i can't be repair after that, so it gets totally useless. you can tell the card is going to fail before it's too late because constantly the phone shows a notification indicating that the card was ejected and it needs to be mounted again. when this happens i strongly recommend you to backup your data and change the microsd card of your phone and use it in other device before it gets corrupted.","[""this is a very fast microsd card compared to the class 4 speeds. it looks nice and it works. i'm not sure what else i can say other than that i have no problems with it and it hasn't died on my yet.it's been about 4 months at least now in my samsung galaxy s3. the s3 had a reputation for breaking sandisk sd cards for some reason and it's only randomly unmounted about 3 times but easily remounted with a take out and put back in with maybe a restart on the phone to refresh some apps to see it. i think this is just because the galaxy s3 tends to get really hot right below the sd card which might damage it a bit. i don't think they put it in a good spot but that has nothing to do with the card itself so just get it if you want a nice sd card."", ""this microsd card works as advertised. my samsung galaxy s3 developed a problem with the sd card that was included with the purchase of the phone. once i replaced it, it's as good as new."", ""i bought it for just 23 usd, it is very fast and reliable, simply the best option for a 10 class micro sd of 32gb.update 11 08 2013don't buy it for using it on a samsung galaxy s3, there's seem to be an issue between the phone an this particular reference that makes that after a while the microsd card lost its data and get nonfunctional. i can't be repair after that, so it gets totally useless. you can tell the card is going to fail before it's too late because constantly the phone shows a notification indicating that the card was ejected and it needs to be mounted again. when this happens i strongly recommend you to backup your data and change the microsd card of your phone and use it in other device before it gets corrupted.""]"
276,"i have owned these little card for about a year now. works as intended. no signs of corruption or data loss. i usually always buy sandisk. like all sandisk products i have purchases in the past, this little card works just fine in my phone and i have not had any issues at all. i am not sure what happened to these cards but i have owned several and they stop working quickly. i sent a message to sandisk and never heard back. very disappointing!","['i have owned these little card for about a year now. works as intended. no signs of corruption or data loss. i usually always buy sandisk.', 'like all sandisk products i have purchases in the past, this little card works just fine in my phone and i have not had any issues at all.', 'i am not sure what happened to these cards but i have owned several and they stop working quickly. i sent a message to sandisk and never heard back. very disappointing!']"
277,"a fast memory card with room to spare at an amazing price. suitable for lots of smart phone movies fastest storage available today imho! i love this card. it is fast...... and enough space to hold more than i will use. i can put movies on there with plenty of space for music, pictures, ect. hard to say much about a memory card other than it works as expected, since it's class 10 it's fast, since it's 32gb is has plenty of space for music, pictures, and videos.","['a fast memory card with room to spare at an amazing price. suitable for lots of smart phone movies fastest storage available today imho!', 'i love this card. it is fast...... and enough space to hold more than i will use. i can put movies on there with plenty of space for music, pictures, ect.', ""hard to say much about a memory card other than it works as expected, since it's class 10 it's fast, since it's 32gb is has plenty of space for music, pictures, and videos.""]"
278,"i ordered this for my new samsung galaxy note ii, and it works awesome! installed it, and had no problems. i loaded all my music on it, and didn't even scratch the surface of the capacity of this card! i shouldn't ever have to worry about running outta room with this card. highly recommended for any smartphone user! the card was put into my samsung galaxy tab 3.0 7 and worked great right from the start. i haven't had any issues with it whatsoever. this is a great card and product, just need to watch out for device compatibility. got it on sale for the samsung galaxy note ii and it works great! also came with an adapter.","[""i ordered this for my new samsung galaxy note ii, and it works awesome! installed it, and had no problems. i loaded all my music on it, and didn't even scratch the surface of the capacity of this card! i shouldn't ever have to worry about running outta room with this card. highly recommended for any smartphone user!"", ""the card was put into my samsung galaxy tab 3.0 7 and worked great right from the start. i haven't had any issues with it whatsoever."", 'this is a great card and product, just need to watch out for device compatibility. got it on sale for the samsung galaxy note ii and it works great! also came with an adapter.']"
279,"used this micro sd card in my samsung galaxy tab 2. was watching a video stored on the card while ago when the video quit playing, and the message 34 sorry, this file cannot be played 34 appeared on the screen. checked es file explorer and found that all the apps, movies, music, etc. i had stored on the micro sd card were gone. the card was apparently totally blank. inserted the card in my desktop computer, and the computer said that the card had to be reformatted before it could be used. tried to reformat it to ntfs, ex fat, and fat32. each time the computer said it was unable to complete operation. guess this card is dead after a little over 4 months.... maybe i got a defective card but this one felt a bit 34 thinner 34 and 34 flimsier 34 than other micro sd cards i've had.the real problem was after a week of use as expanded storage in a tablet, i started having trouble with certain programs installed on the card, then finally the tablet gave me a message that the card was corrupt, and while a pc would recognize it, eery time i tried to format the card, there would be an error. when i first inserted the card in my computer it wouldn't recognize it. had to 34 jiggle 34 it around in the card reader, and then it took a long time for my computer to finally recognize something was there. when i tried to read and or format the card it kept telling me 34 there is no disc installed in removable drive e 34 . i wasted a lot of time trying to find a cause fix before i tried a different sd adapter. as soon as i changed adapters the card worked perfectly.","['used this micro sd card in my samsung galaxy tab 2. was watching a video stored on the card while ago when the video quit playing, and the message 34 sorry, this file cannot be played 34 appeared on the screen. checked es file explorer and found that all the apps, movies, music, etc. i had stored on the micro sd card were gone. the card was apparently totally blank. inserted the card in my desktop computer, and the computer said that the card had to be reformatted before it could be used. tried to reformat it to ntfs, ex fat, and fat32. each time the computer said it was unable to complete operation. guess this card is dead after a little over 4 months....', ""maybe i got a defective card but this one felt a bit 34 thinner 34 and 34 flimsier 34 than other micro sd cards i've had.the real problem was after a week of use as expanded storage in a tablet, i started having trouble with certain programs installed on the card, then finally the tablet gave me a message that the card was corrupt, and while a pc would recognize it, eery time i tried to format the card, there would be an error."", ""when i first inserted the card in my computer it wouldn't recognize it. had to 34 jiggle 34 it around in the card reader, and then it took a long time for my computer to finally recognize something was there. when i tried to read and or format the card it kept telling me 34 there is no disc installed in removable drive e 34 . i wasted a lot of time trying to find a cause fix before i tried a different sd adapter. as soon as i changed adapters the card worked perfectly.""]"
280,"sandisk is simply one of the best sdhc microsdhc memory card manufacturer's that i have used for a number of years.i have experienced zero failures, and they are reusable over and over.also their adapters are quite handy to carry when traveling or at the studio. would like to see sdhc cards in the 1 to 5 terabtye in the near future. i really like these sandisk ultra microsdhc class 10 cards. i have several and when i see huge price drops i pick them up for phones, cameras, gps' as well as tablets, on which i store video files for traveling. i've never had a problem with a sandisk. excellent price for top rated microsdhc class 10 card with adapter included. sandisk produces very reliable memory cards have never had one malfunction.","[""sandisk is simply one of the best sdhc microsdhc memory card manufacturer's that i have used for a number of years.i have experienced zero failures, and they are reusable over and over.also their adapters are quite handy to carry when traveling or at the studio. would like to see sdhc cards in the 1 to 5 terabtye in the near future."", ""i really like these sandisk ultra microsdhc class 10 cards. i have several and when i see huge price drops i pick them up for phones, cameras, gps' as well as tablets, on which i store video files for traveling. i've never had a problem with a sandisk."", 'excellent price for top rated microsdhc class 10 card with adapter included. sandisk produces very reliable memory cards have never had one malfunction.']"
281,"i have seen and purchased these at lower prices so i was disappointed on the cost but i needed them pretty quickly and i knew sandisc's are good sd cards. i have had a few different brands of sd card's and i keep coming back to sandisk. the price and quality is great. there really isn't much anyone can say that's bad about sd, they are the best around...sc cards are the best you can get","[""i have seen and purchased these at lower prices so i was disappointed on the cost but i needed them pretty quickly and i knew sandisc's are good sd cards."", ""i have had a few different brands of sd card's and i keep coming back to sandisk. the price and quality is great."", ""there really isn't much anyone can say that's bad about sd, they are the best around...sc cards are the best you can get""]"
282,"the sandisk ultra 64gb micro card is a great addition to maximize the samsung galaxy iiis, whatever version you got 16gb or 32gb. is a very fast memory at a great price. plenty space for pictures, videos and android applications. good for the 1080 videos that the galaxy iiis use. super fast. if you got the most advanced smartphone in the market as i do, this is the memory to get at the right price. a 32gb micro mem card for the samsung galaxy s3 is a great addition to and s3 unit! never a problem with his card and i can expect a long life out of this memory card too! no samsung galaxy s3 should be without one! this should last me until 128 or 256 gb models become available. does not fit the iphone! no iphone can accept micro sd memory upgrades. buy a samsung phone instead!","['the sandisk ultra 64gb micro card is a great addition to maximize the samsung galaxy iiis, whatever version you got 16gb or 32gb. is a very fast memory at a great price. plenty space for pictures, videos and android applications. good for the 1080 videos that the galaxy iiis use. super fast. if you got the most advanced smartphone in the market as i do, this is the memory to get at the right price.', 'a 32gb micro mem card for the samsung galaxy s3 is a great addition to and s3 unit! never a problem with his card and i can expect a long life out of this memory card too!', 'no samsung galaxy s3 should be without one! this should last me until 128 or 256 gb models become available. does not fit the iphone! no iphone can accept micro sd memory upgrades. buy a samsung phone instead!']"
283,"not a good typer or speller here is what i didsince i could not format it on my pc running windows 8 pro or any of my cellphones running android versions of 2.3.1 from republic wireless .on my canon vixia hf m41 dual card camrcorder i formated the card but the thing is, it still read as exfatso i mounted it onto my samsung galaxy 10.1 anyway and it said something about corrupt files or what ever and it asked if i wanted to format and i press ok and yeap it works now it reads about 54 gigs and some. got this 64 gig baby for 19.89 from amazon warehouse deals. i bought two but they cancelled one for no stock but it was still showing stock, oh well all i really needed was one i just got greedy. beware guys. i bought one of these from superior electronics outlet and it arrived completly dead. i tried to format it on windows and on my galaxy s3 and no go.i tried everything that possible ....have been fighting with this card for 3 days now, and no success so far. no response from the seller about it.my last hope is amazon refund me. otherwise i just wasted 80 u buyer beware card unreadable from the get go. luck for me amazon helped me out. there are many others on here that know how to format to fat32 threw window 7 and have had same issues.","['not a good typer or speller here is what i didsince i could not format it on my pc running windows 8 pro or any of my cellphones running android versions of 2.3.1 from republic wireless .on my canon vixia hf m41 dual card camrcorder i formated the card but the thing is, it still read as exfatso i mounted it onto my samsung galaxy 10.1 anyway and it said something about corrupt files or what ever and it asked if i wanted to format and i press ok and yeap it works now it reads about 54 gigs and some. got this 64 gig baby for 19.89 from amazon warehouse deals. i bought two but they cancelled one for no stock but it was still showing stock, oh well all i really needed was one i just got greedy.', 'beware guys. i bought one of these from superior electronics outlet and it arrived completly dead. i tried to format it on windows and on my galaxy s3 and no go.i tried everything that possible ....have been fighting with this card for 3 days now, and no success so far. no response from the seller about it.my last hope is amazon refund me. otherwise i just wasted 80 u', 'buyer beware card unreadable from the get go. luck for me amazon helped me out. there are many others on here that know how to format to fat32 threw window 7 and have had same issues.']"
284,"it appears that the 32gb sandisk ultra micro sd card i purchased from amazon was defective. i installed it in my samsung tablet, but could not successfully transfer files using either a usb cable or wifi. the file transfer would appear to start, but then would slow down and hang completely. it did this on every one of multiple attempts, with different file types, and numbers of files ranging from many to just a single file. i tried loading files onto the card directly from my pc, but then the tablet would not see them. i tried reformatting the card both in my pc and in the tablet, but still got the same result. after a few tries, the tablet would appear to format the card but then tell me that the card was blank unformatted. i did an a b a with an old 8gb sandisk micro sd card that i had laying around. it worked perfectly formating, transferring files, reading and writing files everthing worked. i put the 32gb sandisk ultra card back in the tablet, but had the same problems again. i concluded that the sandisk ultra card was defective and returned it. i'm still using the old 8gb card without a hiccup.the good thing was that amazon's return policy was quick and painless. got this card in early january for my samsung tab2 10.1 tablet. within a couple of weeks, it was loading music files incorrectly onto the card. i did not know what was wrong, but finally thought i would format card again to see if that would correct the problem. card would not quick format or format slowly. as always, amazon is taking care of the problem and i will have replacement card within 24 hours! hope the replacement is more reliable. i am just writing it off as a fluke, as i have never had a problem with a sandisk product in the past.2 14 13 when i called amazon they replaced it to my door within 24 hours! replacement works fine. now that is great service! i own the samsung galaxy tab 2 10.1i bought the 64g microsd card.. please keep in mind i know nothing about computers and i was able to do this. i put it in the device to format...the tablet couldn't read it. would never mount. tried to format it with my computer....and still just wouldnt work..although it would be formatted. remember, i was using all defaults.sent it back, amazon sent me another one. amazingly fast service ...same thing.i called amazon...they knew of no issue why my tablet wouldn't accept the card. i would think that their customer service dept. would stay on top of these posts because i found that this was a huge issue on my third card i did some research. for whatever reason for this sd card to work it must be formatted as a fat 32 not an exfat. but... this is the rub ...windows only allows for formatting either to exfat or ntsf... at first, i thought it was an adult swim reference .....so....that sucks....this means that i can't use this card because i can't format it properly. but wait..there's more....there is a super easy fix....any idiot can do it.....from start to finish took me all of 45 seconds after reading instructions ...and ta duh.....now the micro sd card works fine. thank you amazon for your excellent return policy.. super fast, super easy, super friendly ...but your live customer service should know about this. i can't fault the operator...she was nice..seemed genuinely concerned and tried to make it right ...ok.. no more stalling..here is the address of the youtube video. link to website is in the description. ... ...link to website in description. i used all defaults and worked perfect. or search youtube convert fat32","[""it appears that the 32gb sandisk ultra micro sd card i purchased from amazon was defective. i installed it in my samsung tablet, but could not successfully transfer files using either a usb cable or wifi. the file transfer would appear to start, but then would slow down and hang completely. it did this on every one of multiple attempts, with different file types, and numbers of files ranging from many to just a single file. i tried loading files onto the card directly from my pc, but then the tablet would not see them. i tried reformatting the card both in my pc and in the tablet, but still got the same result. after a few tries, the tablet would appear to format the card but then tell me that the card was blank unformatted. i did an a b a with an old 8gb sandisk micro sd card that i had laying around. it worked perfectly formating, transferring files, reading and writing files everthing worked. i put the 32gb sandisk ultra card back in the tablet, but had the same problems again. i concluded that the sandisk ultra card was defective and returned it. i'm still using the old 8gb card without a hiccup.the good thing was that amazon's return policy was quick and painless."", 'got this card in early january for my samsung tab2 10.1 tablet. within a couple of weeks, it was loading music files incorrectly onto the card. i did not know what was wrong, but finally thought i would format card again to see if that would correct the problem. card would not quick format or format slowly. as always, amazon is taking care of the problem and i will have replacement card within 24 hours! hope the replacement is more reliable. i am just writing it off as a fluke, as i have never had a problem with a sandisk product in the past.2 14 13 when i called amazon they replaced it to my door within 24 hours! replacement works fine. now that is great service!', ""i own the samsung galaxy tab 2 10.1i bought the 64g microsd card.. please keep in mind i know nothing about computers and i was able to do this. i put it in the device to format...the tablet couldn't read it. would never mount. tried to format it with my computer....and still just wouldnt work..although it would be formatted. remember, i was using all defaults.sent it back, amazon sent me another one. amazingly fast service ...same thing.i called amazon...they knew of no issue why my tablet wouldn't accept the card. i would think that their customer service dept. would stay on top of these posts because i found that this was a huge issue on my third card i did some research. for whatever reason for this sd card to work it must be formatted as a fat 32 not an exfat. but... this is the rub ...windows only allows for formatting either to exfat or ntsf... at first, i thought it was an adult swim reference .....so....that sucks....this means that i can't use this card because i can't format it properly. but wait..there's more....there is a super easy fix....any idiot can do it.....from start to finish took me all of 45 seconds after reading instructions ...and ta duh.....now the micro sd card works fine. thank you amazon for your excellent return policy.. super fast, super easy, super friendly ...but your live customer service should know about this. i can't fault the operator...she was nice..seemed genuinely concerned and tried to make it right ...ok.. no more stalling..here is the address of the youtube video. link to website is in the description. ... ...link to website in description. i used all defaults and worked perfect. or search youtube convert fat32""]"
285,"i always buy sandisk because of their reputation, they make a great product and have never had any problems with these sd cards. i have purchased several sandisk sd cards for its reliability and function. this is just one of the purchases and i will be ordering more. it works for my tablet, camera and computer. love it ! not much to be said about this. sandisk makes some of the best sd cards..i have even washed mine in the washing machine by mistake and it still works","['i always buy sandisk because of their reputation, they make a great product and have never had any problems with these sd cards.', 'i have purchased several sandisk sd cards for its reliability and function. this is just one of the purchases and i will be ordering more. it works for my tablet, camera and computer. love it !', 'not much to be said about this. sandisk makes some of the best sd cards..i have even washed mine in the washing machine by mistake and it still works']"
286,"card runs great in my note 2. not sure how it compares to other ones in benchmark tests now, but there weren't that many options available to me at the time i bought it.love having 64 gig's of storage on my phone. this will be a very unscientific review as i did not conduct any benchmarks.purchased this card for my galaxy note 2 since t mobile only offered the 16gb version of the phone.review i researched this purchase prior to buying it on amazon so i was somewhat hesitant to purchase this card and have to jump through hoops to get it recognized by my galaxy note 2.when the card arrived i immediately put it into my phone. the card was instantly recognized and the phone booted up and mounted the sd card without any prompting.boot seemed very fast, faster than the stock card that came with my phone. again, unscientifically, this card seems much much faster than my old card. all my movies and photos seem to come up quickly without much delay.my usable space reported is 59.45gb.i highly recommend this card to anyone. it is extremely fast and very easy to use for my galaxy note 2 phone at least .pros phone boots faster a lot of space to store movies, music and pictures worked the first time i plugged it in without any special hoops to jump throughcons none great card. 2 years and 3 phones later and its still ticking. excellent read write speeds. does very well in my note 2 and note 3. i did a directory swap on my note 2 so that i could use this 64gb as the 34 phones memory 34 while the 16gb in the phone was the 34 external sd 34 . honestly, it was stupid the stopped letting apps be put on the sdcard which they brought back in android 4.3 and i was always short on space due to the massive size of games these days. the card responded just like the phones built in memory as far as speed goes. never saw a performance drop of any kind. was able to play demanding games like nova3 or gta3 without lag or any skipping. and the card survived 3 phones. first note 2 took a nasty plunge that totaled the phone. card was perfectly fine.","[""card runs great in my note 2. not sure how it compares to other ones in benchmark tests now, but there weren't that many options available to me at the time i bought it.love having 64 gig's of storage on my phone."", 'this will be a very unscientific review as i did not conduct any benchmarks.purchased this card for my galaxy note 2 since t mobile only offered the 16gb version of the phone.review i researched this purchase prior to buying it on amazon so i was somewhat hesitant to purchase this card and have to jump through hoops to get it recognized by my galaxy note 2.when the card arrived i immediately put it into my phone. the card was instantly recognized and the phone booted up and mounted the sd card without any prompting.boot seemed very fast, faster than the stock card that came with my phone. again, unscientifically, this card seems much much faster than my old card. all my movies and photos seem to come up quickly without much delay.my usable space reported is 59.45gb.i highly recommend this card to anyone. it is extremely fast and very easy to use for my galaxy note 2 phone at least .pros phone boots faster a lot of space to store movies, music and pictures worked the first time i plugged it in without any special hoops to jump throughcons none', 'great card. 2 years and 3 phones later and its still ticking. excellent read write speeds. does very well in my note 2 and note 3. i did a directory swap on my note 2 so that i could use this 64gb as the 34 phones memory 34 while the 16gb in the phone was the 34 external sd 34 . honestly, it was stupid the stopped letting apps be put on the sdcard which they brought back in android 4.3 and i was always short on space due to the massive size of games these days. the card responded just like the phones built in memory as far as speed goes. never saw a performance drop of any kind. was able to play demanding games like nova3 or gta3 without lag or any skipping. and the card survived 3 phones. first note 2 took a nasty plunge that totaled the phone. card was perfectly fine.']"
287,"works great in my samsung galaxy s4.i also use a sandisk card in my droidx, after some bad experiences with another manufacturer's 32gb micro sd card that occasionally flaked out.beware imitation cards that may look almost identical. use this in my samsung galaxy s4. never have an issue. i recommend at least a 32 gigabyte card if you have a smart phone works great in my samsung galaxy s4. hold a lot of data files, photos, and apps. i may never use the full capacity of this reliable microsdxc class 10 card.","[""works great in my samsung galaxy s4.i also use a sandisk card in my droidx, after some bad experiences with another manufacturer's 32gb micro sd card that occasionally flaked out.beware imitation cards that may look almost identical."", 'use this in my samsung galaxy s4. never have an issue. i recommend at least a 32 gigabyte card if you have a smart phone', 'works great in my samsung galaxy s4. hold a lot of data files, photos, and apps. i may never use the full capacity of this reliable microsdxc class 10 card.']"
288,"i bought a bunch of these for many many hours use with hi res video cameras and every one has been fast and flawless.plus, if you get more than one like me, you might want a way to keep track of which is which. notice there is a small blank area in the red to the right of the sandisk name. you can write a number there with a fine tip marker. don't try that on one of those solid black chips! after buying a generic card and having a terrible experience, i purchased the sandisk ultra. my only regret was not buying this product first. sandisk is a brand worth buying.","[""i bought a bunch of these for many many hours use with hi res video cameras and every one has been fast and flawless.plus, if you get more than one like me, you might want a way to keep track of which is which. notice there is a small blank area in the red to the right of the sandisk name. you can write a number there with a fine tip marker. don't try that on one of those solid black chips!"", 'after buying a generic card and having a terrible experience, i purchased the sandisk ultra. my only regret was not buying this product first. sandisk is a brand worth buying.']"
289,"had the 32gb sd card for a 4 months before it died on me. tried to swap it out and said warranty was only 60 days long. last sandisk product i ever buy. this sd card died shortly after i got it, but sandisk's rma policy is so awesome i had a new sd card within 2 days.the new card is fine and this was one of the best return experiences i've had. listen i got the sandisk after i had a kingston card in my phone samsung galaxy note 2 and it died after less than a year!!! luckily, my phone was synced to dropbox, otherwise i would've lost valuable pics including our first summer family vacation!!! so far, so good with the sandisk. it's been a few months. if there's a catastrophe, i'll update this review. but as of right now, it's working really well.","['had the 32gb sd card for a 4 months before it died on me. tried to swap it out and said warranty was only 60 days long. last sandisk product i ever buy.', ""this sd card died shortly after i got it, but sandisk's rma policy is so awesome i had a new sd card within 2 days.the new card is fine and this was one of the best return experiences i've had."", ""listen i got the sandisk after i had a kingston card in my phone samsung galaxy note 2 and it died after less than a year!!! luckily, my phone was synced to dropbox, otherwise i would've lost valuable pics including our first summer family vacation!!! so far, so good with the sandisk. it's been a few months. if there's a catastrophe, i'll update this review. but as of right now, it's working really well.""]"
290,"i had it for a day before it died and lost all my data. not what i expected from sandisk or any microsd card in this case. got the sdsdqu 064g affp a on december 28, 2012, died on may 20, 2013could not write to it or change any data, no matter what device i used. even after format full quick using disk manager easeus partition master 9.1.1 home edition, connected in a device or adaptor or usb adaptor when disconnected and reconnected no change. dropbox saved my data luckily had it syncing using dropsync pro .was using it with samsung galaxy note 2 t889 for the whole time, never was removed. stopped working after a year and a half and lost a bunch of data. i have tried accessing the data useing multiple devices with no luck. look elsewhere for an micro sd card","['i had it for a day before it died and lost all my data. not what i expected from sandisk or any microsd card in this case.', 'got the sdsdqu 064g affp a on december 28, 2012, died on may 20, 2013could not write to it or change any data, no matter what device i used. even after format full quick using disk manager easeus partition master 9.1.1 home edition, connected in a device or adaptor or usb adaptor when disconnected and reconnected no change. dropbox saved my data luckily had it syncing using dropsync pro .was using it with samsung galaxy note 2 t889 for the whole time, never was removed.', 'stopped working after a year and a half and lost a bunch of data. i have tried accessing the data useing multiple devices with no luck. look elsewhere for an micro sd card']"
291,"update providing an update with regard to sandisk support.i bought the memory card in aug 2012 see original review below . in may of 2013 while on my cruise to alaska the card went bad. during the sailing out of san francisco it was fine as i used it to take a panorama shot of the golden gate bridge. for most of the cruise i was using my dslr but the next time i wanted to use my cell phone, the phone told me i had no memory card loaded. any way, tested the card on my laptop when i got back and it couldn't recognize it. i contacted sandisk via email and provide them copy of my receipt from amazon along with the serial number on the back of the card very hard to read and no problems they told me to send them back the card and they sent me a brand new card which is now still functioning in my cell phone. great support provide by sandisk. no hassle as long as you can provide proof of purchase easy to do since amazon keeps my entire purchase history invoices online . one reason i buy directly from amazon itself vs other vendors either on amazon or elsewhere on the internet is that i have confidence that the memory cards sold by amazon itself are genuine. there may be incredible deals elsewhere on the internet but in some cases the deals are too good to be true and counterfeit cards are being sold.original review just received this today. removed it from the packaging and inserted it into my samsung galaxy s3 verizon and powered the unit back up and the storage was available. no formatting required. worked the first time out. settings showed 29.71gb of total space 32gb version and 29.71gb of free space. i like the fact that a sd adapter came with it. should i ever need to insert the card into my laptop it will come in handy. yes i can plug my phone directly to my laptop but if i ever swap this 32gb card out of my phone and replace it with a 64gb version, i can use this 32gb version via the adapter for other purposes. my original two cards were manufactured in 2012 and over time started affecting the functionality of our phones. some internet research resulted in reading another review on amazon with similar problems and discussed to contact sandisk support for replacements due to a known silicon bug. the new cards arrived in about a week and we returned the old cards with the defects. only hassle was was trying to read the serial and date codes off of the car, but a phone with 4x zoom made it possible. sandisk customer support was easy to work with and the products new and old are fast and worked great. i am now awaiting a replacement from sandisk because it failed after the amazon return period. always had good luck with sandisk cards until now. phone and pc simply stopped seeing the card. lost all of my data which i fortunately had backed up elsewhere .","[""update providing an update with regard to sandisk support.i bought the memory card in aug 2012 see original review below . in may of 2013 while on my cruise to alaska the card went bad. during the sailing out of san francisco it was fine as i used it to take a panorama shot of the golden gate bridge. for most of the cruise i was using my dslr but the next time i wanted to use my cell phone, the phone told me i had no memory card loaded. any way, tested the card on my laptop when i got back and it couldn't recognize it. i contacted sandisk via email and provide them copy of my receipt from amazon along with the serial number on the back of the card very hard to read and no problems they told me to send them back the card and they sent me a brand new card which is now still functioning in my cell phone. great support provide by sandisk. no hassle as long as you can provide proof of purchase easy to do since amazon keeps my entire purchase history invoices online . one reason i buy directly from amazon itself vs other vendors either on amazon or elsewhere on the internet is that i have confidence that the memory cards sold by amazon itself are genuine. there may be incredible deals elsewhere on the internet but in some cases the deals are too good to be true and counterfeit cards are being sold.original review just received this today. removed it from the packaging and inserted it into my samsung galaxy s3 verizon and powered the unit back up and the storage was available. no formatting required. worked the first time out. settings showed 29.71gb of total space 32gb version and 29.71gb of free space. i like the fact that a sd adapter came with it. should i ever need to insert the card into my laptop it will come in handy. yes i can plug my phone directly to my laptop but if i ever swap this 32gb card out of my phone and replace it with a 64gb version, i can use this 32gb version via the adapter for other purposes."", 'my original two cards were manufactured in 2012 and over time started affecting the functionality of our phones. some internet research resulted in reading another review on amazon with similar problems and discussed to contact sandisk support for replacements due to a known silicon bug. the new cards arrived in about a week and we returned the old cards with the defects. only hassle was was trying to read the serial and date codes off of the car, but a phone with 4x zoom made it possible. sandisk customer support was easy to work with and the products new and old are fast and worked great.', 'i am now awaiting a replacement from sandisk because it failed after the amazon return period. always had good luck with sandisk cards until now. phone and pc simply stopped seeing the card. lost all of my data which i fortunately had backed up elsewhere .']"
292,"i have read many places that this would not work on android tablets, but have found that the card requires you to format in a windows computer to get it to work. even tablets that are rated to 32gb have been found to read write this card to 64gb. you need to download a free partitioning program, and format using that to fat32. first erase the current partition, then repartition to 64gb, then format. you can't simply use windows to format to fat32 on newer windows computers, and even on older vista, the max it will allow is 32gb at fat32. using the partitioning software bypasses that 32gb limit and formats the whole card so that when you after insert into tablet reads something like 59.4gb formatted space. huge capacity for the money, and a fast card. search internet for formatting 64gb microsd card for android and read up on it. i bought this to expand my 32gb dell xps 10 to 64gb. it fits easily into the micro sd slot and was recognized by windows rt upon boot up. i did reformat the card old habit , and haven't had any problems at all.","[""i have read many places that this would not work on android tablets, but have found that the card requires you to format in a windows computer to get it to work. even tablets that are rated to 32gb have been found to read write this card to 64gb. you need to download a free partitioning program, and format using that to fat32. first erase the current partition, then repartition to 64gb, then format. you can't simply use windows to format to fat32 on newer windows computers, and even on older vista, the max it will allow is 32gb at fat32. using the partitioning software bypasses that 32gb limit and formats the whole card so that when you after insert into tablet reads something like 59.4gb formatted space. huge capacity for the money, and a fast card. search internet for formatting 64gb microsd card for android and read up on it."", ""i bought this to expand my 32gb dell xps 10 to 64gb. it fits easily into the micro sd slot and was recognized by windows rt upon boot up. i did reformat the card old habit , and haven't had any problems at all.""]"
293,"purchased it for use on my samsung tab 2 as well as my note 3.the msd card came with 3 possible formatting ntfs fat exfat. the default is exfat, and there seemed to be some comments saying that certain devices might not be able to read exfat.being the smart alec i am, i decided to format it to ntfs, assuming that my android devices will work with it. tab2 was not able to read ntfs, and i had to reformat it back to fat in order to get it work.subsequently, i tried using those usb sd card reader those that looks like a tiny usb drive and realised that apparently the sd card formatting is too new, and it simply will not register as 64gb, but can only read up to 32gb.have not tried on note 3 yet, but should work seeing that the technology is pretty on par. i have both the samsung skyrocket and note 2 android phones and this card works great. mine came formatted for exfat. android will need it formatted in fat 32. to do this use the format function built into the phone. after the format it works great! look how many highly positive reviews this card has just get this one. it is huge, it is fast and reasonably priced for a such a high speed chip.btw, this comes with the filesystem formatted to exfat. depending on your device, it may not like that and you need to format it to fat32. the problem is that windows does not support formatting fat32 filesystems above 32gb. so you can format this as fat32 under linux or use this tool in windows ...","['purchased it for use on my samsung tab 2 as well as my note 3.the msd card came with 3 possible formatting ntfs fat exfat. the default is exfat, and there seemed to be some comments saying that certain devices might not be able to read exfat.being the smart alec i am, i decided to format it to ntfs, assuming that my android devices will work with it. tab2 was not able to read ntfs, and i had to reformat it back to fat in order to get it work.subsequently, i tried using those usb sd card reader those that looks like a tiny usb drive and realised that apparently the sd card formatting is too new, and it simply will not register as 64gb, but can only read up to 32gb.have not tried on note 3 yet, but should work seeing that the technology is pretty on par.', 'i have both the samsung skyrocket and note 2 android phones and this card works great. mine came formatted for exfat. android will need it formatted in fat 32. to do this use the format function built into the phone. after the format it works great!', 'look how many highly positive reviews this card has just get this one. it is huge, it is fast and reasonably priced for a such a high speed chip.btw, this comes with the filesystem formatted to exfat. depending on your device, it may not like that and you need to format it to fat32. the problem is that windows does not support formatting fat32 filesystems above 32gb. so you can format this as fat32 under linux or use this tool in windows ...']"
294,"i bought this card, originally for my galaxy note ii, with the intentions of using it as my primary downloader, but i could not get it to format correctly for the phone, even using third party format software.i then tried it in my galaxy tab2 7.0plus......same problems.i finally, and ridiculously, put the card in my nikon d5100 camera. i could take a whopping 8k photos, on high large settings not that i would ever need to take that many photos in one session . this was the last option i had, to use the card.it worked well, taking photos of a holiday, and thankfully, it did not fail before i could get my photos onto a computer. since then, i have inserted it back in the camera, and reformatted like you always should , and bam, one photo is good, after that, failure, every single time. so now i have a 64gb card, that is capable of taking and storing one photo at a time, before i must run a fix file system on my computer.don't waste your money on this card, over priced, not really faster than the other cards i have, and zero longevity. this may be a one off, but i think it is a problem created by the proprietary format exfat, that makes this card a loser, or more to the point, the poor customer who buys it.update july 2012after contacting sandisk, they have offered an rma, but first they must verify that i have not tried to recover or wipe the data on the card, and i must ship it, at my expense, to taiwan. i have since emailed them in reply to the requested information date of purchase, photos of the card, packaging ect , and i told them that the data on their is my data, and if i could have accessed the card, i would have wiped it, why should i give them my information, stored on the card? that makes me less than happy, i am guessing that they want to discourage returns. who would want to send data to a company, not knowing who will access it, and what they will do with the information contained? i would have wiped the card, but it was unreadable, unable to format, unable to do anything. i will send it to them, hoping that the information is destroyed, along with the bad card.sandisk, you are asking a whole lot of your customers, and since this card has gone bad, i have had several other cards from them, go bad as well, seems to be a whole lot of cards being shipped that die in very short time periods. i used to love their products, and their older flash drives are great, still using a micro cruzer that is 6 years old, and going strong. i have not had one single microsd card, from this company, last more than three months, since i moved to the philippines. either they send their junk to the philippines, or they have dropped qc from their business model, to create higher profit margins. update 2 after emailing sandisk, and expressing my displeasure with having to return the item, intact, so that they can assess the card, and look at recover what ever personal information may have been stored on the card, they rescinded. i can only assume that they want to get the card back, to verify that it is bad, or make sure that you are not just trying to get a free card out of them, which i can understand. instead of requiring me to send the card back to them, they asked that i cut the card, and send a photo of the destroyed card, so they could process a new card, to be sent to me, directly in the philippines. i hammered them pretty hard in this review, and in the email i sent to them, regarding the bad card, and sometimes, you get results, in this case, i give them 5 stars for doing the right thing. i had no problem cutting the card, since it would not operate in any of my devices anyway, but i did have a problem returning the device, intact, with out knowing what information was stored on the card banking, amazon account info, passwords, ect. i would have just kept the card, destroyed it, and never bought another from sandisk. with their faith restoring gesture, i will not remove them from my list of companies to avoid. i just hope that they get better at qc. i returned another defective card to the retailer yesterday, only to find out that you must have the original packaging for a replacement. i was lucky to still have one of my packages, but since i bought several of the cards, i am not sure if i gave them the matching package for the card i returned.i would suggest that if you are like me, and have several devices 2 dslr's, galaxy tab2, galaxy note 2, sii, lg p920 , that you find a way to mark each card package, and keep the package, in the case that the card should go bad. i have had more than half of my sandisk 32gb cards, fail on me, in less than 6 months. i only buy them, because of the cards available in my area, these are the best, which is scary, with such a high failure rate. if you look through the reviews you will see that this card seems to have both a failure rate and a incompatibility with some devices. i bought this card in november of 2012 and it worked great for a while. the card started failing in my galaxy note 2 in the beginning of january. after reformatting and trying the card in other devices it still does not work. please understand that this is not a user error but appear to be something wrong with the card itself. i have tried the card in 3 different phones. 1 with stock jelly bean, 1 with ice cream sandwich, and 1 with a cyanogenmod custom firmware. all 3 devices have problems and say blank sd card or unsupported filesystem . even formatting the card in both windows and using android do not seem to fix the issue. i was happy to find such a good price on a large microsd card but sadly it looks like you get what you pay for. it does appear that some people are having luck so it might be worth a gamble of 20 if you are feeling lucky. if you do buy this card it would be wise to double check your backup process to make sure you do not lose pictures or videos if you have this problem. i am glad i used dropbox for my phone so i did not lose any pictures or videos. i installed this on my galaxy note 2 and it crashed after one month. lost all my pictures on the card. had it not been for google plus instant upload and redundant backup to dropbox all of the pictures would have been lost. i think i should get a refund but i did not keep the original packaging. i would not buy this, but if you do keep the packaging so you can return it. if you read most of the reviews you will see that a lot of people have had trouble with this card crashing. i don't think amazon should offer it as it hurts their overall customer satisfaction.","[""i bought this card, originally for my galaxy note ii, with the intentions of using it as my primary downloader, but i could not get it to format correctly for the phone, even using third party format software.i then tried it in my galaxy tab2 7.0plus......same problems.i finally, and ridiculously, put the card in my nikon d5100 camera. i could take a whopping 8k photos, on high large settings not that i would ever need to take that many photos in one session . this was the last option i had, to use the card.it worked well, taking photos of a holiday, and thankfully, it did not fail before i could get my photos onto a computer. since then, i have inserted it back in the camera, and reformatted like you always should , and bam, one photo is good, after that, failure, every single time. so now i have a 64gb card, that is capable of taking and storing one photo at a time, before i must run a fix file system on my computer.don't waste your money on this card, over priced, not really faster than the other cards i have, and zero longevity. this may be a one off, but i think it is a problem created by the proprietary format exfat, that makes this card a loser, or more to the point, the poor customer who buys it.update july 2012after contacting sandisk, they have offered an rma, but first they must verify that i have not tried to recover or wipe the data on the card, and i must ship it, at my expense, to taiwan. i have since emailed them in reply to the requested information date of purchase, photos of the card, packaging ect , and i told them that the data on their is my data, and if i could have accessed the card, i would have wiped it, why should i give them my information, stored on the card? that makes me less than happy, i am guessing that they want to discourage returns. who would want to send data to a company, not knowing who will access it, and what they will do with the information contained? i would have wiped the card, but it was unreadable, unable to format, unable to do anything. i will send it to them, hoping that the information is destroyed, along with the bad card.sandisk, you are asking a whole lot of your customers, and since this card has gone bad, i have had several other cards from them, go bad as well, seems to be a whole lot of cards being shipped that die in very short time periods. i used to love their products, and their older flash drives are great, still using a micro cruzer that is 6 years old, and going strong. i have not had one single microsd card, from this company, last more than three months, since i moved to the philippines. either they send their junk to the philippines, or they have dropped qc from their business model, to create higher profit margins. update 2 after emailing sandisk, and expressing my displeasure with having to return the item, intact, so that they can assess the card, and look at recover what ever personal information may have been stored on the card, they rescinded. i can only assume that they want to get the card back, to verify that it is bad, or make sure that you are not just trying to get a free card out of them, which i can understand. instead of requiring me to send the card back to them, they asked that i cut the card, and send a photo of the destroyed card, so they could process a new card, to be sent to me, directly in the philippines. i hammered them pretty hard in this review, and in the email i sent to them, regarding the bad card, and sometimes, you get results, in this case, i give them 5 stars for doing the right thing. i had no problem cutting the card, since it would not operate in any of my devices anyway, but i did have a problem returning the device, intact, with out knowing what information was stored on the card banking, amazon account info, passwords, ect. i would have just kept the card, destroyed it, and never bought another from sandisk. with their faith restoring gesture, i will not remove them from my list of companies to avoid. i just hope that they get better at qc. i returned another defective card to the retailer yesterday, only to find out that you must have the original packaging for a replacement. i was lucky to still have one of my packages, but since i bought several of the cards, i am not sure if i gave them the matching package for the card i returned.i would suggest that if you are like me, and have several devices 2 dslr's, galaxy tab2, galaxy note 2, sii, lg p920 , that you find a way to mark each card package, and keep the package, in the case that the card should go bad. i have had more than half of my sandisk 32gb cards, fail on me, in less than 6 months. i only buy them, because of the cards available in my area, these are the best, which is scary, with such a high failure rate."", 'if you look through the reviews you will see that this card seems to have both a failure rate and a incompatibility with some devices. i bought this card in november of 2012 and it worked great for a while. the card started failing in my galaxy note 2 in the beginning of january. after reformatting and trying the card in other devices it still does not work. please understand that this is not a user error but appear to be something wrong with the card itself. i have tried the card in 3 different phones. 1 with stock jelly bean, 1 with ice cream sandwich, and 1 with a cyanogenmod custom firmware. all 3 devices have problems and say blank sd card or unsupported filesystem . even formatting the card in both windows and using android do not seem to fix the issue. i was happy to find such a good price on a large microsd card but sadly it looks like you get what you pay for. it does appear that some people are having luck so it might be worth a gamble of 20 if you are feeling lucky. if you do buy this card it would be wise to double check your backup process to make sure you do not lose pictures or videos if you have this problem. i am glad i used dropbox for my phone so i did not lose any pictures or videos.', ""i installed this on my galaxy note 2 and it crashed after one month. lost all my pictures on the card. had it not been for google plus instant upload and redundant backup to dropbox all of the pictures would have been lost. i think i should get a refund but i did not keep the original packaging. i would not buy this, but if you do keep the packaging so you can return it. if you read most of the reviews you will see that a lot of people have had trouble with this card crashing. i don't think amazon should offer it as it hurts their overall customer satisfaction.""]"
295,"i have one in 3 phones, 2 samsung galaxy players my kids and 2 tablets. can't go wrong with sandisk they've never failed me. sandisk is the best out there and this ultra is even better! currently using it on a dashcam i have installed in my vehicle. its a shame smart phones seem to be going away with external memory so they can eventually start charging you for cloud storage.","[""i have one in 3 phones, 2 samsung galaxy players my kids and 2 tablets. can't go wrong with sandisk they've never failed me."", 'sandisk is the best out there and this ultra is even better! currently using it on a dashcam i have installed in my vehicle. its a shame smart phones seem to be going away with external memory so they can eventually start charging you for cloud storage.']"
296,"they wanted 99 for a 64gb micro sd at best buy. i've put movies, music, sql server databases, and files on this card and everything is working great! i couldn't put any files onto the card that were 62 5 gb. a little disappointing since i wanted to store movies on it, but i guess it's a limitation of the microsd hc technology.","[""they wanted 99 for a 64gb micro sd at best buy. i've put movies, music, sql server databases, and files on this card and everything is working great!"", ""i couldn't put any files onto the card that were 62 5 gb. a little disappointing since i wanted to store movies on it, but i guess it's a limitation of the microsd hc technology.""]"
297,"when i needed more video capacity for my canon camera, the sandisk 32 gb micro card with included adapter was exactly the right tool for the job !!i've had several sandisk memory cards in the past, with never a glitch of any kind.highly recommended ! cameras are getting smaller and smaller at the same time their resolution is getting better and better. in order to take full advantage of your pixels, your files get larger and larger ultimately rendering small sized picture cards less handy. most cameras now let you take a mini movie which also eats up space quite quickly.this sandisk card gives you the ability to store considerably more information in a neat small footprint. if you do want to go with this card make sure it is compatible with your equipment. not every camera takes every card so you have to do some due diligence. bought this for canon powershot n because it takes a micro. i always use ultra or extreme pro sandisk, since they are my preferred brand, and i like them for had video and continuous snapshots. no problems with the card, came with working adapter. happy with this purchase would and probably will buy more.","[""when i needed more video capacity for my canon camera, the sandisk 32 gb micro card with included adapter was exactly the right tool for the job !!i've had several sandisk memory cards in the past, with never a glitch of any kind.highly recommended !"", 'cameras are getting smaller and smaller at the same time their resolution is getting better and better. in order to take full advantage of your pixels, your files get larger and larger ultimately rendering small sized picture cards less handy. most cameras now let you take a mini movie which also eats up space quite quickly.this sandisk card gives you the ability to store considerably more information in a neat small footprint. if you do want to go with this card make sure it is compatible with your equipment. not every camera takes every card so you have to do some due diligence.', 'bought this for canon powershot n because it takes a micro. i always use ultra or extreme pro sandisk, since they are my preferred brand, and i like them for had video and continuous snapshots. no problems with the card, came with working adapter. happy with this purchase would and probably will buy more.']"
298,"these ultra sandisk memory cards work perfectly and for photo work in high pixel count cameras cycle extremely quickly. the i use this in my midland action cam for hunting and fishing. i rely on sandisk because of it's quality. i have over a dozen different memory cards and of all the brands, i like sandisk the best. never an issue i'm using this card in my samsung camera and it works well capturing pictures fast even in continuous picture mode. the video capture is also unsurpassed with the 30mb s capability. i have never been disappointed with a sandisk card and this is no exception. good quality!","['these ultra sandisk memory cards work perfectly and for photo work in high pixel count cameras cycle extremely quickly. the', ""i use this in my midland action cam for hunting and fishing. i rely on sandisk because of it's quality. i have over a dozen different memory cards and of all the brands, i like sandisk the best. never an issue"", ""i'm using this card in my samsung camera and it works well capturing pictures fast even in continuous picture mode. the video capture is also unsurpassed with the 30mb s capability. i have never been disappointed with a sandisk card and this is no exception. good quality!""]"
299,"relative needed a new sd card, an upgrade from her 8gb and this did the trick. great for any phone. this is necessary because you need space storage in your phone, and with this microsd card i have 64gb its perfect","['relative needed a new sd card, an upgrade from her 8gb and this did the trick. great for any phone.', 'this is necessary because you need space storage in your phone, and with this microsd card i have 64gb its perfect']"
300,"a must have for those who listen to a lot of music on the go...wish they made a 128gb model. the supplied card with the r8 is 2gb, that only holds about 6 songs. i had to keep deleting projects to make room for new ones. solution get a larger capacity card. it also makes selecting, saving, and deleting projects faster. no problems after 1 month of use. man, this 128 122gb actually is amazing! i had a 64gb card and been transferring my apps to the external card and ran out of memory. with this bad boy, i can move anything i want, load it with tons of music and still have tons of space. highly recommended.","['a must have for those who listen to a lot of music on the go...wish they made a 128gb model.', 'the supplied card with the r8 is 2gb, that only holds about 6 songs. i had to keep deleting projects to make room for new ones. solution get a larger capacity card. it also makes selecting, saving, and deleting projects faster. no problems after 1 month of use.', 'man, this 128 122gb actually is amazing! i had a 64gb card and been transferring my apps to the external card and ran out of memory. with this bad boy, i can move anything i want, load it with tons of music and still have tons of space. highly recommended.']"
301,"this card has worked flawlessly in my phone for about three months! i had an smaller and slower card in it that this replaced. when doing pictures and video you can definitely tell the difference in write speed between a class ten and four. even though it's a class 10 card, writing data to it still takes a while. however, the card performs well in my phone. if you can get a good deal on this, you won't be disappointed. get this for my hct phone it works great . not slow like some others i have had . but i didnt know about classes for memery cards with the othere ones . good card . done not freeze or loose anything","['this card has worked flawlessly in my phone for about three months! i had an smaller and slower card in it that this replaced. when doing pictures and video you can definitely tell the difference in write speed between a class ten and four.', ""even though it's a class 10 card, writing data to it still takes a while. however, the card performs well in my phone. if you can get a good deal on this, you won't be disappointed."", 'get this for my hct phone it works great . not slow like some others i have had . but i didnt know about classes for memery cards with the othere ones . good card . done not freeze or loose anything']"
302,"i upgraded from my 8 gb sd to this one and it was great to have the extra space.no problems with it.i removed the sd card from my phone and copied the files up to my computer using the adapter that came with the new card. i copied the files to my new 32 gb microsdhc and installed it in my galaxy s4 and it worked great.i liked the color. makes it easier to see on my black desk. i bought this new 32gb microsd card to replace an old 8gb microsd that had run out of space on my rooted htc inspire. it was easy to copy and paste from my computer and back to the new microsd card. moved all my 7.9 gigs of data from one sd card to this one and now i have plenty of room storage on my phone. i downloaded everything to my pc from my 8gig sd card, installed this one and then re loaded my data to this 32gig sd card. no complaints.","['i upgraded from my 8 gb sd to this one and it was great to have the extra space.no problems with it.i removed the sd card from my phone and copied the files up to my computer using the adapter that came with the new card. i copied the files to my new 32 gb microsdhc and installed it in my galaxy s4 and it worked great.i liked the color. makes it easier to see on my black desk.', 'i bought this new 32gb microsd card to replace an old 8gb microsd that had run out of space on my rooted htc inspire. it was easy to copy and paste from my computer and back to the new microsd card.', 'moved all my 7.9 gigs of data from one sd card to this one and now i have plenty of room storage on my phone. i downloaded everything to my pc from my 8gig sd card, installed this one and then re loaded my data to this 32gig sd card. no complaints.']"
303,"realistically i probably could have gotten away with a 16gb card, but like anything, it's better to have it and not need it than to need it and not have it. popped it into my moblie phone an put all my music on it, plus enough room for photos or videos, etc.no hiccups or errors yet and holds a ton of stuff. we have 4 of the 32gb cards in our cell phones and love them. they offer plenty of room for pix, music, and videos and are fast to save and load from.. someday, when i get my desired tablet pc, i will be getting another one of these for it! hard to believe that 10 years ago you would have needed a big hard drive to have this much room. i use this card in my samsung y duos smartphone and it provides more than enough room for my entire music library, a bunch of movies, and all of the apps for my phone and i still have more than 3 4 of the space left.works perfectly and i've always had good luck with sandisk products.","[""realistically i probably could have gotten away with a 16gb card, but like anything, it's better to have it and not need it than to need it and not have it. popped it into my moblie phone an put all my music on it, plus enough room for photos or videos, etc.no hiccups or errors yet and holds a ton of stuff."", 'we have 4 of the 32gb cards in our cell phones and love them. they offer plenty of room for pix, music, and videos and are fast to save and load from.. someday, when i get my desired tablet pc, i will be getting another one of these for it!', ""hard to believe that 10 years ago you would have needed a big hard drive to have this much room. i use this card in my samsung y duos smartphone and it provides more than enough room for my entire music library, a bunch of movies, and all of the apps for my phone and i still have more than 3 4 of the space left.works perfectly and i've always had good luck with sandisk products.""]"
304,"awesome large sd card for all mobile devices, enough room for all my music and even a few movies, buy it!!! i finally have enough room for everything. i formatted my 64gb sandisk micro sd card using easeus partition master 9.2.1 home edition. i used the fat32 format. my t mobile prism phone read the card giving me 59.47 gb free. my samsung galaxy 2 7.0 tablet read it the same way. i am very happy that any of my devices will read this card when i format it as fat32. there is enough room to hold my my entire cd collection 300 cds , my entire book collection 250 books , and my entire collection of sermons i lost count . i still have 23gb left!!! i am too happy. bottom line, folks, if my cheap android phone will read it, so will everything else. who needs cloud drives and streaming when you can take it with you!!!! thank god for sandisk, i am hoping someone comes up with 128gb soon. hahaha! card is recognized as 59.5gb as expected. i'm able to carry around all of my music without having to carry an ipod as well, now. it came with a plastic case with an sd card adapter.","['awesome large sd card for all mobile devices, enough room for all my music and even a few movies, buy it!!!', 'i finally have enough room for everything. i formatted my 64gb sandisk micro sd card using easeus partition master 9.2.1 home edition. i used the fat32 format. my t mobile prism phone read the card giving me 59.47 gb free. my samsung galaxy 2 7.0 tablet read it the same way. i am very happy that any of my devices will read this card when i format it as fat32. there is enough room to hold my my entire cd collection 300 cds , my entire book collection 250 books , and my entire collection of sermons i lost count . i still have 23gb left!!! i am too happy. bottom line, folks, if my cheap android phone will read it, so will everything else. who needs cloud drives and streaming when you can take it with you!!!! thank god for sandisk, i am hoping someone comes up with 128gb soon. hahaha!', ""card is recognized as 59.5gb as expected. i'm able to carry around all of my music without having to carry an ipod as well, now. it came with a plastic case with an sd card adapter.""]"
305,"thus microsd card worked fine for a year in my samsumg note ii. i mostly used it to listed to downloaded music from spotify. it has actually failed 34 twice 34 . when it failed the first time the phone couldn't 34 see 34 that i had a card installed i thought maybe something had merely corrupted it, so i formatted it, put it back in my phone, and re downloaded all my playlists. it worked for two months and then failed again. i don't plan to try formatting it again, i'll switch to a different brand of card. the first few weeks after i bought this, i had some problems like my phone can't detect the micro sd card . i tried formatting or repairing the card, but no success. so i returned this to sandisk and they willingly replaced this in a week. no more questions asked. and since then, i'm still using the 2nd card that i received. no problems until now. after i inserted the micro sd card to the adapter i can no longer removed it from the adapter. it was stuck inside the adapter permanently. i definitely received a defective item. i also read a lot of reviews saying this card have bad sectors.another, while i was transferring from my computer the transferring of files suddenly stopped and said there was an error.sandisk's quality control department should up their game. they're selling products to the general public that are defective and flawed not all of them but a lot of them . it's just not me. i also read a lot of reviews saying the card they got were also defective.","[""thus microsd card worked fine for a year in my samsumg note ii. i mostly used it to listed to downloaded music from spotify. it has actually failed 34 twice 34 . when it failed the first time the phone couldn't 34 see 34 that i had a card installed i thought maybe something had merely corrupted it, so i formatted it, put it back in my phone, and re downloaded all my playlists. it worked for two months and then failed again. i don't plan to try formatting it again, i'll switch to a different brand of card."", ""the first few weeks after i bought this, i had some problems like my phone can't detect the micro sd card . i tried formatting or repairing the card, but no success. so i returned this to sandisk and they willingly replaced this in a week. no more questions asked. and since then, i'm still using the 2nd card that i received. no problems until now."", ""after i inserted the micro sd card to the adapter i can no longer removed it from the adapter. it was stuck inside the adapter permanently. i definitely received a defective item. i also read a lot of reviews saying this card have bad sectors.another, while i was transferring from my computer the transferring of files suddenly stopped and said there was an error.sandisk's quality control department should up their game. they're selling products to the general public that are defective and flawed not all of them but a lot of them . it's just not me. i also read a lot of reviews saying the card they got were also defective.""]"
306,"i am very disappointed in this card. i usually don't have an issue with sandisk, but this 32gb ultra card died after two months. died as in, no longer recognizable by pc camera or any device. now i have to wrestle with warranty claim. out of the three different brands of micro sd cards the sandisk is the only one that is still with me. the other two just quit working. i have bought several more of these cards and have had no problem except i wished i would have bought ones with more memory. excellent product. what can i say? this card just works. i'm honestly not a fan of sandisk since their 64gb ultra microsd died on me soon after my baby was born. i lost several weeks of photos, and i was quite angry.to be fair, they did send a new one after i sent them a photo of the old one snapped in half.","[""i am very disappointed in this card. i usually don't have an issue with sandisk, but this 32gb ultra card died after two months. died as in, no longer recognizable by pc camera or any device. now i have to wrestle with warranty claim."", 'out of the three different brands of micro sd cards the sandisk is the only one that is still with me. the other two just quit working. i have bought several more of these cards and have had no problem except i wished i would have bought ones with more memory. excellent product.', ""what can i say? this card just works. i'm honestly not a fan of sandisk since their 64gb ultra microsd died on me soon after my baby was born. i lost several weeks of photos, and i was quite angry.to be fair, they did send a new one after i sent them a photo of the old one snapped in half.""]"
307,"exactly what i neededtook the old 32 gb card out of my samsung galaxy s4 to put in my digital recorder so i bought this new 64 gb card for the phone.as advertised, very fast and stable i try to transfer as many of my apps to external media on the phone to free memory on the phone and i have not had one problem as of yet.highly recommended i bought this for my samsung galaxy s4 because it had little available memory on board. unfortunately the phone doesn't allow for the user to move apps to the sd card, but that isn't the card's fault, it's the phone's fault. the card itself works great and seems to transfer very quickly, my full 1080p hd videos have no trouble recording directly to the card.","['exactly what i neededtook the old 32 gb card out of my samsung galaxy s4 to put in my digital recorder so i bought this new 64 gb card for the phone.as advertised, very fast and stable i try to transfer as many of my apps to external media on the phone to free memory on the phone and i have not had one problem as of yet.highly recommended', ""i bought this for my samsung galaxy s4 because it had little available memory on board. unfortunately the phone doesn't allow for the user to move apps to the sd card, but that isn't the card's fault, it's the phone's fault. the card itself works great and seems to transfer very quickly, my full 1080p hd videos have no trouble recording directly to the card.""]"
308,"sandisk does not disappoint, this is exactly as described, arrived on time and is plenty of storage for all my photos, music playlists, and still leaves room for movies as well. sandisk makes some of the best storage media out there. also have a couple of flash drives that i love. sandisk ultra disks are great for additional storage in a cellphone or with an adapter in a camera to save photos and music.","['sandisk does not disappoint, this is exactly as described, arrived on time and is plenty of storage for all my photos, music playlists, and still leaves room for movies as well.', 'sandisk makes some of the best storage media out there. also have a couple of flash drives that i love.', 'sandisk ultra disks are great for additional storage in a cellphone or with an adapter in a camera to save photos and music.']"
309,"fast data transfer! this is the standard, the measuring stick for a great 32 gb micro sd card you will not regret getting the brand name instead of getting the cheapos. very satisfied with the speed and the space on this little guy.note you need to format this on a cellphone that can be capable of using micro sd xc or on a card reader that is compatible with sd xc because if you do not do that you will only see it as a 32gb. i got a couple of errors because i had formatted first on a computer with a sd hc reader not xc. but now it is working fine.","['fast data transfer! this is the standard, the measuring stick for a great 32 gb micro sd card you will not regret getting the brand name instead of getting the cheapos.', 'very satisfied with the speed and the space on this little guy.note you need to format this on a cellphone that can be capable of using micro sd xc or on a card reader that is compatible with sd xc because if you do not do that you will only see it as a 32gb. i got a couple of errors because i had formatted first on a computer with a sd hc reader not xc. but now it is working fine.']"
310,"my wife's 4 gb microsd card failed on her phone. so in order to prevent any issues i got one for her phone and one for my phone. we were able to transfer our photos and music over on to these cards with plenty of room to spare. couldn't ask for more! the biggest micro sd card for the most awesome phone the galaxy s3! put tons of my music library on the card, full length movies, and have crazy space available. i love having space to spare and not have to worry about every running out.highly recommended! don't buy this from at they are asking 130 dollars for the exact same card! needed a large size micro sd for my new phone i have a very large music collection as well as large photo collection. i was thrilled to find this large of a micro sd. no worrying about how large a file could be, no worrying about taking videos, or snapping a few extra photos!","[""my wife's 4 gb microsd card failed on her phone. so in order to prevent any issues i got one for her phone and one for my phone. we were able to transfer our photos and music over on to these cards with plenty of room to spare."", ""couldn't ask for more! the biggest micro sd card for the most awesome phone the galaxy s3! put tons of my music library on the card, full length movies, and have crazy space available. i love having space to spare and not have to worry about every running out.highly recommended! don't buy this from at they are asking 130 dollars for the exact same card!"", 'needed a large size micro sd for my new phone i have a very large music collection as well as large photo collection. i was thrilled to find this large of a micro sd. no worrying about how large a file could be, no worrying about taking videos, or snapping a few extra photos!']"
311,i purchased a couple of these for use with a new digital camera that also shoots 1080p video. this is a great product for that purpose. fast transfers and i have had no hiccups in writing to the card. these cards have worked flawlessly in cameras mounted on an offroad race car. they capture hd video without stutter. i highly recommend them for this purpose. card works fine with no hiccups or issues. speed of card is fine with the dash camera and download to laptop.,"['i purchased a couple of these for use with a new digital camera that also shoots 1080p video. this is a great product for that purpose. fast transfers and i have had no hiccups in writing to the card.', 'these cards have worked flawlessly in cameras mounted on an offroad race car. they capture hd video without stutter. i highly recommend them for this purpose.', 'card works fine with no hiccups or issues. speed of card is fine with the dash camera and download to laptop.']"
312,"i was a bit skeptical about getting this card because the official instructions for this phone only mention that the external memory is expandable up to 32gb. i did a bit of research before purchasing many reported being able to use this card with the evo 4g lte. i can confirm that it works!at first, the phone won't recognize the card. you need to format the card when you first install it! once you format the card, the phone will recognize it you can write read data with no issues.i got such a large card because of music. i wanted to add music in .wav format for better audio quality or at least in mp3 320kbs . i'm very happy with this card! the card works well. purchased 64 gb to use in my phone as that will store a lot of pix and tunes! ah, but the phone does not recognize the 64, and i can only use about half the memory.","[""i was a bit skeptical about getting this card because the official instructions for this phone only mention that the external memory is expandable up to 32gb. i did a bit of research before purchasing many reported being able to use this card with the evo 4g lte. i can confirm that it works!at first, the phone won't recognize the card. you need to format the card when you first install it! once you format the card, the phone will recognize it you can write read data with no issues.i got such a large card because of music. i wanted to add music in .wav format for better audio quality or at least in mp3 320kbs . i'm very happy with this card!"", 'the card works well. purchased 64 gb to use in my phone as that will store a lot of pix and tunes! ah, but the phone does not recognize the 64, and i can only use about half the memory.']"
313,"got this because i had a 2 gb one that filled up. i kept getting the insufficient disk space on my phone. my kids take my phone and do selfies. mostly my daughter. i had to get a bigger card. the 2gb one was a carry over from an old phone.needless to say this was sweet. plenty of space. and i dont have to delete pictures anymore. well for now at least.my daughter loves selfies. does anyone really need this much space? hard to say, after about 20gbs of pictures and 40gbs of music, i started to wonder myself, if it was really necessary. but then i realized i had forgotten about adding movies! 50gbs of movies later i can definitely say i don't need this card and really just wanted it for the fun of it, but it is nice to have your entire collection of music in your phone, for someone with a bigger collection then me i'm sure this card would be a god send. i carry a ton of digital content with me on my phone and never want to run out of space. this is a very fast micro sd card and gives me 75 gb of usable space on my samsung galaxy note ii. i can take 20 pictures in about 5 seconds while listening to music.fast, efficient and tons of storage ... who can ask for more!billh","['got this because i had a 2 gb one that filled up. i kept getting the insufficient disk space on my phone. my kids take my phone and do selfies. mostly my daughter. i had to get a bigger card. the 2gb one was a carry over from an old phone.needless to say this was sweet. plenty of space. and i dont have to delete pictures anymore. well for now at least.my daughter loves selfies.', ""does anyone really need this much space? hard to say, after about 20gbs of pictures and 40gbs of music, i started to wonder myself, if it was really necessary. but then i realized i had forgotten about adding movies! 50gbs of movies later i can definitely say i don't need this card and really just wanted it for the fun of it, but it is nice to have your entire collection of music in your phone, for someone with a bigger collection then me i'm sure this card would be a god send."", 'i carry a ton of digital content with me on my phone and never want to run out of space. this is a very fast micro sd card and gives me 75 gb of usable space on my samsung galaxy note ii. i can take 20 pictures in about 5 seconds while listening to music.fast, efficient and tons of storage ... who can ask for more!billh']"
314,"bought this for my sons tablet, and it works fine. sandisk has always been the leader in these flash memory cards, and has always been well worth the money. it works great and added more memory for my lg phone. sandisk brand is very trust worthy.i recommend it highly. works great! my tablet loves it. i always buy sandisk products and have never had a problem with any of them.","['bought this for my sons tablet, and it works fine. sandisk has always been the leader in these flash memory cards, and has always been well worth the money.', 'it works great and added more memory for my lg phone. sandisk brand is very trust worthy.i recommend it highly.', 'works great! my tablet loves it. i always buy sandisk products and have never had a problem with any of them.']"
315,"i purchased this to put into my samsung galaxy blaze, mainly to store music. i previously owned an adata 32gb card which died after a couple weeks.the most annoying thing about large storage is copying files to it, especially when the card is slow. a class 4 would take well over 2 hours to fill up, while this one takes just a bit over 45 minutes.using the antutu benchmark suite, this card clocked in at 11.1mb s write and 21.7mb s read.i didn't have to format it or anything, just popped it out of the packaging and threw it right into the sd slot of my phone. i already had a sandisk 16gb class 4 card in my android phone. here is how you know this is faster i'd press the play button for the music player with the class 4 and there was always a small delay before the music played. with this 32gb sandisk ultra, the music plays immediately. this is a very useful way to tell how fast this is. this memory card gets my approval and my thanks to sandisk! i snagged this for my cell phone. i upgraded from an old 2gb sd card i've been refusing to replace for the last 4 years. the old card does not specify the class, and it was the cheapest i could get so i have a feeling it was the slowest . anywho, i plugged this card in and transferred 27 songs from my pc to phone in about 20 seconds! on my old card that would have taken around 2 minutes. if you haven't upgraded your card, because you're a cheap miser like me, you are definitely missing out!","[""i purchased this to put into my samsung galaxy blaze, mainly to store music. i previously owned an adata 32gb card which died after a couple weeks.the most annoying thing about large storage is copying files to it, especially when the card is slow. a class 4 would take well over 2 hours to fill up, while this one takes just a bit over 45 minutes.using the antutu benchmark suite, this card clocked in at 11.1mb s write and 21.7mb s read.i didn't have to format it or anything, just popped it out of the packaging and threw it right into the sd slot of my phone."", ""i already had a sandisk 16gb class 4 card in my android phone. here is how you know this is faster i'd press the play button for the music player with the class 4 and there was always a small delay before the music played. with this 32gb sandisk ultra, the music plays immediately. this is a very useful way to tell how fast this is. this memory card gets my approval and my thanks to sandisk!"", ""i snagged this for my cell phone. i upgraded from an old 2gb sd card i've been refusing to replace for the last 4 years. the old card does not specify the class, and it was the cheapest i could get so i have a feeling it was the slowest . anywho, i plugged this card in and transferred 27 songs from my pc to phone in about 20 seconds! on my old card that would have taken around 2 minutes. if you haven't upgraded your card, because you're a cheap miser like me, you are definitely missing out!""]"
316,works great with my galaxy s4. didn't need to format the card or anything. just popped the card in and everything worked great out of the box. transfer speeds are excellent with this card. i would recommend this card to everyone. this works great on my galaxy s4 right out of the box.and its faster then the old 32gb card i used to have.,"[""works great with my galaxy s4. didn't need to format the card or anything. just popped the card in and everything worked great out of the box. transfer speeds are excellent with this card. i would recommend this card to everyone."", 'this works great on my galaxy s4 right out of the box.and its faster then the old 32gb card i used to have.']"
317,"works great in a samsung galaxy s3. formatted straight away, full size there. i can't really tell the speed difference between this one and a slower card it replaced. i guess the io in the phone can't take advantage. using this on my samsung galaxy s4. it works well and has good read write speeds. very pleased with this card. this card is used for my samsung galaxy s3 on at t and it works great! read and write speeds are pretty good, and the card installed and was recognized by the phone very easily. great option if you need more storage on your mobile device!","[""works great in a samsung galaxy s3. formatted straight away, full size there. i can't really tell the speed difference between this one and a slower card it replaced. i guess the io in the phone can't take advantage."", 'using this on my samsung galaxy s4. it works well and has good read write speeds. very pleased with this card.', 'this card is used for my samsung galaxy s3 on at t and it works great! read and write speeds are pretty good, and the card installed and was recognized by the phone very easily. great option if you need more storage on your mobile device!']"
318,"i got this not for the space but the speed. class 4 is ok, but class 10 is where its at. copying files, scanning the card, cleaning caches, writing files, this thing grinds threw it all like nothing. before it would take 2 minutes upon boot of my phone for my old class 4 32gb micro sd card would be done scanning. with this its 7 seconds. much faster than my other microsd cards, most if which are class 4. in a galaxy s3 now, fast enough not to slow it down when loading files music photos. did not benchmark...","['i got this not for the space but the speed. class 4 is ok, but class 10 is where its at. copying files, scanning the card, cleaning caches, writing files, this thing grinds threw it all like nothing. before it would take 2 minutes upon boot of my phone for my old class 4 32gb micro sd card would be done scanning. with this its 7 seconds.', 'much faster than my other microsd cards, most if which are class 4. in a galaxy s3 now, fast enough not to slow it down when loading files music photos. did not benchmark...']"
319,"great card at a great price! doubled the storage on my new htc one m8 and now i've got 64 gb total storage on my phone and i have no idea what to do with it all. psure beats the 16 gb my iphone 4s had!anyway, the card works great and it's speedy to boot! card works great. it shipped very quickly. it doesn't hold 64gb of data, more like 59gb but either way it gives me all the space i need on my phone for music and pictures. read the reviews and settled on this card to use in my cell phone. so far so good. no problems whatsoever. have tons of space to store all my mp3s, photos and videos. great read access speed due to being hc 1 class. excellent price as i got this shortly after black friday sale.","[""great card at a great price! doubled the storage on my new htc one m8 and now i've got 64 gb total storage on my phone and i have no idea what to do with it all. psure beats the 16 gb my iphone 4s had!anyway, the card works great and it's speedy to boot!"", ""card works great. it shipped very quickly. it doesn't hold 64gb of data, more like 59gb but either way it gives me all the space i need on my phone for music and pictures."", 'read the reviews and settled on this card to use in my cell phone. so far so good. no problems whatsoever. have tons of space to store all my mp3s, photos and videos. great read access speed due to being hc 1 class. excellent price as i got this shortly after black friday sale.']"
320,"we always come straight to amazon for our memory card needs, and sandisk is one of the reliable names in this category. lots of usable memory for minimum cost outlay so there is no downside to this product. max out storage on your compatible devices! sandisk is a very reliable name in storage. this micro sd card is no exception. lots of storage at a good price, this is a must for tablets and cell phones with limited on board memory.","['we always come straight to amazon for our memory card needs, and sandisk is one of the reliable names in this category. lots of usable memory for minimum cost outlay so there is no downside to this product. max out storage on your compatible devices!', 'sandisk is a very reliable name in storage. this micro sd card is no exception. lots of storage at a good price, this is a must for tablets and cell phones with limited on board memory.']"
321,"sandisk has made great memory products for a very long time. this is no exception. i bought this to expand the memory of a tablet i bought for my fianc e, and it works well. i made sure to buy class 10 because i want the fastest interaction between the device and the storage. nothing ruins a user experience like waiting for storage to access and being read from, or written to. this is the reason why i love non apple products. you can increase memory with microsd's and its so much cheaper. these class 10 sandisks' are amazing. i've bought several from 64gb to 16gb and every single one has lasted. i've had the 64gb for months now and i have no issues. the 16gb i've had for a year and its great. i would highly recommend this product.","['sandisk has made great memory products for a very long time. this is no exception. i bought this to expand the memory of a tablet i bought for my fianc e, and it works well. i made sure to buy class 10 because i want the fastest interaction between the device and the storage. nothing ruins a user experience like waiting for storage to access and being read from, or written to.', ""this is the reason why i love non apple products. you can increase memory with microsd's and its so much cheaper. these class 10 sandisks' are amazing. i've bought several from 64gb to 16gb and every single one has lasted. i've had the 64gb for months now and i have no issues. the 16gb i've had for a year and its great. i would highly recommend this product.""]"
322,"i am very happy with this micro sd. i could tell the difference in the response time in my bb curve as well as my asus tablet. if you want something that can transfer files photos, videos, and music faster this is the micro sd card for you. now i will say this there are faster cards out there but not at this price. this does the trick for my devices. now it you are a professional photographer you might want to go with the ultra 3 micro sd but if you are an everyday user this will work wonders for you device. this micro sd card is perfect for any smartphone user looking to expand the storage on their device. i personally am using one in my samsung galaxy note 3. works like a charm. it is adequately fast, cheap, and fairly reliable. if you are looking for extremely fast speeds however, you should consider the sandisk extreme series which are the fastest microsd cards in the world. my card came with an adapter that this card plugs into and it becomes a full sized sd card. if you are looking to use this in a camera or any other device that uses sd cards, please look elsewhere. these cards are not nearly as fast as the full sized sd cards used in cameras. the adapter should only be used for transporting data from the phone or other device, to a computer. all in all, these are a great buy for any smartphone user looking for a higher storage capacity. the price fluctuates often, so catch em while there cheep! i got mine for around 30. great micro sd card for smartphones or other products. i wanted something with a high transfer rate so that taking hd video there would be no lag.","['i am very happy with this micro sd. i could tell the difference in the response time in my bb curve as well as my asus tablet. if you want something that can transfer files photos, videos, and music faster this is the micro sd card for you. now i will say this there are faster cards out there but not at this price. this does the trick for my devices. now it you are a professional photographer you might want to go with the ultra 3 micro sd but if you are an everyday user this will work wonders for you device.', 'this micro sd card is perfect for any smartphone user looking to expand the storage on their device. i personally am using one in my samsung galaxy note 3. works like a charm. it is adequately fast, cheap, and fairly reliable. if you are looking for extremely fast speeds however, you should consider the sandisk extreme series which are the fastest microsd cards in the world. my card came with an adapter that this card plugs into and it becomes a full sized sd card. if you are looking to use this in a camera or any other device that uses sd cards, please look elsewhere. these cards are not nearly as fast as the full sized sd cards used in cameras. the adapter should only be used for transporting data from the phone or other device, to a computer. all in all, these are a great buy for any smartphone user looking for a higher storage capacity. the price fluctuates often, so catch em while there cheep! i got mine for around 30.', 'great micro sd card for smartphones or other products. i wanted something with a high transfer rate so that taking hd video there would be no lag.']"
323,"lots of storage space for my phone lets me have lots of music and roms. can't live without this card. i've been using this card in my smartphone for a while now. it had enough room for all of my 20gig of music. its got tons of pictures and downloads too. still plenty of room. if you like to store data on your phone this will be good for you. no hiccups so far with this product. purchased this card to expand the storage on my samsung s4 and it does the trick. plenty of room to carry ebooks, music and store camera pictures. great item at a good price and i recommend this item for anyone needing more memory using a microsdhc class 10 memory card.","[""lots of storage space for my phone lets me have lots of music and roms. can't live without this card."", ""i've been using this card in my smartphone for a while now. it had enough room for all of my 20gig of music. its got tons of pictures and downloads too. still plenty of room. if you like to store data on your phone this will be good for you. no hiccups so far with this product."", 'purchased this card to expand the storage on my samsung s4 and it does the trick. plenty of room to carry ebooks, music and store camera pictures. great item at a good price and i recommend this item for anyone needing more memory using a microsdhc class 10 memory card.']"
324,"this card is doing its job in my s4. lots of room for storing photos, music and videos. good item. i bought one for my note 3 and one for my girlfriend and her s4. she takes a lot of pictures and i have a lot of music on my phone so we both wanted the extra room. the cards read and write quickly also. bought this for my epic 4g touch, great card and great price. i store tons of pictures and music on it and still have plenty room.","['this card is doing its job in my s4. lots of room for storing photos, music and videos. good item.', 'i bought one for my note 3 and one for my girlfriend and her s4. she takes a lot of pictures and i have a lot of music on my phone so we both wanted the extra room. the cards read and write quickly also.', 'bought this for my epic 4g touch, great card and great price. i store tons of pictures and music on it and still have plenty room.']"
325,how can you review a sandisk card? it works. it stores pictures and other items on my phone. zero problems with it. works well no problems with sandisk products. always a good risk to use this brand of card. price was right and shipping was fast.,"['how can you review a sandisk card? it works. it stores pictures and other items on my phone. zero problems with it.', 'works well no problems with sandisk products. always a good risk to use this brand of card. price was right and shipping was fast.']"
326,"i have 2.phone for over a year and no problems.use with adapter in camera and laptop for 4 5 months without any trouble.will continue to use sandisk do not think i have ever had a bad product from sandisk. currently using the card in my lumia 810. music, pictures podcasts and all other media play on it fine. never had any issues with sandisk adapter card or devices. they work great and this one is no exception. very small media for my big fingers but i manage. to do what i need to with it and it works well. last thing is that amazon's prices are hard to beat!","['i have 2.phone for over a year and no problems.use with adapter in camera and laptop for 4 5 months without any trouble.will continue to use sandisk', 'do not think i have ever had a bad product from sandisk. currently using the card in my lumia 810. music, pictures podcasts and all other media play on it fine.', ""never had any issues with sandisk adapter card or devices. they work great and this one is no exception. very small media for my big fingers but i manage. to do what i need to with it and it works well. last thing is that amazon's prices are hard to beat!""]"
327,"i always purchase sandisk memory cards. i've never had any issues with them. i will continue to buy sandisk products in the future. i have purchased and used several sandisk memory cards and i have never experienced any issues with those cards. one of my first choices when i am in the market for a memory card i really dont have much to say about sandisk's cards. they work as intended, i never had a problem with them.","[""i always purchase sandisk memory cards. i've never had any issues with them. i will continue to buy sandisk products in the future."", 'i have purchased and used several sandisk memory cards and i have never experienced any issues with those cards. one of my first choices when i am in the market for a memory card', ""i really dont have much to say about sandisk's cards. they work as intended, i never had a problem with them.""]"
328,"the card was working great. i own quite a few for several of my devices. one that i bough in 2012 suddenly died. i went to the sandisk website and did a chat support. the tech tried some quick troubleshooting and after about five minutes asked for my info for an rma. the process was quick and easy. like i said, this one suddenly died, no idea why. luckily i didn't have anything important on it at the time. this is the only one i've ever had fail, and like i said, the rma process was a breeze. i really like these cards and the customer service was great. for reference, i run these cards in a samsung galaxy sii hercules 32 gb, motorola droid sholes 16 gb, motorola droid 3 solana 32 gb, samsung galaxy note 10.1 2012 gt n8013 32 gb, it was the note one that failed. i also have a gopro but i run the golden sandisk cards in that, but they are twice the price! i will continue to buy these cards regardless of this isolated incident. i was really excited to get this because i hadn't changed my microsd card in my phone since i got the original droid. i was so excited to see how much faster the write read speeds would be.it worked great at first but then my phone started to tell me that it was unrecognizable and it kept ejecting it. i thought maybe it was a formatting issue so i reformatted it from my phone galaxy s4 but it just did the same thing.after a week of this i was very irritated and decided to give up and just return it and get another one. i was scared that it would do the same thing because many other people had issues with these cards in the galaxy's.to my surprise the new 32gb card that amazon sent back to me has been working great where as the other one would have been ejecting every other hour.i am really happy with amazon and their return policy. it was very fast and easy, i can honestly say i've never returned something so fast and so easy, they literally sent it next day delivery and at no cost to me.the only reason i gave it one star off is because i had to return the first one, other than that the product has been great so fari am extremely happy with amazon's service.as far as the sd card i'd definitely get another one if it worked like the one i have now.","[""the card was working great. i own quite a few for several of my devices. one that i bough in 2012 suddenly died. i went to the sandisk website and did a chat support. the tech tried some quick troubleshooting and after about five minutes asked for my info for an rma. the process was quick and easy. like i said, this one suddenly died, no idea why. luckily i didn't have anything important on it at the time. this is the only one i've ever had fail, and like i said, the rma process was a breeze. i really like these cards and the customer service was great. for reference, i run these cards in a samsung galaxy sii hercules 32 gb, motorola droid sholes 16 gb, motorola droid 3 solana 32 gb, samsung galaxy note 10.1 2012 gt n8013 32 gb, it was the note one that failed. i also have a gopro but i run the golden sandisk cards in that, but they are twice the price! i will continue to buy these cards regardless of this isolated incident."", ""i was really excited to get this because i hadn't changed my microsd card in my phone since i got the original droid. i was so excited to see how much faster the write read speeds would be.it worked great at first but then my phone started to tell me that it was unrecognizable and it kept ejecting it. i thought maybe it was a formatting issue so i reformatted it from my phone galaxy s4 but it just did the same thing.after a week of this i was very irritated and decided to give up and just return it and get another one. i was scared that it would do the same thing because many other people had issues with these cards in the galaxy's.to my surprise the new 32gb card that amazon sent back to me has been working great where as the other one would have been ejecting every other hour.i am really happy with amazon and their return policy. it was very fast and easy, i can honestly say i've never returned something so fast and so easy, they literally sent it next day delivery and at no cost to me.the only reason i gave it one star off is because i had to return the first one, other than that the product has been great so fari am extremely happy with amazon's service.as far as the sd card i'd definitely get another one if it worked like the one i have now.""]"
329,"excellent card. it is currently installed in my samsung gs3 and works flawlessly. highly recommended but make sure your phone device will handle the size some don't like cards 62 16gb. it's hard for me to evaluate this product in detail, but i can report that it works just in my samsung galaxy s5. i turned the phone off probably much better to insert remove cards with the phone turned off and then slid the card into the slot inside the back of the phone. when i turned the phone back on, there was no obvious indication that i had made any changes at all. however, when i started to take photos, the camera reported that it would now be storing pictures on the card instead of the phone's internal flash memory. so everything seems to work well. bought this for my girlfriend.the card works very nice and is a great way to up your storage on your cell phone.this is currently in a samsung galaxy s4.","[""excellent card. it is currently installed in my samsung gs3 and works flawlessly. highly recommended but make sure your phone device will handle the size some don't like cards 62 16gb."", ""it's hard for me to evaluate this product in detail, but i can report that it works just in my samsung galaxy s5. i turned the phone off probably much better to insert remove cards with the phone turned off and then slid the card into the slot inside the back of the phone. when i turned the phone back on, there was no obvious indication that i had made any changes at all. however, when i started to take photos, the camera reported that it would now be storing pictures on the card instead of the phone's internal flash memory. so everything seems to work well."", 'bought this for my girlfriend.the card works very nice and is a great way to up your storage on your cell phone.this is currently in a samsung galaxy s4.']"
330,works great in my motorola atrix 4g. consistently reliable never any problems. will definitely purchase sandisk again in the future. keep up the great work! doesn't work in my s2 skyrocket but works in my xoom. odd but i have to suffer with it. seems about the same as my class 4. will not get sandisk again unless its tons cheaper. 1 was stolen by some tweakers which sucks this works great just like all sandisk chips i have had. it's being used in my girlfriends samsung galaxy s3.,"['works great in my motorola atrix 4g. consistently reliable never any problems. will definitely purchase sandisk again in the future. keep up the great work!', ""doesn't work in my s2 skyrocket but works in my xoom. odd but i have to suffer with it. seems about the same as my class 4. will not get sandisk again unless its tons cheaper. 1 was stolen by some tweakers which sucks"", ""this works great just like all sandisk chips i have had. it's being used in my girlfriends samsung galaxy s3.""]"
331,"i've got a number of sandisk brand products. none has ever failed me over the 10 years i've used them. that's saying something these days in electronics.this card is performing well, and keeping up with the data storage devices i am using it for one video recorder, one scanner . somehow, i would expect nothing less, but then again it is good to know that quality is consistent. sandisk quality shines through every time.i tried cheaper memory cards and have watched them fail over time.even my oldest sandisk flash stuff still all work years after purchasing and that's enough reason to pay more. so far my experience with all sandisk memory products has been nothing but excellent. they work in all products i've tried them in and are reliable. i have two of the 32gb cards, one is used in samsung galaxy s and the other in sony nex 5 camera.","[""i've got a number of sandisk brand products. none has ever failed me over the 10 years i've used them. that's saying something these days in electronics.this card is performing well, and keeping up with the data storage devices i am using it for one video recorder, one scanner . somehow, i would expect nothing less, but then again it is good to know that quality is consistent."", ""sandisk quality shines through every time.i tried cheaper memory cards and have watched them fail over time.even my oldest sandisk flash stuff still all work years after purchasing and that's enough reason to pay more."", ""so far my experience with all sandisk memory products has been nothing but excellent. they work in all products i've tried them in and are reliable. i have two of the 32gb cards, one is used in samsung galaxy s and the other in sony nex 5 camera.""]"
332,sandisk is far away the best memory card ever.i used to this brand because it never fails.the future of this kind is eternal. the sandisk memory card is awesome. i usually only buy sandisk products because they are very reliable. very good quality. one of the best memory cards for a good low price. sandisk has and will always be a great company to do business with.,"['sandisk is far away the best memory card ever.i used to this brand because it never fails.the future of this kind is eternal.', 'the sandisk memory card is awesome. i usually only buy sandisk products because they are very reliable. very good quality.', 'one of the best memory cards for a good low price. sandisk has and will always be a great company to do business with.']"
333,"i have owned many an sd card in the past, and this is probably the best bang for the buck i've ever received in a card. i'm not super nitpicky about data read write speeds necessarily, but this card is plenty fast for me in my samsung galaxy note ii. pick one up while they are on sale! it's an sd card, this one's fast. the read and write speeds are pretty equal on this one. approaching 20mbits per second for read and write. i installed linux to this drive for my cubieboard. yeah, read and write speed would definitely be an ultimate determiner of over all system performance with this credit card sized computer.sandisk makes nice stuff don't they? prosit copies large files to the card at 10 12 mb s and it doesn't choke when slammed with a few hundred little files like pictures and mp3s. it writes 8mp images with a quickness and 1080p 20mbit recording is smooth in my lg optimus g e970. i waited for these to get to this price before ordering, and as usual amazon prime is awesome.consnot as fast as the gold 16gb sandisk microsd cards but for 64gb in this form factor, it's faster than i was anticipating.","[""i have owned many an sd card in the past, and this is probably the best bang for the buck i've ever received in a card. i'm not super nitpicky about data read write speeds necessarily, but this card is plenty fast for me in my samsung galaxy note ii. pick one up while they are on sale!"", ""it's an sd card, this one's fast. the read and write speeds are pretty equal on this one. approaching 20mbits per second for read and write. i installed linux to this drive for my cubieboard. yeah, read and write speed would definitely be an ultimate determiner of over all system performance with this credit card sized computer.sandisk makes nice stuff don't they?"", ""prosit copies large files to the card at 10 12 mb s and it doesn't choke when slammed with a few hundred little files like pictures and mp3s. it writes 8mp images with a quickness and 1080p 20mbit recording is smooth in my lg optimus g e970. i waited for these to get to this price before ordering, and as usual amazon prime is awesome.consnot as fast as the gold 16gb sandisk microsd cards but for 64gb in this form factor, it's faster than i was anticipating.""]"
334,"this works on my phone and is amazing, however it seems to transfer pretty slowly. i move a lot of music and movies on and off my phone so it can be annoying. i'm not sure if my phone or this card is the weak link though. i have note 2.anyways, it was cheap and it works, that is all that matters. buy it!!! put this in my samsung active phone, works great. my first chip started acting up so i needed to put in a new memory card. works just as fast as the on board memory, loads photos, videos, music really fast. i use it on my phone, it works well enough. android doesn't like to use the card by default, so i have to move things manually, but that's beside the point. the card works well.","[""this works on my phone and is amazing, however it seems to transfer pretty slowly. i move a lot of music and movies on and off my phone so it can be annoying. i'm not sure if my phone or this card is the weak link though. i have note 2.anyways, it was cheap and it works, that is all that matters. buy it!!!"", 'put this in my samsung active phone, works great. my first chip started acting up so i needed to put in a new memory card. works just as fast as the on board memory, loads photos, videos, music really fast.', ""i use it on my phone, it works well enough. android doesn't like to use the card by default, so i have to move things manually, but that's beside the point. the card works well.""]"
335,"the unit shows 0 bytes, in a pc or the phone. it keeps dismounting also. i got a replacement and it did the same thing. not sure what is going on but it looks like a chinese counterfeit case. i have seen this happen more and more lately. amazon seems to be a major portal for these hings, it makes sense with a such a large retailer, they cant check everything. i had this for my smart phone and it kept dismounting itself. i did some research and found out that there are others experiencing the same problem. so, i returned this and got transcend instead. transcend works fine with no problem. do not get this card especially if you plan on using it on an android phone. just google sd card unexpectedly removed and i found the problem is caused directly by this card. i purchased a different brand and the problem immediately disappears. out of curiosity i tried mounting this card into a windows pc and on rare occasions the sd card does turn up empty, as if it was removed, so the problem is not limited to android. i would avoid this card completely.","['the unit shows 0 bytes, in a pc or the phone. it keeps dismounting also. i got a replacement and it did the same thing. not sure what is going on but it looks like a chinese counterfeit case. i have seen this happen more and more lately. amazon seems to be a major portal for these hings, it makes sense with a such a large retailer, they cant check everything.', 'i had this for my smart phone and it kept dismounting itself. i did some research and found out that there are others experiencing the same problem. so, i returned this and got transcend instead. transcend works fine with no problem.', 'do not get this card especially if you plan on using it on an android phone. just google sd card unexpectedly removed and i found the problem is caused directly by this card. i purchased a different brand and the problem immediately disappears. out of curiosity i tried mounting this card into a windows pc and on rare occasions the sd card does turn up empty, as if it was removed, so the problem is not limited to android. i would avoid this card completely.']"
336,"i get randomly error messages with my nokia808, disk error and the card stops working, its so, so sad.. i bought a cheap 8gb micro sd class 4 that works better than this i got this for my brand new nokia lumia 810, but there is some kind of problem, the card is horribly slow, i can't record hd video to it, it studders. i've tried reformatting several times to no avail. i didn't have any of these problems with my old 32gb class 4 sandisk card... there are other people having this problem as well, seems hit or miss. i can't recommend this card at this time for this reason.edit i've contacted sandisk and they are rmaing the card. i'll improve the rating if the new card corrects the problem.edit got the new card, problem still exists...edit i've suffered with this card for a year now, the only problem is that i cannot take video without studders, so i figured maybe software updates would eventually fix the problem. they have not. i have used multiple different camera apps, and the problem still persists. used on nokia pureview 808 for video and photographypro was cheap and fastcons will freeze from time to time or disk error message comes in and i would lose things i've either photographed or filmed using my nokia pureview 808. in order to make the microsd work, i have to restart my phone every time. the error message comes and go.07.17.13 updatei returned and exchanged my card with a new one free of charge by amazon who's willing to pay for shipping too. it turns out, my previous microsd ultra class 10 sandisk was a defective card. the new card i receive works well now and no error message pops up on my nokia pureview 808 smartphone. i can now film and take pictures with it without having to worry. thanks amazon.","['i get randomly error messages with my nokia808, disk error and the card stops working, its so, so sad.. i bought a cheap 8gb micro sd class 4 that works better than this', ""i got this for my brand new nokia lumia 810, but there is some kind of problem, the card is horribly slow, i can't record hd video to it, it studders. i've tried reformatting several times to no avail. i didn't have any of these problems with my old 32gb class 4 sandisk card... there are other people having this problem as well, seems hit or miss. i can't recommend this card at this time for this reason.edit i've contacted sandisk and they are rmaing the card. i'll improve the rating if the new card corrects the problem.edit got the new card, problem still exists...edit i've suffered with this card for a year now, the only problem is that i cannot take video without studders, so i figured maybe software updates would eventually fix the problem. they have not. i have used multiple different camera apps, and the problem still persists."", ""used on nokia pureview 808 for video and photographypro was cheap and fastcons will freeze from time to time or disk error message comes in and i would lose things i've either photographed or filmed using my nokia pureview 808. in order to make the microsd work, i have to restart my phone every time. the error message comes and go.07.17.13 updatei returned and exchanged my card with a new one free of charge by amazon who's willing to pay for shipping too. it turns out, my previous microsd ultra class 10 sandisk was a defective card. the new card i receive works well now and no error message pops up on my nokia pureview 808 smartphone. i can now film and take pictures with it without having to worry. thanks amazon.""]"
337,"sandisk is a good brand for me and this just worked. cant really ask much more of it than that! i have always had good success with sandisk and this one didn't let me down. i use it in my camone pov and it works well. sandisk makes great products, i always try to buy their name. this is for the sony digital recorder i also bought.","['sandisk is a good brand for me and this just worked. cant really ask much more of it than that!', ""i have always had good success with sandisk and this one didn't let me down. i use it in my camone pov and it works well."", 'sandisk makes great products, i always try to buy their name. this is for the sony digital recorder i also bought.']"
338,"this card transfers data incredibly quickly!. one can notice the difference between a regular sandisk memory card and this ultra version. great memory and it was at a price i loved! using it for my microsoft surface pro and no problems with it took out my old card a black one from kingston hc and replaced it with this ultra one. when transferring files you can see the difference in speed. about 60 faster transfer rate than the kingston. transfer speeds are consistent with advertising. the card works, and has worked for months now. great product. now i need a 64gb..... at least i know which company to go with, sandisk.","['this card transfers data incredibly quickly!. one can notice the difference between a regular sandisk memory card and this ultra version. great memory and it was at a price i loved! using it for my microsoft surface pro and no problems with it', 'took out my old card a black one from kingston hc and replaced it with this ultra one. when transferring files you can see the difference in speed. about 60 faster transfer rate than the kingston.', 'transfer speeds are consistent with advertising. the card works, and has worked for months now. great product. now i need a 64gb..... at least i know which company to go with, sandisk.']"
339,"i use this primarily to store music and photos on my sd card. the camera writes to the card directly and i notice no difference in speed. i haven't had any formatting issues. first thing i did when i popped this into my phone was format it using the built in option under 34 settings. 34 it has worked flawlessly for over a month. i formatted it when i got it, put it in my device and it has worked fine. videos played on my tablet from it play fine and its write speed seems okay to me. i cannot rate performance because of what i am using it for files on an android . it can keep up with the modest requirements of this device. inserted chip, worked as expected. no formatting, and no issues after a couple months use.","[""i use this primarily to store music and photos on my sd card. the camera writes to the card directly and i notice no difference in speed. i haven't had any formatting issues. first thing i did when i popped this into my phone was format it using the built in option under 34 settings. 34 it has worked flawlessly for over a month."", 'i formatted it when i got it, put it in my device and it has worked fine. videos played on my tablet from it play fine and its write speed seems okay to me.', 'i cannot rate performance because of what i am using it for files on an android . it can keep up with the modest requirements of this device. inserted chip, worked as expected. no formatting, and no issues after a couple months use.']"
340,fast transfer speed and got it for a great price. used in my gopro hero 3 be for many hours of recording and haven't had an issue. fast recording downing speed. you can't go wrong wit this. it also can be used with my smartphone.i would recommend this to a friend. good and fast enough for a car camcorder to write a full hd video. used with hp f200 car camcorder.,"[""fast transfer speed and got it for a great price. used in my gopro hero 3 be for many hours of recording and haven't had an issue."", ""fast recording downing speed. you can't go wrong wit this. it also can be used with my smartphone.i would recommend this to a friend."", 'good and fast enough for a car camcorder to write a full hd video. used with hp f200 car camcorder.']"
341,"i bought this for my lumia 1520 windows phone to supplement the onboard storage capacity. fits fine, works great, fast access, immediately recognized by the device. not much more you can ask of a microsd card. i had purchased this card for my wife's phone. she is in love with it as this helped her store all her ebooks, songs, few of her all time 34 to go to 34 movies and her office docs etc. on that new card. the card came, i formated it and installed it. rebooted the phone and it works... phone was able to see new extpned storage and worked right away. its an awesome card fast read and write. highly recommanded for anyone looking to expend their degital storage.chers!","['i bought this for my lumia 1520 windows phone to supplement the onboard storage capacity. fits fine, works great, fast access, immediately recognized by the device. not much more you can ask of a microsd card.', ""i had purchased this card for my wife's phone. she is in love with it as this helped her store all her ebooks, songs, few of her all time 34 to go to 34 movies and her office docs etc. on that new card. the card came, i formated it and installed it. rebooted the phone and it works... phone was able to see new extpned storage and worked right away. its an awesome card fast read and write. highly recommanded for anyone looking to expend their degital storage.chers!""]"
342,"as advertised, specs match. as long as the device you as using it in can handle it i.e. usb 3.0, not some crapple bs it delivers the advertised speed. p.s. the speed is read, not write, but you knew that, right? i really like the performance. since i put it into a usb 3.0 adapter, i get about 27mb s actual measured throughput. go two during a 34 deal of the day 34 . could not test usb3.0 performance since i dont have a usb3 port.","['as advertised, specs match. as long as the device you as using it in can handle it i.e. usb 3.0, not some crapple bs it delivers the advertised speed. p.s. the speed is read, not write, but you knew that, right?', 'i really like the performance. since i put it into a usb 3.0 adapter, i get about 27mb s actual measured throughput.', 'go two during a 34 deal of the day 34 . could not test usb3.0 performance since i dont have a usb3 port.']"
343,"i got to of these cards one in a samsung galaxy s3 no problem so far. one in my asus tablet no problem so far.plenty of space, fast, format without a glitch. i will keep buying this product as needed until better comes on the market. there were no issues with this card and my galaxy s4. 29.71 gb usable space as was expected . price was right too.","['i got to of these cards one in a samsung galaxy s3 no problem so far. one in my asus tablet no problem so far.plenty of space, fast, format without a glitch. i will keep buying this product as needed until better comes on the market.', 'there were no issues with this card and my galaxy s4. 29.71 gb usable space as was expected . price was right too.']"
344,"i bought this card because i have several devices that use microsd cards, but not all of them are compatible with the newer and higher capacity sdxc standard. for sdhc memory cards, 32gb is the largest size available under that technology standard, so i went with this one from sandisk. that way i didn't have to worry about compatibility issues with any of my devices. i've used sandisk memory products for a number of years along with many other brands, and i've always had good results from them. i'm happy to say that my experience with this card echoes that of 5,000 other amazon users it's been rock steady, reliable with larger file transfers several 2gb movies at a time , and performed as quickly as i'd hoped for a class 10 card in regards to its read write times.aside from the existing reviews and my previous experiences with sandisk products, i also picked up this particular card due to its uhs 1 compliance. i don't currently have any uhs 1 devices that can take advantage of the increased speed, but for the negligible cost difference, it just made sense. standards and technology update so fast these days any future proofing a product can provide to extend its usable life is always appreciated. i purchased this ultra microsdhc class 10 card for my media player. i wanted to replace my 4gb cardwith this one so i could store more music. i like to have a wide range of music to pick from when i amon vacation or traveling on an airplane long distances. i think i may have bought too much.this card is advertised as water proof, temperature proof, x ray proof and shock proof. i will have totake their word for it. i am not going to test it.just for fun i put the 16gb microsdhc disc 30mb s read speed into its provided adapter and used itin my cheapo cheapo toshiba camileo hd movie camera. even at the full high definition resolution of1080p 30fps this disc performed very well. no stuttering, no missed frames and all this under low lightconditions. nice. very nice. those are big files at full hd resolution. read on...this card is 'ush 1' enabled which means it is the fastest card available allegedly and should reachup to a bus interface speed of 104 mb s if the electronic device you are using requires it. of courseif your card reader or device does not support that speed you will be transferring data at your usualspeed. sort of like saying it is backward compatible but don't expect blazing speeds. you can feeddata through only so fast.transferring raw photos and a full hd digital film can take a lot of time to transfer. those are hugefiles to transfer so the ush i enabled disc is perfect for that purpose. they are working on ush iiwhich is supposed to allow up to 300mb s transfers. talk about instant gratification, we are aboutthere. here is a guide by the 'sd association' with regard to class ratings and video applications class 2 for sd video recording class 4 and 6 for high definition video hd to full hd video recording, class 10 for full hd video recording and consecutive recording of hd stills uhs speed grade 1 for real time broadcasts and large hd video files uhs speed grade 3 for 4k video files ush i overkill for a media player? probably, but for the price it was a terrific deal to get a class 10ush 1 enabled card and have the flexibility to use it in a variety of my electronic devices. hmm. onsecond thought i may just keep this card for the movie camera and get another slower one for mymedia player.as usual i have had no problems with this card. works well, in or out of the adapter, and seems verytough in it's construction. 5 stars for this little power house of a micro card. i have 2 of these scandisk ultra 32gb class 10 microsdhc cards. one for my acer iconia a100 android tablet and one for my linux laptop to move files around. i've formatted both differently to make them fit best for their hosting operating system and both are working great. no issues and great performance.i can stream 1080p movies from these cards without hiccups.i also used one of these cards in my 1080p camera and had no issue whatsoever keeping up with writing speed.great card.","[""i bought this card because i have several devices that use microsd cards, but not all of them are compatible with the newer and higher capacity sdxc standard. for sdhc memory cards, 32gb is the largest size available under that technology standard, so i went with this one from sandisk. that way i didn't have to worry about compatibility issues with any of my devices. i've used sandisk memory products for a number of years along with many other brands, and i've always had good results from them. i'm happy to say that my experience with this card echoes that of 5,000 other amazon users it's been rock steady, reliable with larger file transfers several 2gb movies at a time , and performed as quickly as i'd hoped for a class 10 card in regards to its read write times.aside from the existing reviews and my previous experiences with sandisk products, i also picked up this particular card due to its uhs 1 compliance. i don't currently have any uhs 1 devices that can take advantage of the increased speed, but for the negligible cost difference, it just made sense. standards and technology update so fast these days any future proofing a product can provide to extend its usable life is always appreciated."", ""i purchased this ultra microsdhc class 10 card for my media player. i wanted to replace my 4gb cardwith this one so i could store more music. i like to have a wide range of music to pick from when i amon vacation or traveling on an airplane long distances. i think i may have bought too much.this card is advertised as water proof, temperature proof, x ray proof and shock proof. i will have totake their word for it. i am not going to test it.just for fun i put the 16gb microsdhc disc 30mb s read speed into its provided adapter and used itin my cheapo cheapo toshiba camileo hd movie camera. even at the full high definition resolution of1080p 30fps this disc performed very well. no stuttering, no missed frames and all this under low lightconditions. nice. very nice. those are big files at full hd resolution. read on...this card is 'ush 1' enabled which means it is the fastest card available allegedly and should reachup to a bus interface speed of 104 mb s if the electronic device you are using requires it. of courseif your card reader or device does not support that speed you will be transferring data at your usualspeed. sort of like saying it is backward compatible but don't expect blazing speeds. you can feeddata through only so fast.transferring raw photos and a full hd digital film can take a lot of time to transfer. those are hugefiles to transfer so the ush i enabled disc is perfect for that purpose. they are working on ush iiwhich is supposed to allow up to 300mb s transfers. talk about instant gratification, we are aboutthere. here is a guide by the 'sd association' with regard to class ratings and video applications class 2 for sd video recording class 4 and 6 for high definition video hd to full hd video recording, class 10 for full hd video recording and consecutive recording of hd stills uhs speed grade 1 for real time broadcasts and large hd video files uhs speed grade 3 for 4k video files ush i overkill for a media player? probably, but for the price it was a terrific deal to get a class 10ush 1 enabled card and have the flexibility to use it in a variety of my electronic devices. hmm. onsecond thought i may just keep this card for the movie camera and get another slower one for mymedia player.as usual i have had no problems with this card. works well, in or out of the adapter, and seems verytough in it's construction. 5 stars for this little power house of a micro card."", ""i have 2 of these scandisk ultra 32gb class 10 microsdhc cards. one for my acer iconia a100 android tablet and one for my linux laptop to move files around. i've formatted both differently to make them fit best for their hosting operating system and both are working great. no issues and great performance.i can stream 1080p movies from these cards without hiccups.i also used one of these cards in my 1080p camera and had no issue whatsoever keeping up with writing speed.great card.""]"
345,"picked this up for my sport action camera and it's just what i needed. class 10 and the speeds match up with the rating. came with a sd card adapter which was a nice bonus. been using it for almost 2 months now with formatting after each filming. no lag on any of the video, no problems with card, running strong. inexpensive, fast and made my videos a bit less choppy during recording hd. a good buy now, and seems to be a better value for the class 10 cards... got this micro data card for a digital camera that shoots in hd. it came with a class 4 card but the video clips were blocky. i had a class 6 and tested it in the camera with some improvement and at the advice of youtuber techmoan this guy does the best tech reviews on the web i ordered this class 10 card. it solved the blocky issue and is a great value for the money.","[""picked this up for my sport action camera and it's just what i needed. class 10 and the speeds match up with the rating. came with a sd card adapter which was a nice bonus. been using it for almost 2 months now with formatting after each filming. no lag on any of the video, no problems with card, running strong."", 'inexpensive, fast and made my videos a bit less choppy during recording hd. a good buy now, and seems to be a better value for the class 10 cards...', 'got this micro data card for a digital camera that shoots in hd. it came with a class 4 card but the video clips were blocky. i had a class 6 and tested it in the camera with some improvement and at the advice of youtuber techmoan this guy does the best tech reviews on the web i ordered this class 10 card. it solved the blocky issue and is a great value for the money.']"
346,"i've had this card for some time now and i've only had one problem with it and i believe that problem to be with my phone. the card's formatting became corrupted and while i could still copy to and from using my computer, my phone didn't recognize the card. copying the data off, formatting the card, and copying the data back onto it fixed the issue. it's really nice to have 64gb's of extra data storage on my phone. worked for awhile and then android would blow chunks unexpectedly removed . windows sometimes could not read them and just blew up explorer. formated fat32 .... ect ect ect over and over. i'm done with sandisk. i think the problem is the class 10 part of these cards. all other cards i have work fine and they are less than class 10. maybe this was a bad batch because my replacement card a few days later from amazon did the same thing again.edit decided to pick up the card that was laying on my counter for the last 3 months and give things another try. still does not work in htc evo lte or evo 3d. finally got it working in galaxy s3. still very frustrating. used it in a samsung galaxy s3 and it was ruined within a month. second one i went through on that phone. contacted verizon, samsung, sandisk, google, and read a lot of forums. turns out a lot of people were having the issue with that phone and these cards.of course the girlfriend threw away the card so i couldn't return it, so i don't know if the issue was fixed or if was a bad batch of cards that went out or what. it's been a few months and i haven't seen the problem as much as before, so i can only assume it was a bad batch.i've had another card in my phone for a while and haven't had any issues, so for now i can't recommend this specific card unless their issue has been addressed.","[""i've had this card for some time now and i've only had one problem with it and i believe that problem to be with my phone. the card's formatting became corrupted and while i could still copy to and from using my computer, my phone didn't recognize the card. copying the data off, formatting the card, and copying the data back onto it fixed the issue. it's really nice to have 64gb's of extra data storage on my phone."", ""worked for awhile and then android would blow chunks unexpectedly removed . windows sometimes could not read them and just blew up explorer. formated fat32 .... ect ect ect over and over. i'm done with sandisk. i think the problem is the class 10 part of these cards. all other cards i have work fine and they are less than class 10. maybe this was a bad batch because my replacement card a few days later from amazon did the same thing again.edit decided to pick up the card that was laying on my counter for the last 3 months and give things another try. still does not work in htc evo lte or evo 3d. finally got it working in galaxy s3. still very frustrating."", ""used it in a samsung galaxy s3 and it was ruined within a month. second one i went through on that phone. contacted verizon, samsung, sandisk, google, and read a lot of forums. turns out a lot of people were having the issue with that phone and these cards.of course the girlfriend threw away the card so i couldn't return it, so i don't know if the issue was fixed or if was a bad batch of cards that went out or what. it's been a few months and i haven't seen the problem as much as before, so i can only assume it was a bad batch.i've had another card in my phone for a while and haven't had any issues, so for now i can't recommend this specific card unless their issue has been addressed.""]"
347,"works perfectly in my new phone. great price and it was delivered on time and in good shape. i've never had any trouble with sandisk, so i'd recommend it to anyone. i needed this for my new phone. it works great!sandisk is a good brand so i didn't hesitate to purchase it. not a great deal to say about this. sandisk is a reputable supplier and it was simply a plug and play installation for the phone. it is a memory card and it works.","[""works perfectly in my new phone. great price and it was delivered on time and in good shape. i've never had any trouble with sandisk, so i'd recommend it to anyone."", ""i needed this for my new phone. it works great!sandisk is a good brand so i didn't hesitate to purchase it."", 'not a great deal to say about this. sandisk is a reputable supplier and it was simply a plug and play installation for the phone. it is a memory card and it works.']"
348,"the read and write speeds are better than the samsung sd card that i had previously. i would not hesitate to buy another one of these great micro sd cards from sandisk. i also own their clip plus mp3 player and it works very well. i think i'm becoming a fan of the sandisk products. i mounted the sandisk ultra 64gb microsdxc card in a dell venue 8 pro tablet as a data drive. the card was instantly recognized by the tablet, and there is no apparent delay with read write operations.the card i ordered the 'easy open' package came with an sd adapter that allows the card to be used as a 'regular size' sd card.recommended. this seems to be a great microsdxc, as i would expect from sandisk. i have not tested read write speed so i cannot comment on that. i have it installed in my lenovo thinkpad 8 to provide extra storage, and it is doing what it is supposed to do. guess there is not much more you can say about an sd card. i would expect it to work just as well in any device that is sdxc compatible.","[""the read and write speeds are better than the samsung sd card that i had previously. i would not hesitate to buy another one of these great micro sd cards from sandisk. i also own their clip plus mp3 player and it works very well. i think i'm becoming a fan of the sandisk products."", ""i mounted the sandisk ultra 64gb microsdxc card in a dell venue 8 pro tablet as a data drive. the card was instantly recognized by the tablet, and there is no apparent delay with read write operations.the card i ordered the 'easy open' package came with an sd adapter that allows the card to be used as a 'regular size' sd card.recommended."", 'this seems to be a great microsdxc, as i would expect from sandisk. i have not tested read write speed so i cannot comment on that. i have it installed in my lenovo thinkpad 8 to provide extra storage, and it is doing what it is supposed to do. guess there is not much more you can say about an sd card. i would expect it to work just as well in any device that is sdxc compatible.']"
349,"i bought this sd card for my android phone thinking that a class 10 will be faster and more reliable than others. it turns out, the difference in class doesn't really matter at least for android phones. didn't really worth the price difference i had purchased a cheaper cellphone, and the great price on this item made it the perfect accessory alternative to buying a much more expensive phone.class 10 speed means that i don't have to worry about any lag in accessing my files. i have had no issues what so ever with having to format the card. it worked perfectly with my phone samsung axiom right out of the box. this card showed up and was formatted and recognized by my android phone with no issues at all. after doing a speed read write test on the card, the speeds obtained were well within what a class 10 should realistically accomplish. great card, great price, and wasn't shipped a junk card in disguise. highly recommended.","[""i bought this sd card for my android phone thinking that a class 10 will be faster and more reliable than others. it turns out, the difference in class doesn't really matter at least for android phones. didn't really worth the price difference"", ""i had purchased a cheaper cellphone, and the great price on this item made it the perfect accessory alternative to buying a much more expensive phone.class 10 speed means that i don't have to worry about any lag in accessing my files. i have had no issues what so ever with having to format the card. it worked perfectly with my phone samsung axiom right out of the box."", ""this card showed up and was formatted and recognized by my android phone with no issues at all. after doing a speed read write test on the card, the speeds obtained were well within what a class 10 should realistically accomplish. great card, great price, and wasn't shipped a junk card in disguise. highly recommended.""]"
350,"with prices of tech items always dropping, getting the bleeding edge stuff usually costs a bit more. thanks to amazon and the ability to find deals like this, it was worth while getting the 64gb micro sdxc for my phone. i removed the 32gb i had in there for my phantom 2 vision that had shipped with only a 4 gb unit. class 10 is where you want to be when using this for any video recording and you can always count on sandisk for quality! nothing beats class 10 sdhc, i would highly recommendfor anyone that requires memory, especially for this low price. there is nothing better.","['with prices of tech items always dropping, getting the bleeding edge stuff usually costs a bit more. thanks to amazon and the ability to find deals like this, it was worth while getting the 64gb micro sdxc for my phone. i removed the 32gb i had in there for my phantom 2 vision that had shipped with only a 4 gb unit. class 10 is where you want to be when using this for any video recording and you can always count on sandisk for quality!', 'nothing beats class 10 sdhc, i would highly recommendfor anyone that requires memory, especially for this low price. there is nothing better.']"
351,"32 gig microsd card that costs less than a dollar per gig and is class 10! and even more importantly, it tests at class 10 and operates at class 10, which is saying a lot compared to a lot of other 34 class 10 34 cards. class 10 sd cards are certified for certain high demanding applications like cameras. we use a pair of these in our htc one cell phones, and have had fantastic luck with them. there are a number of microsd manufacturers out there that offer large capacity cards like this. they claim to be class 10 but when tested, prove to be closer to class 6 cards in performance. this sandisk card performs at the class 10 level.i use these cards in various devices that need class 10 speeds, such as my android phone because of the data transfers i do for work and for the games i keep on it.if your device does not need class 10 you are just using it for simple storage of basic files like docs or ebooks then you could probably save some money by going with class 6. if the prices are very close, then you might as well spend the extra money and get class 10.this card came with a nice plastic storage case and a sd adapter. the only reason i gave this 4 stars is because i feel the prices should be a lot lower by now. inventory is plentiful and these are not cutting edge tech any more.","['32 gig microsd card that costs less than a dollar per gig and is class 10! and even more importantly, it tests at class 10 and operates at class 10, which is saying a lot compared to a lot of other 34 class 10 34 cards.', 'class 10 sd cards are certified for certain high demanding applications like cameras. we use a pair of these in our htc one cell phones, and have had fantastic luck with them.', 'there are a number of microsd manufacturers out there that offer large capacity cards like this. they claim to be class 10 but when tested, prove to be closer to class 6 cards in performance. this sandisk card performs at the class 10 level.i use these cards in various devices that need class 10 speeds, such as my android phone because of the data transfers i do for work and for the games i keep on it.if your device does not need class 10 you are just using it for simple storage of basic files like docs or ebooks then you could probably save some money by going with class 6. if the prices are very close, then you might as well spend the extra money and get class 10.this card came with a nice plastic storage case and a sd adapter. the only reason i gave this 4 stars is because i feel the prices should be a lot lower by now. inventory is plentiful and these are not cutting edge tech any more.']"
352,works just fine. thia card being so big will slow down your phone a little bit but works fine for me the card works great. re formatted in the phone and copied all data to it and re installed. works fast and works well. this micro card has been seamless and simple to use. the phone has not had any problems with this card.,"['works just fine. thia card being so big will slow down your phone a little bit but works fine for me', 'the card works great. re formatted in the phone and copied all data to it and re installed. works fast and works well.', 'this micro card has been seamless and simple to use. the phone has not had any problems with this card.']"
353,"i bought this to store all my music on my phone, but it doesn't work. the phone has trouble reading from the card, and i keep having to reformat it. buy one from sony or some other company instead, especially if you have a gs3 i switched off unlimited data for verizon so i wanted to get something that'll store all my mp3s on my phone easily so when i'm out and about i don't use my data to stream it.this card was great, i put it in my phone, went to phone settings to format microsd and connected it to my pc and loaded all my songs to the sd card with plenty of room left over. i tried to read some articles and reviews on cards, when wanting to store music on my phone for the amazon mp3 app. i found it to be a bit confusing and in the end took a chance and just ordered this one. i couldn't be happier with it. i found an app that automatically moves my amazon mp3 downloads to the card and i'm able to store a ton of music on the phone, saving me from having to stream it and jeopardize my 2gb verizon limit. this was a painless install that i should have done a lot sooner.","[""i bought this to store all my music on my phone, but it doesn't work. the phone has trouble reading from the card, and i keep having to reformat it. buy one from sony or some other company instead, especially if you have a gs3"", ""i switched off unlimited data for verizon so i wanted to get something that'll store all my mp3s on my phone easily so when i'm out and about i don't use my data to stream it.this card was great, i put it in my phone, went to phone settings to format microsd and connected it to my pc and loaded all my songs to the sd card with plenty of room left over."", ""i tried to read some articles and reviews on cards, when wanting to store music on my phone for the amazon mp3 app. i found it to be a bit confusing and in the end took a chance and just ordered this one. i couldn't be happier with it. i found an app that automatically moves my amazon mp3 downloads to the card and i'm able to store a ton of music on the phone, saving me from having to stream it and jeopardize my 2gb verizon limit. this was a painless install that i should have done a lot sooner.""]"
354,"i use this for many technological devices and it works like a charm.i actually do get class 10 speed about 99.8 of the times literally..................the other .2 is probably related to read write speed.........and let me remind you as i said earlier.many platforms from tablets,samsung galaxy s3,s4,cameras,pc,ect..............works like a charm good job sandisk!!!!!!!!!you did not let me down.......... i tried this both on android tablets and the ms surface.pros true class 10 read and write speeds works with android phones tablet and the new surface tabletcons none so far. not much to say about this. works well with a samsung galaxy s2. haven't tested the read write speeds, but it seems about right for a class 10 card.","['i use this for many technological devices and it works like a charm.i actually do get class 10 speed about 99.8 of the times literally..................the other .2 is probably related to read write speed.........and let me remind you as i said earlier.many platforms from tablets,samsung galaxy s3,s4,cameras,pc,ect..............works like a charm good job sandisk!!!!!!!!!you did not let me down..........', 'i tried this both on android tablets and the ms surface.pros true class 10 read and write speeds works with android phones tablet and the new surface tabletcons none so far.', ""not much to say about this. works well with a samsung galaxy s2. haven't tested the read write speeds, but it seems about right for a class 10 card.""]"
355,"can't go wrong with this class 10 card cheap and works great may have to buy another one as a spare. great name brand class 10 card. great price, best on the net at the time i bought this one. it works perfectly and is fast. can't go wrong. spend the extra couple of bucks for the real deal. don't be fooled by a knock off, slow speed, import. great price and holds tons of stuff. the class 10 is way faster then any other card i have purchased","[""can't go wrong with this class 10 card cheap and works great may have to buy another one as a spare."", ""great name brand class 10 card. great price, best on the net at the time i bought this one. it works perfectly and is fast. can't go wrong. spend the extra couple of bucks for the real deal. don't be fooled by a knock off, slow speed, import."", 'great price and holds tons of stuff. the class 10 is way faster then any other card i have purchased']"
356,"fast, reliable, good brand name and customer service, top of line product. one thing to note is if you don't have a high end device then you don't need a class 10, a class 4 or 6 will yield you the same results. so keep that in mind. pro small, fast, and priced ok. this is basically a class 10 card file access is noticeably faster than a class 4 i was using before.con not really noticed anything. excellent item for the price. class 10 is the way to go if you're uploading or copying files to your computer. i have a 32gb as well and they both work well. no issues.","[""fast, reliable, good brand name and customer service, top of line product. one thing to note is if you don't have a high end device then you don't need a class 10, a class 4 or 6 will yield you the same results. so keep that in mind."", 'pro small, fast, and priced ok. this is basically a class 10 card file access is noticeably faster than a class 4 i was using before.con not really noticed anything.', ""excellent item for the price. class 10 is the way to go if you're uploading or copying files to your computer. i have a 32gb as well and they both work well. no issues.""]"
357,"i would recommend this card to everyone.data transfer speeds excellent with this card on my galaxy s2. didn't need to format the card or anything. i am 100 satisfied. i have used this for months on my galaxy s4 with no issues and it is plenty fast to transfer content to this card. i've had the card for a month now, and it has given me no issues. the transfer speed is quite good moving data from my old class 4 device to this new one was arduous only due to the slower, older device. any new material that i have to transfer to the phone zips along very fast.now i have just that much more room for movies and music, which is exactly what i needed!","[""i would recommend this card to everyone.data transfer speeds excellent with this card on my galaxy s2. didn't need to format the card or anything. i am 100 satisfied."", 'i have used this for months on my galaxy s4 with no issues and it is plenty fast to transfer content to this card.', ""i've had the card for a month now, and it has given me no issues. the transfer speed is quite good moving data from my old class 4 device to this new one was arduous only due to the slower, older device. any new material that i have to transfer to the phone zips along very fast.now i have just that much more room for movies and music, which is exactly what i needed!""]"
358,"i can't believe how much info you can fit on this little card. the transfer speeds are unbelievable. my phone camera is now always in burst mode because it copies the file so quickly. the best there is under this category. make sure you research before you buy this card for your phones. lots of android phones still dont make use of the uhs 1 technology for transfer rate. you will still get good transfer rate but not the best. decent transfer speeds out of phone..in phone sees around 10 12mb s down to 5. this card is nothing to write home about however, as it only lasted me 7 months. now it will not read in my phone or laptop or friend's phone. so now i lost all my files....i recommend you store your vital files in the phone.","[""i can't believe how much info you can fit on this little card. the transfer speeds are unbelievable. my phone camera is now always in burst mode because it copies the file so quickly."", 'the best there is under this category. make sure you research before you buy this card for your phones. lots of android phones still dont make use of the uhs 1 technology for transfer rate. you will still get good transfer rate but not the best.', ""decent transfer speeds out of phone..in phone sees around 10 12mb s down to 5. this card is nothing to write home about however, as it only lasted me 7 months. now it will not read in my phone or laptop or friend's phone. so now i lost all my files....i recommend you store your vital files in the phone.""]"
359,"i bought this on august of 2013. as of april 2014 the card stopped functioning. it can still be read, but the writing capability is gone. that's less than one year. i'm extremely disappointed in the longevity of this card. my usage of it has been on my galaxy s4. i have about 40gb of data in it. guess i'm going to have to look for another card that has a longer lifespan than this one. a month and a half after purchase... my device powered off while the card was in use batteries ran out . since then, doesn't work. the device doesn't recognize it. doesn't respond to recovery, reformatting, partitioning... nothing. i've used easeus, zar, hp usb disk format, and a couple others. no dice. nothing can read it or fix it. most of my reviews are positive. this product failed could not read on my device a galaxy s3 nor on my computer with 2 different readers in less than 30 days. the customer support is also unhelpful, as they would only replace the card after many questions, they would not provide a refund i did not want a replacement of a card that failed so quickly .i would suggest buying a different card, it is not worth the hassle and lost data to save a couple of dollars with buying this one.","[""i bought this on august of 2013. as of april 2014 the card stopped functioning. it can still be read, but the writing capability is gone. that's less than one year. i'm extremely disappointed in the longevity of this card. my usage of it has been on my galaxy s4. i have about 40gb of data in it. guess i'm going to have to look for another card that has a longer lifespan than this one."", ""a month and a half after purchase... my device powered off while the card was in use batteries ran out . since then, doesn't work. the device doesn't recognize it. doesn't respond to recovery, reformatting, partitioning... nothing. i've used easeus, zar, hp usb disk format, and a couple others. no dice. nothing can read it or fix it."", 'most of my reviews are positive. this product failed could not read on my device a galaxy s3 nor on my computer with 2 different readers in less than 30 days. the customer support is also unhelpful, as they would only replace the card after many questions, they would not provide a refund i did not want a replacement of a card that failed so quickly .i would suggest buying a different card, it is not worth the hassle and lost data to save a couple of dollars with buying this one.']"
360,"works as specified, received in good condition from amazon, using since a few months, in a smartphone, it doesn't get better than this if you're using sandisk in terms of speed and space. you can expect speeds upto 28 mb sec for write, about 30mb sec for read, with the provided adapter, speeds ar always better for both read write, using smartphone to read write, speeds would be lesser mostly, but average should be 20mb sec anyways as per what i've seen and i'm a heavy user, like if there is a 256gb microsdxc available, i would actually buy it, tried the extreme version with 80mb sec, costs 2 times of this one, but works similar to this, so dont waste money on name that doesnt deliver, buy this if you're buying to sandisk the sandisk ultra 64 gb is just a storage device, so i don't find that there will be many features to get excited about. that being said, it is advertised as having 30mb s transfer speed, but this is misleading. it can read up to 30 mb s, however, and the packaging says this too it writes at a slower rate. i used this for my phone too much music and had the stock 8 gb microsd that came with my phone. i had about 6.5 gb of data that i wanted to transfer back to my new microsd card, and this took about 30 minutes. if this were a strict transfer from my internal hard drive to an external it would be faster, but this is not such a connection. it lost a star because the transfer took so long, but in reality, i don't expect to be transferring 6 gbs of data anytime soon so this problem will be minimal for me. other than that it works great, and i have not had any issues with the formatting or reading. bought it while it was one sale for 35.... i love itit has given my surface some wiggle room.don't expect the read and write speed to be super fast. most likely you computer doesn't support the current protocol to transfer at the max speed.overall quality you expect from sandisk though i think the price of this can come down bit more, now that the market is slowly moving away from microsd expansion aside from samsung","[""works as specified, received in good condition from amazon, using since a few months, in a smartphone, it doesn't get better than this if you're using sandisk in terms of speed and space. you can expect speeds upto 28 mb sec for write, about 30mb sec for read, with the provided adapter, speeds ar always better for both read write, using smartphone to read write, speeds would be lesser mostly, but average should be 20mb sec anyways as per what i've seen and i'm a heavy user, like if there is a 256gb microsdxc available, i would actually buy it, tried the extreme version with 80mb sec, costs 2 times of this one, but works similar to this, so dont waste money on name that doesnt deliver, buy this if you're buying to sandisk"", ""the sandisk ultra 64 gb is just a storage device, so i don't find that there will be many features to get excited about. that being said, it is advertised as having 30mb s transfer speed, but this is misleading. it can read up to 30 mb s, however, and the packaging says this too it writes at a slower rate. i used this for my phone too much music and had the stock 8 gb microsd that came with my phone. i had about 6.5 gb of data that i wanted to transfer back to my new microsd card, and this took about 30 minutes. if this were a strict transfer from my internal hard drive to an external it would be faster, but this is not such a connection. it lost a star because the transfer took so long, but in reality, i don't expect to be transferring 6 gbs of data anytime soon so this problem will be minimal for me. other than that it works great, and i have not had any issues with the formatting or reading."", ""bought it while it was one sale for 35.... i love itit has given my surface some wiggle room.don't expect the read and write speed to be super fast. most likely you computer doesn't support the current protocol to transfer at the max speed.overall quality you expect from sandisk though i think the price of this can come down bit more, now that the market is slowly moving away from microsd expansion aside from samsung""]"
361,"class 10 speeds are the only way to fly and with 29.71gb of usable space i think i should be good for a while. it isn't as fast as the class10 i used before, and the file structure only allows 29.7g free to put data on. i can see some loss, but i'm very displeased with losing over 2g of space! that's a big waste percentage. while the class 10 speed is excellent it's amazing when files will initially transfer at 200mb s before settling down to 19 , you do need to use a reader with proper sdxc support, and manually format the card in a good partitioning program, like minitools or easeus. that alone should disqualify it from 5 stars, for lack of user friendliness. but if it weren't for that, the fast, roomy card is a wonder to own.","['class 10 speeds are the only way to fly and with 29.71gb of usable space i think i should be good for a while.', ""it isn't as fast as the class10 i used before, and the file structure only allows 29.7g free to put data on. i can see some loss, but i'm very displeased with losing over 2g of space! that's a big waste percentage."", ""while the class 10 speed is excellent it's amazing when files will initially transfer at 200mb s before settling down to 19 , you do need to use a reader with proper sdxc support, and manually format the card in a good partitioning program, like minitools or easeus. that alone should disqualify it from 5 stars, for lack of user friendliness. but if it weren't for that, the fast, roomy card is a wonder to own.""]"
362,arrived quickly and in perfect condition. it works well with my camera using its standard size adapter and then is readable by my note 8. seems quick enough for my canon g12. i would recommend this. fast transfer rates and great storage at a great price! i love these little micro sd cards and use them in several different devices.,"['arrived quickly and in perfect condition. it works well with my camera using its standard size adapter and then is readable by my note 8. seems quick enough for my canon g12. i would recommend this.', 'fast transfer rates and great storage at a great price! i love these little micro sd cards and use them in several different devices.']"
363,"used primarily as a portable hard drive content back up and file transfers . working well for this application.i have this attached to a small key chain usb adapter and really like the compact nature of the microsd card i can use it to store my data it is good for my computer also , it is fast it is a great way to store data never lost i use it to hold files from my computer and transfer files from other computers it works good for this task and is quick. i would recommend this plus the price isn't bad.","['used primarily as a portable hard drive content back up and file transfers . working well for this application.i have this attached to a small key chain usb adapter and really like the compact nature of the microsd card', 'i can use it to store my data it is good for my computer also , it is fast it is a great way to store data never lost', ""i use it to hold files from my computer and transfer files from other computers it works good for this task and is quick. i would recommend this plus the price isn't bad.""]"
364,used this card in my galaxy s3 and have had no problems. tons o room for what ever you want and more. seems to work fine in my samsung . galaxy iii with the new android 4.1.1 os how big of a card can this phone handle 62 anyone know?,"['used this card in my galaxy s3 and have had no problems. tons o room for what ever you want and more.', 'seems to work fine in my samsung . galaxy iii with the new android 4.1.1 os how big of a card can this phone handle 62 anyone know?']"
365,"quick little puppy, sandisk makes nice quality stuff with one exception.the adapter that came with it to let it work in the bigger slot failed horribly after 4 days.adapters, psh!but my transformer likes it, treats it like a child and it fits very snugly into the latching system a recent store bought one wiggles?!? as with most things sandisk it functions well and so far no issues. comes with the adapter which is a big plus. not much to say about the excellence of sandisk products. fits well, adapter very easy to use. i never been disappointed in sandisk.","['quick little puppy, sandisk makes nice quality stuff with one exception.the adapter that came with it to let it work in the bigger slot failed horribly after 4 days.adapters, psh!but my transformer likes it, treats it like a child and it fits very snugly into the latching system a recent store bought one wiggles?!?', 'as with most things sandisk it functions well and so far no issues. comes with the adapter which is a big plus.', 'not much to say about the excellence of sandisk products. fits well, adapter very easy to use. i never been disappointed in sandisk.']"
366,"i purchased sandisk because i thought it was the most reliable name brand out there. i have a galaxy s3 and purchased this 32gb card to handle all my photo's and movies. i'd say over the last 4 months i haven't been using the storage for more than just photo's and the occasional movie. the device just failed on me yesterday, losing all my photo's and files. thank goodness for dropbox auto photo upload otherwise i would of permanently lost my photos.i actually went back to the amazon branded microsd card 16gb which is about as fast and so far, way more reliable than sandisk. i can't beleive a sandisk card failed, i'm probably going to rma the unit and hope they send me a better unit. you can guarantee that i'm going to burn in the card to make sure there's no errors.i gave it one star because you think you pay a premium for a premium product. you expect it to be as near flawless as possible. after having my first ever failure of a sd card, a 32gb sandisk micro sd card that went from apparently fine to totally corrupted in a matter of minutes, and before i could salvage anything on it. with the refund from amazon of the 32 gb card i purchased this 64gb ultra card as the replacement for my phone.after having problems getting the full 64 gb seen as an individual 64 gb and not a partitioned into two 32 gb files on the card, and the secret is to not format the card in a computer, format the card in the phone, then via usb or wifi you can add back all the content,it is seemingly working great, seems fast with no undo lag when taking burst mode photos and i just hope it will continue to do so. i am much more contentious about backing up though, with android, amazon and google pretty much all your content can be saved online and reinstalled but it takes time and is a big hassle so just backing up to a computer works great for the next 'just in case' time.","[""i purchased sandisk because i thought it was the most reliable name brand out there. i have a galaxy s3 and purchased this 32gb card to handle all my photo's and movies. i'd say over the last 4 months i haven't been using the storage for more than just photo's and the occasional movie. the device just failed on me yesterday, losing all my photo's and files. thank goodness for dropbox auto photo upload otherwise i would of permanently lost my photos.i actually went back to the amazon branded microsd card 16gb which is about as fast and so far, way more reliable than sandisk. i can't beleive a sandisk card failed, i'm probably going to rma the unit and hope they send me a better unit. you can guarantee that i'm going to burn in the card to make sure there's no errors.i gave it one star because you think you pay a premium for a premium product. you expect it to be as near flawless as possible."", ""after having my first ever failure of a sd card, a 32gb sandisk micro sd card that went from apparently fine to totally corrupted in a matter of minutes, and before i could salvage anything on it. with the refund from amazon of the 32 gb card i purchased this 64gb ultra card as the replacement for my phone.after having problems getting the full 64 gb seen as an individual 64 gb and not a partitioned into two 32 gb files on the card, and the secret is to not format the card in a computer, format the card in the phone, then via usb or wifi you can add back all the content,it is seemingly working great, seems fast with no undo lag when taking burst mode photos and i just hope it will continue to do so. i am much more contentious about backing up though, with android, amazon and google pretty much all your content can be saved online and reinstalled but it takes time and is a big hassle so just backing up to a computer works great for the next 'just in case' time.""]"
367,"this is called 34 class 10 34 , so i ordered it, figuring it would have useable speed. i plugged it in to copy about 9gb of program installation files. i was totally dumbfounded that it took about 3 hours to copy those files onto this 34 ultra 34 34 class 10 34 sdxc card. 9gb on my super slow, super cheap plastic school kid usb thumb drive takes less than 10 minutes. so then i tested it on various known computers with typical raw and jpg picture files. read speeds ranged from 15 25mb s, while write speeds ranged from 4 8mb sec for big files, and below 1mb sec for small files. this is what i would call largely unusable. very disappointing. as soon as i got the card, i popped it into my phone and starting piling my music onto it, but then i noticed... 900 kb s transfer speed?! i thought i got a class 10! turns out, the device the card is mounted in has a factor on write speed. i plugged the card into the included sd card adapter and used a different reader and it was capping at 6 mb s, so i'm pretty happy.one thing though you don't get 32gb of usable space with this card, or any other card for that matter! you get around 29gb with this card in particular. it's normal, don't worry. i bought three of these and all three worked upon initial installation with no formatting. using my notebook computer's built in sd card reader, i saw transfer speeds between 6 mb writing and 14 mb reading. this was doing a simple copy past of all files on my old card that i had saved to my computer. these speeds are much slower than the stated maximum by the card manufacturer, but would be expected with over 12,000 small files like my example. the read write times were close to 50 faster than those of my old 8 gb class 10 sandisk micro sd card, so there is definitely a performance gain with this updated card.all things considered, 16 gb of storage on a class 10 card from the leading manufacturer, and at 15 is a steal. i highly recommend this card.","['this is called 34 class 10 34 , so i ordered it, figuring it would have useable speed. i plugged it in to copy about 9gb of program installation files. i was totally dumbfounded that it took about 3 hours to copy those files onto this 34 ultra 34 34 class 10 34 sdxc card. 9gb on my super slow, super cheap plastic school kid usb thumb drive takes less than 10 minutes. so then i tested it on various known computers with typical raw and jpg picture files. read speeds ranged from 15 25mb s, while write speeds ranged from 4 8mb sec for big files, and below 1mb sec for small files. this is what i would call largely unusable. very disappointing.', ""as soon as i got the card, i popped it into my phone and starting piling my music onto it, but then i noticed... 900 kb s transfer speed?! i thought i got a class 10! turns out, the device the card is mounted in has a factor on write speed. i plugged the card into the included sd card adapter and used a different reader and it was capping at 6 mb s, so i'm pretty happy.one thing though you don't get 32gb of usable space with this card, or any other card for that matter! you get around 29gb with this card in particular. it's normal, don't worry."", ""i bought three of these and all three worked upon initial installation with no formatting. using my notebook computer's built in sd card reader, i saw transfer speeds between 6 mb writing and 14 mb reading. this was doing a simple copy past of all files on my old card that i had saved to my computer. these speeds are much slower than the stated maximum by the card manufacturer, but would be expected with over 12,000 small files like my example. the read write times were close to 50 faster than those of my old 8 gb class 10 sandisk micro sd card, so there is definitely a performance gain with this updated card.all things considered, 16 gb of storage on a class 10 card from the leading manufacturer, and at 15 is a steal. i highly recommend this card.""]"
368,"i purchased 2 128gb sd cards, one for my nokia lumia 1520, and another for my surface pro 2, both devices took the card without any issues.as for read write speeds, i am sure there are better options, but this is the only 128gb micro sd card available right now, and sandisk did an amazing job with the product.and currently at 119.99 for how long, i am not sure , it's a great deal, considering a lot of the good sd cards are in the 140 range still.no issues with either card unmounting itself, put them in, transfer files, and you're good. it is all you can expected for a 32gb sd card. i never tested the read write speed but it never had a problem for music and videos. even though it says my review is for the 32gb version it's for the 64gb. not sure why it says 32gb above.i received this card to use in my 2013 macbook air for extra storage. i liked that the speeds were up to 30 mb s. i figured there would be a little bit of a fudge factor but not this much.while i can consistently get almost 45 mb s read speeds, the write speeds were only around 10.5 mb s.i guess you could average these together but i don't think that's really the point. i didn't see a review that dealt with this specifically so hopefully this will help someone else out in the future.update only now did i go back and read the tiny print that write speeds may be slower . well, that is obvious now but i think 1 4 of the speed is a lot slower.","[""i purchased 2 128gb sd cards, one for my nokia lumia 1520, and another for my surface pro 2, both devices took the card without any issues.as for read write speeds, i am sure there are better options, but this is the only 128gb micro sd card available right now, and sandisk did an amazing job with the product.and currently at 119.99 for how long, i am not sure , it's a great deal, considering a lot of the good sd cards are in the 140 range still.no issues with either card unmounting itself, put them in, transfer files, and you're good."", 'it is all you can expected for a 32gb sd card. i never tested the read write speed but it never had a problem for music and videos.', ""even though it says my review is for the 32gb version it's for the 64gb. not sure why it says 32gb above.i received this card to use in my 2013 macbook air for extra storage. i liked that the speeds were up to 30 mb s. i figured there would be a little bit of a fudge factor but not this much.while i can consistently get almost 45 mb s read speeds, the write speeds were only around 10.5 mb s.i guess you could average these together but i don't think that's really the point. i didn't see a review that dealt with this specifically so hopefully this will help someone else out in the future.update only now did i go back and read the tiny print that write speeds may be slower . well, that is obvious now but i think 1 4 of the speed is a lot slower.""]"
369,"the card was fast enough for hd video recording with my sony actioncam as 15 and it is very durable. great stuff i have used this in a number of devices, including mobile phones. when recording hd video straight to the card, i have not encountered the skips, lags or stutters that i have sometimes seen with other cards. so it certainly must be fast enough for this purpose.","['the card was fast enough for hd video recording with my sony actioncam as 15 and it is very durable. great stuff', 'i have used this in a number of devices, including mobile phones. when recording hd video straight to the card, i have not encountered the skips, lags or stutters that i have sometimes seen with other cards. so it certainly must be fast enough for this purpose.']"
370,"i was amazed at the speed of this sd card on my smart phone the hd video no longer jumps and buffers while recording and the transfer time from pc to phone has decreased dramatically i use this in my samsung galaxy siii and it has been great. there have been a few instances when the card was not recognized, but simply rebooting the phone fixed the problem. i am unsure whether this is a samsung issue probably , or a sandisk issue, but it has only happened 2 to 3 times over the course of a year and a half. overall, the write speeds are fast enough that you can record 1080p video directly to the card, which is exactly what i wanted it for. it does come with a full size sd card enclosure, allowing you to use this in devices that require that type of memory card. recommended! this super speed card works great in my phone. i haven't had any problems with it since i bought the thing! i'm certainly able to record hd video right onto the card no problem. i recommend this for those who need quick data delivery to and from there external card. i recommend it!","['i was amazed at the speed of this sd card on my smart phone the hd video no longer jumps and buffers while recording and the transfer time from pc to phone has decreased dramatically', 'i use this in my samsung galaxy siii and it has been great. there have been a few instances when the card was not recognized, but simply rebooting the phone fixed the problem. i am unsure whether this is a samsung issue probably , or a sandisk issue, but it has only happened 2 to 3 times over the course of a year and a half. overall, the write speeds are fast enough that you can record 1080p video directly to the card, which is exactly what i wanted it for. it does come with a full size sd card enclosure, allowing you to use this in devices that require that type of memory card. recommended!', ""this super speed card works great in my phone. i haven't had any problems with it since i bought the thing! i'm certainly able to record hd video right onto the card no problem. i recommend this for those who need quick data delivery to and from there external card. i recommend it!""]"
371,"great for adding a ton of storage to your smartphone or other device. fast enough for most needs and the price is right. for the price, this helps speed up my phone significantly by freeing up memory used by the camera and apps. very usefull to use in the phone also they come with the adpator to sd i will remomend it","['great for adding a ton of storage to your smartphone or other device. fast enough for most needs and the price is right.', 'for the price, this helps speed up my phone significantly by freeing up memory used by the camera and apps.', 'very usefull to use in the phone also they come with the adpator to sd i will remomend it']"
372,"i just love this because i just got a new smart phone and now i am ready to do some down loading. easy to load, super fast, great for pictures and hd video on my phone. really happy with this purchase. just don't have enough stuff to fill it! i installed this in my phone to take advantage of extra space for downloaded movies and games. seems fast, cool.","['i just love this because i just got a new smart phone and now i am ready to do some down loading.', ""easy to load, super fast, great for pictures and hd video on my phone. really happy with this purchase. just don't have enough stuff to fill it!"", 'i installed this in my phone to take advantage of extra space for downloaded movies and games. seems fast, cool.']"
373,"i bought two of these for my laptop and my camera and they're working great so far, good speed. 100 happy with this purchase. work perfectly in my camera. reads and writes fast. works great, no issues so far. speed is fairly good, alot better then my 2gb i had in an old camera.","[""i bought two of these for my laptop and my camera and they're working great so far, good speed. 100 happy with this purchase."", 'work perfectly in my camera. reads and writes fast.', 'works great, no issues so far. speed is fairly good, alot better then my 2gb i had in an old camera.']"
374,"...at an awesome price. bought a few of these for my camera, gopro, and phone. great cyber monday price and all work as advertised. great price, great function, works in my cannon camera, my note 3 and i could not be happier with this purchase great price for a great product. i purchased for my phone but i can also use in my camera. no issues so far and for the price you can not beat.","['...at an awesome price. bought a few of these for my camera, gopro, and phone. great cyber monday price and all work as advertised.', 'great price, great function, works in my cannon camera, my note 3 and i could not be happier with this purchase', 'great price for a great product. i purchased for my phone but i can also use in my camera. no issues so far and for the price you can not beat.']"
375,"works great in the phone and the wife loves it, we got a second for her mom and she is storing lots of pictures and videos on it good for the price and so far it is working just fine on my phone. finally i can now save pics taken from the camera and things i download. works great, in my phone now i was running out of space but this came to the rescue now i can take more pics!!!","['works great in the phone and the wife loves it, we got a second for her mom and she is storing lots of pictures and videos on it', 'good for the price and so far it is working just fine on my phone. finally i can now save pics taken from the camera and things i download.', 'works great, in my phone now i was running out of space but this came to the rescue now i can take more pics!!!']"
376,"i take lots of pics with my phone samsung 4s and this helps free up space on my phone. i've not had any issues with it so far. i use this for my family 3 samsung flight ii phones. we have not experienced any problems. the kids take a lot of pictures with their phone. bought 2 for me and my wife samsung galaxy s2 phones. took photos and video and there is no issues at all. based on my previous experience on similar products i got for dslr and other cameras, this thing should last as long as or longer than all my electronics.","[""i take lots of pics with my phone samsung 4s and this helps free up space on my phone. i've not had any issues with it so far."", 'i use this for my family 3 samsung flight ii phones. we have not experienced any problems. the kids take a lot of pictures with their phone.', 'bought 2 for me and my wife samsung galaxy s2 phones. took photos and video and there is no issues at all. based on my previous experience on similar products i got for dslr and other cameras, this thing should last as long as or longer than all my electronics.']"
377,"bought this to add additional memory to my nokia lumia 520 and works great as soon as i popped in the card. i put this in my nokia lumia 521 and so far it works really well. i put my entire itunes library on my phone and it all wrote on the card i believe in under an hour i didn't keep track .my only regret is i probably should have purchased the 64gb card. this card is being used in my blackberry z10 and keeps my documents, photos, music working fine. this is a good buy.","['bought this to add additional memory to my nokia lumia 520 and works great as soon as i popped in the card.', ""i put this in my nokia lumia 521 and so far it works really well. i put my entire itunes library on my phone and it all wrote on the card i believe in under an hour i didn't keep track .my only regret is i probably should have purchased the 64gb card."", 'this card is being used in my blackberry z10 and keeps my documents, photos, music working fine. this is a good buy.']"
378,"im currently using it for my nokia lumia 810 and my camera, works very well and very fast! but expensiveedit i was really happy with the card until i had to record video on it. it seems that it doesnt write fast and my recordings end up being choppy and unwatchable. i was really disappointed in it, cuz i had to switch back to my phone's storage when recording video. i use this for my cell phone lumia 810 and it works fine. the transfer speed is a little slower than other memory cards i have used but not by much. been using this card in my nokia lumia 820 for over a year now. it gives decent speed and works good. no issues at all.","[""im currently using it for my nokia lumia 810 and my camera, works very well and very fast! but expensiveedit i was really happy with the card until i had to record video on it. it seems that it doesnt write fast and my recordings end up being choppy and unwatchable. i was really disappointed in it, cuz i had to switch back to my phone's storage when recording video."", 'i use this for my cell phone lumia 810 and it works fine. the transfer speed is a little slower than other memory cards i have used but not by much.', 'been using this card in my nokia lumia 820 for over a year now. it gives decent speed and works good. no issues at all.']"
379,"many devices cannot use this size of card, but works perfectly in my samsung gs4. plenty of additional space for whatever i need. no problems to date. excellent! installed one of these in my galaxy s4, nice addition. all my hd movies and audio files stream from this card, perfect!","['many devices cannot use this size of card, but works perfectly in my samsung gs4. plenty of additional space for whatever i need. no problems to date. excellent!', 'installed one of these in my galaxy s4, nice addition. all my hd movies and audio files stream from this card, perfect!']"
380,"bought this for my samsung galaxy s3load it up with music and it works flawlesslyi'm very satisfied with this card i used this memory card to expand the memory in my smartphone. it worked as expected and was easy to setup. i copied the stuff from my older microsd card to my computer, changed cards, gave it a couple of minutes to initialize, and copied the stuff back... worked great.","[""bought this for my samsung galaxy s3load it up with music and it works flawlesslyi'm very satisfied with this card"", 'i used this memory card to expand the memory in my smartphone. it worked as expected and was easy to setup. i copied the stuff from my older microsd card to my computer, changed cards, gave it a couple of minutes to initialize, and copied the stuff back... worked great.']"
381,i bought this for my new samsung g5. i installed it and the card was immediately recognized. it should be big enough for lots of music and videos. i use this card in my smartphone and it works great. it's fast and roomy i got the 16gb version enough to store all the music and video i need. it was immediately recognized by my samsung smartphone when i put it in about 6 months ago and i've had no reason to take it out ever since. this card works perfectly. all i had to do was format it and pop it into my galaxy s3. now i use it to keep some movies and all of my music on my cell phone.,"['i bought this for my new samsung g5. i installed it and the card was immediately recognized. it should be big enough for lots of music and videos.', ""i use this card in my smartphone and it works great. it's fast and roomy i got the 16gb version enough to store all the music and video i need. it was immediately recognized by my samsung smartphone when i put it in about 6 months ago and i've had no reason to take it out ever since."", 'this card works perfectly. all i had to do was format it and pop it into my galaxy s3. now i use it to keep some movies and all of my music on my cell phone.']"
382,"don't buy the ultra cheap substitutes. some of them misstate their capacity. i know that with sandisk that i was going to get what i paid for.sure enough, i did. i use this in my phone to primarily hold music. transfer speeds have been more than acceptable and there have been no problems with file integrity. i have purchased two of these. they are cheap enough to buy so you get the fastest on the market. then you don't have to worry about running out of space, so fast. sandisk are very reliable as a whole. sandisk has always made reliable products, and this offers good speed, as expected capacity, and good price for its capacity","[""don't buy the ultra cheap substitutes. some of them misstate their capacity. i know that with sandisk that i was going to get what i paid for.sure enough, i did. i use this in my phone to primarily hold music. transfer speeds have been more than acceptable and there have been no problems with file integrity."", ""i have purchased two of these. they are cheap enough to buy so you get the fastest on the market. then you don't have to worry about running out of space, so fast. sandisk are very reliable as a whole."", 'sandisk has always made reliable products, and this offers good speed, as expected capacity, and good price for its capacity']"
383,"no issues so far. sandisk is a good brand so hopefully it will last and be durable. we'll see. recommended. didn't expect any problems and didn't have any either. great sandisk quality at a decent price. speed as rated. happy never had a problem with it,it does exactly what it is made to do,love sandisk product,smooth operation,high price but worth it.get it if you like to save,by waiting a day or two.enjoy","[""no issues so far. sandisk is a good brand so hopefully it will last and be durable. we'll see. recommended."", ""didn't expect any problems and didn't have any either. great sandisk quality at a decent price. speed as rated. happy"", 'never had a problem with it,it does exactly what it is made to do,love sandisk product,smooth operation,high price but worth it.get it if you like to save,by waiting a day or two.enjoy']"
384,"installed into my galaxy s3 and it reads and writes very fast. having that much storage is awesome. it had over 59 gb after formating. perfect for using in my galaxy s3. seems to read and write quickly, and it's never given me any trouble. shipping was fast. very happy with this product.","['installed into my galaxy s3 and it reads and writes very fast. having that much storage is awesome. it had over 59 gb after formating.', ""perfect for using in my galaxy s3. seems to read and write quickly, and it's never given me any trouble. shipping was fast. very happy with this product.""]"
385,"no question, it is really as fast as it's rated. how fast? well, class 34 10 sdhc 34 means literally sd format, hc high capacity, class 10 10mb sec read write. how fast is 10mb per second? well, class 4, the most common step down i.e. cheaper is class 4, i.e. 4mb sec. so class 10 is 2.5 times faster. why pay the difference?digital cameras at some point the number of pictures sec or hd video is bottle necked by the speed of the media it is being recorded to.smart phones? i have a samsung note ii. a quad core processor, wiz bang yadda yadda. yes, i do notice speed differences in camera, app performance i use a spreadsheet app browser netflix music streaming, et al is noticeably faster. where do you think the phone stores stuff to when it doesn't use the factory installed memory? iphomes don't have an sd slot, and i wouldn't own a phone or tablet that doesn't i believe in choice in the computer realm oh yeah, sandisk is a leader and pioneer in the sd format where do you think the 'sd' came from? . the only other sdhc class 10 card worthy of comparison is the samsung brand, but then i might be biased on that one. when you buy a micro sd card and you get a class 4, your apps will run slow and your camera will be slow. spend the money on a class 10 for the speed of the card to ensure your device works up to its full potential. listen to me, i am a certified geek. got this for my new samsung galaxy 5.0.i can't understand why someone would buy a class 4 for only 5 or 6 bucks cheeper than this class 10 micro sdhc.very fast 30mbs speed.comes with adapter for pc.been using san disc flash memory for years with no complaints.if your using an android device or anything that need fast data transfer this card won't dissapoint!!!","[""no question, it is really as fast as it's rated. how fast? well, class 34 10 sdhc 34 means literally sd format, hc high capacity, class 10 10mb sec read write. how fast is 10mb per second? well, class 4, the most common step down i.e. cheaper is class 4, i.e. 4mb sec. so class 10 is 2.5 times faster. why pay the difference?digital cameras at some point the number of pictures sec or hd video is bottle necked by the speed of the media it is being recorded to.smart phones? i have a samsung note ii. a quad core processor, wiz bang yadda yadda. yes, i do notice speed differences in camera, app performance i use a spreadsheet app browser netflix music streaming, et al is noticeably faster. where do you think the phone stores stuff to when it doesn't use the factory installed memory? iphomes don't have an sd slot, and i wouldn't own a phone or tablet that doesn't i believe in choice in the computer realm oh yeah, sandisk is a leader and pioneer in the sd format where do you think the 'sd' came from? . the only other sdhc class 10 card worthy of comparison is the samsung brand, but then i might be biased on that one."", 'when you buy a micro sd card and you get a class 4, your apps will run slow and your camera will be slow. spend the money on a class 10 for the speed of the card to ensure your device works up to its full potential. listen to me, i am a certified geek.', ""got this for my new samsung galaxy 5.0.i can't understand why someone would buy a class 4 for only 5 or 6 bucks cheeper than this class 10 micro sdhc.very fast 30mbs speed.comes with adapter for pc.been using san disc flash memory for years with no complaints.if your using an android device or anything that need fast data transfer this card won't dissapoint!!!""]"
386,"i haven't used it extensively at this point, but it holds my data well...as it should. sandisk continues to be a solid brand. there is nothing to really say but sandisk really does well with providing quality storage technology at an affordable price. it's a sandisk, so what more is there to say? the quality is fantastic and it helps you transfer files if you are wary of the cloud.","[""i haven't used it extensively at this point, but it holds my data well...as it should. sandisk continues to be a solid brand."", 'there is nothing to really say but sandisk really does well with providing quality storage technology at an affordable price.', ""it's a sandisk, so what more is there to say? the quality is fantastic and it helps you transfer files if you are wary of the cloud.""]"
387,"very fast reading and writing for my samsung galaxy s4 from verizon. highly recommended. sandisk is numero uno for smartphones. when i first got this item, i had some problems with it and for some reason, caused all my data on my android phone to get deleted forcing me to reinstall my custom rom and use my previous sd card until amazon replaced this one. but once i got the replacement, it worked perfectly. i have no issues with it at all now and for the past several months, its able to hold all my apps and data with ease. with the high read write speeds, i don't have any lag and it just works exactly how i hoped it would. works as expected. very fast writer. too bad the reader i bought with the disk doesn't work as well as the disk.","['very fast reading and writing for my samsung galaxy s4 from verizon. highly recommended. sandisk is numero uno for smartphones.', ""when i first got this item, i had some problems with it and for some reason, caused all my data on my android phone to get deleted forcing me to reinstall my custom rom and use my previous sd card until amazon replaced this one. but once i got the replacement, it worked perfectly. i have no issues with it at all now and for the past several months, its able to hold all my apps and data with ease. with the high read write speeds, i don't have any lag and it just works exactly how i hoped it would."", ""works as expected. very fast writer. too bad the reader i bought with the disk doesn't work as well as the disk.""]"
388,"i've used this card for about 3 months now and have not had a bit of trouble. i notice to delay while the phone writes to the memory after taking pictures or shooting full hd video. great little card. the only problem i have experienced may not even be related to the card, but android os itself. i experience buffering 'hiccups' pauses when watching a video if i also have my utorrent client in the background downloading. i am not sure if this is limited to the card itself and possibly a faster write speed is needed, or it's the fault of the phone's os. however, i am confident that it's operating within spec.card looks good too.. too bad it's in the case of my phone never to be seen.","[""i've used this card for about 3 months now and have not had a bit of trouble. i notice to delay while the phone writes to the memory after taking pictures or shooting full hd video."", ""great little card. the only problem i have experienced may not even be related to the card, but android os itself. i experience buffering 'hiccups' pauses when watching a video if i also have my utorrent client in the background downloading. i am not sure if this is limited to the card itself and possibly a faster write speed is needed, or it's the fault of the phone's os. however, i am confident that it's operating within spec.card looks good too.. too bad it's in the case of my phone never to be seen.""]"
389,"i got this memory card for my daughter's samsung compact camera so she could store and save many pics which it holds thousands. i bought this 64gb memory card for my mini camcorder. now i have unlimited picture and video taking capabilities. no more packing extra memory cards for me. with all the high definition video we take the extra memory is great. and with the micro cards, we save on space in the little camera bag we have.","[""i got this memory card for my daughter's samsung compact camera so she could store and save many pics which it holds thousands."", 'i bought this 64gb memory card for my mini camcorder. now i have unlimited picture and video taking capabilities. no more packing extra memory cards for me.', 'with all the high definition video we take the extra memory is great. and with the micro cards, we save on space in the little camera bag we have.']"
390,"so far it is working fine with the samsung galaxy note 8.0. access to videos and music on the card is very fast. i use this with my samsung galaxy player 4.2. never had any issues, product works as described. i've been using it for almost a year and have almost used up all the space on it. i've never used the adapter with anything so i can't comment on that. i bought it for my new galaxy note and i realized the device didn't recognize it...tried it on other devices, laptops, desktop, macbook didn't work...very disappointed !","['so far it is working fine with the samsung galaxy note 8.0. access to videos and music on the card is very fast.', ""i use this with my samsung galaxy player 4.2. never had any issues, product works as described. i've been using it for almost a year and have almost used up all the space on it. i've never used the adapter with anything so i can't comment on that."", ""i bought it for my new galaxy note and i realized the device didn't recognize it...tried it on other devices, laptops, desktop, macbook didn't work...very disappointed !""]"
391,"cannot go wrong with sandisk and to date it works as advertised. the price wasn't a great cost savings but because it came from amazon which has a great reputation to date as far as i am concerned, i purchased through them. sandisk is a great brand.. never had a complaint. is working fine in my galaxy tab 3 .. would recommend what can you say its sandisk awesome ! installed on my galaxy tab 2 10.1 music and movies!!!! hd digital copy !!!","[""cannot go wrong with sandisk and to date it works as advertised. the price wasn't a great cost savings but because it came from amazon which has a great reputation to date as far as i am concerned, i purchased through them."", 'sandisk is a great brand.. never had a complaint. is working fine in my galaxy tab 3 .. would recommend', 'what can you say its sandisk awesome ! installed on my galaxy tab 2 10.1 music and movies!!!! hd digital copy !!!']"
392,"before purchasing this i had a sandisk 16gb class 2 microsdhc. needless to say, i didn't see the need in purchasing one of these. then i began to read how class 10 cards really do process recordings faster and records pictures faster. i didn't believe it, so i put it to the test. using it in my samsung galaxy siii, i installed it and recorded videos, took pictures, and played music on it. i also downloaded pdfs for work and other documents to it. in every test, it was far faster than any other class, and you can tell a difference between the classes. to close, i would just say don't settle for a lower class because it's cheaper. wait for these to go on sale because you know as well as i do that they will and purchase one then. there is no reason to get a card in a lower class. i would not recommend this card if your looking for real class 10 write speeds. the most i could get is 9mb s from this card but for the most part it was about 7 8mb s. i even did a slow format to exfat in windows 7 with no improvements. i copied over music, pics and movies to test it out ranging from a couple of mb to over a gb. the read speeds were pretty good at around 21mb s though. i popped in a 32gb class 10 transcend sd card and it consistently got 16 18mb s write speeds and 24mb s read speeds. so in conclusion i think this card is not really a class 10. too bad i read all the negative 1 star reviews after the fact but i will be sending this one back. this card does exactly what it should. class 10 performance at a fair price in a microsd format. it should be faster though, and in fact there are options out there now at a nominally higher price that do, including the 34 extreme 34 versions from the same vendor.","[""before purchasing this i had a sandisk 16gb class 2 microsdhc. needless to say, i didn't see the need in purchasing one of these. then i began to read how class 10 cards really do process recordings faster and records pictures faster. i didn't believe it, so i put it to the test. using it in my samsung galaxy siii, i installed it and recorded videos, took pictures, and played music on it. i also downloaded pdfs for work and other documents to it. in every test, it was far faster than any other class, and you can tell a difference between the classes. to close, i would just say don't settle for a lower class because it's cheaper. wait for these to go on sale because you know as well as i do that they will and purchase one then. there is no reason to get a card in a lower class."", 'i would not recommend this card if your looking for real class 10 write speeds. the most i could get is 9mb s from this card but for the most part it was about 7 8mb s. i even did a slow format to exfat in windows 7 with no improvements. i copied over music, pics and movies to test it out ranging from a couple of mb to over a gb. the read speeds were pretty good at around 21mb s though. i popped in a 32gb class 10 transcend sd card and it consistently got 16 18mb s write speeds and 24mb s read speeds. so in conclusion i think this card is not really a class 10. too bad i read all the negative 1 star reviews after the fact but i will be sending this one back.', 'this card does exactly what it should. class 10 performance at a fair price in a microsd format. it should be faster though, and in fact there are options out there now at a nominally higher price that do, including the 34 extreme 34 versions from the same vendor.']"
393,"used in my phone it's plenty fast and works just like it should. unexpectedly comes with mini and full sd card size adapters, which is nice. 34 fool proof 34 packaging or whatever it was, that was laughable. packaging was decent it just shouldn't have bragged about being impossible to mess up when i messed it up. got extremely solid speeds with it, no slack on my android. solid micro sd card with gigantic space.it works. awesomely. super fast, tons of room. who wouldn't love this micro sd card? the price is even great. i've been using it on my phone for about 6 months now and i've had zero problems. it sped up the processing time of my camera app considerably.","[""used in my phone it's plenty fast and works just like it should. unexpectedly comes with mini and full sd card size adapters, which is nice. 34 fool proof 34 packaging or whatever it was, that was laughable. packaging was decent it just shouldn't have bragged about being impossible to mess up when i messed it up."", 'got extremely solid speeds with it, no slack on my android. solid micro sd card with gigantic space.it works. awesomely.', ""super fast, tons of room. who wouldn't love this micro sd card? the price is even great. i've been using it on my phone for about 6 months now and i've had zero problems. it sped up the processing time of my camera app considerably.""]"
394,"i bought two of the 32 gb sandisk ultra microsdhc cards, and both of them were unusable.the first one stopped accepting new data when i had put a bit less than one gig of data onto the card. i couldn't add more files, and i couldn't reformat the card. if i tried to write a new file onto the card, the write operation seemed as if it worked, but the new data couldn't be read back successfully. the files already on the card were still readable, though, so basically, the card had become a 1 gb rom. fortunately, there was no sensitive personal information on the card, so i returned it to amazon.the second one didn't fail the same way, but it was still unusable. if i transferred a bunch of files and then read them back, most of the transferred files had data errors. for example, a 3 minute music file might only be able to have it's first minute of music played back, then the bad data would stop the music player. i ran a write readback test and confirmed that there were data errors on nearly every block tested. i used flash drive tester v114.exe, which is a free download. i ended up buying the equivalent transcend producttranscend information ts32gusdc10 32gb micro sdhc10 flash memory no box or adapterwhich has been performing flawlessly. i have over half of the capacity in use, and i've never seen any sign of data loss or corruption. for usb plug in flash drives, i've had good luck with sandisk products, but my experience with the sandisk microsdhc cards has been terrible. purchased for my android phone to provide more media storage. the one i received was doa. spoke with sandisk tech support who confirmed that it was a bad unit. since it was within 30 days, they suggested i return it to amazon instead of going through warranty procedures. i returned it to amazon, but made the mistake of requesting a replacement instead of a refund. the replacement appeared to work at first, but after a short while, it caused my phone to reboot, files went missing and displayed other forms of instability. it was a bit late to return again, so i contacted sandisk who replaced the unit under the warranty. however, this all took a lot of time, necessitated repeated copying of many gbs of data and secure erasing of information.the warranty replacement from sandisk works well, so far. however, i'm not seeing much improvement in my application over a similar 32gb class 4 sandisk microsdhc this one is class 10 . would probably give the current unit 3 stars, but this rating is for the amazon delivered units both defective .if you do get a bad one, i'd suggest to return for refund, not replacement. i ordered these cards at a great price during black friday week weekend. i began loading some files music, videos, pics, etc . the first card worked without any problems. the second card started giving me cyclic redundancy errors. at first, i thought it was my hard drive that was failing, and tried to copy the same files to a flash drive which worked just fine. ok, maybe i received a dud, and tried with another card from my purchase. same results, cyclic redundancy error. i started searching online, and found a utility via one of the reviews on amazon called h2testw. ran the test on both cards, and it reported errors. it also reported write speed of only 4mb sec, which is way below advertised speeds. these items were in retail packaging, and i remember reading about the bulk package items being fakes. i guess the retail package cards aren't any better.i should have waited to do the refund because now i have to process the refund seperately. i will test another card to see if i have better luck. i wanted to leave a 1 star, but i gave 2 stars since 1 card worked so far. i have 2 more to test.very dissapointed because i was a fan of the sandisk ultra series for being reliable, but i guess they are cheaping out on quality to increase their profit. i would have been extremely upset if i used these cards for anything important.","[""i bought two of the 32 gb sandisk ultra microsdhc cards, and both of them were unusable.the first one stopped accepting new data when i had put a bit less than one gig of data onto the card. i couldn't add more files, and i couldn't reformat the card. if i tried to write a new file onto the card, the write operation seemed as if it worked, but the new data couldn't be read back successfully. the files already on the card were still readable, though, so basically, the card had become a 1 gb rom. fortunately, there was no sensitive personal information on the card, so i returned it to amazon.the second one didn't fail the same way, but it was still unusable. if i transferred a bunch of files and then read them back, most of the transferred files had data errors. for example, a 3 minute music file might only be able to have it's first minute of music played back, then the bad data would stop the music player. i ran a write readback test and confirmed that there were data errors on nearly every block tested. i used flash drive tester v114.exe, which is a free download. i ended up buying the equivalent transcend producttranscend information ts32gusdc10 32gb micro sdhc10 flash memory no box or adapterwhich has been performing flawlessly. i have over half of the capacity in use, and i've never seen any sign of data loss or corruption. for usb plug in flash drives, i've had good luck with sandisk products, but my experience with the sandisk microsdhc cards has been terrible."", ""purchased for my android phone to provide more media storage. the one i received was doa. spoke with sandisk tech support who confirmed that it was a bad unit. since it was within 30 days, they suggested i return it to amazon instead of going through warranty procedures. i returned it to amazon, but made the mistake of requesting a replacement instead of a refund. the replacement appeared to work at first, but after a short while, it caused my phone to reboot, files went missing and displayed other forms of instability. it was a bit late to return again, so i contacted sandisk who replaced the unit under the warranty. however, this all took a lot of time, necessitated repeated copying of many gbs of data and secure erasing of information.the warranty replacement from sandisk works well, so far. however, i'm not seeing much improvement in my application over a similar 32gb class 4 sandisk microsdhc this one is class 10 . would probably give the current unit 3 stars, but this rating is for the amazon delivered units both defective .if you do get a bad one, i'd suggest to return for refund, not replacement."", ""i ordered these cards at a great price during black friday week weekend. i began loading some files music, videos, pics, etc . the first card worked without any problems. the second card started giving me cyclic redundancy errors. at first, i thought it was my hard drive that was failing, and tried to copy the same files to a flash drive which worked just fine. ok, maybe i received a dud, and tried with another card from my purchase. same results, cyclic redundancy error. i started searching online, and found a utility via one of the reviews on amazon called h2testw. ran the test on both cards, and it reported errors. it also reported write speed of only 4mb sec, which is way below advertised speeds. these items were in retail packaging, and i remember reading about the bulk package items being fakes. i guess the retail package cards aren't any better.i should have waited to do the refund because now i have to process the refund seperately. i will test another card to see if i have better luck. i wanted to leave a 1 star, but i gave 2 stars since 1 card worked so far. i have 2 more to test.very dissapointed because i was a fan of the sandisk ultra series for being reliable, but i guess they are cheaping out on quality to increase their profit. i would have been extremely upset if i used these cards for anything important.""]"
395,"my motorola droid razr maxx hd works fine with a 16gb sandisk card, but the 32gb card died in less than 3 months. sandisk will replace the card under warranty, but the sandisk customer support team informs me that the replacement process takes about a month. for two months, the card worked flawlessly, and then it started to have intermittent errors. i thought it might be a problem with my phone, so i tried a 16gb card, and i never had a problem. when i returned to the 32gb card, the intermittent problems returned and got worse. eventually the card completely died, and it is no longer recognized by either my phone or my computer connected card reader. both windows 7 and my phone now act as if no card were inserted even when it's well seated.i plan to update this when i have used my warranty replacement card for three months, but that will be at least four months from now. update i raised my star rating on this from 1 to 4 because of the customer service. i was able to get a replacement pretty easily. hopefully it will last longer!original review this item worked well while it lasted. i bought it in october 2012 for my tablet pc and then for an android smartphone. i did not make many transfers to the card, it was mostly reading files from it. now it is march 2013 and suddenly the card is no longer recognized in my android phone. it is no longer recognized on my other devices as well. i lost many photos and videos on the card because of it. i'm sure sandisk will exchange it for a new one, but this shouldn't be happening with a card that is less than a year old. april 2013. i have had the card for about 4 months and seemed to work fine. i use it to store additional files on my ultrabook as the solid state drive is small only 128gb . about a month ago, the card could not be recognized. it only lasted about 2 hours, so i thought maybe just a momentary blip. however, this weekened, it cannot be recognized at all and it has been 3 days. sandisk support is not available until the week, so i will update on tech support soon. however, i did find that the sandisk indicated there was a defect with some of these cards. i assume they will replace it, but i have lost lots of hours and a lot of pictures... so i am really bummed and frustrated.from sandisk sandisk has been made aware of potential product issues involving a very small percentage of its 32gb and 64gb sandisk mobile ultra microsd cards. under certain circumstances the cards may lock up and the card becomes inaccessible. the issue has been identified and a manufacturing fix has already been put in place. sandisk stands behind its products and any customer who experiences this issue with the microsd cards cards is asked to contact the sandisk support center for a resolution immediately. sandisk","[""my motorola droid razr maxx hd works fine with a 16gb sandisk card, but the 32gb card died in less than 3 months. sandisk will replace the card under warranty, but the sandisk customer support team informs me that the replacement process takes about a month. for two months, the card worked flawlessly, and then it started to have intermittent errors. i thought it might be a problem with my phone, so i tried a 16gb card, and i never had a problem. when i returned to the 32gb card, the intermittent problems returned and got worse. eventually the card completely died, and it is no longer recognized by either my phone or my computer connected card reader. both windows 7 and my phone now act as if no card were inserted even when it's well seated.i plan to update this when i have used my warranty replacement card for three months, but that will be at least four months from now."", ""update i raised my star rating on this from 1 to 4 because of the customer service. i was able to get a replacement pretty easily. hopefully it will last longer!original review this item worked well while it lasted. i bought it in october 2012 for my tablet pc and then for an android smartphone. i did not make many transfers to the card, it was mostly reading files from it. now it is march 2013 and suddenly the card is no longer recognized in my android phone. it is no longer recognized on my other devices as well. i lost many photos and videos on the card because of it. i'm sure sandisk will exchange it for a new one, but this shouldn't be happening with a card that is less than a year old."", 'april 2013. i have had the card for about 4 months and seemed to work fine. i use it to store additional files on my ultrabook as the solid state drive is small only 128gb . about a month ago, the card could not be recognized. it only lasted about 2 hours, so i thought maybe just a momentary blip. however, this weekened, it cannot be recognized at all and it has been 3 days. sandisk support is not available until the week, so i will update on tech support soon. however, i did find that the sandisk indicated there was a defect with some of these cards. i assume they will replace it, but i have lost lots of hours and a lot of pictures... so i am really bummed and frustrated.from sandisk sandisk has been made aware of potential product issues involving a very small percentage of its 32gb and 64gb sandisk mobile ultra microsd cards. under certain circumstances the cards may lock up and the card becomes inaccessible. the issue has been identified and a manufacturing fix has already been put in place. sandisk stands behind its products and any customer who experiences this issue with the microsd cards cards is asked to contact the sandisk support center for a resolution immediately. sandisk']"
396,"could not be happier. it's fast, works great, and i didn't have to risk an appendage trying to get it out of retail packaging. i've been a fan of sandisk for years, and this is why solid product. haven't got much to say about this. it's sandisk, so you know what you're getting. fast and reliable. only complaint though is that amazon wouldn't let me buy more than one in the same order. other than that, it's just great.","[""could not be happier. it's fast, works great, and i didn't have to risk an appendage trying to get it out of retail packaging. i've been a fan of sandisk for years, and this is why solid product."", ""haven't got much to say about this. it's sandisk, so you know what you're getting. fast and reliable. only complaint though is that amazon wouldn't let me buy more than one in the same order. other than that, it's just great.""]"
397,"sandisk makes quality products and you can count on them at a small price than the competition. again, why pay more for the same thing when this fits the bill for your needs. save your extra money or give it to a needy family member....we recommend this product with an a rating. sandisk is always reliable, and i have always been satisfied with their products. i know what i am getting when i purchase products from them. for me i prefer sandisk over other manufacturers. i have come to trust in the quality and workmanship of their products.","['sandisk makes quality products and you can count on them at a small price than the competition. again, why pay more for the same thing when this fits the bill for your needs. save your extra money or give it to a needy family member....we recommend this product with an a rating.', 'sandisk is always reliable, and i have always been satisfied with their products. i know what i am getting when i purchase products from them.', 'for me i prefer sandisk over other manufacturers. i have come to trust in the quality and workmanship of their products.']"
398,"i have bought it for around 6 months. it works good so far both read write speed meet the described specification. super fast reading and writing. this thing performs under extreme condition writing multiple large files, videos and photos, all at the same time. have owned it for about 2 weeks now, and extremely happy with it.formatting is super easy and fast very fast read and write, works great right out of the box. would buy again if i need another one.","['i have bought it for around 6 months. it works good so far both read write speed meet the described specification.', 'super fast reading and writing. this thing performs under extreme condition writing multiple large files, videos and photos, all at the same time. have owned it for about 2 weeks now, and extremely happy with it.formatting is super easy and fast', 'very fast read and write, works great right out of the box. would buy again if i need another one.']"
399,"using this in a samsung note ii phone and i get reads of 18m sec and writes of 9m sec. very pleased with the performance. the read write speeds are fantastic. works great in my galaxy note 2. i absolutely love the space, it was worth every single penny.","['using this in a samsung note ii phone and i get reads of 18m sec and writes of 9m sec. very pleased with the performance.', 'the read write speeds are fantastic. works great in my galaxy note 2. i absolutely love the space, it was worth every single penny.']"
400,"due to other reviews i was a little hesitant to order this unit. my experience was pain free i installed it and powered on the phone. my lumia 810 wp8 automatically recognized the new memory and prompted me to use it for new pictures, music and videos. hoorary! plugged it into my samsung galaxy ii, and the memory appeared what more can i say other than it has performed exactly as expected. i got this for my smartphone after a steep price drop. pleased that it is working as expected. no signs of memory failure.","['due to other reviews i was a little hesitant to order this unit. my experience was pain free i installed it and powered on the phone. my lumia 810 wp8 automatically recognized the new memory and prompted me to use it for new pictures, music and videos. hoorary!', 'plugged it into my samsung galaxy ii, and the memory appeared what more can i say other than it has performed exactly as expected.', 'i got this for my smartphone after a steep price drop. pleased that it is working as expected. no signs of memory failure.']"
401,"the description on the amazon page calls this a class 10 card with uhs 1 performance. and while technically correct, full hd 1080p recording . you would expect more performance in the sequential write speeds. it actually doesn't even hit the class 10 speed unless you round up 9.951 mb s . i have 2 of these cards and they both report the same speed. my kingston 8gb sdhc class 4 writes at 11.854 mb s. now keep in mind the sandisk beats the other cards in the random reads and writes. so maybe the design for those faster random reads and writes causes the sequential writes to run slower than expected. here is the test for the san disk followed by the kingston crystaldiskmark 3.0.2 c 2007 2013 hiyohiyocrystal dew world ... sandisk ultra 16gb class 10 micro sdhc uhs i speed? mb s 1,000,000 byte s sata 300 300,000,000 byte s sequential read 20.651 mb ssequential write 9.951 mb srandom read 512kb 20.191 mb srandom write 512kb 2.628 mb srandom read 4kb qd 1 3.656 mb s 892.5 iops random write 4kb qd 1 1.665 mb s 406.4 iops random read 4kb qd 32 3.293 mb s 803.9 iops random write 4kb qd 32 1.618 mb s 395.0 iops test 1000 mb f 0.0 0.0 14.8 gb x1 date 2013 03 26 21 28 09os windows 7 home premium edition sp1 6.1 build 7601 x64 crystaldiskmark 3.0.2 x64 c 2007 2013 hiyohiyocrystal dew world ... kingston 8gb sdhc class 4 mb s 1,000,000 byte s sata 300 300,000,000 byte s sequential read 20.287 mb ssequential write 11.854 mb srandom read 512kb 19.925 mb srandom write 512kb 1.728 mb srandom read 4kb qd 1 3.747 mb s 914.7 iops random write 4kb qd 1 0.017 mb s 4.2 iops random read 4kb qd 32 3.684 mb s 899.5 iops random write 4kb qd 32 0.017 mb s 4.3 iops test 1000 mb f 53.3 4047.8 7592.0 mb x1 date 2013 03 27 10 48 56os windows 7 home premium edition sp1 6.1 build 7601 x64 formatted card with sdformatter 3.1pc used to test this card sony vaio c2d sz645 vaio memory card adapter vgp mca20a.h2testw 1.4 test results test finished without errors.writing speed 6.94 mbyte sreading speed 12.5 mbyte sh2testw v1.4android phone samsung exhibit 2sdtools test result 9.3mb s write21.3mb s readalso tested write speed with an older model sandisk usb 2.0 sd card reader and cheap generic unbranded reader, get about same results. i don't have any devices that can handle uhs 1 ultra speed of this card. seems like a class 6 card or none of my gadgets can handle 10mb s write speed or it's a class 6 card sold as class 10. i tested it in several uhs 1 compliant devices and found the write speed at 11 12 mbyte second. sounds fine for a class 10 card but this is not what i was paying for. i don't expect it to run anywhere close to uhs 1 interface speed 104 mb s but it should be close to 30 mb s as the manufacturer advertised. i have a lot more choices if i am only looking for a class 10 card.indeed, microsd cards are usually slower than full size sd card. they use the same flash controller so the reason is really microsd cards use slower nand flash. manufacturers know you are not going to use microsd cards in high speed slrs so they get to sell you lower quality nand at a premium. my advice to you the photography enthusiasts is to buy full size sd cards rather than microsd cards with adaptors.that said, the compatibility is great. it works great with my tablets, pcs, gpss and phones. that is what i like about sandisk. they do thorough compatibility tests before product release.","[""the description on the amazon page calls this a class 10 card with uhs 1 performance. and while technically correct, full hd 1080p recording . you would expect more performance in the sequential write speeds. it actually doesn't even hit the class 10 speed unless you round up 9.951 mb s . i have 2 of these cards and they both report the same speed. my kingston 8gb sdhc class 4 writes at 11.854 mb s. now keep in mind the sandisk beats the other cards in the random reads and writes. so maybe the design for those faster random reads and writes causes the sequential writes to run slower than expected. here is the test for the san disk followed by the kingston crystaldiskmark 3.0.2 c 2007 2013 hiyohiyocrystal dew world ... sandisk ultra 16gb class 10 micro sdhc uhs i speed? mb s 1,000,000 byte s sata 300 300,000,000 byte s sequential read 20.651 mb ssequential write 9.951 mb srandom read 512kb 20.191 mb srandom write 512kb 2.628 mb srandom read 4kb qd 1 3.656 mb s 892.5 iops random write 4kb qd 1 1.665 mb s 406.4 iops random read 4kb qd 32 3.293 mb s 803.9 iops random write 4kb qd 32 1.618 mb s 395.0 iops test 1000 mb f 0.0 0.0 14.8 gb x1 date 2013 03 26 21 28 09os windows 7 home premium edition sp1 6.1 build 7601 x64 crystaldiskmark 3.0.2 x64 c 2007 2013 hiyohiyocrystal dew world ... kingston 8gb sdhc class 4 mb s 1,000,000 byte s sata 300 300,000,000 byte s sequential read 20.287 mb ssequential write 11.854 mb srandom read 512kb 19.925 mb srandom write 512kb 1.728 mb srandom read 4kb qd 1 3.747 mb s 914.7 iops random write 4kb qd 1 0.017 mb s 4.2 iops random read 4kb qd 32 3.684 mb s 899.5 iops random write 4kb qd 32 0.017 mb s 4.3 iops test 1000 mb f 53.3 4047.8 7592.0 mb x1 date 2013 03 27 10 48 56os windows 7 home premium edition sp1 6.1 build 7601 x64"", ""formatted card with sdformatter 3.1pc used to test this card sony vaio c2d sz645 vaio memory card adapter vgp mca20a.h2testw 1.4 test results test finished without errors.writing speed 6.94 mbyte sreading speed 12.5 mbyte sh2testw v1.4android phone samsung exhibit 2sdtools test result 9.3mb s write21.3mb s readalso tested write speed with an older model sandisk usb 2.0 sd card reader and cheap generic unbranded reader, get about same results. i don't have any devices that can handle uhs 1 ultra speed of this card. seems like a class 6 card or none of my gadgets can handle 10mb s write speed or it's a class 6 card sold as class 10."", ""i tested it in several uhs 1 compliant devices and found the write speed at 11 12 mbyte second. sounds fine for a class 10 card but this is not what i was paying for. i don't expect it to run anywhere close to uhs 1 interface speed 104 mb s but it should be close to 30 mb s as the manufacturer advertised. i have a lot more choices if i am only looking for a class 10 card.indeed, microsd cards are usually slower than full size sd card. they use the same flash controller so the reason is really microsd cards use slower nand flash. manufacturers know you are not going to use microsd cards in high speed slrs so they get to sell you lower quality nand at a premium. my advice to you the photography enthusiasts is to buy full size sd cards rather than microsd cards with adaptors.that said, the compatibility is great. it works great with my tablets, pcs, gpss and phones. that is what i like about sandisk. they do thorough compatibility tests before product release.""]"
402,"i used this for a few months in my phone, then it decided to quit mounting. i lost some pictures of pets who died shortly after. i got a replacement card, but i had to send in the old one, giving up any chance of recovering its contents. the new one's worked fine, but failing after 3 months in inexcusable. i guess i should be happy it failed after only 1 month, because i only lost 1 month's worth of pictures etc. i bought 3 of these cards for my wife, son and i. my wife's had a minor glitch, which went away with a reboot. mine had a minor glitch this morning, so i expected the reboot to fix it. no a reboot caused my motorola defy xt to tell me the card was blank and needed to be formatted. my laptop won't even recognize the card when i put the card in it's reader. after a couple hours of looking for a way to fix it, i have only found that this is very common for this specific card.edit i was very happy with sandisk after calling them. they did say there are compatibility issues with class 10 cards and some of the android phones, and verified my phone is one of them. they offered free replacement with a card that would be certain not to have the same issue mine just had, and also to attempt recovery of my items from the card. these are the reasons we buy sandisk in the first place. they did recommend a class 4 or lower card to me for this phone.i am leaving this as a 1 star, because people should be aware of compatibility issues this severe.2nd edit as of march 12, this replacement card, that wasn't going to be susceptible to the same type of failure is losing apps etc. i am giving this card up. it has taken my phone and turned it into a device i cannot count on. this card died in less than one month in my siii lost 400 pictures valuable pictures and information do not buy.","[""i used this for a few months in my phone, then it decided to quit mounting. i lost some pictures of pets who died shortly after. i got a replacement card, but i had to send in the old one, giving up any chance of recovering its contents. the new one's worked fine, but failing after 3 months in inexcusable."", ""i guess i should be happy it failed after only 1 month, because i only lost 1 month's worth of pictures etc. i bought 3 of these cards for my wife, son and i. my wife's had a minor glitch, which went away with a reboot. mine had a minor glitch this morning, so i expected the reboot to fix it. no a reboot caused my motorola defy xt to tell me the card was blank and needed to be formatted. my laptop won't even recognize the card when i put the card in it's reader. after a couple hours of looking for a way to fix it, i have only found that this is very common for this specific card.edit i was very happy with sandisk after calling them. they did say there are compatibility issues with class 10 cards and some of the android phones, and verified my phone is one of them. they offered free replacement with a card that would be certain not to have the same issue mine just had, and also to attempt recovery of my items from the card. these are the reasons we buy sandisk in the first place. they did recommend a class 4 or lower card to me for this phone.i am leaving this as a 1 star, because people should be aware of compatibility issues this severe.2nd edit as of march 12, this replacement card, that wasn't going to be susceptible to the same type of failure is losing apps etc. i am giving this card up. it has taken my phone and turned it into a device i cannot count on."", 'this card died in less than one month in my siii lost 400 pictures valuable pictures and information do not buy.']"
403,"works as expected. based on price and performance this may be a best of breed product. i have found the sandisk brand to be dependable. i have always been pleased with the sandisk products and this one is no exception. it works as advertised. i would purchase it again. i purchased this for my husband, he's had this quite a while now and love it sandisk is a reputable product.","['works as expected. based on price and performance this may be a best of breed product. i have found the sandisk brand to be dependable.', 'i have always been pleased with the sandisk products and this one is no exception. it works as advertised. i would purchase it again.', ""i purchased this for my husband, he's had this quite a while now and love it sandisk is a reputable product.""]"
404,"sandisk is a great brand and it has failed. i have purchased several of these so i think it was just bad luck. i am sure amazon will replace it. first two order of this item were fails. they both failed around six months of use. however, sandisk honored their warranty and completely replaced the items. still using it, and pretty happy. and you wouldn't believe what sandisk put me through to get a warranty replacement. however i finally got the replacement and it has been working fine ever since.","['sandisk is a great brand and it has failed. i have purchased several of these so i think it was just bad luck. i am sure amazon will replace it.', 'first two order of this item were fails. they both failed around six months of use. however, sandisk honored their warranty and completely replaced the items. still using it, and pretty happy.', ""and you wouldn't believe what sandisk put me through to get a warranty replacement. however i finally got the replacement and it has been working fine ever since.""]"
405,"i ran several tests both on my computer, and my phone it wrote at 6mb and read at about 6 to 10 depeneding on its mood. i bought this to replace a generic 32gb class 10 card that i lost so dang small i droped it and could not find it. that card actual wrote at 11 to 12mb and read at 20mb. i went with sandisk because my phone came with a class 2 that performs more like a class 6. what a waste of time. refunded this item i bought two of these at different times. both of them had the retail packaging with the android on them and the model number matched the packaging.the first one was 32gb. i tested this out with dd on my built in sd card reader on my mbp and on a gfr204sd usb device and couldn't get more than 8 mb s average write speed. would bounce up and down between 6 and 10. the class speed is supposed to be the minimum, not the maximum. r w off the hdd was above 20, so that wasn't the bottleneck. neither is uhs compliant, but i should at least be able to get the class 10 rating out of this. read 30 mb s is pretty accurate.the second one 64gb i tested by just watching activity monitor to see if it was in the ballpark. bounced between 8 and 10 copying from a hard drive or a ram disk. sounds like probably class 10. read speed to ram disk was about 24 mb s. its going back because it doesn't meet spec.tested with h2testw, write speed is only 9.69 mb s. read speed is good at 18.80 mb s. although sandisk claims up to 30mb s meanwhile, a class 10 32gb transcend sd card i have writes at 15.30 and reads at 18.20.i also have a few class 6 4gb sandisk microsd cards writing at 15.40 and 15.50. reading speed is 18.40 and 18.30.i also have a class 4 kingston card that beats this class 10 sandisk.","['i ran several tests both on my computer, and my phone it wrote at 6mb and read at about 6 to 10 depeneding on its mood. i bought this to replace a generic 32gb class 10 card that i lost so dang small i droped it and could not find it. that card actual wrote at 11 to 12mb and read at 20mb. i went with sandisk because my phone came with a class 2 that performs more like a class 6. what a waste of time. refunded this item', ""i bought two of these at different times. both of them had the retail packaging with the android on them and the model number matched the packaging.the first one was 32gb. i tested this out with dd on my built in sd card reader on my mbp and on a gfr204sd usb device and couldn't get more than 8 mb s average write speed. would bounce up and down between 6 and 10. the class speed is supposed to be the minimum, not the maximum. r w off the hdd was above 20, so that wasn't the bottleneck. neither is uhs compliant, but i should at least be able to get the class 10 rating out of this. read 30 mb s is pretty accurate.the second one 64gb i tested by just watching activity monitor to see if it was in the ballpark. bounced between 8 and 10 copying from a hard drive or a ram disk. sounds like probably class 10. read speed to ram disk was about 24 mb s."", ""its going back because it doesn't meet spec.tested with h2testw, write speed is only 9.69 mb s. read speed is good at 18.80 mb s. although sandisk claims up to 30mb s meanwhile, a class 10 32gb transcend sd card i have writes at 15.30 and reads at 18.20.i also have a few class 6 4gb sandisk microsd cards writing at 15.40 and 15.50. reading speed is 18.40 and 18.30.i also have a class 4 kingston card that beats this class 10 sandisk.""]"
406,"this card would not show 64 gb until i spent 60 on a card reader that supports sdxc, and after doing that, it is transferring at class 1 speed. i managed to get it formatted in fat32 with 59 gb free for my cowon j3, but it's taking 10 hours to transfer 30 gb to it. i got a refund because this is not the service and quality i paid for. i just hope the music lists on my pmp when i turn it on tomorrow. i have it in the microsdxc slot of the aft pro 57u, which is connected to a syba via vl800 usb 3.0 card. feel free to tell me i am doing it wrong and how to get class 10 speed.update the transfer finished, but the data does not show in my cowon j3, so the early versions that worked are gone. do not buy these for a device that is not sdxc specific because they have changed something in them. after doing some tests between a generic memory card and this sandisk i am very disappointed. i bought the 32 gig class 10 card.i swore i picked original packaging but it was shipped with out original packaging... i will be returning this card for the following reasons these tests were done using the sd card ports on my pc.my generic class 6 32 gig card has upload speed of 22mb write and a transfer speed of 8.5.my sandisk i just bought, it has an upload speed peaking at 32mb write and a transfer speed of 6.5 to maybe 8.5 if im lucky.the write speed is ok, but why is the transfer speed so much more low. why isnt it at least 10mb if not 12mb if sandisk is typically so modest in their classifications?and whats the deal with the no classification marking on this sd card... i dont see class 10 anywhere on this card....amazon you will be getting this back! while i got this card as a deal of the day on amazon, i would gladly pay 79.99 for it!with that said, there has been some skepticism related to the serial number of the card as it is displayed on amazon. i can confirm that i received a brand new 64 gb card with the serial sdsdqua 064g u46a. the packaging of the card says that it is a class 10 uhs speed class 1. after formatting copying over 20 gb of data from my evo 3d's previous card, i get write speeds of about 9 mb s and read speeds of about 20 mb s. i am fine with this, and can not complain because i don't believe the evo 3d is intended to be compatible with sdxc cards, however it does work just fine.","[""this card would not show 64 gb until i spent 60 on a card reader that supports sdxc, and after doing that, it is transferring at class 1 speed. i managed to get it formatted in fat32 with 59 gb free for my cowon j3, but it's taking 10 hours to transfer 30 gb to it. i got a refund because this is not the service and quality i paid for. i just hope the music lists on my pmp when i turn it on tomorrow. i have it in the microsdxc slot of the aft pro 57u, which is connected to a syba via vl800 usb 3.0 card. feel free to tell me i am doing it wrong and how to get class 10 speed.update the transfer finished, but the data does not show in my cowon j3, so the early versions that worked are gone. do not buy these for a device that is not sdxc specific because they have changed something in them."", 'after doing some tests between a generic memory card and this sandisk i am very disappointed. i bought the 32 gig class 10 card.i swore i picked original packaging but it was shipped with out original packaging... i will be returning this card for the following reasons these tests were done using the sd card ports on my pc.my generic class 6 32 gig card has upload speed of 22mb write and a transfer speed of 8.5.my sandisk i just bought, it has an upload speed peaking at 32mb write and a transfer speed of 6.5 to maybe 8.5 if im lucky.the write speed is ok, but why is the transfer speed so much more low. why isnt it at least 10mb if not 12mb if sandisk is typically so modest in their classifications?and whats the deal with the no classification marking on this sd card... i dont see class 10 anywhere on this card....amazon you will be getting this back!', ""while i got this card as a deal of the day on amazon, i would gladly pay 79.99 for it!with that said, there has been some skepticism related to the serial number of the card as it is displayed on amazon. i can confirm that i received a brand new 64 gb card with the serial sdsdqua 064g u46a. the packaging of the card says that it is a class 10 uhs speed class 1. after formatting copying over 20 gb of data from my evo 3d's previous card, i get write speeds of about 9 mb s and read speeds of about 20 mb s. i am fine with this, and can not complain because i don't believe the evo 3d is intended to be compatible with sdxc cards, however it does work just fine.""]"
407,"bought this along with my gopro hero 3 and it's been in that ever since. it's nice to have a ridiculous amount of storage while running around with a gopro because who wants to have to change chips when you're out on a jetski... or falling out of a plane from 15,000 feet? happy to have gotten this for a steal price! definitely a lot of space than i need for my gopro or dslr camera, but more is so much better than less! good amount of space for the stuff i want to do, and fits in my gopro. what more can i say?","[""bought this along with my gopro hero 3 and it's been in that ever since. it's nice to have a ridiculous amount of storage while running around with a gopro because who wants to have to change chips when you're out on a jetski... or falling out of a plane from 15,000 feet?"", 'happy to have gotten this for a steal price! definitely a lot of space than i need for my gopro or dslr camera, but more is so much better than less!', 'good amount of space for the stuff i want to do, and fits in my gopro. what more can i say?']"
408,"came too late in the ski season but will be mounting it on my bike helmet this summer and then again when the ski season starts on my ski helmet. i have been using it for several months in a helmet cam, several times a week. no problems so far. works as expected, no glitches or problems. using it with my contour roam2 helmet camera. frustration free packaging was nice.","['came too late in the ski season but will be mounting it on my bike helmet this summer and then again when the ski season starts on my ski helmet.', 'i have been using it for several months in a helmet cam, several times a week. no problems so far.', 'works as expected, no glitches or problems. using it with my contour roam2 helmet camera. frustration free packaging was nice.']"
409,"i bought two of these for use in my hero cam. i've had no problem with these and the video picture quality is right on. this is a good value. no issues so far, stores a lot of video. not too expensive and no issues with quality or speed. works fine with my gopro camera. highly recommend. so far haven't got any issues. i'm using it to record video with my gopro and it works fine. i'm also considering buying another one for my cellphone","[""i bought two of these for use in my hero cam. i've had no problem with these and the video picture quality is right on. this is a good value."", 'no issues so far, stores a lot of video. not too expensive and no issues with quality or speed. works fine with my gopro camera. highly recommend.', ""so far haven't got any issues. i'm using it to record video with my gopro and it works fine. i'm also considering buying another one for my cellphone""]"
410,memory card works awesome and for this much memory for the price is awesome. i use it for my gopro but you can use it for anything that can take a micro sd. comes with the bigger sd card so you can put it into a card reader or computer that reads sd cards. what accolades can one say about an sd card that works and is an economical buy. put it in my gopro camera and promptly filled it up. not cheap but really quite amazing that they can now fit so much info on such a small item. already have a 16 gb version and expect this will perform the same. comes with an adapter and also a plastic case that holds both the micro sd card and adapter which is nice.almost wish they made a bigger capacity version as i use this with a gopro and even this 64 gb model will fill up quickly.,"['memory card works awesome and for this much memory for the price is awesome. i use it for my gopro but you can use it for anything that can take a micro sd. comes with the bigger sd card so you can put it into a card reader or computer that reads sd cards.', 'what accolades can one say about an sd card that works and is an economical buy. put it in my gopro camera and promptly filled it up.', 'not cheap but really quite amazing that they can now fit so much info on such a small item. already have a 16 gb version and expect this will perform the same. comes with an adapter and also a plastic case that holds both the micro sd card and adapter which is nice.almost wish they made a bigger capacity version as i use this with a gopro and even this 64 gb model will fill up quickly.']"
411,"i use this with a 1080p video camera and it performs very well. it doesn't have any issue keeping up and the transfer rates when interfacing with a computer are high. i bought this for my sony action cam, it gives me more than 8 hours of video using 1080 with 30 fps. i use this in a high def camcorder to record 1080p video. i've had no problems with clipping. the card seems well able to quickly handle the amount of data that gets pumped to it. i've not had any quality control issues or data loss, either. would definitely buy again.","[""i use this with a 1080p video camera and it performs very well. it doesn't have any issue keeping up and the transfer rates when interfacing with a computer are high."", 'i bought this for my sony action cam, it gives me more than 8 hours of video using 1080 with 30 fps.', ""i use this in a high def camcorder to record 1080p video. i've had no problems with clipping. the card seems well able to quickly handle the amount of data that gets pumped to it. i've not had any quality control issues or data loss, either. would definitely buy again.""]"
412,"purchased in florida so the price was just fab, the card is excellent and very fast with my gopro hero 3 and an absolute must good price for a 64gb card. purchased it to go along with the hero3 camera. just what i needed to complete the set price was great, delivery was on time, now i have plenty on storage in my gopro hero 3, the sd card adapters makes things much easier to transfer files to my other devices.","['purchased in florida so the price was just fab, the card is excellent and very fast with my gopro hero 3 and an absolute must', 'good price for a 64gb card. purchased it to go along with the hero3 camera. just what i needed to complete the set', 'price was great, delivery was on time, now i have plenty on storage in my gopro hero 3, the sd card adapters makes things much easier to transfer files to my other devices.']"
413,"i wished it came with some sort of usb converter so i can transfer files faster to my pc. i am using a samsung galaxy note 2 and file transfer speed is mediocre. i used this in my samsung galaxy tab 2.0, and transfer rates are pretty good when going straight through usb. it does act a little peppier however when plugged straight into a card reader.","['i wished it came with some sort of usb converter so i can transfer files faster to my pc. i am using a samsung galaxy note 2 and file transfer speed is mediocre.', 'i used this in my samsung galaxy tab 2.0, and transfer rates are pretty good when going straight through usb. it does act a little peppier however when plugged straight into a card reader.']"
414,"purchased in november 2012 less than 18 months ago for use in my then new samsung galaxy s3. it has never been removed from the phone until today when it failed. since the phone is still fine and the memory card is stored well inside, it's safe to assume this card has suffered no abuse. today, the card is totally unreadable. it can't be formatted by the phone. the pc doesn't see it at all. it's dead, jim. i'll be contacting sandisk about warranty today.update i've updated this from 1 start to 4 because although it failed, sandisk is replacing it at no charge. sometimes stuff fails. if a manufacturer will stand by it, that speaks well. nice that because i bought it on amazon i could search my orders and find the original invoice to use when i contacted them. i have had the 32gb in my galaxy s3 for almost three months and there were no issues. however, the phone just recently started telling me the card has unrecognized files or it is empty, causing the loss of my media. i chose to format it after seeing the error for too long, chalking it up to some random error. somehow, yesterday, all of the files on my card magically reappeared and i was able to play my music again, despite having had the phone format the card. shortly afterwards, the error reappeared. i put the card in my computer and it is simply not appearing. shame, but i think this is a risky card to purchase. monday, november 26, 2012i put this in the galaxy s3 without formatting, restarted the phone and it showed 59.4g gb of space. i transferred all the files from the old 16 gb card and then moved all my music to the card with the phone connected to my computer by the usb cord. still lots of space left and the various music players seem to see all the music.tuesday, november 27, 2012the card didn't show up on the phone this afternoon. no message, just no songs to play and no card according to everything i could check on the phone. i restarted the phone and got a notification that the sd card was corrupt, needed formatting and that i would loose all data on the card. i restarted the phone again, without formatting, and the card came up like it had never been missing. i am writing this on thursday, 11 29 and i have not had another issue with the card.december 6well, i don't know what to think. the card disappeared again and i reformatted it fat32 in an attempt to fix the problem. the whole point of getting this large card was to have my music on my phone and not have to stream it from the cloud. i tried several music players and went with poweramp because of the good reviews and that i could specify the folder to play from. so poweramp is looking for the folder mnt extsdcard music and playing the songs in all the subfolders. it is poweramp that tells me that folder is not available.the card has gone missing one other time and restarting the phone fixed the problem.today, poweramp would not play and when i got home i found the music folder was gone. i also had ringtones folder and it was also gone. now, i may not be the sharpest saw in the shed, but i know i did not delete those folders. the card had other folders but not those two so it had not been reformatted.i am starting to think the problem is with the galaxy s3. i had a 16 gb fat32 card in this phone that had been in my previous htc phone. that card was not large enough to held my music so i don't know if it was disappearing or not. i wish this combination of phone and 64gb card was more reliable but just don't know where the problem lies.i lowered the stars from 4 to 3 but i really don't know if the problem is with the card, the phone or both. all i know is that they do not seem to be playing well together.december 7there was a notification on the phone this morning that the sd card was corrupted and needed to be formatted. i restarted the phone several times and got the notification each time. i reformatted the sd card using the phone, a step i don't think i have tried yet.december 8another minor problem i have is that the message counter gets stuck on 1 when i have no new messages. the only fix i have found is to restart the phone. that happened this morning and i got the corrupted card message again, but restarted again and the card came up ok.december 11so, the files on the card keep disappearing. the card is mounted and the phone shows the correct free memory but poweramp, and file directory programs do not see any files on the card. i restart the phone and the files come back. very strange. i played music on and off all day today without a problem and then this evening all the files disappeared again. restarted the phone and all is well again.december 15my phone upgraded to 4.1.1 yesterday and the same issues remain. it is a crap shoot as to if music will play. i take a lot of photos and use the service zenfolio to store and display them. i have an app that syncs with zenfolio and keeps a phone size version of the photos on my phone. i set this app to store the photos on the samsung sd card and have similar issues with it when the data on the phone goes away. this morning the sd card came up as corrupt again after a restart to get the data back. it took a total of 3 restarts to get the music and photos back.december 18i have been trying to play music stored on this card today and my phone has reset several times. very frustrating. i ordered a sandisk 32 gb mobile microsdhc flash memory card sdsdq 032g affp today for about 25.00 and i'll see if i have the same issues. very disappointing.december 28i purchased and installed thesandisk 32 gb mobile microsdhc flash memory card sdsdq 032g affpand copied all the files from the 64gb card to the new 32gb card. no formatting, no fuss, no muss. i have not had a phone reset since, have played music through bluetooth for hours in the car, have viewed photos. everything just works. half the memory but what i have is always available and the phone works, a good trade off. i am still disappointed that the 64gb did not work with the sg3. i have purchased aelago mobile nano ii usb 2.0 microsdhc flash memory card reader black to use the 64gb microsdhc card as a thumb drive.","[""purchased in november 2012 less than 18 months ago for use in my then new samsung galaxy s3. it has never been removed from the phone until today when it failed. since the phone is still fine and the memory card is stored well inside, it's safe to assume this card has suffered no abuse. today, the card is totally unreadable. it can't be formatted by the phone. the pc doesn't see it at all. it's dead, jim. i'll be contacting sandisk about warranty today.update i've updated this from 1 start to 4 because although it failed, sandisk is replacing it at no charge. sometimes stuff fails. if a manufacturer will stand by it, that speaks well. nice that because i bought it on amazon i could search my orders and find the original invoice to use when i contacted them."", 'i have had the 32gb in my galaxy s3 for almost three months and there were no issues. however, the phone just recently started telling me the card has unrecognized files or it is empty, causing the loss of my media. i chose to format it after seeing the error for too long, chalking it up to some random error. somehow, yesterday, all of the files on my card magically reappeared and i was able to play my music again, despite having had the phone format the card. shortly afterwards, the error reappeared. i put the card in my computer and it is simply not appearing. shame, but i think this is a risky card to purchase.', ""monday, november 26, 2012i put this in the galaxy s3 without formatting, restarted the phone and it showed 59.4g gb of space. i transferred all the files from the old 16 gb card and then moved all my music to the card with the phone connected to my computer by the usb cord. still lots of space left and the various music players seem to see all the music.tuesday, november 27, 2012the card didn't show up on the phone this afternoon. no message, just no songs to play and no card according to everything i could check on the phone. i restarted the phone and got a notification that the sd card was corrupt, needed formatting and that i would loose all data on the card. i restarted the phone again, without formatting, and the card came up like it had never been missing. i am writing this on thursday, 11 29 and i have not had another issue with the card.december 6well, i don't know what to think. the card disappeared again and i reformatted it fat32 in an attempt to fix the problem. the whole point of getting this large card was to have my music on my phone and not have to stream it from the cloud. i tried several music players and went with poweramp because of the good reviews and that i could specify the folder to play from. so poweramp is looking for the folder mnt extsdcard music and playing the songs in all the subfolders. it is poweramp that tells me that folder is not available.the card has gone missing one other time and restarting the phone fixed the problem.today, poweramp would not play and when i got home i found the music folder was gone. i also had ringtones folder and it was also gone. now, i may not be the sharpest saw in the shed, but i know i did not delete those folders. the card had other folders but not those two so it had not been reformatted.i am starting to think the problem is with the galaxy s3. i had a 16 gb fat32 card in this phone that had been in my previous htc phone. that card was not large enough to held my music so i don't know if it was disappearing or not. i wish this combination of phone and 64gb card was more reliable but just don't know where the problem lies.i lowered the stars from 4 to 3 but i really don't know if the problem is with the card, the phone or both. all i know is that they do not seem to be playing well together.december 7there was a notification on the phone this morning that the sd card was corrupted and needed to be formatted. i restarted the phone several times and got the notification each time. i reformatted the sd card using the phone, a step i don't think i have tried yet.december 8another minor problem i have is that the message counter gets stuck on 1 when i have no new messages. the only fix i have found is to restart the phone. that happened this morning and i got the corrupted card message again, but restarted again and the card came up ok.december 11so, the files on the card keep disappearing. the card is mounted and the phone shows the correct free memory but poweramp, and file directory programs do not see any files on the card. i restart the phone and the files come back. very strange. i played music on and off all day today without a problem and then this evening all the files disappeared again. restarted the phone and all is well again.december 15my phone upgraded to 4.1.1 yesterday and the same issues remain. it is a crap shoot as to if music will play. i take a lot of photos and use the service zenfolio to store and display them. i have an app that syncs with zenfolio and keeps a phone size version of the photos on my phone. i set this app to store the photos on the samsung sd card and have similar issues with it when the data on the phone goes away. this morning the sd card came up as corrupt again after a restart to get the data back. it took a total of 3 restarts to get the music and photos back.december 18i have been trying to play music stored on this card today and my phone has reset several times. very frustrating. i ordered a sandisk 32 gb mobile microsdhc flash memory card sdsdq 032g affp today for about 25.00 and i'll see if i have the same issues. very disappointing.december 28i purchased and installed thesandisk 32 gb mobile microsdhc flash memory card sdsdq 032g affpand copied all the files from the 64gb card to the new 32gb card. no formatting, no fuss, no muss. i have not had a phone reset since, have played music through bluetooth for hours in the car, have viewed photos. everything just works. half the memory but what i have is always available and the phone works, a good trade off. i am still disappointed that the 64gb did not work with the sg3. i have purchased aelago mobile nano ii usb 2.0 microsdhc flash memory card reader black to use the 64gb microsdhc card as a thumb drive.""]"
415,"this was a great fast card and i had no issues with it. my gs3 recognized it quickly and still works a year later. fast card, reliable performance. got this card for my galaxy s3, no compatibility issues. would buy again for in a heart beat. this is a very fast card. i have 2 or 3 of them now, and have had them for a few years, and they are all still working.","['this was a great fast card and i had no issues with it. my gs3 recognized it quickly and still works a year later.', 'fast card, reliable performance. got this card for my galaxy s3, no compatibility issues. would buy again for in a heart beat.', 'this is a very fast card. i have 2 or 3 of them now, and have had them for a few years, and they are all still working.']"
416,"this works with my galaxy s4 and is fast enough to record 1080p video. i would purchase again i have always had good luck with sandisk cards. i purchased this microsd card to record extended 1080p videos and it has worked flawlessly. camera did not immediately recognize the card, but going into the settings and selecting format solved the problem. card works fine. using in a wireless ip camera that records 720p. can think of much else to write... it's a memory card and it works","['this works with my galaxy s4 and is fast enough to record 1080p video. i would purchase again i have always had good luck with sandisk cards.', 'i purchased this microsd card to record extended 1080p videos and it has worked flawlessly. camera did not immediately recognize the card, but going into the settings and selecting format solved the problem.', ""card works fine. using in a wireless ip camera that records 720p. can think of much else to write... it's a memory card and it works""]"
417,"for this special price i could not let them go.i bought a few cards for my phone, my gopro and my camera.... ideal its amazing how small these cards are, be careful not to loose it, i have almost a couple of times, i use this in my gopro and it works very good. shipped fast as well. a plus i have a problem with the size of these mini cards they are hard to hold on to and get in and out of my drift cameras they get stuck all the time","['for this special price i could not let them go.i bought a few cards for my phone, my gopro and my camera.... ideal', 'its amazing how small these cards are, be careful not to loose it, i have almost a couple of times, i use this in my gopro and it works very good. shipped fast as well. a plus', 'i have a problem with the size of these mini cards they are hard to hold on to and get in and out of my drift cameras they get stuck all the time']"
418,"i am continually amazed by the fact that this tiny bit of almost nothing can be so powerful. however, i caution anyone buying these micro cards for their gopro that they are extremely easy to lose, but i highly recommend them. gets the job done for my gopro so that's good. i just never liked how small the actual card is due to its nature of it might just get lost...then that's game over. the price was amazing, so i got two for the price of half of one. great card. it has worked very well for me with my gopro. great quality and speed. the size is perfect for heavier photographers.","['i am continually amazed by the fact that this tiny bit of almost nothing can be so powerful. however, i caution anyone buying these micro cards for their gopro that they are extremely easy to lose, but i highly recommend them.', ""gets the job done for my gopro so that's good. i just never liked how small the actual card is due to its nature of it might just get lost...then that's game over. the price was amazing, so i got two for the price of half of one."", 'great card. it has worked very well for me with my gopro. great quality and speed. the size is perfect for heavier photographers.']"
419,"purchased this for my device, it worked as advertised. you can never have too much phone memory, since i download a lot of stuff this was a no brainer for me. bought this to add memory to my phone. no problems installing and it works great. don't know if i could ask for anything more. purchased for use as add on memory for motorola razr maxx phone. works great. package arrived as scheduled. all is good.","['purchased this for my device, it worked as advertised. you can never have too much phone memory, since i download a lot of stuff this was a no brainer for me.', ""bought this to add memory to my phone. no problems installing and it works great. don't know if i could ask for anything more."", 'purchased for use as add on memory for motorola razr maxx phone. works great. package arrived as scheduled. all is good.']"
420,"i love this card, its way faster than any other micro sd i have ever owned. i can transfer roms like nothing on my galaxy s4. when i had the old microsd that comes with every droid phones, that use to take for ever.high recommend this one. this is a very fast and reliable microsd card. i used this on my galaxy note 2 and loaded movies and family pictures. transfer time is speedy! i got this for my new phone. it works as expected. i don't worry about the speed in these things. i loaded up all my music on it my phone stores my pictures on it. so far i have not had any issues with this micro sd card.","['i love this card, its way faster than any other micro sd i have ever owned. i can transfer roms like nothing on my galaxy s4. when i had the old microsd that comes with every droid phones, that use to take for ever.high recommend this one.', 'this is a very fast and reliable microsd card. i used this on my galaxy note 2 and loaded movies and family pictures. transfer time is speedy!', ""i got this for my new phone. it works as expected. i don't worry about the speed in these things. i loaded up all my music on it my phone stores my pictures on it. so far i have not had any issues with this micro sd card.""]"
421,"i purchased this primarily for use with the gopro camera because it doesn't come with one. to my surprise, this mimi disc not only has high memory and speed it also came with the full size adapter and all for a great price. a lot of memories. works fine with my gopro camera. i thought it was a little expensive but when i see the real price on a store, totally change my mind! and the price is economical for the size it is, purchased this for my go pro hd cam, works great adn the adapter allows me to instantly transfer the movies and pics to my computer.","[""i purchased this primarily for use with the gopro camera because it doesn't come with one. to my surprise, this mimi disc not only has high memory and speed it also came with the full size adapter and all for a great price."", 'a lot of memories. works fine with my gopro camera. i thought it was a little expensive but when i see the real price on a store, totally change my mind!', 'and the price is economical for the size it is, purchased this for my go pro hd cam, works great adn the adapter allows me to instantly transfer the movies and pics to my computer.']"
422,"got it for my cell phone, samsung galaxy s4. works just like one would expect and appears to be quite fast. installed this in my galaxy s 3, no issues, put in, formatted and started taking photos, everything work fast and as expected. i bought this and put it my mobile phone samsung galaxy s3. i don't have a lot more to say. i put it in, formatted it, and it has been working very ewell for some months now. seems to be very fast. no issues. recommended.","['got it for my cell phone, samsung galaxy s4. works just like one would expect and appears to be quite fast.', 'installed this in my galaxy s 3, no issues, put in, formatted and started taking photos, everything work fast and as expected.', ""i bought this and put it my mobile phone samsung galaxy s3. i don't have a lot more to say. i put it in, formatted it, and it has been working very ewell for some months now. seems to be very fast. no issues. recommended.""]"
423,"not a lot to say about it, it's storage. i haven't done any speed tests or anything but it definitely works in a samsung galaxy s3 and i don't see any performance issues watching videos files stored on it. i have this in a samsung gn 10.1 2014 edition tablet and getting 28mbps transfer from my canon t3i using a eye fi mobi 8gb sd card.","[""not a lot to say about it, it's storage. i haven't done any speed tests or anything but it definitely works in a samsung galaxy s3 and i don't see any performance issues watching videos files stored on it."", 'i have this in a samsung gn 10.1 2014 edition tablet and getting 28mbps transfer from my canon t3i using a eye fi mobi 8gb sd card.']"
424,"this card was used in a phone without a large amount of write stress which does shorten the life of the card it was not written to over and over in the phone .the card is now totally unwriteable on a mac, a linux machine, or the phone writes all seem to succeed but even low level reformats don't actually do anything the exact same files are there after every change, untouchable and frozen forever.10 months of use out of a memory card and then a really weird failure like this neither the mac, linux machine, or phone reports any error is not acceptable quality from sandisk. i have exclusively used sandisk extreme cards in my pro photography gear for years and they have never let me down. this one is a dud, though. i plugged it in, let my phone format it, and then start copying to it. everything copied just fine, but after i got done, that's when it started acting up.if i had my phone plugged into the computer and was using it as a storage device, i got tons of crc errors and or messages saying that i needed to format the card before using it. the phone would come up from time to time saying that i had inserted a blank card. if i reboot the phone, it works fine for a little bit, and the errors would start again. i thought maybe it was the way the phone formatted, so i tried to format it on the computer, but that didn't help anything.very frustrating! thankfully i've had it for 2 days before the trouble started, so it's going back to amazon for a refund and i'll have to find a more reliable card for my phone. i got this card only a few months ago, used it on a note 3, now it has failed. no matter what i try, attempts to format the drive or edit the files on it, whether using my computer or the phone, have all failed. the card's data is now essentially read only, which is the only saving grace of this since i could at least save my data.previous to this i had an issue with it corrupting photos randomly, with increasing regularity as it grew closer to complete failure. i am now going to be avoiding sandisk when possible","[""this card was used in a phone without a large amount of write stress which does shorten the life of the card it was not written to over and over in the phone .the card is now totally unwriteable on a mac, a linux machine, or the phone writes all seem to succeed but even low level reformats don't actually do anything the exact same files are there after every change, untouchable and frozen forever.10 months of use out of a memory card and then a really weird failure like this neither the mac, linux machine, or phone reports any error is not acceptable quality from sandisk."", ""i have exclusively used sandisk extreme cards in my pro photography gear for years and they have never let me down. this one is a dud, though. i plugged it in, let my phone format it, and then start copying to it. everything copied just fine, but after i got done, that's when it started acting up.if i had my phone plugged into the computer and was using it as a storage device, i got tons of crc errors and or messages saying that i needed to format the card before using it. the phone would come up from time to time saying that i had inserted a blank card. if i reboot the phone, it works fine for a little bit, and the errors would start again. i thought maybe it was the way the phone formatted, so i tried to format it on the computer, but that didn't help anything.very frustrating! thankfully i've had it for 2 days before the trouble started, so it's going back to amazon for a refund and i'll have to find a more reliable card for my phone."", ""i got this card only a few months ago, used it on a note 3, now it has failed. no matter what i try, attempts to format the drive or edit the files on it, whether using my computer or the phone, have all failed. the card's data is now essentially read only, which is the only saving grace of this since i could at least save my data.previous to this i had an issue with it corrupting photos randomly, with increasing regularity as it grew closer to complete failure. i am now going to be avoiding sandisk when possible""]"
425,"i wish i could say this card was great. been waiting for it for around a year and a half whilst using the 64gb one also sandisk which never gave me issues sadly i lost it. this card confused the heck out of me. i used it on my s4 and first off, it wouldn't recognize it. tried it on my gf's s4 and same problem.apparently it comes formatted as exfat and thought maybe reformatting it as fat32 would solve the problem. well i thought it did since my phone finally recognized it upon inserting it. a new problem arose, though. i started taking pictures to try it out and odd thing was some of the pictures became corrupted. not even viewable on the phone seconds after taking them. some worked, others not.later on, i restarted my phone for some reason or other. a while later i wanted to check the pictures again and, surprise surprise, everything was gone. i'd find out later that every time i restarted my phone everything on the card was being deleted. tried it on my gf's phone and same thing happened.tried reformatting again as fat32 using gparted couldn't hurt and it just throws errors upon starting the write sequence.too bad i can't return it as i had it shipped to me in guatemala. so that's 119 down the toilet. i have to buy a new one now, but i think i'll go for the new samsung evo ones although they don't offer a 128gb model as of this writing bummer . i was very excited to buy this card 64 gb for my samsung galaxy note 2 the product arrived promptly and i was able to format it to ex fat and use it right away in my smart phone. however, exactly 10 days later when i removed the card after turning off the phone and inserted it in my desktop, i got an error saying that the card was corrupted and unreadable and that i needed to format it.since i had already got a lot of data on it, including a lot of videos and images of our new born twins, formatting was not a viable option.i tried to get the card working on my pc desktop, mac air laptop and the samsung galaxy note, but to no avail. finally i decided to format it. there too, i kept getting errors and that the computer was unable to format the card. finally i tried full format via my pc got an error again and then right away quick format and that worked so the card is back and working in my note again, but now i wont trust it anymore not after having lost so many irreplaceable images and videos.i am a professional photographer, and use memory cards all the time this has been the worst of the lot !! never had a problem with any sd cards prior, and always had a good track record with sandisk products.card was working great at first, used exclusively in my samsung galaxy s3. enjoyed the extra space got the 32gb card and transfers were pretty quick. i started to see about a month ago that the phone would randomly give me sd card unexpectedly removed error maybe once a week. the last 2 weeks, i also started seeing frequently sd card safe to remove randomly pop up at least once a day as well as the unexpected removal error every few days. today the card stopped reading all together.the card was first inserted w the phone off, when i bought it. although i never formatted it, it worked properly. i also never removed the card from the phone in order to possibly corrupt it from improper removal, so the card just seems to have died of it's own accord. i never thought to check it's temperature after transferring large files so i'm not sure if i had the same issue as another reviewer.contacted sandisk, waiting for reply. if they replace the card and it works well, i will revise this review.update 2 28 13got a replacement card after about a week and a half, sandisk supplied a shipping label for me which is always a plus. i've had the replacement in my s3 for 3.5 months now and still going strong. i've also used it with the adapter in my gopro. card is working well and hopefully it continues to do so. updated to 4 stars since i haven't had a single problem with this card the first one started showing issues fairly soon after installing . maybe there was just a bad batch of the card for spell there.","[""i wish i could say this card was great. been waiting for it for around a year and a half whilst using the 64gb one also sandisk which never gave me issues sadly i lost it. this card confused the heck out of me. i used it on my s4 and first off, it wouldn't recognize it. tried it on my gf's s4 and same problem.apparently it comes formatted as exfat and thought maybe reformatting it as fat32 would solve the problem. well i thought it did since my phone finally recognized it upon inserting it. a new problem arose, though. i started taking pictures to try it out and odd thing was some of the pictures became corrupted. not even viewable on the phone seconds after taking them. some worked, others not.later on, i restarted my phone for some reason or other. a while later i wanted to check the pictures again and, surprise surprise, everything was gone. i'd find out later that every time i restarted my phone everything on the card was being deleted. tried it on my gf's phone and same thing happened.tried reformatting again as fat32 using gparted couldn't hurt and it just throws errors upon starting the write sequence.too bad i can't return it as i had it shipped to me in guatemala. so that's 119 down the toilet. i have to buy a new one now, but i think i'll go for the new samsung evo ones although they don't offer a 128gb model as of this writing bummer ."", 'i was very excited to buy this card 64 gb for my samsung galaxy note 2 the product arrived promptly and i was able to format it to ex fat and use it right away in my smart phone. however, exactly 10 days later when i removed the card after turning off the phone and inserted it in my desktop, i got an error saying that the card was corrupted and unreadable and that i needed to format it.since i had already got a lot of data on it, including a lot of videos and images of our new born twins, formatting was not a viable option.i tried to get the card working on my pc desktop, mac air laptop and the samsung galaxy note, but to no avail. finally i decided to format it. there too, i kept getting errors and that the computer was unable to format the card. finally i tried full format via my pc got an error again and then right away quick format and that worked so the card is back and working in my note again, but now i wont trust it anymore not after having lost so many irreplaceable images and videos.i am a professional photographer, and use memory cards all the time this has been the worst of the lot !!', ""never had a problem with any sd cards prior, and always had a good track record with sandisk products.card was working great at first, used exclusively in my samsung galaxy s3. enjoyed the extra space got the 32gb card and transfers were pretty quick. i started to see about a month ago that the phone would randomly give me sd card unexpectedly removed error maybe once a week. the last 2 weeks, i also started seeing frequently sd card safe to remove randomly pop up at least once a day as well as the unexpected removal error every few days. today the card stopped reading all together.the card was first inserted w the phone off, when i bought it. although i never formatted it, it worked properly. i also never removed the card from the phone in order to possibly corrupt it from improper removal, so the card just seems to have died of it's own accord. i never thought to check it's temperature after transferring large files so i'm not sure if i had the same issue as another reviewer.contacted sandisk, waiting for reply. if they replace the card and it works well, i will revise this review.update 2 28 13got a replacement card after about a week and a half, sandisk supplied a shipping label for me which is always a plus. i've had the replacement in my s3 for 3.5 months now and still going strong. i've also used it with the adapter in my gopro. card is working well and hopefully it continues to do so. updated to 4 stars since i haven't had a single problem with this card the first one started showing issues fairly soon after installing . maybe there was just a bad batch of the card for spell there.""]"
426,"hard for my mac to read. mhz be mac, might be card. it's fast in a gopro, no real complaints i was reading some reviews about this and honestly i really don't notice the speed. but the storage of it is epic. 64gb card 32gb phone ... a lot of information.... and i save and store alot of things. for me its a great card to hold stuff and a speed i really don't noticed, however i want to add that this card is not slow i just don't notice the difference using a 32gb class4 vs 64gb class10 on a e890 optimums g pro i can't believe how fast this is. i had a class 10, 32gb card by imation and it was nothing like the speeds i get out of this.","[""hard for my mac to read. mhz be mac, might be card. it's fast in a gopro, no real complaints"", ""i was reading some reviews about this and honestly i really don't notice the speed. but the storage of it is epic. 64gb card 32gb phone ... a lot of information.... and i save and store alot of things. for me its a great card to hold stuff and a speed i really don't noticed, however i want to add that this card is not slow i just don't notice the difference using a 32gb class4 vs 64gb class10 on a e890 optimums g pro"", ""i can't believe how fast this is. i had a class 10, 32gb card by imation and it was nothing like the speeds i get out of this.""]"
427,i have used to record video while riding my quad. usually the battery in my camera dies before i run out of space in this memory card. nice product at a reasonable price. i use mine in a gopro camera and it works great. i would recommend this memory for high speed action video as it works great.,"['i have used to record video while riding my quad. usually the battery in my camera dies before i run out of space in this memory card.', 'nice product at a reasonable price. i use mine in a gopro camera and it works great. i would recommend this memory for high speed action video as it works great.']"
428,"very fast card, works great in my gs4. i wanted something very fast but reliable and this is the ticket. super fast, keeps up with my camera speed. i have purchased 3 total and love every single one. wouldn't buy any other card. super fast, works great on my samsung s4. had to make a few config changes on the s4 but that's not the card's problem","['very fast card, works great in my gs4. i wanted something very fast but reliable and this is the ticket.', ""super fast, keeps up with my camera speed. i have purchased 3 total and love every single one. wouldn't buy any other card."", ""super fast, works great on my samsung s4. had to make a few config changes on the s4 but that's not the card's problem""]"
429,"not much more to say, really. work, is faster than my class 4 16gb card and provides the space to copy dslr photos when i hook the phone to my nikon 5100 with the usb host cable i saw the difference between this and another of 4gb that came with my digital camera, it's really faster than the other.now i'm using it in my smartphone without any problems so far. you will notice that your camera, phone will work a lot faster. i was really surprised to see how much better all worked with this chip. you will be very happy.","['not much more to say, really. work, is faster than my class 4 16gb card and provides the space to copy dslr photos when i hook the phone to my nikon 5100 with the usb host cable', ""i saw the difference between this and another of 4gb that came with my digital camera, it's really faster than the other.now i'm using it in my smartphone without any problems so far."", 'you will notice that your camera, phone will work a lot faster. i was really surprised to see how much better all worked with this chip. you will be very happy.']"
430,"i got this card for my phone. i was expecting a significant increase in speed. i have not really noticed any great speed improvements. the card is working great with no problems. just get a slower card for your phone, you won't notice the difference. i have only had this card for a month so far so good. just got a new phone card no longer needed for that i am now using it for my camera, works great for that it is older cannon elph 5 mp and i get 1000 pics wiith this card.. read writes speeds are great in both phone and camera. my phone is still on gingerbread os, so this card is much faster than i will ever need with its capabilities. i like that it has a lifetime warranty, as my previous 32gb card did not have a warranty and is now fried after one year. for 28 with shipping this should hold me over for many years to come and has the speeds to keep up with future devices. overall very pleased. got 9mb s write speed and 22mb s read speed on a motorola defy xt using a speed test app","[""i got this card for my phone. i was expecting a significant increase in speed. i have not really noticed any great speed improvements. the card is working great with no problems. just get a slower card for your phone, you won't notice the difference."", 'i have only had this card for a month so far so good. just got a new phone card no longer needed for that i am now using it for my camera, works great for that it is older cannon elph 5 mp and i get 1000 pics wiith this card.. read writes speeds are great in both phone and camera.', 'my phone is still on gingerbread os, so this card is much faster than i will ever need with its capabilities. i like that it has a lifetime warranty, as my previous 32gb card did not have a warranty and is now fried after one year. for 28 with shipping this should hold me over for many years to come and has the speeds to keep up with future devices. overall very pleased. got 9mb s write speed and 22mb s read speed on a motorola defy xt using a speed test app']"
431,"i bought this card as a music expansion for my samsung s4 and it handles that task deftly. i don't know how it would work in an intense need of speed environment, but it's perfect for my purposes. this is a great speed card.more than 20 mb sec. works perfect on my android device samsung galaxy sii gt i9100 . also works perfect using cyanongenmod 10.1.the only downside the price. is an expensive card.i use it for music playback, like poweramp, spotify and rdio. works flawless.","[""i bought this card as a music expansion for my samsung s4 and it handles that task deftly. i don't know how it would work in an intense need of speed environment, but it's perfect for my purposes."", 'this is a great speed card.more than 20 mb sec. works perfect on my android device samsung galaxy sii gt i9100 . also works perfect using cyanongenmod 10.1.the only downside the price. is an expensive card.i use it for music playback, like poweramp, spotify and rdio. works flawless.']"
432,i use this in my canon digital slr. has lots of memory and the quality of images are great. no disappointments. i am amazed that i can buy 32 gb of nonvolatile memory for so little! used it in my new sony hdr as15 action camcorder with no problems.,"['i use this in my canon digital slr. has lots of memory and the quality of images are great. no disappointments.', 'i am amazed that i can buy 32 gb of nonvolatile memory for so little! used it in my new sony hdr as15 action camcorder with no problems.']"
433,"i originally bought this for my digital slr and it works the way it is supposed to. since i didn't need capacity for over 7,000 pictures i put this in my samsung tablet and got a 32 gb for the camera. if you need or just want 64 gb of memory this is the one to buy. bought this to use in my canon elph 520hs digital camera. works fine right out of the box. i probably did not need this much capacity, but why worry? i got this for my elph 520 hs camera. amazing capacity for such small size. i also got the adapter so that i could download all the photos directly, and quickly, into my computer without needing a cable.","[""i originally bought this for my digital slr and it works the way it is supposed to. since i didn't need capacity for over 7,000 pictures i put this in my samsung tablet and got a 32 gb for the camera. if you need or just want 64 gb of memory this is the one to buy."", 'bought this to use in my canon elph 520hs digital camera. works fine right out of the box. i probably did not need this much capacity, but why worry?', 'i got this for my elph 520 hs camera. amazing capacity for such small size. i also got the adapter so that i could download all the photos directly, and quickly, into my computer without needing a cable.']"
434,"i purchased this card to use in my contourroam2 and it works great. all i had to do was put the card in the camera, format it, and i was good to go. it allows me to easily record hours of 720p 60fps video without running out of space or slowing down. if you have a contour camera you want to use this with. it will not format! don't even bother.now i have room for about 16,000 photos. not what i wanted. works great with my contour camera's. i can film 1080p 30fps mp4's with no problems using these cards. also, the 32gb means the battery dies before the card fills up. if you're looking for a high capacity micro sd card then look no further.","['i purchased this card to use in my contourroam2 and it works great. all i had to do was put the card in the camera, format it, and i was good to go. it allows me to easily record hours of 720p 60fps video without running out of space or slowing down.', ""if you have a contour camera you want to use this with. it will not format! don't even bother.now i have room for about 16,000 photos. not what i wanted."", ""works great with my contour camera's. i can film 1080p 30fps mp4's with no problems using these cards. also, the 32gb means the battery dies before the card fills up. if you're looking for a high capacity micro sd card then look no further.""]"
435,"great transfer speeds for my tablet. going on a month now and it works just fine. highly recommend it to anyne. not much to say other than it is as advertised and it works. i haven't the means to gauge the transfer speeds but i've experienced no lags or delays with the combination of this storage and my hardware galaxy note ii .the shipping was faster than anything i received recently. transfer speeds are good, worth the price tag, use it in my samsung galaxy s3, sometimes it craps out and has to be reformatted or rebooted in phone. otherwise no problems","['great transfer speeds for my tablet. going on a month now and it works just fine. highly recommend it to anyne.', ""not much to say other than it is as advertised and it works. i haven't the means to gauge the transfer speeds but i've experienced no lags or delays with the combination of this storage and my hardware galaxy note ii .the shipping was faster than anything i received recently."", 'transfer speeds are good, worth the price tag, use it in my samsung galaxy s3, sometimes it craps out and has to be reformatted or rebooted in phone. otherwise no problems']"
436,we use these in our phones to carry our favorite tunes or take lots of pictures. they are excellent quality. use it to store music and stuff in the cell phone...have had no problems or bad sectors.the included adapter is great for using it in the computer,"['we use these in our phones to carry our favorite tunes or take lots of pictures. they are excellent quality.', 'use it to store music and stuff in the cell phone...have had no problems or bad sectors.the included adapter is great for using it in the computer']"
437,"i'm using this card in a phone and so far i have no complaints. access to the card by the camera and other applications seems fast enough. perfect card. i have it in my samsung galaxy s4 and its fast. no delay in pictures video writing, and i think i may get a second just to keep on hand. this card is fast with no hang ups etc. price was very good. i installed in my phone and have many pictures and a few videos on it so far. would buy this card again in a heart beat.","[""i'm using this card in a phone and so far i have no complaints. access to the card by the camera and other applications seems fast enough."", 'perfect card. i have it in my samsung galaxy s4 and its fast. no delay in pictures video writing, and i think i may get a second just to keep on hand.', 'this card is fast with no hang ups etc. price was very good. i installed in my phone and have many pictures and a few videos on it so far. would buy this card again in a heart beat.']"
438,"this card is fast! and cheap! i used it on my canon s100 camera to shoot raw format pictures and 1080 video and it worked flawlessly. i'm currently using it on my old mytouch phone for storage.great product, great price. very pleased with the speed and performance of this memory card. use it in both my camera and smart phone. this card is very fast and perfect for my samsung galaxy note. i used it for hdr photography and it works very well.","[""this card is fast! and cheap! i used it on my canon s100 camera to shoot raw format pictures and 1080 video and it worked flawlessly. i'm currently using it on my old mytouch phone for storage.great product, great price."", 'very pleased with the speed and performance of this memory card. use it in both my camera and smart phone.', 'this card is very fast and perfect for my samsung galaxy note. i used it for hdr photography and it works very well.']"
439,i just bought a 1080 p dash cam and i needed the best and fastest memory to get the best quality pictures. i did my homework and as i thought scandisk ultra came out far above everything else out there.if you want the best and fastest memory with the highest quality on the market then get scandisk ultra ! sandisk ultra 16 gb microsdhc class work the best in my dash cams... i bought a mobile micro sd reader to use to read the small cards and it too work great ..,"['i just bought a 1080 p dash cam and i needed the best and fastest memory to get the best quality pictures. i did my homework and as i thought scandisk ultra came out far above everything else out there.if you want the best and fastest memory with the highest quality on the market then get scandisk ultra !', 'sandisk ultra 16 gb microsdhc class work the best in my dash cams... i bought a mobile micro sd reader to use to read the small cards and it too work great ..']"
440,"also fast .. not much more i can say. i bought two.would buy again and would recommend to u all fast and safe very good quality and has an excellent performacea bit expensive comparing to other models in the store it is very fast , i like it and i think if you have one you will like it i think.","['also fast .. not much more i can say. i bought two.would buy again and would recommend to u all', 'fast and safe very good quality and has an excellent performacea bit expensive comparing to other models in the store', 'it is very fast , i like it and i think if you have one you will like it i think.']"
441,"nice product,has plenty of space and is very quick and easy to use,it is also nice to have thereafter so you can use on many optional devices i love this product. the space is perfect for my device and it runs really fast. i thought it came at a great price too. i highly recommend this product! nice to see name brand things that are cheaper then in the store. i bought this either for my phone or tablet. you never need to worry about running out of space. the only downside to this is if you have big fingers this thing is small and hard to manipulate for it to go in the proper way and space.","['nice product,has plenty of space and is very quick and easy to use,it is also nice to have thereafter so you can use on many optional devices', 'i love this product. the space is perfect for my device and it runs really fast. i thought it came at a great price too. i highly recommend this product!', 'nice to see name brand things that are cheaper then in the store. i bought this either for my phone or tablet. you never need to worry about running out of space. the only downside to this is if you have big fingers this thing is small and hard to manipulate for it to go in the proper way and space.']"
442,"works fine in my sony rx100 using the provided adapter, but who would expect otherwise. bought the more expensive micro with adapter rather than full size sd so that i can move it to other devices that take micro sd.prime shipping arrived in one day. i used it on my sony as15. been using it for almost a month now and i have yet to encounter any problem","['works fine in my sony rx100 using the provided adapter, but who would expect otherwise. bought the more expensive micro with adapter rather than full size sd so that i can move it to other devices that take micro sd.prime shipping arrived in one day.', 'i used it on my sony as15. been using it for almost a month now and i have yet to encounter any problem']"
443,"awesome! so much space, and it works with my phone, all i could ask for! comes in extremely handy. thank you sandisk! bought two, one for me and one for my husband. works great. feels good to have a lot of space on my smart phone to save pictures, movies taken, etc. this is great. it gives me a lot of extra storage space for my phone. it just worked out of the box. perfect.","['awesome! so much space, and it works with my phone, all i could ask for! comes in extremely handy. thank you sandisk!', 'bought two, one for me and one for my husband. works great. feels good to have a lot of space on my smart phone to save pictures, movies taken, etc.', 'this is great. it gives me a lot of extra storage space for my phone. it just worked out of the box. perfect.']"
444,"this brand has proven to be reliable and easy to work with. it is versatile for use in my android devices as well as cameras. nothing is permanent and i try to have a back up of my files, but it has served me well for a couple of years. it's a great brand, works perfectly, i use it for my android phone and now i got tons of extra storage. actually fits and holds data vs others brands which didn't work consistently. probably overkill in terms of size for most uses and requires special usb reader","['this brand has proven to be reliable and easy to work with. it is versatile for use in my android devices as well as cameras. nothing is permanent and i try to have a back up of my files, but it has served me well for a couple of years.', ""it's a great brand, works perfectly, i use it for my android phone and now i got tons of extra storage."", ""actually fits and holds data vs others brands which didn't work consistently. probably overkill in terms of size for most uses and requires special usb reader""]"
445,"it is very good, thanks sandisk,you must have it with gopro cam to get the benefit of cam, yap. got this to expand the memory of my son's go pro camera. it does the job for much less than the box stores had it for. i couldn't ask for anything better. i use it in my gopro hero 3. records a lot of video and holds a lot of pics.","['it is very good, thanks sandisk,you must have it with gopro cam to get the benefit of cam, yap.', ""got this to expand the memory of my son's go pro camera. it does the job for much less than the box stores had it for."", ""i couldn't ask for anything better. i use it in my gopro hero 3. records a lot of video and holds a lot of pics.""]"
446,"currently using it for my samsung galaxy s3. it's very fast when transferring files in and out. no complaints so far. bought this for my new samsung galaxy s4. works great, no problems with transfer speed. no failures with it so far, so i would suggest this to anyone. i got this for my samsung galaxy s5 and could not be happier. it's fast enough with the still and video camera on the phone.i have had no problems transferring files of all types from my pc or tablets. at this price it is a great buy.","[""currently using it for my samsung galaxy s3. it's very fast when transferring files in and out. no complaints so far."", 'bought this for my new samsung galaxy s4. works great, no problems with transfer speed. no failures with it so far, so i would suggest this to anyone.', ""i got this for my samsung galaxy s5 and could not be happier. it's fast enough with the still and video camera on the phone.i have had no problems transferring files of all types from my pc or tablets. at this price it is a great buy.""]"
447,used this in my s4 and in my new s5. transfer speed is good and it is still performing well after almost a year. i haven't been disappointed with a sandisk product yet. i use this in my htc and it works like a champ. perfect for high definition videos and music for any smart phone. transfer rate is impressive and the price is right where it should be.. i bought this to use in my samsung galaxy s4 and it works great. transfer speed is excellent and it is completely plug and play compatible with my device.,"[""used this in my s4 and in my new s5. transfer speed is good and it is still performing well after almost a year. i haven't been disappointed with a sandisk product yet."", 'i use this in my htc and it works like a champ. perfect for high definition videos and music for any smart phone. transfer rate is impressive and the price is right where it should be..', 'i bought this to use in my samsung galaxy s4 and it works great. transfer speed is excellent and it is completely plug and play compatible with my device.']"
448,"fast transfer rates, i downloaded about 2gb of videos form the card to my laptop through a card reader, all in about a minute what else can i say? that it is light and small? not the fastest card on the market, but does the job. copying files onto it is slow, but it is fast enough to play music or movies from it on your cellphone or other devices. i used this sd card on my nvidia shield and works as advertised very quick transfer speeds.","['fast transfer rates, i downloaded about 2gb of videos form the card to my laptop through a card reader, all in about a minute', 'what else can i say? that it is light and small? not the fastest card on the market, but does the job. copying files onto it is slow, but it is fast enough to play music or movies from it on your cellphone or other devices.', 'i used this sd card on my nvidia shield and works as advertised very quick transfer speeds.']"
449,"i haven't done much to speed test this device, but it does everything i ask it to and the price was right. i havent done speed tests, but this sits in my tablet and lets me store music with easy. it is fast enough to stream hd video from. speed is meh. size is good no troubles it comes with a full sized sd converter too. i put it into my tablet.","[""i haven't done much to speed test this device, but it does everything i ask it to and the price was right."", 'i havent done speed tests, but this sits in my tablet and lets me store music with easy. it is fast enough to stream hd video from.', 'speed is meh. size is good no troubles it comes with a full sized sd converter too. i put it into my tablet.']"
450,"works as expected. high transfer speed. nice to have extra microsd adapters lying around since i always seem to misplace them. mainly bought it to use in my nikon dslr since i can put the card directly into my cm modded nook hd tablet in the field and view my images on a larger screen. using the included adaptor on my macbook pro to transfer files, i was impressed with the speed of this card.","['works as expected. high transfer speed. nice to have extra microsd adapters lying around since i always seem to misplace them. mainly bought it to use in my nikon dslr since i can put the card directly into my cm modded nook hd tablet in the field and view my images on a larger screen.', 'using the included adaptor on my macbook pro to transfer files, i was impressed with the speed of this card.']"
451,i'm not going to give you a detailed speed and what not but this sd card is fast compared to the other ones. you wouldn't really notice the difference in speed unless you're copying a huge file. i use this on my note 2 and i take a butt load of pictures with my phone. this card it pretty fast. i very little between difference between the speed internal storage and the sd card.works great.,"[""i'm not going to give you a detailed speed and what not but this sd card is fast compared to the other ones. you wouldn't really notice the difference in speed unless you're copying a huge file. i use this on my note 2 and i take a butt load of pictures with my phone."", 'this card it pretty fast. i very little between difference between the speed internal storage and the sd card.works great.']"
452,got this for my son gopro and it works perfect he is able to record and take still video and pictures and the quality on playback is very good. a would recommend and buy this product again. got this for my gopro black edition to record up to 4 5 hours of video at the highest setting. very pleased with its performance and so far no errors or failures. i bought this for my go pro and it works great. i can record 9 hours of video now. thats pretty sweat compared to 2 gb 19 minute videos.,"['got this for my son gopro and it works perfect he is able to record and take still video and pictures and the quality on playback is very good. a would recommend and buy this product again.', 'got this for my gopro black edition to record up to 4 5 hours of video at the highest setting. very pleased with its performance and so far no errors or failures.', 'i bought this for my go pro and it works great. i can record 9 hours of video now. thats pretty sweat compared to 2 gb 19 minute videos.']"
453,very fast transfer speeds and it feels like it is very good build quality. great price too and would recommend. super fast transfer speed. very very impressed with the price as well. i'll be getting another no doubt. two words. good transfer speed,"['very fast transfer speeds and it feels like it is very good build quality. great price too and would recommend.', ""super fast transfer speed. very very impressed with the price as well. i'll be getting another no doubt. two words."", 'good transfer speed']"
454,"using it on a canon 6d. no camplains at all. really fast access. the adapter itself is not at same level, even though. bad connection, had to use a previous adapter that i already had. using it with action cameras and they work just fine with no issues. tend to be getting around 2hrs when filming at 1080p 30fps for the 16gb card","['using it on a canon 6d. no camplains at all. really fast access. the adapter itself is not at same level, even though. bad connection, had to use a previous adapter that i already had.', 'using it with action cameras and they work just fine with no issues. tend to be getting around 2hrs when filming at 1080p 30fps for the 16gb card']"
455,bought to increase memory in my samsung galaxy iii. use my phone for business and pleasure and needed the memory upgrade. works great. i got a note 2 and needed more memory well this is the one to get. i have had no problems with it. recommended,"['bought to increase memory in my samsung galaxy iii. use my phone for business and pleasure and needed the memory upgrade. works great.', 'i got a note 2 and needed more memory well this is the one to get. i have had no problems with it. recommended']"
456,"i am not using it to shoot continuous hd video or anything, i just wanted a fast one so it wouldn't take so long to copy movies and large files onto it. it works very well for a great price. perfect for hd video production. this will hold a lot of stills and videos with a reasonable write speed no complaints... got this to shoot in hd. it is working really well so far. it is handling hd recording and playback great.","[""i am not using it to shoot continuous hd video or anything, i just wanted a fast one so it wouldn't take so long to copy movies and large files onto it. it works very well for a great price."", 'perfect for hd video production. this will hold a lot of stills and videos with a reasonable write speed no complaints...', 'got this to shoot in hd. it is working really well so far. it is handling hd recording and playback great.']"
457,i needed more memory because my phone kept telling me i was short on memory. this is more than enough memory and i have so many pictures on my phone now! this was a good buy! definitely needed more memory for my phone. this is plenty of storage and was purchased at a very affordable price.,"['i needed more memory because my phone kept telling me i was short on memory. this is more than enough memory and i have so many pictures on my phone now! this was a good buy!', 'definitely needed more memory for my phone. this is plenty of storage and was purchased at a very affordable price.']"
458,"bought a cheap tablet with no storage. this works fine and is fast. now i have plenty of external android app storage and also videos to watch. a cheaper alternative than buying a tablet with more storage. shipped promptly and the price was reasonable..i will probably purchase another. i needed more storage for my venue 8 pro tablet, plugged it in and was able to store large files on it within minutes. so far so good.","['bought a cheap tablet with no storage. this works fine and is fast. now i have plenty of external android app storage and also videos to watch.', 'a cheaper alternative than buying a tablet with more storage. shipped promptly and the price was reasonable..i will probably purchase another.', 'i needed more storage for my venue 8 pro tablet, plugged it in and was able to store large files on it within minutes. so far so good.']"
459,"a must have for those who have android products with expandable memory slots...the go to place to save your pictures and videos so if you change phones or tablets you won't lose your memories. adds a really nice support of memory for any device. i enjoy not worrying about running out of space now. its works fine for me, keep the main memory of my cell pone free for os. a lot of space for pics, music and many other stuffs.","[""a must have for those who have android products with expandable memory slots...the go to place to save your pictures and videos so if you change phones or tablets you won't lose your memories."", 'adds a really nice support of memory for any device. i enjoy not worrying about running out of space now.', 'its works fine for me, keep the main memory of my cell pone free for os. a lot of space for pics, music and many other stuffs.']"
460,"i needed a memory upgrade for my phone which is a galaxy s3. the time i got it was on sale and it has yet to fail me once. it stores a good amount of media for my device and can hold a number of 1080 movies and full resolution pictures i have taken. very handy for those long distance trips. this was a good investment for my galaxy note 2, i had to use the perseus kernel to swap the internal memory with this little guy, so right now, my phone reports internal memory of 59gb, so that's great. it's good saving pictures, full hd videos, games, etc. this was an inexpensive way to get my galaxy note ii from 16gb to 32gb of memory. its plenty fast and can hold lots of photos, music, etc.","['i needed a memory upgrade for my phone which is a galaxy s3. the time i got it was on sale and it has yet to fail me once. it stores a good amount of media for my device and can hold a number of 1080 movies and full resolution pictures i have taken. very handy for those long distance trips.', ""this was a good investment for my galaxy note 2, i had to use the perseus kernel to swap the internal memory with this little guy, so right now, my phone reports internal memory of 59gb, so that's great. it's good saving pictures, full hd videos, games, etc."", 'this was an inexpensive way to get my galaxy note ii from 16gb to 32gb of memory. its plenty fast and can hold lots of photos, music, etc.']"
461,"works fine my virgin mobile htc evo v. the phone didn't recognize it at first, but after formatting it's all good. works fine my virgin mobile htc evo v. the phone didn't recognize it at first, but after formatting it's all good. works perfect in my htc one v. no complaints. love the amount of space in the tiny package. fast as you need for a phone!","[""works fine my virgin mobile htc evo v. the phone didn't recognize it at first, but after formatting it's all good."", ""works fine my virgin mobile htc evo v. the phone didn't recognize it at first, but after formatting it's all good."", 'works perfect in my htc one v. no complaints. love the amount of space in the tiny package. fast as you need for a phone!']"
462,loving it! plenty of room to store my media and go back and forth between my pc and tablet. also great for storing all my school related texts and documents. good space for the money... put it in my asus memopad hd7 and i have all kinds of media on it with room to spare! love it!! it holds all the stuff i want on it so i don't have to put it up on cloud storage which isn't always reliable.,"['loving it! plenty of room to store my media and go back and forth between my pc and tablet. also great for storing all my school related texts and documents.', 'good space for the money... put it in my asus memopad hd7 and i have all kinds of media on it with room to spare! love it!!', ""it holds all the stuff i want on it so i don't have to put it up on cloud storage which isn't always reliable.""]"
463,"i put it into my phone, and now it is like my phone has unlimited storage possibilities on it. thank you! out of its storage and into my new phone. recognized, formatted and and available in less than a minute. simple! stick this in the slot and forget about it. not sure what is being stored on this little thing or when i should remove it from my phone but, hey, it's in there.","['i put it into my phone, and now it is like my phone has unlimited storage possibilities on it. thank you!', 'out of its storage and into my new phone. recognized, formatted and and available in less than a minute. simple!', ""stick this in the slot and forget about it. not sure what is being stored on this little thing or when i should remove it from my phone but, hey, it's in there.""]"
464,i put this in my tablet to store pictures and video. it does alot better than the class 4 i was using. becuse i already had it in my junk drawer. what a great find under 50. it works perfectly for my tablet for extra storage for photos. do buy this. this is a great up grade for me. i use it for my tablet and it gives me lots of extra storage. i would recommend to anyone.,"['i put this in my tablet to store pictures and video. it does alot better than the class 4 i was using. becuse i already had it in my junk drawer.', 'what a great find under 50. it works perfectly for my tablet for extra storage for photos. do buy this.', 'this is a great up grade for me. i use it for my tablet and it gives me lots of extra storage. i would recommend to anyone.']"
465,"tried this with its adapter on dslr camera and got some errors at times while trying to save data to card. it is ok for other uses like computer external data. i use this in my camera and it worked initially, but would periodically have it create a bad image file and none of the pictures i took further in that session would remain. i went to the camera options, reformatted the card, and it's worked perfect ever since so far with over 1000 pictures.","['tried this with its adapter on dslr camera and got some errors at times while trying to save data to card. it is ok for other uses like computer external data.', ""i use this in my camera and it worked initially, but would periodically have it create a bad image file and none of the pictures i took further in that session would remain. i went to the camera options, reformatted the card, and it's worked perfect ever since so far with over 1000 pictures.""]"
466,"works as expected.love having more room for picture files,etc.on my samsung galaxy tab 3.buy this one,its just right,you wont be sorry. great product for the price.gave me plenty of space to add videos and music.works perfectly well with my galaxy note tablet i bought this for my samsung tab 3, my pc, camera and cell phone. it is a great little drive to store music or files on. the price was excellent as well. fast shipping, packed well. great deal all the way around.","['works as expected.love having more room for picture files,etc.on my samsung galaxy tab 3.buy this one,its just right,you wont be sorry.', 'great product for the price.gave me plenty of space to add videos and music.works perfectly well with my galaxy note tablet', 'i bought this for my samsung tab 3, my pc, camera and cell phone. it is a great little drive to store music or files on. the price was excellent as well. fast shipping, packed well. great deal all the way around.']"
467,"got this for my girlfriend for the tablet i bought her, she love this as she can now put all the music and pictures on her tablet that she wants and doesn't have to worry about running out of space anymore. i use it to store movies for my kids to watch on theirandroid tablet. it works flawlessly. price finally down to earth. works great and it is so nice to have enough space for all my movies and books, comics and such that i like to keep on my tablet.","[""got this for my girlfriend for the tablet i bought her, she love this as she can now put all the music and pictures on her tablet that she wants and doesn't have to worry about running out of space anymore."", 'i use it to store movies for my kids to watch on theirandroid tablet. it works flawlessly. price finally down to earth.', 'works great and it is so nice to have enough space for all my movies and books, comics and such that i like to keep on my tablet.']"
468,"i bought this for my canon dslr. it works great, no delay in photograph shots. also, no visible lag effects with video. will re purchase. bought this for use in my canon 60d camera. works great with no lag. haven't had a problem with it. i used this to record continuously and it worked great. i have read to not try to update with a card bigger than 32gb in the camera so i always revert back to a smaller card before connecting for updates.","['i bought this for my canon dslr. it works great, no delay in photograph shots. also, no visible lag effects with video. will re purchase.', ""bought this for use in my canon 60d camera. works great with no lag. haven't had a problem with it."", 'i used this to record continuously and it worked great. i have read to not try to update with a card bigger than 32gb in the camera so i always revert back to a smaller card before connecting for updates.']"
469,my phone makes very high definition photos which makes a big size file. i do not transfer the files to the computer because i have plenty of space. also it works faster than ever. i can take plenty of pictures and put all my music on my phone. works great for what i use it for. it went into my phone and stores my pictures well. i just take it out and plug it into my laptop and transfer pictures.,"['my phone makes very high definition photos which makes a big size file. i do not transfer the files to the computer because i have plenty of space. also it works faster than ever.', 'i can take plenty of pictures and put all my music on my phone. works great for what i use it for.', 'it went into my phone and stores my pictures well. i just take it out and plug it into my laptop and transfer pictures.']"
470,"i have a samsung note2, i love being able to record video and taking pictures without worrying about not having enough room, now i do! i've just plugged and play on my galaxy s3.it is very cheap for extra 64 gb. if you want the same on an i phone, you'll pay us 100 per 16 gb, with a 2 year contract with your carrier .i do not remember the last time i downloaded the pictures to my pc...i took hundreds of 8mp pictures and a bunch of full hd videos, i have around 30.000 mp3 and i still have space.i just love it! plugged it into my samsung galaxy s3 and now i have enough memory to take as many pictures as i could ever want. no complaints. been using it for over a month without issue.","['i have a samsung note2, i love being able to record video and taking pictures without worrying about not having enough room, now i do!', ""i've just plugged and play on my galaxy s3.it is very cheap for extra 64 gb. if you want the same on an i phone, you'll pay us 100 per 16 gb, with a 2 year contract with your carrier .i do not remember the last time i downloaded the pictures to my pc...i took hundreds of 8mp pictures and a bunch of full hd videos, i have around 30.000 mp3 and i still have space.i just love it!"", 'plugged it into my samsung galaxy s3 and now i have enough memory to take as many pictures as i could ever want. no complaints. been using it for over a month without issue.']"
471,"i didn't see this brand listed on the gopro website as one of the recommended cards but i've never had an issue with sandisk before so i gave it a try. it is a uhs1 card so it doesn't ever stop recording due to write errors. for the price, you can't beat the quality that comes with it. it also included a microsd to standard sd card adapter so that you don't need a different card reader if you have one for your old sd cards. as i expect from sandisk, this card is fast, reliable and works great with the gopro 3.comes with the adapter.....pretty cool to have 64gig of space on such a small ad card.not cheap, but worth the money, in my opinion. bought for gopro but use for other hd camera also. very dependable, have owned many without failure. never had a sandisk failure.","[""i didn't see this brand listed on the gopro website as one of the recommended cards but i've never had an issue with sandisk before so i gave it a try. it is a uhs1 card so it doesn't ever stop recording due to write errors. for the price, you can't beat the quality that comes with it. it also included a microsd to standard sd card adapter so that you don't need a different card reader if you have one for your old sd cards."", 'as i expect from sandisk, this card is fast, reliable and works great with the gopro 3.comes with the adapter.....pretty cool to have 64gig of space on such a small ad card.not cheap, but worth the money, in my opinion.', 'bought for gopro but use for other hd camera also. very dependable, have owned many without failure. never had a sandisk failure.']"
472,"it's fast, its small, its pretty cheap. i put one in a usb reader to use as a thumb drive. it is very fast and very, very practical! i really like, almost able to use, and in my phone can play full hd, only great! fast and very easy to use. works with my gs4 and it is comparable with other devices. want to buy the 64 gb one.","[""it's fast, its small, its pretty cheap. i put one in a usb reader to use as a thumb drive."", 'it is very fast and very, very practical! i really like, almost able to use, and in my phone can play full hd, only great!', 'fast and very easy to use. works with my gs4 and it is comparable with other devices. want to buy the 64 gb one.']"
473,"fast as it gets. even in my phone this thing rocks! in a camera you can almost slow down time itself. very fast and does the job. i have placed this inside of my lg optima pro and it works great. the price is right. very fast, this is the best one you can get. i use it on my asusprime and i could see the difference with the previous one.","['fast as it gets. even in my phone this thing rocks! in a camera you can almost slow down time itself.', 'very fast and does the job. i have placed this inside of my lg optima pro and it works great. the price is right.', 'very fast, this is the best one you can get. i use it on my asusprime and i could see the difference with the previous one.']"
474,i use this for my phone and it works just as it should and it was totally worth the money! great place to store pictures and music for phones instead of using the phone memory so it will still run fast. i put this in my android to hold pictures music and all other items. it works like a charm and a lot of room still for memory. this is blazing fast too. i am happy with this. i use it to store my music on my android. works great. doesn't use that much battery power and doesn't slow down the phone much at all.,"['i use this for my phone and it works just as it should and it was totally worth the money! great place to store pictures and music for phones instead of using the phone memory so it will still run fast.', 'i put this in my android to hold pictures music and all other items. it works like a charm and a lot of room still for memory. this is blazing fast too. i am happy with this.', ""i use it to store my music on my android. works great. doesn't use that much battery power and doesn't slow down the phone much at all.""]"
475,"i operate a commercial whitewater rafting company and we buy these bulk whilst renting out gopro's and selling the footage along with the card to the customer. we've never had a bunk card or any problems whatsoever over about 40 cards so far. i was advised by my gopro rep to be sure to buy from a name brand 34 like sandisk 34 . the adapter is well appreciated by the customer, not only because most people don t have a port for the micro format, but also because microsd is so ridiculously small that its far too easy to lose.have and will buy again. this card had rave reviews, so i decided to get it to use it with my new gopro hero3 camera. i liked that it had a high capacity and it was class 10 which would allow me to maximize the features of my camera. as soon as it arrived i popped it in to the camera for a quick test run and after it was successful i then packed it in my luggage for a snorkeling trip. 3 days into taking awesome footage with my camera this sd card started resulting in sd card errors which made my data unrecoverable. fortunately i still had some time in my trip to go get a different memory card with better reliability. these memory cards appear to be hit or miss, and in my case it was a miss. i can not recommend this card for purchase. it appears that this company has a problem with the quality control process, and you can see that reviews are either overwhelmingly positive or as is my case, 1 star negative. it looks as though they just accept a certain amount of faulty memory cards. unfortunately for me, i missed the window to return this card because i was travelling, and i am stuck with a useless micro sd card. i've had better luck with kingston, and transcend brands. lexar and samsung have also served me well in the past. i will no longer purchase any other sandisk products and i wouldn't recommend that you would either, but if your are swayed by the reviews, make sure you thoroughly test what you purchase before you actually need it. bought this for a recently acquired gopro 3. stuck it in and had no problems. i would recommend these cards looking for a micro sd for any electronics that need them. great balance between price, performance and reliability.","[""i operate a commercial whitewater rafting company and we buy these bulk whilst renting out gopro's and selling the footage along with the card to the customer. we've never had a bunk card or any problems whatsoever over about 40 cards so far. i was advised by my gopro rep to be sure to buy from a name brand 34 like sandisk 34 . the adapter is well appreciated by the customer, not only because most people don t have a port for the micro format, but also because microsd is so ridiculously small that its far too easy to lose.have and will buy again."", ""this card had rave reviews, so i decided to get it to use it with my new gopro hero3 camera. i liked that it had a high capacity and it was class 10 which would allow me to maximize the features of my camera. as soon as it arrived i popped it in to the camera for a quick test run and after it was successful i then packed it in my luggage for a snorkeling trip. 3 days into taking awesome footage with my camera this sd card started resulting in sd card errors which made my data unrecoverable. fortunately i still had some time in my trip to go get a different memory card with better reliability. these memory cards appear to be hit or miss, and in my case it was a miss. i can not recommend this card for purchase. it appears that this company has a problem with the quality control process, and you can see that reviews are either overwhelmingly positive or as is my case, 1 star negative. it looks as though they just accept a certain amount of faulty memory cards. unfortunately for me, i missed the window to return this card because i was travelling, and i am stuck with a useless micro sd card. i've had better luck with kingston, and transcend brands. lexar and samsung have also served me well in the past. i will no longer purchase any other sandisk products and i wouldn't recommend that you would either, but if your are swayed by the reviews, make sure you thoroughly test what you purchase before you actually need it."", 'bought this for a recently acquired gopro 3. stuck it in and had no problems. i would recommend these cards looking for a micro sd for any electronics that need them. great balance between price, performance and reliability.']"
476,"comes with a nice little adapter for your microsdhc so you can use it as a normal size sd card also. pretty neat.considering for the price at 24 for 32gb is pretty reasonable class 10 is fast for any hd 1080p video recording or dslr camera.i bought this for myself to use with the gopro 3. taking picture videos working great as it didn't give anycorrupted files videos pictures yet. its working pretty good. san disk is a pretty reliable brand as you won't be able to go wrong with it. i use sandisk ultra sdhc cards for photo and video and have always been satisfied. when it came to needing a microsdhc for a gopro, i purchased this card. it provides the same reliability, consistency and workflow as the larger sdhc cards and with the included adapter, it easily installs in my current sdhc card reader. it also means i can use it as a back up for my sdhc cards, should the need arise, giving an extra 32 gb as a spare card. good card at a good price. the best microsd card around for shooting with gopro black edition.had enough memory to record all my dives and then some. in 1080 wide settings.will get more of this lil giant","[""comes with a nice little adapter for your microsdhc so you can use it as a normal size sd card also. pretty neat.considering for the price at 24 for 32gb is pretty reasonable class 10 is fast for any hd 1080p video recording or dslr camera.i bought this for myself to use with the gopro 3. taking picture videos working great as it didn't give anycorrupted files videos pictures yet. its working pretty good. san disk is a pretty reliable brand as you won't be able to go wrong with it."", 'i use sandisk ultra sdhc cards for photo and video and have always been satisfied. when it came to needing a microsdhc for a gopro, i purchased this card. it provides the same reliability, consistency and workflow as the larger sdhc cards and with the included adapter, it easily installs in my current sdhc card reader. it also means i can use it as a back up for my sdhc cards, should the need arise, giving an extra 32 gb as a spare card. good card at a good price.', 'the best microsd card around for shooting with gopro black edition.had enough memory to record all my dives and then some. in 1080 wide settings.will get more of this lil giant']"
477,using a pair of these in a nikon p700 and d5000 cameras. the run fast and store pics just fine. works great in our nikon d600. we'll never run out of space between downloads,"['using a pair of these in a nikon p700 and d5000 cameras. the run fast and store pics just fine.', ""works great in our nikon d600. we'll never run out of space between downloads""]"
478,this worked really well for me. i used it in a gopro camera for recording a couple of hours of video. love the storage space. good with low pricethankssandisk ulttra i used it for my dash cam. and its works. i can record unto 32g but as user i regularly formatting 1or 2 times amonths to keep memory in a good conditionthanks bought this to use in a video camera. it's super fast and holds a ton of data. buy this one!,"['this worked really well for me. i used it in a gopro camera for recording a couple of hours of video. love the storage space.', 'good with low pricethankssandisk ulttra i used it for my dash cam. and its works. i can record unto 32g but as user i regularly formatting 1or 2 times amonths to keep memory in a good conditionthanks', ""bought this to use in a video camera. it's super fast and holds a ton of data. buy this one!""]"
479,"using card in a sony action cam, records perfect, very happy with card and adapter. no problems. reads and writes good excellent card that i use primarily in my carcam. has also been used, and been compatible, in a small digital camera with the camera's proprietary adaptor. i needed a large capacity, dependable high speed card for my action cam on a fishing trip and this card delivered in spades! recording and playback were flawless.","['using card in a sony action cam, records perfect, very happy with card and adapter. no problems. reads and writes good', ""excellent card that i use primarily in my carcam. has also been used, and been compatible, in a small digital camera with the camera's proprietary adaptor."", 'i needed a large capacity, dependable high speed card for my action cam on a fishing trip and this card delivered in spades! recording and playback were flawless.']"
480,"it's inside of my galaxy s3, and has worked great. it greatly helps expand the 16 gig internal memory, so i can store music and videos better. it fits in my phone. it holds lots of stuff. it comes with a reader that works in my laptop. fits in my new samsung note 3. holds lots of music and data. i like sandisk as a brand and this is no exception. oh, did i mention i bought a second one for my son too.","[""it's inside of my galaxy s3, and has worked great. it greatly helps expand the 16 gig internal memory, so i can store music and videos better."", 'it fits in my phone. it holds lots of stuff. it comes with a reader that works in my laptop.', 'fits in my new samsung note 3. holds lots of music and data. i like sandisk as a brand and this is no exception. oh, did i mention i bought a second one for my son too.']"
481,"it worked in my android phone and will hold all my music, so i like it so far and would recommend it works and will give me much more room for music on my samsung galaxy s4!! i will also be able to use this on future phones which is another plus! i use this in my samsung galaxy s3. it's spacious and holds a large chunk of my music library, so i'm happy. haven't had any stability problems, and it seems to be reasonably fast for my purposes. no complaints.","['it worked in my android phone and will hold all my music, so i like it so far and would recommend', 'it works and will give me much more room for music on my samsung galaxy s4!! i will also be able to use this on future phones which is another plus!', ""i use this in my samsung galaxy s3. it's spacious and holds a large chunk of my music library, so i'm happy. haven't had any stability problems, and it seems to be reasonably fast for my purposes. no complaints.""]"
482,"works like a dream with my s3 smartphone, used for camera pics storage, videos and music really enhances the capability and flexibility of any device with the slot. works well for the galaxy s3 and provides additional space for pictures and music. it was exactly what i expected it to be. got this for my new galaxy s3. it works great. tripled my memory and it's compatible! worth every cent to be able to carry a ton of music and podcasts.","['works like a dream with my s3 smartphone, used for camera pics storage, videos and music really enhances the capability and flexibility of any device with the slot.', 'works well for the galaxy s3 and provides additional space for pictures and music. it was exactly what i expected it to be.', ""got this for my new galaxy s3. it works great. tripled my memory and it's compatible! worth every cent to be able to carry a ton of music and podcasts.""]"
483,"bought two of these for me and my daughters samsung galaxy s3, and they store so much on them. i love my phone even more. the only reason not to buy this one is to buy the bigger one. ive had in my phones for over 2 years and is awesome. never worry about running out of storage. great product! this is a great price for such big storage and it's does a great job with my first smart phone.","['bought two of these for me and my daughters samsung galaxy s3, and they store so much on them. i love my phone even more.', 'the only reason not to buy this one is to buy the bigger one. ive had in my phones for over 2 years and is awesome. never worry about running out of storage. great product!', ""this is a great price for such big storage and it's does a great job with my first smart phone.""]"
484,the card arrived promptly and has worked flawlessly in a dashcam. would recommend purchase to others if they need this kind of card. this card works perfectly in my black box original quality g1w dash camera. this card works very well with my dashcam so far and i have no reason to expect it won't continue to do so.,"['the card arrived promptly and has worked flawlessly in a dashcam. would recommend purchase to others if they need this kind of card.', 'this card works perfectly in my black box original quality g1w dash camera.', ""this card works very well with my dashcam so far and i have no reason to expect it won't continue to do so.""]"
485,"i got this item for my dash cam which is in my convertible. the dash cam is recording at all times when i am driving my car so i needed a lot of memory. this card does the job for me and this brand name is fantastic, no problems, and works as it ought to! i bought this memory card to use in my dash cam, and i'm very happy with how it turned out.it does what it's supposed to and that's it. no complaints. well what can you say for the card it has plenty of memory and cam wouldn't work with out it so it's a must have thanks","['i got this item for my dash cam which is in my convertible. the dash cam is recording at all times when i am driving my car so i needed a lot of memory. this card does the job for me and this brand name is fantastic, no problems, and works as it ought to!', ""i bought this memory card to use in my dash cam, and i'm very happy with how it turned out.it does what it's supposed to and that's it. no complaints."", ""well what can you say for the card it has plenty of memory and cam wouldn't work with out it so it's a must have thanks""]"
486,"lots of room on here for movies, video, if you need the space, this is it, and they offer more gb too plenty of extra storage can load a lot of movies in high definition, music and a boat load of other stuff. it has been awesome, and just enough in size. i have been putting movies in the range of 900mb to 3.5 gb. no issues. also plays lossless music with no issues as well.","['lots of room on here for movies, video, if you need the space, this is it, and they offer more gb too', 'plenty of extra storage can load a lot of movies in high definition, music and a boat load of other stuff.', 'it has been awesome, and just enough in size. i have been putting movies in the range of 900mb to 3.5 gb. no issues. also plays lossless music with no issues as well.']"
487,"bought this for my gopro hero 3 and am happy with the storage capacity. when formatted it gives me about 9 hours and 20 minutes of 720p video at 60fps.it's high capacity storage, it transfers quickly enough and was reasonably priced. what more can i say? utilizing for my gopro hero3 black....no issues at all filming and transferring to my computer. good transfer rate and glad i got the 64gb for all the filming photos done. recommended by gopro for my camera.no problems even with very high shutter speeds.next time i will purchase the 64gb version.","[""bought this for my gopro hero 3 and am happy with the storage capacity. when formatted it gives me about 9 hours and 20 minutes of 720p video at 60fps.it's high capacity storage, it transfers quickly enough and was reasonably priced. what more can i say?"", 'utilizing for my gopro hero3 black....no issues at all filming and transferring to my computer. good transfer rate and glad i got the 64gb for all the filming photos done.', 'recommended by gopro for my camera.no problems even with very high shutter speeds.next time i will purchase the 64gb version.']"
488,"no formatting issues here used this for my htc one max and my daughters galaxy s4 with no problems or crashing or data loss loaded up books, videos and music with tons of space left! the device works as advertised. it had a tremendous price. i have found that it did not need formatting to work in my galaxy note 3. the amount of space reserved for my purposes was most excellent. i would definitely buy this device again. bought this for use in my samsung galaxy s3 phone. works great! no formatting, no muss, just works like it should.","['no formatting issues here used this for my htc one max and my daughters galaxy s4 with no problems or crashing or data loss loaded up books, videos and music with tons of space left!', 'the device works as advertised. it had a tremendous price. i have found that it did not need formatting to work in my galaxy note 3. the amount of space reserved for my purposes was most excellent. i would definitely buy this device again.', 'bought this for use in my samsung galaxy s3 phone. works great! no formatting, no muss, just works like it should.']"
489,"popped them in our phones and they worked as expected. i have nothing bad to say about these little guys! they arrived as expected, they fit into the devices and they work as stated! d","['popped them in our phones and they worked as expected.', 'i have nothing bad to say about these little guys! they arrived as expected, they fit into the devices and they work as stated! d']"
490,"i slipped this into my smartphone. lots of space for photos, and movies on the go at a great price. i got this for both my phone and camera. can't decide what to use it in first, lol depends on what i feel like carrying with me... for the price, this is the bast for android phone, very fast and holds alot of stuff on it.i would recomend this for phone or for camera","['i slipped this into my smartphone. lots of space for photos, and movies on the go at a great price.', ""i got this for both my phone and camera. can't decide what to use it in first, lol depends on what i feel like carrying with me..."", 'for the price, this is the bast for android phone, very fast and holds alot of stuff on it.i would recomend this for phone or for camera']"
491,"i bought this for my gopro hero 3 and it performed perfect! 15 minutes of video equaled about 3gb of memory. purchased this for the gopro hero 3.i use the gopro to record in car footage at the track. this memory card fits a whole weekend event, which is about four hours of footage at 720p. this card will hold about 3.5 hrs of hd video on the gopro hero3. the adapter that comes with it works great too.","['i bought this for my gopro hero 3 and it performed perfect! 15 minutes of video equaled about 3gb of memory.', 'purchased this for the gopro hero 3.i use the gopro to record in car footage at the track. this memory card fits a whole weekend event, which is about four hours of footage at 720p.', 'this card will hold about 3.5 hrs of hd video on the gopro hero3. the adapter that comes with it works great too.']"
492,"i got this for my new gopro hero3 black edition and it has worked without a hitch. even in the highest setting i get over 2 hours of recording time, and the price per gb was extremely reasonable. i have used this with a gopro camera and a faster flash card reduces the amount of rolling shutter.i can't say anything bad about it.","['i got this for my new gopro hero3 black edition and it has worked without a hitch. even in the highest setting i get over 2 hours of recording time, and the price per gb was extremely reasonable.', ""i have used this with a gopro camera and a faster flash card reduces the amount of rolling shutter.i can't say anything bad about it.""]"
493,"use this with my gopro hero 3 hd to record high definition sports video and this chip does it very well. i would definitely recommend it i bought a gopro and couldn't record anything because i didn't have a microsdhc class 10 memory card.now i do problem solved.therefore, 5 stars!","['use this with my gopro hero 3 hd to record high definition sports video and this chip does it very well. i would definitely recommend it', ""i bought a gopro and couldn't record anything because i didn't have a microsdhc class 10 memory card.now i do problem solved.therefore, 5 stars!""]"
494,works great in my new s5 i love this things. now i just need to work my phone better so i can use the 32gb more. over all works great put this in the samsung s5. works great. stores lots of pictures and is easy to load and unload. you can also download the pictures to your computer easily. works well in my samsung s5 no issue,"['works great in my new s5 i love this things. now i just need to work my phone better so i can use the 32gb more. over all works great', 'put this in the samsung s5. works great. stores lots of pictures and is easy to load and unload. you can also download the pictures to your computer easily.', 'works well in my samsung s5 no issue']"
495,"if you're looking for extra storage for your device, this is it. you can store pics, songs and so much more. this was a very good buy for me and it helps me to store more information. it also allow me to organize my pictures and music as well.","[""if you're looking for extra storage for your device, this is it. you can store pics, songs and so much more."", 'this was a very good buy for me and it helps me to store more information. it also allow me to organize my pictures and music as well.']"
496,this puts me at about 80 gb on my phone. i will be purchasing more of these as needed for other devices. i picked up this storage device to use in my phone. i only had a 1 gig mini sd in there for music ad it was getting pretty full. now 30 plus gigs of free space later i can download to my hearts content. my galaxy s4 16 gb phone is now at 80 gb. this will give me more than enough room for my music and then some.,"['this puts me at about 80 gb on my phone. i will be purchasing more of these as needed for other devices.', 'i picked up this storage device to use in my phone. i only had a 1 gig mini sd in there for music ad it was getting pretty full. now 30 plus gigs of free space later i can download to my hearts content.', 'my galaxy s4 16 gb phone is now at 80 gb. this will give me more than enough room for my music and then some.']"
497,"i wanted extra storage for my phone and this 16 gb is a perfect fit and the price was quite reasonable plus it comes from a quality manufacture of memory products. more storage for my phone. easy to insert, it's really small hence micro, so make sure you don't end up losing it before you get it into your phone. i'm really happy with this product and decent price too.","['i wanted extra storage for my phone and this 16 gb is a perfect fit and the price was quite reasonable plus it comes from a quality manufacture of memory products.', ""more storage for my phone. easy to insert, it's really small hence micro, so make sure you don't end up losing it before you get it into your phone. i'm really happy with this product and decent price too.""]"
498,"works perfectly well in my samsung galaxy s4 without having to format to do any configuration. a word of warning about the adapter it comes with. the micro card is a very tight fit and can be arduous in removing the micro card from the adapter! this micro sd card works great in my galaxy s4. it doubled my storage space and is quick to respond. would definitely recommend to anyone who buys a new smart phone. works perfectly well with my galaxy s4! before use, i put the micro sd card into the adapter and put it into my laptop, connected my phone to my laptop, transfered all my stuff from one sd card to the other, and it worked well, i still have all my stuff... with plenty of room to spare... and now with the s4 you can save your apps onto ur sd card, so whatever i can save on my sd card instead of the actual phone memory, i save... now both have a lot of free memory very happy with this purchase. have had it for a while now.","['works perfectly well in my samsung galaxy s4 without having to format to do any configuration. a word of warning about the adapter it comes with. the micro card is a very tight fit and can be arduous in removing the micro card from the adapter!', 'this micro sd card works great in my galaxy s4. it doubled my storage space and is quick to respond. would definitely recommend to anyone who buys a new smart phone.', 'works perfectly well with my galaxy s4! before use, i put the micro sd card into the adapter and put it into my laptop, connected my phone to my laptop, transfered all my stuff from one sd card to the other, and it worked well, i still have all my stuff... with plenty of room to spare... and now with the s4 you can save your apps onto ur sd card, so whatever i can save on my sd card instead of the actual phone memory, i save... now both have a lot of free memory very happy with this purchase. have had it for a while now.']"
499,"i purchased this for my go pro hero 3... its a solid card, but unless your planning to buy several i would recommended going with the 64 gig. at the higher capture setting you can only get a little over an hour or so of video time. bought this for my hero3. it came with a 16gb card. you will get about 1.5 hrs of video on this card. great price! this 64 gig unit lets me record hours of video in my gopro hero3. no need to carry extra memory cards with this unit for my website ...","['i purchased this for my go pro hero 3... its a solid card, but unless your planning to buy several i would recommended going with the 64 gig. at the higher capture setting you can only get a little over an hour or so of video time.', 'bought this for my hero3. it came with a 16gb card. you will get about 1.5 hrs of video on this card. great price!', 'this 64 gig unit lets me record hours of video in my gopro hero3. no need to carry extra memory cards with this unit for my website ...']"
500,"it has such a large storage capacity in such a small package. store all your photos and data on this. holds lots of video memory. small, compact and convenience for travel. due to the small size need to remember where you place it. unbelievable room in a tiny package. so far have been able to store and retrieve hi def video with no problems.","['it has such a large storage capacity in such a small package. store all your photos and data on this.', 'holds lots of video memory. small, compact and convenience for travel. due to the small size need to remember where you place it.', 'unbelievable room in a tiny package. so far have been able to store and retrieve hi def video with no problems.']"
501,works great more than i can say for the gopro . i do pull it out an put it into my computer using that little sd adapter. way quicker to pull 16 gb that way i don't know why . use this all the time in the gopro. it's a great buy! super cool that it comes with a sd adapter too! works well in my gopro even though it wasn't one of the gopro recommended ones. a good buy that has the speed for movies and big pictures.,"[""works great more than i can say for the gopro . i do pull it out an put it into my computer using that little sd adapter. way quicker to pull 16 gb that way i don't know why ."", ""use this all the time in the gopro. it's a great buy! super cool that it comes with a sd adapter too!"", ""works well in my gopro even though it wasn't one of the gopro recommended ones. a good buy that has the speed for movies and big pictures.""]"
502,"i needed some space on my phone, bought this, has not given me any problems.it just works really well got it on time, and i haven't had any issues at all. i got if for my samsung 10.1 note and there is by far plently of space left. we ordered two of them, one for me and one for my sun.we use them on our galaxy 3 phones and have never hada problem. i never worry about space on my phone now.","['i needed some space on my phone, bought this, has not given me any problems.it just works really well', ""got it on time, and i haven't had any issues at all. i got if for my samsung 10.1 note and there is by far plently of space left."", 'we ordered two of them, one for me and one for my sun.we use them on our galaxy 3 phones and have never hada problem. i never worry about space on my phone now.']"
503,"bought this as an upgrade from having an 16 gb for my android phone, not that i need all the extra space but it's nice to have handy. this will accommodate more pictures and videos that i take with my phone and among other things without having to worry about running out of space, for now. packaging was good. arrived on time, having amazon prime, that's something you don't have to worry about. awesome storage. so much space. you just have to format it to the correct format for a phone. and walla you have a ton of space. needed more storage space for photos and videos on my phone and this fit the bill, nice and fast and now i have 40 gig free on my phone.","[""bought this as an upgrade from having an 16 gb for my android phone, not that i need all the extra space but it's nice to have handy. this will accommodate more pictures and videos that i take with my phone and among other things without having to worry about running out of space, for now. packaging was good. arrived on time, having amazon prime, that's something you don't have to worry about."", 'awesome storage. so much space. you just have to format it to the correct format for a phone. and walla you have a ton of space.', 'needed more storage space for photos and videos on my phone and this fit the bill, nice and fast and now i have 40 gig free on my phone.']"
504,"yup, this is the chip you need if you never want to worry about running out. i use it with my gopro hero 3 black edition on 1080 sw and it goes for hours, longer than 2 or 3 batteries. i bought this memory chip for a gopro hero 3 camera. it works beautifully and it arrived promptly with little packaging.","['yup, this is the chip you need if you never want to worry about running out. i use it with my gopro hero 3 black edition on 1080 sw and it goes for hours, longer than 2 or 3 batteries.', 'i bought this memory chip for a gopro hero 3 camera. it works beautifully and it arrived promptly with little packaging.']"
505,wanted more space on my smartphone. works great. what else can i say. thinking of buying another as a back up for my stuff. now i have a lot more room on my phone. it can be overkill for some but extra space is only wasted if you never use it.,"['wanted more space on my smartphone. works great. what else can i say. thinking of buying another as a back up for my stuff.', 'now i have a lot more room on my phone. it can be overkill for some but extra space is only wasted if you never use it.']"
506,"bought one for each cellphone. will never have to worry about download space for pictures or apps or anything else. i got this so i made sure my new smart phone had enough storage. i, unknowingly, got the phone with a ton of space but this was an awesome addition to the phone and how much i've been able to store on it. highly recommended. what else can i say holds a lot of my stuff! fits perfectly in my phone add no weight. buy it!","['bought one for each cellphone. will never have to worry about download space for pictures or apps or anything else.', ""i got this so i made sure my new smart phone had enough storage. i, unknowingly, got the phone with a ton of space but this was an awesome addition to the phone and how much i've been able to store on it. highly recommended."", 'what else can i say holds a lot of my stuff! fits perfectly in my phone add no weight. buy it!']"
507,"wow! fast memory card. i bought this for my new gopro hero 3. great performance for full hd video.shipping was fast, and nice communication on shipping and estimated arrival time.the sd card adaptor works perfect in my full sized sd reader built in my laptop.transfer speeds were blazing and read speeds are amazing.sandisk is the best, really worth buy the top end class 10 micro sd card.if you doing hd video this is the card for you. video is demanding, so youneed a sd card that can keep up.in hawaii we play hard, and the gopro and sandisk card have been working flawless at full 1080p60 video. this card is both small and large at the same time. it's micro size but high capacity are perfect and works well with my goprc hero 3. recording in 1080p is not an issue either. the class 10 rating allows the gopro to do its thing and the card is able to keep up with the high mb transfer rate. decent size card, that performs well with my hero 3. shot video at 720p had no issues. not much more to say than it works.","['wow! fast memory card. i bought this for my new gopro hero 3. great performance for full hd video.shipping was fast, and nice communication on shipping and estimated arrival time.the sd card adaptor works perfect in my full sized sd reader built in my laptop.transfer speeds were blazing and read speeds are amazing.sandisk is the best, really worth buy the top end class 10 micro sd card.if you doing hd video this is the card for you. video is demanding, so youneed a sd card that can keep up.in hawaii we play hard, and the gopro and sandisk card have been working flawless at full 1080p60 video.', ""this card is both small and large at the same time. it's micro size but high capacity are perfect and works well with my goprc hero 3. recording in 1080p is not an issue either. the class 10 rating allows the gopro to do its thing and the card is able to keep up with the high mb transfer rate."", 'decent size card, that performs well with my hero 3. shot video at 720p had no issues. not much more to say than it works.']"
508,"this is good item it works well on my phone and i intend to buy more later. so i highly recommend this type. very good product, excellent quality, is the original and it works perfect on the phone. i recommend it to anyone who needs a good memory for your phone. bought for my phone and its worked perfectly for quite a while now. great size and great price. cant go wrong with this.","['this is good item it works well on my phone and i intend to buy more later. so i highly recommend this type.', 'very good product, excellent quality, is the original and it works perfect on the phone. i recommend it to anyone who needs a good memory for your phone.', 'bought for my phone and its worked perfectly for quite a while now. great size and great price. cant go wrong with this.']"
509,purchased two of these in total. one to hold the music for my mp3 player and one to hold the music for my smart phone. both work well. easy to load. no problems encountered. they serve my intended purposes well. arrived quickly and in good condition. pleased with purchase. device works exactly as expected. holds a lot of music videos. would recomment to anyone. great product! what else can i say! i got this for my phone and it is working well as storage for my music and images. i would order this again if i needed another.,"['purchased two of these in total. one to hold the music for my mp3 player and one to hold the music for my smart phone. both work well. easy to load. no problems encountered. they serve my intended purposes well. arrived quickly and in good condition. pleased with purchase.', 'device works exactly as expected. holds a lot of music videos. would recomment to anyone. great product! what else can i say!', 'i got this for my phone and it is working well as storage for my music and images. i would order this again if i needed another.']"
510,"good quality product for the price, i bought it for my go pro and i haven't had any issues yet. bought for my go pro and i love how much info it can hold.. graet price couldn't go wrong. my hubby is now complete and very happy that he has ths for his go pro. haven't tested it out yet, but we will soon.","[""good quality product for the price, i bought it for my go pro and i haven't had any issues yet."", ""bought for my go pro and i love how much info it can hold.. graet price couldn't go wrong."", ""my hubby is now complete and very happy that he has ths for his go pro. haven't tested it out yet, but we will soon.""]"
511,"works on my samsung galaxy note 3, but i don't really stress these kinds of things. i have had no problems. have not checked it for heat or any such thing. it works as expected. i use one of these on my samsung galaxy s4 and another on my asus transformer. no problems so far. i bought two of these. one for my galaxy s3 and the other for my samsung tablet. had no problems using it with either one. a definite must have.","[""works on my samsung galaxy note 3, but i don't really stress these kinds of things. i have had no problems. have not checked it for heat or any such thing."", 'it works as expected. i use one of these on my samsung galaxy s4 and another on my asus transformer. no problems so far.', 'i bought two of these. one for my galaxy s3 and the other for my samsung tablet. had no problems using it with either one. a definite must have.']"
512,"works great with my samsung galaxy note ii. install it and forget about it. i've never had a problem with it. it works fine with my galaxy note 8.0... it is hard to review now for performance, but the price is good... i think.","[""works great with my samsung galaxy note ii. install it and forget about it. i've never had a problem with it."", 'it works fine with my galaxy note 8.0... it is hard to review now for performance, but the price is good... i think.']"
513,"use this in my samsung galaxy s4. have had it for almost a year now, no problems, really expands your memory capabilities, easy enough to install. upon receiving, i installed in my samsung galaxy s4 phone. it works great and gives me the maximum memory available for this phone model. no complaints, fast ship, fair price. work great with my samsung galaxy s4. simple to install and redirect in settings. i don't get the memory warnings anymore.","['use this in my samsung galaxy s4. have had it for almost a year now, no problems, really expands your memory capabilities, easy enough to install.', 'upon receiving, i installed in my samsung galaxy s4 phone. it works great and gives me the maximum memory available for this phone model. no complaints, fast ship, fair price.', ""work great with my samsung galaxy s4. simple to install and redirect in settings. i don't get the memory warnings anymore.""]"
514,"product works as advertised. no issues with install or general use in my mobile phone. it doesn't seem particularly snappy, but that may be more the phone than anything else. works great in the phone and it had no issues installing it.great price and works well for the price i have used this in my smart phone for about 5 months with no problems. i read other reviews on the specifics and decided that this was the best option. i have not had any issues and would recommend this product.","[""product works as advertised. no issues with install or general use in my mobile phone. it doesn't seem particularly snappy, but that may be more the phone than anything else."", 'works great in the phone and it had no issues installing it.great price and works well for the price', 'i have used this in my smart phone for about 5 months with no problems. i read other reviews on the specifics and decided that this was the best option. i have not had any issues and would recommend this product.']"
515,works as it should. i use it with my gopro hero 3 and i have not had any issues. holds tons of footage. i have 4 of these and it is overkill but they were so cheap that why not. better to have it and not need it than need it and not have it. works as expected. love the great price and use it with my gopro3. i would definitely recommend this to everyone. seems to work good in my gopro have only had it a few days and if i have problems with it in coming months i will update this.. for not.. it works...,"['works as it should. i use it with my gopro hero 3 and i have not had any issues. holds tons of footage. i have 4 of these and it is overkill but they were so cheap that why not. better to have it and not need it than need it and not have it.', 'works as expected. love the great price and use it with my gopro3. i would definitely recommend this to everyone.', 'seems to work good in my gopro have only had it a few days and if i have problems with it in coming months i will update this.. for not.. it works...']"
516,"worked great in my galaxy s4 and died about 2 months later, what a waste of a lot of money! works real good in my galaxy s4 phone and galaxy tablet. very good price as it can cost above 60 dollars in retail stores. works great in my galaxy s4","['worked great in my galaxy s4 and died about 2 months later, what a waste of a lot of money!', 'works real good in my galaxy s4 phone and galaxy tablet. very good price as it can cost above 60 dollars in retail stores.', 'works great in my galaxy s4']"
517,"worked great in my galaxy s4 until it didn't work at all for some unknown reason. used it for about 4 months before it crapped out. back up your data with all these things, though.... works just fine in my galaxy s4. no problems. unbelievable how much storage you can get in such a small space and for such a low price. works great in my samsung galaxy s4. fast and reliable, what more could you want from a data storage device.","[""worked great in my galaxy s4 until it didn't work at all for some unknown reason. used it for about 4 months before it crapped out. back up your data with all these things, though...."", 'works just fine in my galaxy s4. no problems. unbelievable how much storage you can get in such a small space and for such a low price.', 'works great in my samsung galaxy s4. fast and reliable, what more could you want from a data storage device.']"
518,this was what i needed for extra space and to store more music. this works great on my samsung s4 this little guy adds a ton of extra space on my samsung gs3 for all my music and more! worth the money bought it for my galaxy note 2. add tons of storage to my phone. now i can store video and songs.,"['this was what i needed for extra space and to store more music. this works great on my samsung s4', 'this little guy adds a ton of extra space on my samsung gs3 for all my music and more! worth the money', 'bought it for my galaxy note 2. add tons of storage to my phone. now i can store video and songs.']"
519,everything works great on my note 2. i can even do super slow motion video and have never had a dropped frame. works great with my samsung galaxy note 3. now i have 96gb total memory! awesome! the price was quite good too,"['everything works great on my note 2. i can even do super slow motion video and have never had a dropped frame.', 'works great with my samsung galaxy note 3. now i have 96gb total memory! awesome! the price was quite good too']"
520,"worked with my samsung galaxy s3 perfectly. i finally have the space to take all my current digital content with me when i am on a plane. i use it on my samsung galaxy s3, it works great... more space to save all my documents, pictures and more i use this in my smartphone samsung . push in in and go. no problem. good price. enjoying a lot more music now.","['worked with my samsung galaxy s3 perfectly. i finally have the space to take all my current digital content with me when i am on a plane.', 'i use it on my samsung galaxy s3, it works great... more space to save all my documents, pictures and more', 'i use this in my smartphone samsung . push in in and go. no problem. good price. enjoying a lot more music now.']"
521,"works great, another awesome amazon purchase! i use it in my samsung galaxy s 3. i have this in my galaxy s 3 and it works great, i've had no problems with it. highly recommend. bought it for my phone, a samsung galaxy siii. seems to work just fine. not much else to say. it does what it is suppose to do.","['works great, another awesome amazon purchase! i use it in my samsung galaxy s 3.', ""i have this in my galaxy s 3 and it works great, i've had no problems with it. highly recommend."", 'bought it for my phone, a samsung galaxy siii. seems to work just fine. not much else to say. it does what it is suppose to do.']"
522,"the first one had some sort of problem, and would stop responding to the phone or stop playing music, a reboot often fixed it for a period of time, but inevitably it would stop again. amazon replaced the unit quickly and the replacement works perfectly i am so glad it wasn't my phone! . i have almost 10,000 songs on my phone now, who needs a separate music player. it would easily handle video, photos or a monster app collection as well, it's great taking a modest capacity phone and making it bigger than anyone else offers stock, for far less than you can buy the phone with the extra capacity. this is one of the best. bought it for my phone and works awesome. all the songs are now on this sd. i received this on friday, followed the review from another person about formatting the disk before using it, and after the format, it did it's thing! i have a motorola droid razr and have seen a huge improvement. the phone is much faster. the apps open and close much faster. that also goes for the camera. i highly recommend this and worth the price. i haven't placed any music on the it yet except for pictures on my phone. cheers.","[""the first one had some sort of problem, and would stop responding to the phone or stop playing music, a reboot often fixed it for a period of time, but inevitably it would stop again. amazon replaced the unit quickly and the replacement works perfectly i am so glad it wasn't my phone! . i have almost 10,000 songs on my phone now, who needs a separate music player. it would easily handle video, photos or a monster app collection as well, it's great taking a modest capacity phone and making it bigger than anyone else offers stock, for far less than you can buy the phone with the extra capacity."", 'this is one of the best. bought it for my phone and works awesome. all the songs are now on this sd.', ""i received this on friday, followed the review from another person about formatting the disk before using it, and after the format, it did it's thing! i have a motorola droid razr and have seen a huge improvement. the phone is much faster. the apps open and close much faster. that also goes for the camera. i highly recommend this and worth the price. i haven't placed any music on the it yet except for pictures on my phone. cheers.""]"
523,"i use this in my galaxy note 3 and seems to work just fine. i love having lots of memory and the price was good. i use one in my go pro's, note 3 and s5 and they all work great. i would recommend no doubt d works on my samsung note 3, and for such a great price. fast, holds a lot of data, no need to go any where else.","['i use this in my galaxy note 3 and seems to work just fine. i love having lots of memory and the price was good.', ""i use one in my go pro's, note 3 and s5 and they all work great. i would recommend no doubt d"", 'works on my samsung note 3, and for such a great price. fast, holds a lot of data, no need to go any where else.']"
524,"bought this to use in my galaxy note 3. two months later, works just like is should. amazon has the best price available, and much better price than the offer at best buy . works in the note 3 cant complain at all. the price is sweet. amazon is the best. thank you. thats all put it in my note 3 and it works. no hassles. phone recognized it and started using it immediately. what else is there to say?","['bought this to use in my galaxy note 3. two months later, works just like is should. amazon has the best price available, and much better price than the offer at best buy .', 'works in the note 3 cant complain at all. the price is sweet. amazon is the best. thank you. thats all', 'put it in my note 3 and it works. no hassles. phone recognized it and started using it immediately. what else is there to say?']"
525,"bought this to download more songs and music from spotify for my phone. totally worth having the extra space since spotify won't save songs to your phones internal storage. i bought this for my galaxy cell phone and i love having the extra space fro music and large picture files. i use this to hold all 22 gigs of my music on my galaxy s3. and i still have room for several seasons of a tv show. definitely a great product.the only thing i can complain about is there is a one second gap between songs, at least using google music. i suppose that's the price you pay for this large of storage","[""bought this to download more songs and music from spotify for my phone. totally worth having the extra space since spotify won't save songs to your phones internal storage."", 'i bought this for my galaxy cell phone and i love having the extra space fro music and large picture files.', ""i use this to hold all 22 gigs of my music on my galaxy s3. and i still have room for several seasons of a tv show. definitely a great product.the only thing i can complain about is there is a one second gap between songs, at least using google music. i suppose that's the price you pay for this large of storage""]"
526,"bought it for my galaxy s5. dumped 32g of music on it and so far so good. it's nice to have plenty of storage. i put this in my galaxy s4 phone for extra storage and it works perfectly. i copied my music collection about 5000 mp3 songs and put 20 mp4 movies on it with room to spare. very handy for listening and watching while traveling on a plane. the phone likes it, the computer likes it, so i like it. got this for a good price. works great. use it in my droid razr m. i store all my music and some important files on my phone with room to spare. great buy","[""bought it for my galaxy s5. dumped 32g of music on it and so far so good. it's nice to have plenty of storage."", 'i put this in my galaxy s4 phone for extra storage and it works perfectly. i copied my music collection about 5000 mp3 songs and put 20 mp4 movies on it with room to spare. very handy for listening and watching while traveling on a plane. the phone likes it, the computer likes it, so i like it.', 'got this for a good price. works great. use it in my droid razr m. i store all my music and some important files on my phone with room to spare. great buy']"
527,"i got this for my gopro hero3 and so far its working great. the gopro's really eat up the flash memory so i bought 3 of the 32 gb models. i suggest that unless you are going on a particularly long scuba dive or adventure, you should get the 32 gb over the 64 gb cards as it spreads out the risk of any one card failure causing loss of all your videos. if your not sure what card to use in your gopro this one works fantastic. the majority of stuff ive seen researching it points to these. with the exception of some issues with the 64gb. but i cant validate that and im not sure its still a problem. ive been using these for about 3 years now with no problems. there are a lot of reports about 64gb cards not working in the gopro hero 3. the 32gb works great for me.","[""i got this for my gopro hero3 and so far its working great. the gopro's really eat up the flash memory so i bought 3 of the 32 gb models. i suggest that unless you are going on a particularly long scuba dive or adventure, you should get the 32 gb over the 64 gb cards as it spreads out the risk of any one card failure causing loss of all your videos."", 'if your not sure what card to use in your gopro this one works fantastic. the majority of stuff ive seen researching it points to these. with the exception of some issues with the 64gb. but i cant validate that and im not sure its still a problem. ive been using these for about 3 years now with no problems.', 'there are a lot of reports about 64gb cards not working in the gopro hero 3. the 32gb works great for me.']"
528,"bought it for my gopro hero3 camera silver edition .working without any problems. fast!was pleasantly surprised of the good quality memory card adapter! now can turn it into my laptop directly. great price and it works perfectly in the hero 3. no need to pay the store's high prices for these type of items. amazon is the way to go. i bought this for my gopro hero 3, it works good it stores about 4 hours of high resolution 1440. the best to go.","['bought it for my gopro hero3 camera silver edition .working without any problems. fast!was pleasantly surprised of the good quality memory card adapter! now can turn it into my laptop directly.', ""great price and it works perfectly in the hero 3. no need to pay the store's high prices for these type of items. amazon is the way to go."", 'i bought this for my gopro hero 3, it works good it stores about 4 hours of high resolution 1440. the best to go.']"
529,"got this to use with the gopro hero 3 motion camera fits and works just fine. big enough to film several flights and not run out of space. bought for gopro hero3. slips in, works great, keeps up with camera. awesome and cheap. great for smartphones as well! i bought this for my gopro and so far it's worked without problems the gopro runs out of batteries before i can fill this up .","['got this to use with the gopro hero 3 motion camera fits and works just fine. big enough to film several flights and not run out of space.', 'bought for gopro hero3. slips in, works great, keeps up with camera. awesome and cheap. great for smartphones as well!', ""i bought this for my gopro and so far it's worked without problems the gopro runs out of batteries before i can fill this up .""]"
530,"i bought this to use with my gopro hero3 black, and it works great! no problems at all. for the price, it's hard to beat. i bought this for use in my new gopro hero3 black and it works great. i like the fact that it comes with an adapter, though i really wish that we'd move to usb adapters as the standard accessory . highly recommend. i purchased this for my gopro hero 3 . it works just fine i have not complaints. i would recommend this item.","[""i bought this to use with my gopro hero3 black, and it works great! no problems at all. for the price, it's hard to beat."", ""i bought this for use in my new gopro hero3 black and it works great. i like the fact that it comes with an adapter, though i really wish that we'd move to usb adapters as the standard accessory . highly recommend."", 'i purchased this for my gopro hero 3 . it works just fine i have not complaints. i would recommend this item.']"
531,"great card. works with my gopro and canon 1d item arrived in a timely manner via usps surprisingly . i bought this card to go in my gopro camera, it fit in there gerat and now i have 3 hours of recording time.","['great card. works with my gopro and canon 1d', 'item arrived in a timely manner via usps surprisingly . i bought this card to go in my gopro camera, it fit in there gerat and now i have 3 hours of recording time.']"
532,"before doing research, i assumed this card would support my brand new hero 3 camera... considering it was sold off the gopro site, it was a no brainer... or so i thought.anyhow, the card seems to preform well under most circumstances without using the protunes settings. the problems with the hero 3 where due to the slow write speed of this card under protunes settings, without this setting the hero works fine however, after a few timelapse issues 2 5 sec timelapse, which is well in this card's speeds .i noticed the card is corrupt. i tested this in other cameras and found that this problem still persists. i trust sandisk as my top choice for all my professional work, however this card has failed!i would not recommend this expensive card, id jump for a samsung, or even the transcend cards. they even come with a better warranty then this card.nothing but problems and lost memories that i cant replace.... card works great in my gopro hero 3 white edition. i did a 48 hour time lapse and had no issues whatsoever with corrupted data or missing files. i've always had good experiences with sandisk products and recommend them to everyone. for the first two months, the card worked great in my gopro hero 3 black edition. then, one night, it randomly stopped working. amazon won't take it back, and i've got an email into sandisk to see if i can get it replaced. now i'm out 52 and now can't use my camera. thanks so little.","[""before doing research, i assumed this card would support my brand new hero 3 camera... considering it was sold off the gopro site, it was a no brainer... or so i thought.anyhow, the card seems to preform well under most circumstances without using the protunes settings. the problems with the hero 3 where due to the slow write speed of this card under protunes settings, without this setting the hero works fine however, after a few timelapse issues 2 5 sec timelapse, which is well in this card's speeds .i noticed the card is corrupt. i tested this in other cameras and found that this problem still persists. i trust sandisk as my top choice for all my professional work, however this card has failed!i would not recommend this expensive card, id jump for a samsung, or even the transcend cards. they even come with a better warranty then this card.nothing but problems and lost memories that i cant replace...."", ""card works great in my gopro hero 3 white edition. i did a 48 hour time lapse and had no issues whatsoever with corrupted data or missing files. i've always had good experiences with sandisk products and recommend them to everyone."", ""for the first two months, the card worked great in my gopro hero 3 black edition. then, one night, it randomly stopped working. amazon won't take it back, and i've got an email into sandisk to see if i can get it replaced. now i'm out 52 and now can't use my camera. thanks so little.""]"
533,"the recommended card for gopro cameras. that's what i use it for and it works great providing outstanding performances and great quality. i bought this memory card for my gopro. it does everything it is supposed to. it is fast enough to work with the camera and it is very reliable. card is perfect for use in gopro. write's fast and provides for super fast transfers to the computer. price for two of these was the same as one 64gb card so the decision was easy. i'd rather have two cards so that i can swap them out, continue to record and have someone else transfer from the other one.","[""the recommended card for gopro cameras. that's what i use it for and it works great providing outstanding performances and great quality."", 'i bought this memory card for my gopro. it does everything it is supposed to. it is fast enough to work with the camera and it is very reliable.', ""card is perfect for use in gopro. write's fast and provides for super fast transfers to the computer. price for two of these was the same as one 64gb card so the decision was easy. i'd rather have two cards so that i can swap them out, continue to record and have someone else transfer from the other one.""]"
534,"i bought this for my gopro and it does great. the only problem i experience with it is, if you download your pictures and videos from the day, you should re format the card before trying to use it again. it seems to get confused where you left off when you re install it. i lost out on getting some pictures and video because of not doing this on the second day of my scuba vacation. when i would start the gopro in video mode, it would record about 6 15 seconds then stop automatically. haven't have anymore problems since re formatting after each night's downloading. the videos, set on 1080 looks great. i can't give that much feedback on this because i ended up returning it. i was looking for the ideal memory mircosd card for a gopro and found a better model. i did end up filming one event on this card, and it did pretty good. it did end up lagging after some time though, just briefly. i purchased this card to work with my gopro and i have no complaints. i does not lag on 1080p 60fps or when i do a 10 photo burst. great product and an even better price","[""i bought this for my gopro and it does great. the only problem i experience with it is, if you download your pictures and videos from the day, you should re format the card before trying to use it again. it seems to get confused where you left off when you re install it. i lost out on getting some pictures and video because of not doing this on the second day of my scuba vacation. when i would start the gopro in video mode, it would record about 6 15 seconds then stop automatically. haven't have anymore problems since re formatting after each night's downloading. the videos, set on 1080 looks great."", ""i can't give that much feedback on this because i ended up returning it. i was looking for the ideal memory mircosd card for a gopro and found a better model. i did end up filming one event on this card, and it did pretty good. it did end up lagging after some time though, just briefly."", 'i purchased this card to work with my gopro and i have no complaints. i does not lag on 1080p 60fps or when i do a 10 photo burst. great product and an even better price']"
535,is exactly what you can expect from a memory card. nothing more nothing less. i tested the card in my gopro hero3 and it worked. the memory card works as advertised and i have had no issues while using it with my gopro hero 3.,"['is exactly what you can expect from a memory card. nothing more nothing less. i tested the card in my gopro hero3 and it worked.', 'the memory card works as advertised and i have had no issues while using it with my gopro hero 3.']"
536,"this is my first foray into the microsd card world. i bought this for my gopro hero3 white.pros comes with an adapter for easy downloading. simple to format right out of the box. reads writes just fine with no errors.cons the adapter has no spring return like the devices you instert the card into removing the card from the adapter can be a pain.overall it's great and does what i need it to do.hope that helps... i bought this sandisk ultra 32 gb micro sdhc memory card for my go pro hero white edition, is really good and works perfecly, try it, you wont regret!! got it to use with my go pro. this was cheaper than getting the regular sd ultra card class 10 . the read write speed isn't quite as good as the regular sd ultra card class 10 , but it gets the job done. shipped fast, great price, exactly as described!","[""this is my first foray into the microsd card world. i bought this for my gopro hero3 white.pros comes with an adapter for easy downloading. simple to format right out of the box. reads writes just fine with no errors.cons the adapter has no spring return like the devices you instert the card into removing the card from the adapter can be a pain.overall it's great and does what i need it to do.hope that helps..."", 'i bought this sandisk ultra 32 gb micro sdhc memory card for my go pro hero white edition, is really good and works perfecly, try it, you wont regret!!', ""got it to use with my go pro. this was cheaper than getting the regular sd ultra card class 10 . the read write speed isn't quite as good as the regular sd ultra card class 10 , but it gets the job done. shipped fast, great price, exactly as described!""]"
537,"i bought this card for my gopro hero3 and it was worked fine. some people said they have problems with the cards in the new gopros but i have had no such problems. the micro card works with anything that also takes standard cards due to the included adapter. used with my gopro hero 3 black edition and it works like a charm! it comes with the adaptor to use in a regular sd card slot, or can be read with any microsd card reader with no issues. pushing video, even high quality, high frame rate video to this card is flawless. i have used and tested this memory card on gopro hero3 black edition and everything works great. no problem at all.","['i bought this card for my gopro hero3 and it was worked fine. some people said they have problems with the cards in the new gopros but i have had no such problems. the micro card works with anything that also takes standard cards due to the included adapter.', 'used with my gopro hero 3 black edition and it works like a charm! it comes with the adaptor to use in a regular sd card slot, or can be read with any microsd card reader with no issues. pushing video, even high quality, high frame rate video to this card is flawless.', 'i have used and tested this memory card on gopro hero3 black edition and everything works great. no problem at all.']"
538,"i bought 64gb version of the card to use with gopro hero 3 black edition. it didn't work out. the card worked ok if camera was set to resolution with lower bit rates. e.g. worked fine in 720p with protune on, or 1080p with protune off. however, in 1080p with protune on bitrate is just shy of 6 mb s in this mode much higher then with protune turned off it was nothing but trouble. camera would sometime work, and sometime randomly stop recording for no obvious reason. i first suspected camera, but testing with different sd cards, it ended up being sandisk's card that was at fault. my spare card, an old and cheap 16gb pny also class 10 , worked just fine under same conditions and with same camera settings.once it was obvious it was problem with the card, i found people on gopro's forums that had trouble with this specific card as well well, you always find these only after you figure it out for yourself, right? . anyhow, i did some speed tests with the card by doing simple write of 1gb file full of zeros using unix dd utility to copy 1gb of zeros from dev zero where else would you find that many zeros onto a file on the card. the result was that on average, sandisk's card would manage about 10.2 mb s. just barely above the bar for class 10 card. however, that was average over 1gb. during the write test, the speed was oscillating with many spikes and drops. drops were as low as 7mb s. uh. i thought write speed of class 10 card should never dip below 10 mb s? for comparison, my old cheap class 10 pny card was chugging along at constant 13 mb s under the same test. no spikes and no drops in speed.the card will probably work fine in most devices, as bitrates when recording 1080p video are often low enough and or camera might have huge buffer. but if you want to use it to record video at high bitrates, and your device doesn't have huge buffer to compensate for speed bumps of this card, you may run into trouble. be wary of using it in hero3 in modes that have higher bit rates e.g. 1080p with protune enabled .sandisk's website lists part numbers as sdsdqui 064g with adapter, and sdsdqua 064g without adapter. this conflicts with product description on amazon. while this is likely just amazon not getting product description right again a bit too common thing , it's interesting to note. update apr 20 2013 some numbers from testing the card. the test is extremely simple. write out 1gb of zeros onto the card using standard unix dd command to read 128kb blocks of zeroes from special device dev zero and write it onto the card. 128kb 8192 1gb. dd displays transfer stats once it finishes. while dd was running, i run iostat in second terminal displaying 1 second interval stats as a measure of current speed. this was done on the mac. dd command line can be used as is to repeat test on linux system, however iostat command is different on linux and would need to be modified slightly. i choose 128kb block size, as that seems to be what device drivers merges sequential writes into anyhow. using different block sizes, results are comparable. dd if dev zero of test bs 131072 count 81928192 0 records in8192 0 records out1073741824 bytes transferred in 101.578307 secs 10570582 bytes sec so, 10 mb s and all is good? right? wrong! iostat running in parallel with above dd command recorded this iostat d w 1 disk2disk2kb t tps mb s123.11 76 9.12116.61 185 21.04122.94 49 5.88128.00 41 5.12128.00 89 11.11128.00 134 16.73128.00 69 8.61128.00 61 7.62128.00 99 12.36 ... and so on until dd finishes writing 1gb of zeros to the card ... imo, the last column should never dip under 10mb s for card labeled class 10.for comparison, same test run against samsung pro 64gb micro sd card dd if dev zero of test bs 131072 count 81928192 0 records in8192 0 records out1073741824 bytes transferred in 52.869111 secs 20309436 bytes sec iostat d w 1 disk2disk2kb t tps mb s125.30 138 16.86117.73 157 18.03123.04 150 18.00128.00 159 19.86128.00 156 19.47126.45 160 19.73128.00 150 18.72128.00 154 19.22128.00 153 19.11 ... and so on until dd finishes writing 1gb of zeros to the card ... so, samsung is on average 2x faster, but more importantly it's speed is much more constant. and critically important, it never dips under 10mb s. not ok with gopro hero 3 black edition. the speed of this card is below other brands' class 10 standard. when i use this card with gopro and pro tune on, it will stop recording after 20 mins or so. i already returned this item and bought the samsung class 10 memory card instead. despite the class 10 rating, this card has much slower write speeds than some others and there are numerous examples online of it not being fast enough to work with the high resolution video from the gopro hero 3 black edition. if you're using that camera, choose one of the cards recommended on their site.","[""i bought 64gb version of the card to use with gopro hero 3 black edition. it didn't work out. the card worked ok if camera was set to resolution with lower bit rates. e.g. worked fine in 720p with protune on, or 1080p with protune off. however, in 1080p with protune on bitrate is just shy of 6 mb s in this mode much higher then with protune turned off it was nothing but trouble. camera would sometime work, and sometime randomly stop recording for no obvious reason. i first suspected camera, but testing with different sd cards, it ended up being sandisk's card that was at fault. my spare card, an old and cheap 16gb pny also class 10 , worked just fine under same conditions and with same camera settings.once it was obvious it was problem with the card, i found people on gopro's forums that had trouble with this specific card as well well, you always find these only after you figure it out for yourself, right? . anyhow, i did some speed tests with the card by doing simple write of 1gb file full of zeros using unix dd utility to copy 1gb of zeros from dev zero where else would you find that many zeros onto a file on the card. the result was that on average, sandisk's card would manage about 10.2 mb s. just barely above the bar for class 10 card. however, that was average over 1gb. during the write test, the speed was oscillating with many spikes and drops. drops were as low as 7mb s. uh. i thought write speed of class 10 card should never dip below 10 mb s? for comparison, my old cheap class 10 pny card was chugging along at constant 13 mb s under the same test. no spikes and no drops in speed.the card will probably work fine in most devices, as bitrates when recording 1080p video are often low enough and or camera might have huge buffer. but if you want to use it to record video at high bitrates, and your device doesn't have huge buffer to compensate for speed bumps of this card, you may run into trouble. be wary of using it in hero3 in modes that have higher bit rates e.g. 1080p with protune enabled .sandisk's website lists part numbers as sdsdqui 064g with adapter, and sdsdqua 064g without adapter. this conflicts with product description on amazon. while this is likely just amazon not getting product description right again a bit too common thing , it's interesting to note. update apr 20 2013 some numbers from testing the card. the test is extremely simple. write out 1gb of zeros onto the card using standard unix dd command to read 128kb blocks of zeroes from special device dev zero and write it onto the card. 128kb 8192 1gb. dd displays transfer stats once it finishes. while dd was running, i run iostat in second terminal displaying 1 second interval stats as a measure of current speed. this was done on the mac. dd command line can be used as is to repeat test on linux system, however iostat command is different on linux and would need to be modified slightly. i choose 128kb block size, as that seems to be what device drivers merges sequential writes into anyhow. using different block sizes, results are comparable. dd if dev zero of test bs 131072 count 81928192 0 records in8192 0 records out1073741824 bytes transferred in 101.578307 secs 10570582 bytes sec so, 10 mb s and all is good? right? wrong! iostat running in parallel with above dd command recorded this iostat d w 1 disk2disk2kb t tps mb s123.11 76 9.12116.61 185 21.04122.94 49 5.88128.00 41 5.12128.00 89 11.11128.00 134 16.73128.00 69 8.61128.00 61 7.62128.00 99 12.36 ... and so on until dd finishes writing 1gb of zeros to the card ... imo, the last column should never dip under 10mb s for card labeled class 10.for comparison, same test run against samsung pro 64gb micro sd card dd if dev zero of test bs 131072 count 81928192 0 records in8192 0 records out1073741824 bytes transferred in 52.869111 secs 20309436 bytes sec iostat d w 1 disk2disk2kb t tps mb s125.30 138 16.86117.73 157 18.03123.04 150 18.00128.00 159 19.86128.00 156 19.47126.45 160 19.73128.00 150 18.72128.00 154 19.22128.00 153 19.11 ... and so on until dd finishes writing 1gb of zeros to the card ... so, samsung is on average 2x faster, but more importantly it's speed is much more constant. and critically important, it never dips under 10mb s."", ""not ok with gopro hero 3 black edition. the speed of this card is below other brands' class 10 standard. when i use this card with gopro and pro tune on, it will stop recording after 20 mins or so. i already returned this item and bought the samsung class 10 memory card instead."", ""despite the class 10 rating, this card has much slower write speeds than some others and there are numerous examples online of it not being fast enough to work with the high resolution video from the gopro hero 3 black edition. if you're using that camera, choose one of the cards recommended on their site.""]"
539,"using this card for my gopro hero 3 black. no issues to date. card was used to video vacation in palau, yap, guam underwater video. so far, no complaints! card works great and i use it for our gopro hero 3 exclusively. no issues at all while on a yellowstone trip card works great with my go pro hero , no speed issues at all. it also come with an adapter","['using this card for my gopro hero 3 black. no issues to date. card was used to video vacation in palau, yap, guam underwater video. so far, no complaints!', 'card works great and i use it for our gopro hero 3 exclusively. no issues at all while on a yellowstone trip', 'card works great with my go pro hero , no speed issues at all. it also come with an adapter']"
540,"don't get ripped off buying the same card direct from gopro, buy it here for less then you can use the money you saved to buy an extra battery since the hero 3 battery life sucks.i have a few of these in the hero 3 black edition and it works great on all recording formats and speeds, even the highest resolution ones that require full use of the card's 10 mb sec rating. they're very fast to copy files off of into the computer as well. i haven't benchmarked them because other reviews already have that information, but they're certainly much faster than the old class 4 cards i use for my hero 2 cameras.i would recommend formatting upon arrival i did have one initial issue with one of these which formatting resolved. it's worked fine since, with numerous uses, so i think it was just a missed qc check at the factory. it hasn't had the heat issue others have mentioned with regard to the few defective ones people have received and has worked flawlessly since so i'm not worried about it at this point. has worked flawlessly with my gopro hero 3 black since i placed it in the camera. purchased 2 top have on hand. others have their hero 3 cameras 34 freeze 34 , 34 shut down 34 , or write files that are not usable. i recommend this card to anyone needing a class 10 card that can handle the workload.half second timelapse, 2.7k hd video, 720p 120p video, not a problem for this card. many have complained that the hero3 requires a high quality msd card. picked up this one for a great price on amazon, and have not had any issues with my camera freezing up or not recording as desired. transfer rates were as advertised. also loaded it at one point with 30 or so xvid movies for my daughters to watch on an asus epad transformer and it worked perfectly. highly recommend.","[""don't get ripped off buying the same card direct from gopro, buy it here for less then you can use the money you saved to buy an extra battery since the hero 3 battery life sucks.i have a few of these in the hero 3 black edition and it works great on all recording formats and speeds, even the highest resolution ones that require full use of the card's 10 mb sec rating. they're very fast to copy files off of into the computer as well. i haven't benchmarked them because other reviews already have that information, but they're certainly much faster than the old class 4 cards i use for my hero 2 cameras.i would recommend formatting upon arrival i did have one initial issue with one of these which formatting resolved. it's worked fine since, with numerous uses, so i think it was just a missed qc check at the factory. it hasn't had the heat issue others have mentioned with regard to the few defective ones people have received and has worked flawlessly since so i'm not worried about it at this point."", 'has worked flawlessly with my gopro hero 3 black since i placed it in the camera. purchased 2 top have on hand. others have their hero 3 cameras 34 freeze 34 , 34 shut down 34 , or write files that are not usable. i recommend this card to anyone needing a class 10 card that can handle the workload.half second timelapse, 2.7k hd video, 720p 120p video, not a problem for this card.', 'many have complained that the hero3 requires a high quality msd card. picked up this one for a great price on amazon, and have not had any issues with my camera freezing up or not recording as desired. transfer rates were as advertised. also loaded it at one point with 30 or so xvid movies for my daughters to watch on an asus epad transformer and it worked perfectly. highly recommend.']"
