cluster_id,summary,used_reviews
-1,"great sd card. i use it in a galaxy s3, and have no complaints.its quite fast, and works. i don't know what else to say.you can't go wrong with sandisk. this is a great memory card that i've put into my phone for music and picture storage. it works exactly as advertised. this went into my new samsung galaxy light cell phone to store my music files and my cell phone photos. zero problems. these sd cards just work until the don't . sandisk is a top brand and i have no trouble recommending this. look through the many dozens of other recommendations, too. class 10 uhs 1 is one of the fastest protocols available currently.","[""great sd card. i use it in a galaxy s3, and have no complaints.its quite fast, and works. i don't know what else to say.you can't go wrong with sandisk."", ""this is a great memory card that i've put into my phone for music and picture storage. it works exactly as advertised."", ""this went into my new samsung galaxy light cell phone to store my music files and my cell phone photos. zero problems. these sd cards just work until the don't . sandisk is a top brand and i have no trouble recommending this. look through the many dozens of other recommendations, too. class 10 uhs 1 is one of the fastest protocols available currently.""]"
0,"i purchased this micro memory card for my gps. when i updated the maps recently, the gps ran out of room and i could no longer put the entire us map in it. this card fits neatly into the gps slot, and adds enough memory for the gps to work. i haven't had this fix in place for long, so don't know about how well it will continue to work. the adapter looks to be handy if i have another use for the card. i purchased this product to install in my garmin gps unit, since it was full and couldn't handle the new map updates. easily and securely installed, this memory card promises to provide a long life to my gps unit. i got the 16gb card for my garmin gps. the gps's memory could be expanded so that more maps and info could be saved. the memory card works as described. i've used sandisk for many electronics and i have never had a problem. they are sometimes a little more expensive than other brands but i think the little extra is worth it.","[""i purchased this micro memory card for my gps. when i updated the maps recently, the gps ran out of room and i could no longer put the entire us map in it. this card fits neatly into the gps slot, and adds enough memory for the gps to work. i haven't had this fix in place for long, so don't know about how well it will continue to work. the adapter looks to be handy if i have another use for the card."", ""i purchased this product to install in my garmin gps unit, since it was full and couldn't handle the new map updates. easily and securely installed, this memory card promises to provide a long life to my gps unit."", ""i got the 16gb card for my garmin gps. the gps's memory could be expanded so that more maps and info could be saved. the memory card works as described. i've used sandisk for many electronics and i have never had a problem. they are sometimes a little more expensive than other brands but i think the little extra is worth it.""]"
1,"it does what it is made to do. it is hard to believe so much memory can be stored in such a small chip. got this for my cell phone, most likely more storage than i will ever need but at this price going with a lower capacity chip just wouldn't save that much money and didn't make sense. exactly as pictured worked without a problem. i bought this chip to be used to increase the use of my smart phone and it has increased the memory. at least for now.","['it does what it is made to do. it is hard to believe so much memory can be stored in such a small chip.', ""got this for my cell phone, most likely more storage than i will ever need but at this price going with a lower capacity chip just wouldn't save that much money and didn't make sense. exactly as pictured worked without a problem."", 'i bought this chip to be used to increase the use of my smart phone and it has increased the memory. at least for now.']"
2,"fast recording downing speed. you can't go wrong wit this. it also can be used with my smartphone.i would recommend this to a friend. it's fast fast fast, and big big big. it's exactly what you need to record all of your ill advised shenanigans with your friends. if you like to see videos on tablets or phones, you'll end up needing this guy. and this is the fastest. very good for recording too.","[""fast recording downing speed. you can't go wrong wit this. it also can be used with my smartphone.i would recommend this to a friend."", ""it's fast fast fast, and big big big. it's exactly what you need to record all of your ill advised shenanigans with your friends."", ""if you like to see videos on tablets or phones, you'll end up needing this guy. and this is the fastest. very good for recording too.""]"
3,"have not had any issues, works as intended. i would recommend this and the price was just right. so, if you buy a tablet that supports 32gb just get one, or two. does exactly what you would expect, use this in my new galaxy tab and not disappointing as always a great product","['have not had any issues, works as intended. i would recommend this and the price was just right. so, if you buy a tablet that supports 32gb just get one, or two.', 'does exactly what you would expect, use this in my new galaxy tab and not disappointing as always a great product']"
4,"this is my 4th unit that i had purchased from sandisk. used it in a sony z tablet, note 2, s4, q10 and most recently the sony z1 smartphone. data transfer speeds are quick and you get consistent transfers without any errors.a worth buy! when i first got this item, i had some problems with it and for some reason, caused all my data on my android phone to get deleted forcing me to reinstall my custom rom and use my previous sd card until amazon replaced this one. but once i got the replacement, it worked perfectly. i have no issues with it at all now and for the past several months, its able to hold all my apps and data with ease. with the high read write speeds, i don't have any lag and it just works exactly how i hoped it would. i read some reviews about the product being iffy, and mislabeled, but the one i got was just as advertised. my samsung note ii recognized about 59.8 gigs, and the read write speed is incredible. with the help of this, isyncr and rocket player, i have now permanently replaced my ipod classic. couldn't be happier.","['this is my 4th unit that i had purchased from sandisk. used it in a sony z tablet, note 2, s4, q10 and most recently the sony z1 smartphone. data transfer speeds are quick and you get consistent transfers without any errors.a worth buy!', ""when i first got this item, i had some problems with it and for some reason, caused all my data on my android phone to get deleted forcing me to reinstall my custom rom and use my previous sd card until amazon replaced this one. but once i got the replacement, it worked perfectly. i have no issues with it at all now and for the past several months, its able to hold all my apps and data with ease. with the high read write speeds, i don't have any lag and it just works exactly how i hoped it would."", ""i read some reviews about the product being iffy, and mislabeled, but the one i got was just as advertised. my samsung note ii recognized about 59.8 gigs, and the read write speed is incredible. with the help of this, isyncr and rocket player, i have now permanently replaced my ipod classic. couldn't be happier.""]"
5,"popped this into my nvidia shield for extra storage. it was recognized instantly and was easy to transfer files over.i haven't had it for too long to comment about failures in some of the reviews, but will update accordingly. so far recommended! popped it in my nvidia shield and it worked instantly. transfers to it are faster than the transfers to the internal storage. i used this sd card on my nvidia shield and works as advertised very quick transfer speeds.","[""popped this into my nvidia shield for extra storage. it was recognized instantly and was easy to transfer files over.i haven't had it for too long to comment about failures in some of the reviews, but will update accordingly. so far recommended!"", 'popped it in my nvidia shield and it worked instantly. transfers to it are faster than the transfers to the internal storage.', 'i used this sd card on my nvidia shield and works as advertised very quick transfer speeds.']"
6,"i use this card in a galaxy note 10.1 and i have been very pleased with its performance. it is noticeably faster than the class 4 card i replaced. i use it for storing and then watching movies, and it plays them back with no observable buffering time. it is also fast for writing photos or videos that i shoot using the camera on the tablet. and the cost was among the lowest for cards of this storage size and speed class. i bought this card to go with my new samsung galaxy note 10.1 2014 edition. after using it for a few days with only the onboard storage, i felt the need to have a little more space. the price for this card was just right, and i have always had great success with sandisk memory devices, whether they are usb or sd or what have you. i use this card to take all sorts of music and movies with me whenever i have to go anywhere, and there is absolutely no lag or hiccuping on playback. i also set this card as the default to store photos and videos taken with the tablet, and there is no noticeable delay when taking photos. this card works so well, i just bought a second one to replace an old 8gb card in my phone. i have been using this memory card for several months now and it is working great. it is wonderful to have a huge selection of ebooks, mp3 files, movies and plenty of space for phone generated photos and video clips.i have not noticed any delay in accessing files on this huge memory card.8 14 13 update also worked out of the box in my samsung galaxy note 10.1 .","['i use this card in a galaxy note 10.1 and i have been very pleased with its performance. it is noticeably faster than the class 4 card i replaced. i use it for storing and then watching movies, and it plays them back with no observable buffering time. it is also fast for writing photos or videos that i shoot using the camera on the tablet. and the cost was among the lowest for cards of this storage size and speed class.', 'i bought this card to go with my new samsung galaxy note 10.1 2014 edition. after using it for a few days with only the onboard storage, i felt the need to have a little more space. the price for this card was just right, and i have always had great success with sandisk memory devices, whether they are usb or sd or what have you. i use this card to take all sorts of music and movies with me whenever i have to go anywhere, and there is absolutely no lag or hiccuping on playback. i also set this card as the default to store photos and videos taken with the tablet, and there is no noticeable delay when taking photos. this card works so well, i just bought a second one to replace an old 8gb card in my phone.', 'i have been using this memory card for several months now and it is working great. it is wonderful to have a huge selection of ebooks, mp3 files, movies and plenty of space for phone generated photos and video clips.i have not noticed any delay in accessing files on this huge memory card.8 14 13 update also worked out of the box in my samsung galaxy note 10.1 .']"
7,"does the job as advertised.if you need extra memory on your phone tablet or whatever device, this is bext buy price quality does exactly what it is supposed to. plenty of storage for me gps. price was not too high either. would recommend. this is great! this is why i don't buy apple products and get charged up the for non expandable memory. expandable memory is dirt cheap these days for how much you get and it's more reliable than apple. works like a charm. i've got two of these, one in my phone and one in my tablet, and i've never had any problem or inconvenience with either of them.","['does the job as advertised.if you need extra memory on your phone tablet or whatever device, this is bext buy price quality', 'does exactly what it is supposed to. plenty of storage for me gps. price was not too high either. would recommend.', ""this is great! this is why i don't buy apple products and get charged up the for non expandable memory. expandable memory is dirt cheap these days for how much you get and it's more reliable than apple. works like a charm. i've got two of these, one in my phone and one in my tablet, and i've never had any problem or inconvenience with either of them.""]"
8,"this card would not show 64 gb until i spent 60 on a card reader that supports sdxc, and after doing that, it is transferring at class 1 speed. i managed to get it formatted in fat32 with 59 gb free for my cowon j3, but it's taking 10 hours to transfer 30 gb to it. i got a refund because this is not the service and quality i paid for. i just hope the music lists on my pmp when i turn it on tomorrow. i have it in the microsdxc slot of the aft pro 57u, which is connected to a syba via vl800 usb 3.0 card. feel free to tell me i am doing it wrong and how to get class 10 speed.update the transfer finished, but the data does not show in my cowon j3, so the early versions that worked are gone. do not buy these for a device that is not sdxc specific because they have changed something in them. i am using this 64 gb card onsamsung galaxy note ii n7100 unlocked gsm international version white. i coped over 50 gb podcasts music. it took several hours to copy from a 3 year old laptop. after copying, the inbuild samsung's music player recognized all and playing is very smooth. the card looks super fast, no reading. after booting the phone, the music is indexed almost immediately and i can play. i have attached a screenshot which shows only 59 gb is available. the 5 gb seems lot to be missing. i am assuming it is used for storing some index information some restore information.","[""this card would not show 64 gb until i spent 60 on a card reader that supports sdxc, and after doing that, it is transferring at class 1 speed. i managed to get it formatted in fat32 with 59 gb free for my cowon j3, but it's taking 10 hours to transfer 30 gb to it. i got a refund because this is not the service and quality i paid for. i just hope the music lists on my pmp when i turn it on tomorrow. i have it in the microsdxc slot of the aft pro 57u, which is connected to a syba via vl800 usb 3.0 card. feel free to tell me i am doing it wrong and how to get class 10 speed.update the transfer finished, but the data does not show in my cowon j3, so the early versions that worked are gone. do not buy these for a device that is not sdxc specific because they have changed something in them."", ""i am using this 64 gb card onsamsung galaxy note ii n7100 unlocked gsm international version white. i coped over 50 gb podcasts music. it took several hours to copy from a 3 year old laptop. after copying, the inbuild samsung's music player recognized all and playing is very smooth. the card looks super fast, no reading. after booting the phone, the music is indexed almost immediately and i can play. i have attached a screenshot which shows only 59 gb is available. the 5 gb seems lot to be missing. i am assuming it is used for storing some index information some restore information.""]"
9,"i bought these for my kids tablets and for their action cameras. they work in those 2 devices. some other devices seem to like the slower cards. i use these in my tablet as well as my camera. i find slower speed cards do not work well when taking pictures or video. it would be nice if the sd adapter had built in wifi, that way for my dslr, i would only need to buy one wifi card and simply replace it with these micro sd cards and save money. if you have a microsoft surface or phone that takes these. i use it in my elago drive and nikon dslr.","['i bought these for my kids tablets and for their action cameras. they work in those 2 devices. some other devices seem to like the slower cards.', 'i use these in my tablet as well as my camera. i find slower speed cards do not work well when taking pictures or video. it would be nice if the sd adapter had built in wifi, that way for my dslr, i would only need to buy one wifi card and simply replace it with these micro sd cards and save money.', 'if you have a microsoft surface or phone that takes these. i use it in my elago drive and nikon dslr.']"
10,"works great. use it in my galaxy note 3 to store music, files, etc. the adapter is handy for transferring files from pc to card without using a usb cable and going through the phone seems to go faster. still can't believe they can cram 64 gb shows up as just under 60 on the phone, by the way on something the size of a fingernail. works great. adapter makes it easy to load music, ebooks, pictures and movies onto card for use on a phone or tablet. i wanted a place to store my music on my phone. this card works great. i haven't tried the adapter yet, though.also, so much storage!","[""works great. use it in my galaxy note 3 to store music, files, etc. the adapter is handy for transferring files from pc to card without using a usb cable and going through the phone seems to go faster. still can't believe they can cram 64 gb shows up as just under 60 on the phone, by the way on something the size of a fingernail."", 'works great. adapter makes it easy to load music, ebooks, pictures and movies onto card for use on a phone or tablet.', ""i wanted a place to store my music on my phone. this card works great. i haven't tried the adapter yet, though.also, so much storage!""]"
11,"great value for extra storage on cell phones. adapter included with memory disk allows easy interface with standard computer card reader interfaces. i just bought two of these for our two new samsung galaxy iv smart phones. the adapters will make it possible for the card readers on our computers to accept these microsd cards if we find it worthwhile to pull them out of the phone case rather than use the usb 34 dongle 34 to move information on and off the phones, but.. most importantly, now i don't worry about storing audio books, favorite playlists, and video clips i might want to show someone on the phones. a must for any device when u need extra space, adapter allows easy transfer of info such as pictures, music or documents","['great value for extra storage on cell phones. adapter included with memory disk allows easy interface with standard computer card reader interfaces.', ""i just bought two of these for our two new samsung galaxy iv smart phones. the adapters will make it possible for the card readers on our computers to accept these microsd cards if we find it worthwhile to pull them out of the phone case rather than use the usb 34 dongle 34 to move information on and off the phones, but.. most importantly, now i don't worry about storing audio books, favorite playlists, and video clips i might want to show someone on the phones."", 'a must for any device when u need extra space, adapter allows easy transfer of info such as pictures, music or documents']"
12,"so far i have not have any problems with this memory, the transfer speed is good and it works just great on my samsung note 8 perfect in every sense. i use it mainly for accessing my music and since i upgraded to this microsdhc i have found my samsung galaxy s3 has no lag in playback and document storage retrieval is quick not a lot to say about this memory. sits in my s4 phone with no issues. does not appear to have any lags.","['so far i have not have any problems with this memory, the transfer speed is good and it works just great on my samsung note 8', 'perfect in every sense. i use it mainly for accessing my music and since i upgraded to this microsdhc i have found my samsung galaxy s3 has no lag in playback and document storage retrieval is quick', 'not a lot to say about this memory. sits in my s4 phone with no issues. does not appear to have any lags.']"
13,"this is my first sandisk card, i have a bunch of other brands. i use this one in a tablet. it works great! really love the lifetime warranty that's included. so far so good! i have bought several of these and find they do just what they are designed to hence 5 stars. i recommend this memory card for any electronic device that requires a micro sdhc card and from past experience find that sandisk is a reputable name brand. i have purchased several sandisk sd cards for its reliability and function. this is just one of the purchases and i will be ordering more. it works for my tablet, camera and computer. love it !","[""this is my first sandisk card, i have a bunch of other brands. i use this one in a tablet. it works great! really love the lifetime warranty that's included. so far so good!"", 'i have bought several of these and find they do just what they are designed to hence 5 stars. i recommend this memory card for any electronic device that requires a micro sdhc card and from past experience find that sandisk is a reputable name brand.', 'i have purchased several sandisk sd cards for its reliability and function. this is just one of the purchases and i will be ordering more. it works for my tablet, camera and computer. love it !']"
14,"holds a lot of memory. slides right into my car cam with no problem and easy to get out as well holds stuff, and if you need anything further for a review then i am sorry. if you dont know that this is a memory card and hold stuff then i would recommend checking out something by fisher price. holds lots of video memory. small, compact and convenience for travel. due to the small size need to remember where you place it.","['holds a lot of memory. slides right into my car cam with no problem and easy to get out as well', 'holds stuff, and if you need anything further for a review then i am sorry. if you dont know that this is a memory card and hold stuff then i would recommend checking out something by fisher price.', 'holds lots of video memory. small, compact and convenience for travel. due to the small size need to remember where you place it.']"
15,"not much to say about this other than it works fine. the included adapter was difficult to remove the microsdhc card from, but that may be due to my big fingers plus the card is very small as one would expect from micro naming . the speed is more than adequate with no buffering issues noticed from video capture on a phone at hd 720 resolution. recommended. above average speed and perfect for the photographer needing ample file space. can easily be used as a micro or sd card in different format cameras. fair pricing.cons none its great for using on my camera and speed is pretty good so cant complain. i just think the price could be little bit more cheaper since there are a lot of generic versions out there !!","['not much to say about this other than it works fine. the included adapter was difficult to remove the microsdhc card from, but that may be due to my big fingers plus the card is very small as one would expect from micro naming . the speed is more than adequate with no buffering issues noticed from video capture on a phone at hd 720 resolution. recommended.', 'above average speed and perfect for the photographer needing ample file space. can easily be used as a micro or sd card in different format cameras. fair pricing.cons none', 'its great for using on my camera and speed is pretty good so cant complain. i just think the price could be little bit more cheaper since there are a lot of generic versions out there !!']"
16,"just what i needed for more storage on my phone. don't know why but i've always bought the sandisk brand and always been happy with the product. i have a few of these in varying sizes.deb allows me to store quite a few movies in my razr. sandisk is the brand for memory, all of my usb memory thumb drives are sandisk.. top of the line data storage and expansion. perfect for adding more storage to your phone or your tablet, and as always, sandisk is reliable.","[""just what i needed for more storage on my phone. don't know why but i've always bought the sandisk brand and always been happy with the product. i have a few of these in varying sizes.deb"", 'allows me to store quite a few movies in my razr. sandisk is the brand for memory, all of my usb memory thumb drives are sandisk..', 'top of the line data storage and expansion. perfect for adding more storage to your phone or your tablet, and as always, sandisk is reliable.']"
17,"works, works perfectly, super cheap... what's not to love? there are tons of choices and this really does very well at transfer speeds and doubles or more your portable space. couldn't be happier. well, it does work and glad that it is not fake as you would get if you bought from other online stores at 50 a piece. but their max transfer speed is only at 18mb s not 30 as advertised and i have a very decent desktop with usb3 connector. i love that you can get these things so cheap from amazon, vs. getting them at the major electronic stores for double the price. it works perfectly, and streams downloads uploads very quickly! i love the adapter that comes with it, too so i can use it for transferring files from a computer notebook faster than a 3.0 usb thumbdrive dongle. great buy!","[""works, works perfectly, super cheap... what's not to love? there are tons of choices and this really does very well at transfer speeds and doubles or more your portable space. couldn't be happier."", 'well, it does work and glad that it is not fake as you would get if you bought from other online stores at 50 a piece. but their max transfer speed is only at 18mb s not 30 as advertised and i have a very decent desktop with usb3 connector.', 'i love that you can get these things so cheap from amazon, vs. getting them at the major electronic stores for double the price. it works perfectly, and streams downloads uploads very quickly! i love the adapter that comes with it, too so i can use it for transferring files from a computer notebook faster than a 3.0 usb thumbdrive dongle. great buy!']"
18,"bought it when the price was low. excellent value. good transfer speeds and worked on my phone, camera and other devices as well. fast and reliable. have worked with it for around 2 months now and nothing to complain about.good fit for my asus tf700","['bought it when the price was low. excellent value. good transfer speeds and worked on my phone, camera and other devices as well.', 'fast and reliable. have worked with it for around 2 months now and nothing to complain about.good fit for my asus tf700']"
19,"the price is goodthe looking is nicethe speed is goodit came with an adaptershipping speed is excellenti used it with my surface pro samsung galaxy s iii, working good on boththis is a good choice to have excellent product at a great price. i use it with asus transformer pad 700 and it works great. speed is high enough to ply high definition video from it. correctly priced. i bought it to use with my surface pro. works great out of the box and transfer speeds are excellent.","['the price is goodthe looking is nicethe speed is goodit came with an adaptershipping speed is excellenti used it with my surface pro samsung galaxy s iii, working good on boththis is a good choice to have', 'excellent product at a great price. i use it with asus transformer pad 700 and it works great. speed is high enough to ply high definition video from it.', 'correctly priced. i bought it to use with my surface pro. works great out of the box and transfer speeds are excellent.']"
20,"great memory card. using this along with out roku3. works great. fast transfer rate, good capacity, and reasonable price. what else could you ask for? i could not get this brand of memory card to work in my roku. it would not format correctly. i had to return this for another brand which worked ok. you can't go wrong on this card. for my roku 2 xs, this is the perfect size. probably over kill actually. but i won't do anything under class 10 and i try to avoid anything under 16 gigs in case i need this card for something else. price was great too, under 15 with free shipping.","['great memory card. using this along with out roku3. works great. fast transfer rate, good capacity, and reasonable price. what else could you ask for?', 'i could not get this brand of memory card to work in my roku. it would not format correctly. i had to return this for another brand which worked ok.', ""you can't go wrong on this card. for my roku 2 xs, this is the perfect size. probably over kill actually. but i won't do anything under class 10 and i try to avoid anything under 16 gigs in case i need this card for something else. price was great too, under 15 with free shipping.""]"
21,"i don't know, but it's a bunch. this card works great in my nook hd, no problems installing or using it. as stated above, and not a bad price. bought this thing in hopes of using it with my ztpad c93 tablet, and it works like a charm. the card is very fast for what it is and i have not had any problems with it to date. i know what my title says, and it's the actual amount on the card, which is really good. other cards that i own have a greater difference per advertised amount. i use it for my lenovo lynx tablet and it works perfectly.","[""i don't know, but it's a bunch. this card works great in my nook hd, no problems installing or using it."", 'as stated above, and not a bad price. bought this thing in hopes of using it with my ztpad c93 tablet, and it works like a charm. the card is very fast for what it is and i have not had any problems with it to date.', ""i know what my title says, and it's the actual amount on the card, which is really good. other cards that i own have a greater difference per advertised amount. i use it for my lenovo lynx tablet and it works perfectly.""]"
22,these are great little cards and are very fast. the only thing i hate about microsd is that they are so dang small and the slots are spring loaded. i have lost a couple from them shooting across the room. these things average about 50 more mbps than your standard microsd. worth the premium? idk. what's your time worth?however i threw a fit and ended up smashing the little guy in half. not too resilient but that's not saying anything about this little guy. the insides look like something out of a halo video game. high technology. just go with 2 16gb's if you have a temper problem and not a huge need for consolidated data. this is my first ultra micro sd card. i like the color which makes them easy to see because i swap them out all the time in my asus tablet. the black ones can be hard to see on the busy desk. the speed is great but that is not why i bought it. i was very impressed with the price on black friday 2013.,"['these are great little cards and are very fast. the only thing i hate about microsd is that they are so dang small and the slots are spring loaded. i have lost a couple from them shooting across the room.', ""these things average about 50 more mbps than your standard microsd. worth the premium? idk. what's your time worth?however i threw a fit and ended up smashing the little guy in half. not too resilient but that's not saying anything about this little guy. the insides look like something out of a halo video game. high technology. just go with 2 16gb's if you have a temper problem and not a huge need for consolidated data."", 'this is my first ultra micro sd card. i like the color which makes them easy to see because i swap them out all the time in my asus tablet. the black ones can be hard to see on the busy desk. the speed is great but that is not why i bought it. i was very impressed with the price on black friday 2013.']"
23,"works as expected. high transfer speed. nice to have extra microsd adapters lying around since i always seem to misplace them. mainly bought it to use in my nikon dslr since i can put the card directly into my cm modded nook hd tablet in the field and view my images on a larger screen. works great and faster than a conventional memory card. videos, pictures and access run smoother. highly recomnended for those who are in need of great space. it works, fairly fast, definitely not 30mb s fast when copying off of it via a usb 3.0 adapter, and absolutely much slower when writing to it. but that's true about all of these memory cards, it's just some are worse than others.","['works as expected. high transfer speed. nice to have extra microsd adapters lying around since i always seem to misplace them. mainly bought it to use in my nikon dslr since i can put the card directly into my cm modded nook hd tablet in the field and view my images on a larger screen.', 'works great and faster than a conventional memory card. videos, pictures and access run smoother. highly recomnended for those who are in need of great space.', ""it works, fairly fast, definitely not 30mb s fast when copying off of it via a usb 3.0 adapter, and absolutely much slower when writing to it. but that's true about all of these memory cards, it's just some are worse than others.""]"
24,"product sandisk ultra 64 gb microsdxc class 10 uhs 1 memory card 30mb s with adapter sdsdqu 064g affp arating 5 5 excellent people buy microsd cards with 4 primary criteria in mind 1 storage capacity, 2 price, 3 reliability compatibility availability, and 4 speed. when i bought the u64 back in feb 2013 not long after its release it was the largest and fastest microsd available at the time, and it weighed in at a good price and backed up by sandisk reputation.for me, and my galaxy s3 sch i535, currently with android 4.3 this card has been a delightful slam dunk on all four counts. i was reminded of this today when i slammed 30 gb of mp3's from my pc onto my s3's card. the card handled the massive data dump with grace and aplomb, and i'm now able to use my phone to wirelessly stream my entire music library to my new bluetooth compatible bookshelf stereo.color me very satisfied. i had been using a 'regular' sandisk 32gb micro sd card that came included with my htc thunderbolt i bought in 2011. the size was decent, but i never realized until upgrading how much i was lacking on the speed.i finally got one of these to replace my old card with my galaxy s3. it is superb. i just recently got a galaxy s4, and again, this card is just about the best expansion you can add to most any phone.with my old microsd card, i had gotten used to just sitting there, zoning out, as i waited patiently for my computer to transfer pictures videos off my card to be backed up to my pc's hard drive, or copying some music files from my pc to my card. with this new card, almost any single file even hundreds of megabytes big is an instant transfer, that transfers too quick to even bring up that 34 moving 34 dialog box in windows 8. on my very big transfers lots of hd video files at once, totaling several gigabytes , i have to wait, but i'm waiting for seconds instead of minutes.combine the excellent speed with the fact that 64gb can hold a ton of data compared to typical storage sizes on phones , and you have a very satisfied customer. now i can procrastinate even longer the occasional transfers of all my pictures and videos to my pc, though i try not to.a lot of phones like my s4 specify 64gb sdxc cards as the maximum they support, so this is about the best you can even get for the moment, unless you want to pay almost double for sandisk's extreme cards. unless you have money to burn, i think these are a much better value and diminishing returns certainly kick in beyond this price point. but perhaps my next phone will support 4k hd video onto 256gb cards and i will yet again need to upgrade my card's capacity and speed... anyway, bottom line on this product awesome. so i recently got a new chinese brand android phone inew i4000 quadcore, 13mp camera, 1gb ram, 16gb internal storage microsd support. also comes with app2sd software support as well.i had an old samsung class 10 32gb and tested that it works with the i4000. but wasn't enough for a power user like me.decided to give it the extra storage boost!with the sandisk 64gb class 10, i now hold within 11gb music collection mp3's at 192 kbps 20gb of graphic novels manga manwhabooks with a manga app reader2gb of apps migrate the core apps from internal storage to external storage 8gb of photos taken with the phone uses microsd as storage for photos 30gb of free space left for downloading movies mp3s and documents on the goi love this little card, its fantastic and a great way to add some serious expandable storage onto any smartphone that supports the storage.fyi, i had to format the sandisk 64gb card using my smartphone i4000 in order for it to set the microsd to fat32. don't use the pc laptop to do the format, it will mess it up.was debating between class 10 sandisk 64gb or class 10 samsung 64gb, i decided to throw my lot in with the 6000 reviews for sandisk with an average customer rating of 4.9 stars. samsung had 4.9 stars but was from 11 people. so lol!highly recommend this to others!","[""product sandisk ultra 64 gb microsdxc class 10 uhs 1 memory card 30mb s with adapter sdsdqu 064g affp arating 5 5 excellent people buy microsd cards with 4 primary criteria in mind 1 storage capacity, 2 price, 3 reliability compatibility availability, and 4 speed. when i bought the u64 back in feb 2013 not long after its release it was the largest and fastest microsd available at the time, and it weighed in at a good price and backed up by sandisk reputation.for me, and my galaxy s3 sch i535, currently with android 4.3 this card has been a delightful slam dunk on all four counts. i was reminded of this today when i slammed 30 gb of mp3's from my pc onto my s3's card. the card handled the massive data dump with grace and aplomb, and i'm now able to use my phone to wirelessly stream my entire music library to my new bluetooth compatible bookshelf stereo.color me very satisfied."", ""i had been using a 'regular' sandisk 32gb micro sd card that came included with my htc thunderbolt i bought in 2011. the size was decent, but i never realized until upgrading how much i was lacking on the speed.i finally got one of these to replace my old card with my galaxy s3. it is superb. i just recently got a galaxy s4, and again, this card is just about the best expansion you can add to most any phone.with my old microsd card, i had gotten used to just sitting there, zoning out, as i waited patiently for my computer to transfer pictures videos off my card to be backed up to my pc's hard drive, or copying some music files from my pc to my card. with this new card, almost any single file even hundreds of megabytes big is an instant transfer, that transfers too quick to even bring up that 34 moving 34 dialog box in windows 8. on my very big transfers lots of hd video files at once, totaling several gigabytes , i have to wait, but i'm waiting for seconds instead of minutes.combine the excellent speed with the fact that 64gb can hold a ton of data compared to typical storage sizes on phones , and you have a very satisfied customer. now i can procrastinate even longer the occasional transfers of all my pictures and videos to my pc, though i try not to.a lot of phones like my s4 specify 64gb sdxc cards as the maximum they support, so this is about the best you can even get for the moment, unless you want to pay almost double for sandisk's extreme cards. unless you have money to burn, i think these are a much better value and diminishing returns certainly kick in beyond this price point. but perhaps my next phone will support 4k hd video onto 256gb cards and i will yet again need to upgrade my card's capacity and speed... anyway, bottom line on this product awesome."", ""so i recently got a new chinese brand android phone inew i4000 quadcore, 13mp camera, 1gb ram, 16gb internal storage microsd support. also comes with app2sd software support as well.i had an old samsung class 10 32gb and tested that it works with the i4000. but wasn't enough for a power user like me.decided to give it the extra storage boost!with the sandisk 64gb class 10, i now hold within 11gb music collection mp3's at 192 kbps 20gb of graphic novels manga manwhabooks with a manga app reader2gb of apps migrate the core apps from internal storage to external storage 8gb of photos taken with the phone uses microsd as storage for photos 30gb of free space left for downloading movies mp3s and documents on the goi love this little card, its fantastic and a great way to add some serious expandable storage onto any smartphone that supports the storage.fyi, i had to format the sandisk 64gb card using my smartphone i4000 in order for it to set the microsd to fat32. don't use the pc laptop to do the format, it will mess it up.was debating between class 10 sandisk 64gb or class 10 samsung 64gb, i decided to throw my lot in with the 6000 reviews for sandisk with an average customer rating of 4.9 stars. samsung had 4.9 stars but was from 11 people. so lol!highly recommend this to others!""]"
25,"reliable and inexpensive. however, it's quite slow, far, far slower than the 64gb samsung pro microsdxc. the samsung works well for interactive use while i would only use this sandisk card for applications where speed isn't important. it's a good reliable product that i can always rely upon. i highly recommend it to anyone looking for a micro sd.","[""reliable and inexpensive. however, it's quite slow, far, far slower than the 64gb samsung pro microsdxc. the samsung works well for interactive use while i would only use this sandisk card for applications where speed isn't important."", ""it's a good reliable product that i can always rely upon. i highly recommend it to anyone looking for a micro sd.""]"
26,"nothing much to say here. works great and i haven't lost a single picture or video saved on here so far. read write speeds are excellent. i've been using this for a few months on my samsung galaxy s4 and i have no complaints. there is not much to review other than how it works so far it has been just as hoped. the read write time is very fast, and i have had no issues. i am currently using in a camera and it give basically unlimited pics and video due to the size so is great when travelling. this product has excellent quality! no problems so far. fast reading and data transferring. i love it! taking pictures like crazy without any worries. reliable product indeed.","[""nothing much to say here. works great and i haven't lost a single picture or video saved on here so far. read write speeds are excellent. i've been using this for a few months on my samsung galaxy s4 and i have no complaints."", 'there is not much to review other than how it works so far it has been just as hoped. the read write time is very fast, and i have had no issues. i am currently using in a camera and it give basically unlimited pics and video due to the size so is great when travelling.', 'this product has excellent quality! no problems so far. fast reading and data transferring. i love it! taking pictures like crazy without any worries. reliable product indeed.']"
27,"from what i've seen, this memory seems to have the best stats for transfer speeds and whatnot, but i'll let you do that research on your own, as far as the rest is concerned.pros the packaging was plenty to protect the product.came with the adapter to the full size sd card most of them do, but this is definitely nice the price beat those that i could find locally.cons none really that i can think of. i would give these a 5th star if the memory had consistent read write times per card.i'm not saying they aren't fast, but they all should stay within the rated speed they've been tested for, especially when in a usb 3.0 card reader! after they have been used several times their speed decreases to below the threshold, of the standard set for these chips. this chip is fast solid.there really isn't too much to say about this kind of memory. my most appealing aspect is the fact that it has a much faster access speed than many other sd cards.","[""from what i've seen, this memory seems to have the best stats for transfer speeds and whatnot, but i'll let you do that research on your own, as far as the rest is concerned.pros the packaging was plenty to protect the product.came with the adapter to the full size sd card most of them do, but this is definitely nice the price beat those that i could find locally.cons none really that i can think of."", ""i would give these a 5th star if the memory had consistent read write times per card.i'm not saying they aren't fast, but they all should stay within the rated speed they've been tested for, especially when in a usb 3.0 card reader! after they have been used several times their speed decreases to below the threshold, of the standard set for these chips."", ""this chip is fast solid.there really isn't too much to say about this kind of memory. my most appealing aspect is the fact that it has a much faster access speed than many other sd cards.""]"
28,"i like this product as it works very well. at first it only showed but when i plugged my camera using this micro sdhc into my laptop and seen that this card had 2 partitions on it, i had to chose the correct one to use, otherwise i couldn't take many pictures or videos. i wanted a micro sd card for a camera i purchased and this fit the bill at a reasonable price.fit right in and works well a well made replacement part for use with my system. reads and writes quickly to my camera. the down side i do not like the size of this card. very tiny and often difficult to remove from my canon camera. not a reflection on the san disk card quality but the industry move into micro miniture cards. i won't buy another camera using micro sd cards.","[""i like this product as it works very well. at first it only showed but when i plugged my camera using this micro sdhc into my laptop and seen that this card had 2 partitions on it, i had to chose the correct one to use, otherwise i couldn't take many pictures or videos."", 'i wanted a micro sd card for a camera i purchased and this fit the bill at a reasonable price.fit right in and works well', ""a well made replacement part for use with my system. reads and writes quickly to my camera. the down side i do not like the size of this card. very tiny and often difficult to remove from my canon camera. not a reflection on the san disk card quality but the industry move into micro miniture cards. i won't buy another camera using micro sd cards.""]"
29,"i had to return this and get another one, as the first was faulty. i hear this is semi common.must not have enough testing, i might suggest buying two and returning one if you are in desperate or sudden need of one of these chips, no matter what size. either it is the wrong chip or a false reading by the device because the data displayed consistently is 34 insert .. 34 i experienced absolutely no problems with this memory chip. it came in undamaged, it connected to my phone immediately and worked flawlessly. i would highly recommend this chip!","['i had to return this and get another one, as the first was faulty. i hear this is semi common.must not have enough testing, i might suggest buying two and returning one if you are in desperate or sudden need of one of these chips, no matter what size.', 'either it is the wrong chip or a false reading by the device because the data displayed consistently is 34 insert .. 34', 'i experienced absolutely no problems with this memory chip. it came in undamaged, it connected to my phone immediately and worked flawlessly. i would highly recommend this chip!']"
30,"great price for a great chip, it worked perfectly in my new smart phone. i swapped out a 4 gig chip with this one, and now i have lots of excess storage capacity. love this chip,... bought this for my samsung s4, it works well and fast.... no issues with it, so i bought one for my mom.... best buy wants almost a hundred dollars for this chip.it works perfectly in my samsung galaxy s111. this is a outstanding phone.it was updated to jellybean 4.3. it works flawlessly.i now have all the memory that i need in my phone.the sandisk warranty is outstanding.i doubt that i will ever have to use it.if you need to buy any chips,get them from amazon,they are much cheaper.best buy is getting greedy.","['great price for a great chip, it worked perfectly in my new smart phone. i swapped out a 4 gig chip with this one, and now i have lots of excess storage capacity.', 'love this chip,... bought this for my samsung s4, it works well and fast.... no issues with it, so i bought one for my mom....', 'best buy wants almost a hundred dollars for this chip.it works perfectly in my samsung galaxy s111. this is a outstanding phone.it was updated to jellybean 4.3. it works flawlessly.i now have all the memory that i need in my phone.the sandisk warranty is outstanding.i doubt that i will ever have to use it.if you need to buy any chips,get them from amazon,they are much cheaper.best buy is getting greedy.']"
31,"hard to review this. it's an amazing little chip with huge capacity and it does what it's supposed to do. 5 stars. great chip, bought it for use in my raspberry pi projects as linux hard drive.very fast.real deal.price was excellent.nice to get real chip, instead of cheap nock off, often sold as brand name card. i got this initially for my cellphone, however i have moved it to a raspberrypi, and it has been flawless, the storage is nice and the chip is fast, no issues to date.","[""hard to review this. it's an amazing little chip with huge capacity and it does what it's supposed to do. 5 stars."", 'great chip, bought it for use in my raspberry pi projects as linux hard drive.very fast.real deal.price was excellent.nice to get real chip, instead of cheap nock off, often sold as brand name card.', 'i got this initially for my cellphone, however i have moved it to a raspberrypi, and it has been flawless, the storage is nice and the chip is fast, no issues to date.']"
32,"marvelous, i just fixed it into my camera and it automatically recognized it. great storage for my camera to use works great. plenty of storage and writes fast to my portable camera. arrived on time. product was packed and warped well. works perfect, has no archive issues at all! looks and feels pretty durable! recommended for high end video and photography devices!","['marvelous, i just fixed it into my camera and it automatically recognized it. great storage for my camera to use', 'works great. plenty of storage and writes fast to my portable camera. arrived on time. product was packed and warped well.', 'works perfect, has no archive issues at all! looks and feels pretty durable! recommended for high end video and photography devices!']"
33,"very good product. i got tired of taking pictures and the memory is not over. so good that i bought another overall good quality item, worked fine from the start with no problems. stores photos quick without a lot of hassle. excellent product, high capacity, well made. holds many pics, movies, and music...a gift to the camera buff. i've always wanted a hi capacity item by sandisk.","['very good product. i got tired of taking pictures and the memory is not over. so good that i bought another', 'overall good quality item, worked fine from the start with no problems. stores photos quick without a lot of hassle.', ""excellent product, high capacity, well made. holds many pics, movies, and music...a gift to the camera buff. i've always wanted a hi capacity item by sandisk.""]"
34,"great fast storage. works great as my galaxy s4 storage card. you can always rely on sandisk products. pay a little more sometimes, but worth it. it's a pretty cheap card and has a good amount of storage, but it has fairly slow write performance. some competitors' microsd cards offer much faster performance for similar prices. amazing storage and speed! what more could u want! its almsot cheaper then buying the full sized sd card z","['great fast storage. works great as my galaxy s4 storage card. you can always rely on sandisk products. pay a little more sometimes, but worth it.', ""it's a pretty cheap card and has a good amount of storage, but it has fairly slow write performance. some competitors' microsd cards offer much faster performance for similar prices."", 'amazing storage and speed! what more could u want! its almsot cheaper then buying the full sized sd card z']"
35,"pros maximum external storage for my sgs3.plenty of space on my phone now to store music and pictures.fast data transfer.cons none.other shipped super fast think i actually got it next day packaged well. pros.1. bigest memory in a microsd card 64 gb .2. you have to format it with a modern device, if not you'll have only 32gb. if you format it with a modern device you'll have 60gb the 64gb is impossible, or at leats i couldn't .3. even if your device says maximum microsd memory 32gb , this memory 64 gb card can works. i tested on samsung galaxy player 5.0, galaxy sii and siii, galaxy note ii phone , galaxy note 10.1 tablet and on all asus transformer. it works fast and perfectly in all of them.cons.1. just the price but you already have plenty of offers. i waited patiently and finally i bought it for 49.9 incredible! storage size, fast read write speed, great price almost half that of a certain popular brick mortar store . i use this in my samsung galaxy tab 2 7.0 and i'm glad i chose it. i would def recommend it to anyone looking for microsd storage.","['pros maximum external storage for my sgs3.plenty of space on my phone now to store music and pictures.fast data transfer.cons none.other shipped super fast think i actually got it next day packaged well.', ""pros.1. bigest memory in a microsd card 64 gb .2. you have to format it with a modern device, if not you'll have only 32gb. if you format it with a modern device you'll have 60gb the 64gb is impossible, or at leats i couldn't .3. even if your device says maximum microsd memory 32gb , this memory 64 gb card can works. i tested on samsung galaxy player 5.0, galaxy sii and siii, galaxy note ii phone , galaxy note 10.1 tablet and on all asus transformer. it works fast and perfectly in all of them.cons.1. just the price but you already have plenty of offers. i waited patiently and finally i bought it for 49.9 incredible!"", ""storage size, fast read write speed, great price almost half that of a certain popular brick mortar store . i use this in my samsung galaxy tab 2 7.0 and i'm glad i chose it. i would def recommend it to anyone looking for microsd storage.""]"
36,"bought this for my wife to use in her phone and it is fast and error free. some cards do not show up with the correct size but this one does. this was a great fast card and i had no issues with it. my gs3 recognized it quickly and still works a year later. but since i can't say with any certainty whether it was the phone or the card, i'll just say it's a middle of the road product. when it did work though, man it was blazing fast read speed.","['bought this for my wife to use in her phone and it is fast and error free. some cards do not show up with the correct size but this one does.', 'this was a great fast card and i had no issues with it. my gs3 recognized it quickly and still works a year later.', ""but since i can't say with any certainty whether it was the phone or the card, i'll just say it's a middle of the road product. when it did work though, man it was blazing fast read speed.""]"
37,"it works and it is just as fast as it is supposed, stores pictures as fast as i can click. work as expected. very fast. actually is installed in a hd car camera dvr and recording every day, every move. good product. 100 recommended. my slr has sd cards that take time for the next click thought this would solve the problem as it says its faster and a way better product but i don't see that happening.","['it works and it is just as fast as it is supposed, stores pictures as fast as i can click.', 'work as expected. very fast. actually is installed in a hd car camera dvr and recording every day, every move. good product. 100 recommended.', ""my slr has sd cards that take time for the next click thought this would solve the problem as it says its faster and a way better product but i don't see that happening.""]"
38,"so far, so good seems very stable used in logitech alert cameras to replace the 2gb supplied with camera extends recordings to a much longer history months vs days! works great, no issues so far. speed is fairly good, alot better then my 2gb i had in an old camera. no issues so far, stores a lot of video. not too expensive and no issues with quality or speed. works fine with my gopro camera. highly recommend.","['so far, so good seems very stable used in logitech alert cameras to replace the 2gb supplied with camera extends recordings to a much longer history months vs days!', 'works great, no issues so far. speed is fairly good, alot better then my 2gb i had in an old camera.', 'no issues so far, stores a lot of video. not too expensive and no issues with quality or speed. works fine with my gopro camera. highly recommend.']"
39,"i bought this an formatted it to fat32 so i can use it in a devices that say they only allow 32gb card. to do this you must find a program that will format card above 32gb into fat32. windows will not format anything 32gb and higher in fat32, so try this site for a program to do it in ... anybody getting this 64 gb card be aware that this card before use needs to be formatted. the problem is that computers only format 32 gb or less i got only 28 gb formatted of the card. sandisk don't tell that to nobody. so what's the use to buy such expensive card when you can only use 32 gb instead of the 64. you can google it and discover that other people had the same problem. i wish i knew.i bought it to put it on my galaxy note 2 android phone. i think they shouldn't even sell the 64 gb or at least informed the people. i heard that there are applications that could make it work but when i buy something i expect that to work without the need of hassling around since i'm not a geek. the card only read as 27 gb not 64 gb. i have formatted in various formats with various tools, and operating systems. i ordered a replacement and concluded this was a dud. good luck buying this product, rest assured amazon has a good return policy.","['i bought this an formatted it to fat32 so i can use it in a devices that say they only allow 32gb card. to do this you must find a program that will format card above 32gb into fat32. windows will not format anything 32gb and higher in fat32, so try this site for a program to do it in ...', ""anybody getting this 64 gb card be aware that this card before use needs to be formatted. the problem is that computers only format 32 gb or less i got only 28 gb formatted of the card. sandisk don't tell that to nobody. so what's the use to buy such expensive card when you can only use 32 gb instead of the 64. you can google it and discover that other people had the same problem. i wish i knew.i bought it to put it on my galaxy note 2 android phone. i think they shouldn't even sell the 64 gb or at least informed the people. i heard that there are applications that could make it work but when i buy something i expect that to work without the need of hassling around since i'm not a geek."", 'the card only read as 27 gb not 64 gb. i have formatted in various formats with various tools, and operating systems. i ordered a replacement and concluded this was a dud. good luck buying this product, rest assured amazon has a good return policy.']"
40,"fast transfer rates, i downloaded about 2gb of videos form the card to my laptop through a card reader, all in about a minute using the included adaptor on my macbook pro to transfer files, i was impressed with the speed of this card. i formatted this card as ntfs...loaded it up with a bunch of my kids' favorite movie and tv shows. transfers seem to be pretty speedy, even while playing hd content.","['fast transfer rates, i downloaded about 2gb of videos form the card to my laptop through a card reader, all in about a minute', 'using the included adaptor on my macbook pro to transfer files, i was impressed with the speed of this card.', ""i formatted this card as ntfs...loaded it up with a bunch of my kids' favorite movie and tv shows. transfers seem to be pretty speedy, even while playing hd content.""]"
41,"all i can say is, these are probably the best i could find, fast and furious!if you dont get class 10, you are taking the risk of dropped frames on your hd videos.besides they are pretty too! great price, shipped fast, and well packaged. i have an incredible amount of space in my raspberry pi now! class 10 is the way to go...","['all i can say is, these are probably the best i could find, fast and furious!if you dont get class 10, you are taking the risk of dropped frames on your hd videos.besides they are pretty too!', 'great price, shipped fast, and well packaged. i have an incredible amount of space in my raspberry pi now! class 10 is the way to go...']"
42,"big card, a lot faster than the card that came with my phone. allows me to switch to video and take pics faster. if you are going to get a cloud storage program think about just getting a couple big cards instead makes downloading and accessing chunks of data a lot easier. fast little memory card. affordable, good quality. will be quadrupling my storage space on my device. i never seem to have enough of these lighting fast card and very well priced. came with backup software that allows your phone to be backed up to either a cloud service or to the sd card.","['big card, a lot faster than the card that came with my phone. allows me to switch to video and take pics faster. if you are going to get a cloud storage program think about just getting a couple big cards instead makes downloading and accessing chunks of data a lot easier.', 'fast little memory card. affordable, good quality. will be quadrupling my storage space on my device. i never seem to have enough of these', 'lighting fast card and very well priced. came with backup software that allows your phone to be backed up to either a cloud service or to the sd card.']"
43,"fast and lots of storage, not a flimsy card either. fells like its build tough. i would definitely recommend this to a friend. side note, if your device supports it and you can afford it, get the 64gb. youll appreciate never changing out ur card. plenty of space, works like a champ. speeds are fine for a tablet i mean how fast do these need to be? transfers go smoothly and the cards read well. lotsa space, man. observed writing speed is between 10mb to 7mb on my dedicated usb2 card reader. i wrote mostly music on it for my android phone. speed only matters for faster writing.","['fast and lots of storage, not a flimsy card either. fells like its build tough. i would definitely recommend this to a friend. side note, if your device supports it and you can afford it, get the 64gb. youll appreciate never changing out ur card.', 'plenty of space, works like a champ. speeds are fine for a tablet i mean how fast do these need to be? transfers go smoothly and the cards read well.', 'lotsa space, man. observed writing speed is between 10mb to 7mb on my dedicated usb2 card reader. i wrote mostly music on it for my android phone. speed only matters for faster writing.']"
44,"what can i say sandisk has the micro sd figured out. works with asus memo pad hd 7, movies for long trips. haven't used it yet. it's my first encounter with a micro. appears to be a quality product, though instructions for using the adapter would be welcomed. good cost and fulfillment. expecting it to function as advertised based on sandisk's track record at our house. i have several devices that use micro cards, so i buy these in anticipation of needs in the future. so i am not going to test this to see if it works when i get this. most items i buy at a good price. now if i am loading up cameras and recording gear for a trip or maybe a day at le mans. i will check them before i travel, as i check batteries and spares and chargers.so far i have not had a problem with sandisk, i am gearing up for a trip, my destination is a bit in question at this point.","['what can i say sandisk has the micro sd figured out. works with asus memo pad hd 7, movies for long trips.', ""haven't used it yet. it's my first encounter with a micro. appears to be a quality product, though instructions for using the adapter would be welcomed. good cost and fulfillment. expecting it to function as advertised based on sandisk's track record at our house."", 'i have several devices that use micro cards, so i buy these in anticipation of needs in the future. so i am not going to test this to see if it works when i get this. most items i buy at a good price. now if i am loading up cameras and recording gear for a trip or maybe a day at le mans. i will check them before i travel, as i check batteries and spares and chargers.so far i have not had a problem with sandisk, i am gearing up for a trip, my destination is a bit in question at this point.']"
45,"the only reason i give one star is that i cant give zero stars.just lost all my files in the sd in my s3. i cant believe i trust my valuable information in this company. avoid this item. dont recommend it. i gave it five stars, simply because i am not a tech genius, so i don't know if it is the best or not but jeez, this thing is fast and it does everything that i wanted it to do. i have no complaints so far. i'm a very happy customer and i would definitely recommend this product to someone who is looking at buying an affordable micro sd card. i am only giving this product 3 stars becuse i purchased this one as a replacement for a sandisk micro sd card that kept having problems with. i finally got tired of losing my data and ponied up the 20 odd dollars to just replace the darn thing.","['the only reason i give one star is that i cant give zero stars.just lost all my files in the sd in my s3. i cant believe i trust my valuable information in this company. avoid this item. dont recommend it.', ""i gave it five stars, simply because i am not a tech genius, so i don't know if it is the best or not but jeez, this thing is fast and it does everything that i wanted it to do. i have no complaints so far. i'm a very happy customer and i would definitely recommend this product to someone who is looking at buying an affordable micro sd card."", 'i am only giving this product 3 stars becuse i purchased this one as a replacement for a sandisk micro sd card that kept having problems with. i finally got tired of losing my data and ponied up the 20 odd dollars to just replace the darn thing.']"
46,i have had this for about a year and it has worked flawlessly. i use it add to the capacity of my macbook air and it has given me 50 more storage space. great product. disk is very small and it fits into one that fits your computer. so far it has enough room to store my driving time for the day.you then can download everything into your computer for viewing.,"['i have had this for about a year and it has worked flawlessly. i use it add to the capacity of my macbook air and it has given me 50 more storage space. great product.', 'disk is very small and it fits into one that fits your computer. so far it has enough room to store my driving time for the day.you then can download everything into your computer for viewing.']"
47,"i use it to put my music videos and movies on. works great with my tablet and there is no stalling on the movies or videos. i use this in my dell venue 8 tablet. i have loaded it up with movies mp 4's and they playback flawlessly. however if it try to add a very large movie 4gb my windows 7 machine says that it is too large for the destination format. i shrink them down when that happens. again, i am very happy with this purchase. just wanted to point out a small limitation. i purchased this to increase the storage on my tablet. plugged in and worked immediately and was very affordable. i am not a tech expert but it seems to have no problem saving large video clips and playing them back. there was 1 cheaper than this, but this seemed to have better reviews so i went with this one. it was about half the cost of the cheapest one i could find at the big box store.","['i use it to put my music videos and movies on. works great with my tablet and there is no stalling on the movies or videos.', ""i use this in my dell venue 8 tablet. i have loaded it up with movies mp 4's and they playback flawlessly. however if it try to add a very large movie 4gb my windows 7 machine says that it is too large for the destination format. i shrink them down when that happens. again, i am very happy with this purchase. just wanted to point out a small limitation."", 'i purchased this to increase the storage on my tablet. plugged in and worked immediately and was very affordable. i am not a tech expert but it seems to have no problem saving large video clips and playing them back. there was 1 cheaper than this, but this seemed to have better reviews so i went with this one. it was about half the cost of the cheapest one i could find at the big box store.']"
48,i bought this card to extend the storage capability of my tablet. it holds hundreds of my short video files without having to use the tablet's built in memory. transfer speed from my computer into the card is relatively fast. if someday i may need more storage in the tablet i can always buy another one of these cards. i have a program that allows me to condense the movies i own into about 1gb size. i transferred them to this card and am able to watch movies on my samsung tablet. i also have music and home movies on there. when my husband had surgery recently and waited for hours in the waiting room. i watched funny movies and family movies. it took my mind off things and the time sped by. i take my tablet to the gym in the morning and either watch movies stored on this card or stream slingbox from the house. this allows me to store a lot of movies at one time. works great.,"[""i bought this card to extend the storage capability of my tablet. it holds hundreds of my short video files without having to use the tablet's built in memory. transfer speed from my computer into the card is relatively fast. if someday i may need more storage in the tablet i can always buy another one of these cards."", 'i have a program that allows me to condense the movies i own into about 1gb size. i transferred them to this card and am able to watch movies on my samsung tablet. i also have music and home movies on there. when my husband had surgery recently and waited for hours in the waiting room. i watched funny movies and family movies. it took my mind off things and the time sped by.', 'i take my tablet to the gym in the morning and either watch movies stored on this card or stream slingbox from the house. this allows me to store a lot of movies at one time. works great.']"
49,"i will keep it short and sweet for potential buyers looking for facts and not b.s.i own two of the 32gb size of these cards for about 3 months now. they do work fairly well with cell phones and tablets, yet not so good with cameras, in fact these cards failed to work with my gopro hero3 camera and the customer service rep from gopro claimed and i happen to agree with him that this card is not a true class 10 card let alone uhs 1.benchmarks with my evo 4g with all allocation sizes the write speed never passed beyond 8mb s while read speeds wondered around 25mb s far below advertised speeds, well write speeds arent technically advertised probably because they are of class 4 level benchmarks with crystal mark reported speeds even lower due to adapter with write speeds around 6mb s while read speeds wondered around 20mb s.needless to say, if you are not worried about speeds and only about storage, these are perfect. if you want to use them for shooting high definition raw footage however, i suggest you not to loose your money on this, because even if your write speeds are around 10mb s as the card begins to decay it will slow down to become useless.again this review is based on gopro camera and high definition raw recording.. for cell phones or for storage it works perfectly well with a bit of false advertisement.. i purchased this card for use in my helmet mounted video camera. all memory cards are not the same and as correctly stated by a previous reviewer even cards rated the same class number don't perform the same. this card performs well in sub zero temperatures when catching ski ing action and also high speed flying action in southern ca in very high temperatures in a black camera. i did not measure the actual data speed, but it captured 1080p hd 30fps video from my camera without any issues.overall this card is good value, performs well and i would recommend it. i bought these for my elph 520 more for speed than space. i wanted to use the rapid photo taking modes on the camera and wanted to ensure the sd card was not the limit at all. the uhs 1 cards are supposed to be faster than normal class 10 cards. so far i've had no hiccups or issues taking super high speed video footage and rapid fire images.","['i will keep it short and sweet for potential buyers looking for facts and not b.s.i own two of the 32gb size of these cards for about 3 months now. they do work fairly well with cell phones and tablets, yet not so good with cameras, in fact these cards failed to work with my gopro hero3 camera and the customer service rep from gopro claimed and i happen to agree with him that this card is not a true class 10 card let alone uhs 1.benchmarks with my evo 4g with all allocation sizes the write speed never passed beyond 8mb s while read speeds wondered around 25mb s far below advertised speeds, well write speeds arent technically advertised probably because they are of class 4 level benchmarks with crystal mark reported speeds even lower due to adapter with write speeds around 6mb s while read speeds wondered around 20mb s.needless to say, if you are not worried about speeds and only about storage, these are perfect. if you want to use them for shooting high definition raw footage however, i suggest you not to loose your money on this, because even if your write speeds are around 10mb s as the card begins to decay it will slow down to become useless.again this review is based on gopro camera and high definition raw recording.. for cell phones or for storage it works perfectly well with a bit of false advertisement..', ""i purchased this card for use in my helmet mounted video camera. all memory cards are not the same and as correctly stated by a previous reviewer even cards rated the same class number don't perform the same. this card performs well in sub zero temperatures when catching ski ing action and also high speed flying action in southern ca in very high temperatures in a black camera. i did not measure the actual data speed, but it captured 1080p hd 30fps video from my camera without any issues.overall this card is good value, performs well and i would recommend it."", ""i bought these for my elph 520 more for speed than space. i wanted to use the rapid photo taking modes on the camera and wanted to ensure the sd card was not the limit at all. the uhs 1 cards are supposed to be faster than normal class 10 cards. so far i've had no hiccups or issues taking super high speed video footage and rapid fire images.""]"
50,"good price good quality, this card works perfectly for my video recorder as well as my canon 500d. the class 10 really bust up the speed when you need to import the photo or video. picked this up for my sport action camera and it's just what i needed. class 10 and the speeds match up with the rating. came with a sd card adapter which was a nice bonus. been using it for almost 2 months now with formatting after each filming. no lag on any of the video, no problems with card, running strong. inexpensive, fast and made my videos a bit less choppy during recording hd. a good buy now, and seems to be a better value for the class 10 cards...","['good price good quality, this card works perfectly for my video recorder as well as my canon 500d. the class 10 really bust up the speed when you need to import the photo or video.', ""picked this up for my sport action camera and it's just what i needed. class 10 and the speeds match up with the rating. came with a sd card adapter which was a nice bonus. been using it for almost 2 months now with formatting after each filming. no lag on any of the video, no problems with card, running strong."", 'inexpensive, fast and made my videos a bit less choppy during recording hd. a good buy now, and seems to be a better value for the class 10 cards...']"
51,"i have had cheaper sd cards in the past, but they almost always wound up letting me down. i made up my mind some time ago that i would stick with sandisk and have been completely satisfied with all my cards from them ever since. this card sits in my wife's phone and is used to store all her music and pictures. it has been in out close to a dozen times because i like to fiddle with stuff and as proven very durable.in case anyone wants to know, 34 class 10 34 is the only way to go with these cards until they come out with something faster , the read write speed is well worth the few extra bucks for my needs.i also have a 34 class 10 34 64 gb in my galaxy siii and it's as good or better. i even got it wet i mean soaked and it is still working like a charm.i will definitely recommend this to anyone, and will be sticking with sandisk for all my other devices. you buy a several hundred dollars worth product and then you add up a cheap sd card? what a shame! go for a class 10 sandisk card!! they are very fast and reliable. i use it with my lumix camera and my brother's just bought it for his galaxy s4 mini...","[""i have had cheaper sd cards in the past, but they almost always wound up letting me down. i made up my mind some time ago that i would stick with sandisk and have been completely satisfied with all my cards from them ever since. this card sits in my wife's phone and is used to store all her music and pictures. it has been in out close to a dozen times because i like to fiddle with stuff and as proven very durable.in case anyone wants to know, 34 class 10 34 is the only way to go with these cards until they come out with something faster , the read write speed is well worth the few extra bucks for my needs.i also have a 34 class 10 34 64 gb in my galaxy siii and it's as good or better. i even got it wet i mean soaked and it is still working like a charm.i will definitely recommend this to anyone, and will be sticking with sandisk for all my other devices."", ""you buy a several hundred dollars worth product and then you add up a cheap sd card? what a shame! go for a class 10 sandisk card!! they are very fast and reliable. i use it with my lumix camera and my brother's just bought it for his galaxy s4 mini...""]"
52,"i got the 64gb card in and i just placed it in the sony cyber tx66 camera and and it ran it's preparation program for 2 seconds, and low and behold, it works perfectly. after shooting and taking hd movie and highest res pictures i used sony software download and it recognized the card at about 59.8gb. this camera could probably take the 128 micro card i inserted the 128gb microsd card and it works great. i didn't even have to format it. my tablet see 119gb which is still good. once i read the reviews about the card it made me think second about it. sandisk fixed all the issues they had in the previous years to the point where all i have to do is stick the card in the slot and the space is available. great job sandisk for listening to people's complaints and fixing issues in the past. i was looking for a solution to consolidate all the pictures i had on my lenovo tablet 2 comes with built in 64mb and a micro sd reader where i had a 64gb card full . this was a great find and i have not moved all my files to this 128mb card. i don't see any speed issue but did not do a formal test to check the capacity.","[""i got the 64gb card in and i just placed it in the sony cyber tx66 camera and and it ran it's preparation program for 2 seconds, and low and behold, it works perfectly. after shooting and taking hd movie and highest res pictures i used sony software download and it recognized the card at about 59.8gb. this camera could probably take the 128 micro card"", ""i inserted the 128gb microsd card and it works great. i didn't even have to format it. my tablet see 119gb which is still good. once i read the reviews about the card it made me think second about it. sandisk fixed all the issues they had in the previous years to the point where all i have to do is stick the card in the slot and the space is available. great job sandisk for listening to people's complaints and fixing issues in the past."", ""i was looking for a solution to consolidate all the pictures i had on my lenovo tablet 2 comes with built in 64mb and a micro sd reader where i had a 64gb card full . this was a great find and i have not moved all my files to this 128mb card. i don't see any speed issue but did not do a formal test to check the capacity.""]"
53,"32gb of storage for my new asus tablet, what's not to love? i can't imagine paying more for the model with the upgraded storage, especially since it's usually like 100 more. this thing was cheap and works great. i'm a nerd and a hoarder. i waited a year for more memory than 64gb. i wanted to carry my extensive digital comic collection on my tablet. no longer waiting. happy nerd.","[""32gb of storage for my new asus tablet, what's not to love? i can't imagine paying more for the model with the upgraded storage, especially since it's usually like 100 more. this thing was cheap and works great."", ""i'm a nerd and a hoarder. i waited a year for more memory than 64gb. i wanted to carry my extensive digital comic collection on my tablet. no longer waiting. happy nerd.""]"
54,"i bought this for my husband and then the 32 gb one went on sale so i bought that one for him. i use this one in my tablet and i love it! no issues!! holds lots of data with fast read write capabilities. sometimes i wish i had gone for the 64gb version, but the 32gb is great for adding memory to a ssd tablet like the surface pro. this is one of those products that either works or it doesn't which rarely happens , so what can i say. it work's great. 32 gb allows plenty of room for storage in my tablet, and with the high rate transfer speed apps run as quickly as if they were using internal memory storage.","['i bought this for my husband and then the 32 gb one went on sale so i bought that one for him. i use this one in my tablet and i love it! no issues!!', 'holds lots of data with fast read write capabilities. sometimes i wish i had gone for the 64gb version, but the 32gb is great for adding memory to a ssd tablet like the surface pro.', ""this is one of those products that either works or it doesn't which rarely happens , so what can i say. it work's great. 32 gb allows plenty of room for storage in my tablet, and with the high rate transfer speed apps run as quickly as if they were using internal memory storage.""]"
55,"i love it so far it works as it should the price was good and i am very pleased in fact i bought a 64 gb as well for my phone i bought the 32 gb for my wife what can i say that hasn't said already for this product, very fast delivery, excellent packaging, right price and it works perfect with my samsung galaxy sii.looking forward to buy a 64gb for my new s4 worked exactly as advertised, good price, happy with our purchase. will probably wait for the 64gb version to drop a bit in price before i get one for my phone. this one was for the wife.","['i love it so far it works as it should the price was good and i am very pleased in fact i bought a 64 gb as well for my phone i bought the 32 gb for my wife', ""what can i say that hasn't said already for this product, very fast delivery, excellent packaging, right price and it works perfect with my samsung galaxy sii.looking forward to buy a 64gb for my new s4"", 'worked exactly as advertised, good price, happy with our purchase. will probably wait for the 64gb version to drop a bit in price before i get one for my phone. this one was for the wife.']"
56,"i got this for my cell phone and it was easy to put in. i have had not problems with it at all, it's been in my phone for a few months now and it's great having all the extra storage for pictures. i got it on time and it was so easy to remove from the package. i ordered this in anticipation of getting my new galaxy s4. it arrived quickly long before the phone was is my hands! and was easy to install. after almost 2 months, i've had no problems at all so far. i store all my photos and music on it, and it's great not to have to worry about maxing out the phone's native memory.","[""i got this for my cell phone and it was easy to put in. i have had not problems with it at all, it's been in my phone for a few months now and it's great having all the extra storage for pictures. i got it on time and it was so easy to remove from the package."", ""i ordered this in anticipation of getting my new galaxy s4. it arrived quickly long before the phone was is my hands! and was easy to install. after almost 2 months, i've had no problems at all so far. i store all my photos and music on it, and it's great not to have to worry about maxing out the phone's native memory.""]"
57,"liked the first one i purchased so much, i bought a second one. very, very fast read and write speeds at a good price, plus sandisk has the best software and device compatibility. forget thumb drives this is your most flexible, durable option. use direct in your tablet or smart phone and or buy a decent usb card reader you can load this in and, voila, instant super speedy, upgradeable thumb drive. works great in my tablet and in my newer card reader and still kicks the butt of every thumb drive i know of even when used with my old plastic usb 2.0 card reader held together with scotch tape, lol. have purchased several microsd cards since they first came out, from 2gb to 32gb, and all still work fine i cannot say the same re the thumb drives i purchased during that same time period.one point beware of counterfeits. samsung is the number one brand so, unfortunately, they get counterfeited a lot. so check reviews and only buy from a reliable seller. i suggest buying direct from amazon or memory mogul i have purchased from both with no issues. the sandisk ultra is a very high quality micro sd card. i have bought several and have never had an issue with any of them, which i can't say about less expensive cards. if you need a card for your smart phone or tablet, this is it, just make sure not to get a bigger capacity card than your device can use. i bought exactly the same micro sdhc sandisk ultra 32gb about a year ago and which i'm using daily. this stuff is reliable, it has never gave me any sort of problem. my setup for this card is like a hard drive in a pc where i read write a lot of large amount of data everytime like video files, photos, maps, documents and it has been working flawlessly. not an instance i recall that it failed me and also it is fast. my tablet is my pc now and i'm using it for several hours each day. all of my data are set to be read and written into this external disk. i couldn't be more happier. i had use other brands in the past but somehow it didn't meet my expectations. the new disk i ordered will be my backup copy just in case i lost my tablet.","['liked the first one i purchased so much, i bought a second one. very, very fast read and write speeds at a good price, plus sandisk has the best software and device compatibility. forget thumb drives this is your most flexible, durable option. use direct in your tablet or smart phone and or buy a decent usb card reader you can load this in and, voila, instant super speedy, upgradeable thumb drive. works great in my tablet and in my newer card reader and still kicks the butt of every thumb drive i know of even when used with my old plastic usb 2.0 card reader held together with scotch tape, lol. have purchased several microsd cards since they first came out, from 2gb to 32gb, and all still work fine i cannot say the same re the thumb drives i purchased during that same time period.one point beware of counterfeits. samsung is the number one brand so, unfortunately, they get counterfeited a lot. so check reviews and only buy from a reliable seller. i suggest buying direct from amazon or memory mogul i have purchased from both with no issues.', ""the sandisk ultra is a very high quality micro sd card. i have bought several and have never had an issue with any of them, which i can't say about less expensive cards. if you need a card for your smart phone or tablet, this is it, just make sure not to get a bigger capacity card than your device can use."", ""i bought exactly the same micro sdhc sandisk ultra 32gb about a year ago and which i'm using daily. this stuff is reliable, it has never gave me any sort of problem. my setup for this card is like a hard drive in a pc where i read write a lot of large amount of data everytime like video files, photos, maps, documents and it has been working flawlessly. not an instance i recall that it failed me and also it is fast. my tablet is my pc now and i'm using it for several hours each day. all of my data are set to be read and written into this external disk. i couldn't be more happier. i had use other brands in the past but somehow it didn't meet my expectations. the new disk i ordered will be my backup copy just in case i lost my tablet.""]"
58,"update 6 19 2014 so my lovely wife bought me a samsung galaxy tab 4 for father's day and i've been loving it ever since. just as other with samsung products, the galaxy tab 4 has the ability to add a microsd card to expand the memory on the device. since it's been over a year, i decided to do some more research to see if sandisk offered anything new. as of 6 19 2014, their product lineup for microsd cards from worst to best performance wise are the as follows sandisksandisk ultrasandisk ultra plussandisk extremesandisk extreme plussandisk extreme pronow, the difference between all of these cards are simply the speed in which you can read write data to the card. yes, the published rating of most all these cards except the sandisk regular are class 10 uhs i but that's just a rating... actual real world performance does get better with each model, but with faster cards come more expensive prices. since amazon doesn't carry the ultra plus model of microsd card, i had to do direct comparisons between the sandisk ultra 34.27 , extreme 57.95 , and extreme plus 67.95 .as mentioned in my earlier review, i purchased the sandisk ultra for my galaxy s4. my question was, did i want to pay over 20 more for a card that is faster than the one i already owned? or i could pay almost double to get sandisk's 2nd most fastest microsd card.the ultra works perfectly fine for my style of usage storing capturing pictures hd video and movie playback on my phone. so in the end, i ended up just buying another sandisk ultra 64gb card. i use my cell phone more than i do my tablet and if the card is good enough for my phone, it's good enough for my tablet. i don't own a 4k hd camera or anything like that, so i honestly didn't see a need to get one of the faster cards at this time.i am now a proud owner of 2 sandisk ultra cards and have absolutely 0 issues with it in my samsung devices. original review 5 1 2013 i haven't had to buy a microsd card in a long time. the last time i bought one was for my cell phone over 2 years ago. but since my cellular contract was up, i knew i would have to get a newer card in addition to my new phone, the samsung galaxy s4. reason for this is because i knew my small 16gb microsd card wasn't going to cut it.doing research on the galaxy s4, i wanted to get the best card possible that had decent capacity 32 gb or greater . this led me to find that the galaxy s4 supports the microsdxc class 10 uhs i card, which is the fastest possible given that class. searching for that specifically on amazon gave me results of only 3 vendors as of april that makes these microsdxc class 10 uhs 1 cards. they are sandisk the majority , samsung and lexar. nobody else makes these that are sold on amazon.seeing how sandisk is a pretty good name out of the 3 i've used them the most , i decided upon the sandisk because lexar was overpriced and the samsung one was overpriced as well as not eligible for amazon prime .but the scary thing is that when you filter by the sandisk, you literally get dozens of options. all of them have different model numbers, different sizes, etc. then there's that confusion of what's the difference between sdhc sdxc?sdhc vs sdxc sdhc stand for secure digital high capacity and sdxc stands for secure digital extended capacity . essentially these two cards are the same with the exception that sdhc only supports capcities up to 32gb and is formated with the fat32 file system. the sdxc cards are formatted with the exfat file system. if you use an sdxc card in a device, it must support that file system, otherwise it may not be recognizable and or you have to reformat the card to fat32.fat32 vs exfat the differences between the two file systems means that fat32 has a maximum file size of 4gb, limited by that file system. exfat on the otherhand, supports file sizes up to 2tb terabytes . the only thing you need to know here really is that it's possible your device doesn't support exfat. if that's the case, just reformat it to fat32. remember formatting erases all data!to clarify the model numbers, i i hopped over to the sandisk official webpage. what i found there is that they offer two highspeed options for sandisk cards. these are sandisk extreme pro and sandisk ultra. sandisk extreme pro is a line that supports read speeds up to 95mb sec, however they are sdhc only. to make things worse, they are currently only available in 16gb 8gb capacities. since one of my requirements was to have a lot of storage, i ruled these out.the remaining devices listed on amazon's search were the sandisk ultra line. but here, confusion sets in because sandisk separates these cards to two different devices. cameras mobile devices. is there a real difference between the two or is this just a marketing stunt? unfortunately i'm not sure but i do know the price difference between the two range from a couple cents to a few dollars. since i wasn't sure, i opted for the one specifically targeted for mobile devices just in case there is some kind of compatibility issue . to find the exact model number, i would go to sandisk's webpage sandisk.com and compare their existing product lineup. from there, you get exact model numbers and you can then search amazon for these model numbers. that is how i got mine sdsdqua 064g .as for speed tests, i haven't run any specific testing, but copying 8 gb worth of data from my pc to the card literally took just a few minutes.one last note is that amazon attaches additional characters to the end for example sdsdqua 064g affp a vs sdsdqua 064g u46a . the difference between the two is that the affp a means amazon frustration free packaging . other than that, these are exactly the same. if you're wondering what i got and want to use it in your galaxy s4 , i got the sdsdqua 064g u46a and it works like charm. i have a long term positive experience using sandisk cards. i have been very pleased with the way these cards work in my samsung galaxy note 8.0. no problems whatsoever and the capacity is huge.i quickly became confused about the differences between the so called 34 mobile 34 ultra cards and the ultra cards. the performance specs to my 34 intermediate tech experience 34 eyes were virtually the same. the prices were also similar, with the 34 mobile 34 version slightly higher. to finally resolve my confusion i contacted sandisk technical support. to my surprise, the 34 mobile 34 version is the older, no longer manufactured version. the ultra is the current model. so i immediately bought the current ultra version, which very fortunately amazon had on sale! i purchased the sandisk ultra 32gb microsdhc for some extra storage room for my samsung galaxy note 10.1 tablet. i was considering the 64 gb, but went with this card because i have the 64gb version on my galaxy note 2 phone and i have never come close to needing all that space. granted, i don't store any music on my phone but i do take a lot of photos videos and store as many apps on the microsdhc card rather than use the phone's internal memory.for the cost savings of going with the smaller 32gb card, it was a no brainer.the card has worked flawlessly since i installed it on my tablet and have had no problems with it whatsoever. plus sandisk is a big name in storage so again, it's a no brainer buy it!","[""update 6 19 2014 so my lovely wife bought me a samsung galaxy tab 4 for father's day and i've been loving it ever since. just as other with samsung products, the galaxy tab 4 has the ability to add a microsd card to expand the memory on the device. since it's been over a year, i decided to do some more research to see if sandisk offered anything new. as of 6 19 2014, their product lineup for microsd cards from worst to best performance wise are the as follows sandisksandisk ultrasandisk ultra plussandisk extremesandisk extreme plussandisk extreme pronow, the difference between all of these cards are simply the speed in which you can read write data to the card. yes, the published rating of most all these cards except the sandisk regular are class 10 uhs i but that's just a rating... actual real world performance does get better with each model, but with faster cards come more expensive prices. since amazon doesn't carry the ultra plus model of microsd card, i had to do direct comparisons between the sandisk ultra 34.27 , extreme 57.95 , and extreme plus 67.95 .as mentioned in my earlier review, i purchased the sandisk ultra for my galaxy s4. my question was, did i want to pay over 20 more for a card that is faster than the one i already owned? or i could pay almost double to get sandisk's 2nd most fastest microsd card.the ultra works perfectly fine for my style of usage storing capturing pictures hd video and movie playback on my phone. so in the end, i ended up just buying another sandisk ultra 64gb card. i use my cell phone more than i do my tablet and if the card is good enough for my phone, it's good enough for my tablet. i don't own a 4k hd camera or anything like that, so i honestly didn't see a need to get one of the faster cards at this time.i am now a proud owner of 2 sandisk ultra cards and have absolutely 0 issues with it in my samsung devices. original review 5 1 2013 i haven't had to buy a microsd card in a long time. the last time i bought one was for my cell phone over 2 years ago. but since my cellular contract was up, i knew i would have to get a newer card in addition to my new phone, the samsung galaxy s4. reason for this is because i knew my small 16gb microsd card wasn't going to cut it.doing research on the galaxy s4, i wanted to get the best card possible that had decent capacity 32 gb or greater . this led me to find that the galaxy s4 supports the microsdxc class 10 uhs i card, which is the fastest possible given that class. searching for that specifically on amazon gave me results of only 3 vendors as of april that makes these microsdxc class 10 uhs 1 cards. they are sandisk the majority , samsung and lexar. nobody else makes these that are sold on amazon.seeing how sandisk is a pretty good name out of the 3 i've used them the most , i decided upon the sandisk because lexar was overpriced and the samsung one was overpriced as well as not eligible for amazon prime .but the scary thing is that when you filter by the sandisk, you literally get dozens of options. all of them have different model numbers, different sizes, etc. then there's that confusion of what's the difference between sdhc sdxc?sdhc vs sdxc sdhc stand for secure digital high capacity and sdxc stands for secure digital extended capacity . essentially these two cards are the same with the exception that sdhc only supports capcities up to 32gb and is formated with the fat32 file system. the sdxc cards are formatted with the exfat file system. if you use an sdxc card in a device, it must support that file system, otherwise it may not be recognizable and or you have to reformat the card to fat32.fat32 vs exfat the differences between the two file systems means that fat32 has a maximum file size of 4gb, limited by that file system. exfat on the otherhand, supports file sizes up to 2tb terabytes . the only thing you need to know here really is that it's possible your device doesn't support exfat. if that's the case, just reformat it to fat32. remember formatting erases all data!to clarify the model numbers, i i hopped over to the sandisk official webpage. what i found there is that they offer two highspeed options for sandisk cards. these are sandisk extreme pro and sandisk ultra. sandisk extreme pro is a line that supports read speeds up to 95mb sec, however they are sdhc only. to make things worse, they are currently only available in 16gb 8gb capacities. since one of my requirements was to have a lot of storage, i ruled these out.the remaining devices listed on amazon's search were the sandisk ultra line. but here, confusion sets in because sandisk separates these cards to two different devices. cameras mobile devices. is there a real difference between the two or is this just a marketing stunt? unfortunately i'm not sure but i do know the price difference between the two range from a couple cents to a few dollars. since i wasn't sure, i opted for the one specifically targeted for mobile devices just in case there is some kind of compatibility issue . to find the exact model number, i would go to sandisk's webpage sandisk.com and compare their existing product lineup. from there, you get exact model numbers and you can then search amazon for these model numbers. that is how i got mine sdsdqua 064g .as for speed tests, i haven't run any specific testing, but copying 8 gb worth of data from my pc to the card literally took just a few minutes.one last note is that amazon attaches additional characters to the end for example sdsdqua 064g affp a vs sdsdqua 064g u46a . the difference between the two is that the affp a means amazon frustration free packaging . other than that, these are exactly the same. if you're wondering what i got and want to use it in your galaxy s4 , i got the sdsdqua 064g u46a and it works like charm."", 'i have a long term positive experience using sandisk cards. i have been very pleased with the way these cards work in my samsung galaxy note 8.0. no problems whatsoever and the capacity is huge.i quickly became confused about the differences between the so called 34 mobile 34 ultra cards and the ultra cards. the performance specs to my 34 intermediate tech experience 34 eyes were virtually the same. the prices were also similar, with the 34 mobile 34 version slightly higher. to finally resolve my confusion i contacted sandisk technical support. to my surprise, the 34 mobile 34 version is the older, no longer manufactured version. the ultra is the current model. so i immediately bought the current ultra version, which very fortunately amazon had on sale!', ""i purchased the sandisk ultra 32gb microsdhc for some extra storage room for my samsung galaxy note 10.1 tablet. i was considering the 64 gb, but went with this card because i have the 64gb version on my galaxy note 2 phone and i have never come close to needing all that space. granted, i don't store any music on my phone but i do take a lot of photos videos and store as many apps on the microsdhc card rather than use the phone's internal memory.for the cost savings of going with the smaller 32gb card, it was a no brainer.the card has worked flawlessly since i installed it on my tablet and have had no problems with it whatsoever. plus sandisk is a big name in storage so again, it's a no brainer buy it!""]"
59,"arrived in manufacturers packaging so it looked authentic. i was still sceptical based on reviews i read from others on amazon, so i called thecustomer service phone number for san disk and they verified it was genuine. you will need a magnifying glass ro see the numbers printed on the back of the card, or alternately you can take a photo of it with your smartphone, i used the galaxy s3 om macro or text setting and then enlarged the photo to read the numbers.very happy with this card fast response, have hundreds of photos and songs on this card and it works great. this is the real deal. there are fakes out there and this is not one of them. this shipped directly from sandisk corporation! when purchasing from amazon and the seller is different you never know what you may receive and they the seller are not always aware of fakes so you have to contact sandisk to provide the serial code number off the card or send a pic to them so they may authenticate it. it's nice to not have to do that for a change! checked the partition and it's correct. also confirmed this card ir read by lg optimus g pro on at t network. these are genuine sandisk memory cards, but from a defective batch. i lost all of my photos and videos taken on my phone over the last two years because the card had a catastrophic failure. sandisk reps informed me the batch was bad and they were aware of the problem.","['arrived in manufacturers packaging so it looked authentic. i was still sceptical based on reviews i read from others on amazon, so i called thecustomer service phone number for san disk and they verified it was genuine. you will need a magnifying glass ro see the numbers printed on the back of the card, or alternately you can take a photo of it with your smartphone, i used the galaxy s3 om macro or text setting and then enlarged the photo to read the numbers.very happy with this card fast response, have hundreds of photos and songs on this card and it works great.', ""this is the real deal. there are fakes out there and this is not one of them. this shipped directly from sandisk corporation! when purchasing from amazon and the seller is different you never know what you may receive and they the seller are not always aware of fakes so you have to contact sandisk to provide the serial code number off the card or send a pic to them so they may authenticate it. it's nice to not have to do that for a change! checked the partition and it's correct. also confirmed this card ir read by lg optimus g pro on at t network."", 'these are genuine sandisk memory cards, but from a defective batch. i lost all of my photos and videos taken on my phone over the last two years because the card had a catastrophic failure. sandisk reps informed me the batch was bad and they were aware of the problem.']"
60,"product arrived on time not excessively packaged. worked perfectly out of the box. speed is excellent as i can play movies on it and the large file transfer time is very quick on the tablet. received the product in 3 days even though it was shipped with free shipping with a number of other items. using it for my new cell phone to store pictures, movies, etc. and moved everything from my old phone with a mobile reader also purchased with this item. everything worked flawlessly. arrived very quickly. no issues whatsoever. lots of storage space for music and pictures when used with a phone that is compatible.","['product arrived on time not excessively packaged. worked perfectly out of the box. speed is excellent as i can play movies on it and the large file transfer time is very quick on the tablet.', 'received the product in 3 days even though it was shipped with free shipping with a number of other items. using it for my new cell phone to store pictures, movies, etc. and moved everything from my old phone with a mobile reader also purchased with this item. everything worked flawlessly.', 'arrived very quickly. no issues whatsoever. lots of storage space for music and pictures when used with a phone that is compatible.']"
61,"i received the memory card in great condition and packing,. i am very pleased with it. i put it in an outdoor camera to video comings and goings of wild life. works great received my card in a decent amount of time and it was packaged well . the memory card was crispy brand new and in perfect condition . after installing the card in my video camera it worked perfectly! very good deal. the item arrived in perfect shape and even included a sd adapter if you need it. the card has worked just fine for me so far, so i have not complaints.","['i received the memory card in great condition and packing,. i am very pleased with it. i put it in an outdoor camera to video comings and goings of wild life. works great', 'received my card in a decent amount of time and it was packaged well . the memory card was crispy brand new and in perfect condition . after installing the card in my video camera it worked perfectly! very good deal.', 'the item arrived in perfect shape and even included a sd adapter if you need it. the card has worked just fine for me so far, so i have not complaints.']"
62,great price and just what i needed i would recomend this product i think all scan disk products are good a scan disc is a standard thing however the price for this 32gb was a good deal and the shipping was quick. this was a good buy would definitely recommend ! what can you say about a disk. it is doing the work that it was made to do. i am happy with it.,"['great price and just what i needed i would recomend this product i think all scan disk products are good', 'a scan disc is a standard thing however the price for this 32gb was a good deal and the shipping was quick. this was a good buy would definitely recommend !', 'what can you say about a disk. it is doing the work that it was made to do. i am happy with it.']"
63,"it came in a reasonable amount of time and was exactly as i ordered. no pretty lights and no stunning sound. just a reliable memory card that worked and has not failed. item arrived in a timely manner via usps surprisingly . i bought this card to go in my gopro camera, it fit in there gerat and now i have 3 hours of recording time.","['it came in a reasonable amount of time and was exactly as i ordered. no pretty lights and no stunning sound. just a reliable memory card that worked and has not failed.', 'item arrived in a timely manner via usps surprisingly . i bought this card to go in my gopro camera, it fit in there gerat and now i have 3 hours of recording time.']"
64,"shipped fast. works in my camera.. does store video much faster than my older memory card. for the price it is a good deal. really fast shipment, i got it within 2 days of ordering. even faster though was this 64gb microsdxc card. i've been using it with my canon t3i dslr and it's been a big upgrade in storage for my photos. i've used it for about a month now and it still lives up to its class 10 speed and reliability. it transfers almost twice as fast as my old 32gb transcend sd card.the only thing odd was the shipping box it came in... it was the size of a laptop box but inside was an envelope with this sdxc card. seemed like quite a big environmentally unfriendly waste in packaging! a on product and seller came as described shipping was very fast i was excited to see how this class 10 was compared to other micro sd cards. i have it in my new galaxy s4 pulls pictures videos quickly and stores them just as good. i have already recommended this to friends.","['shipped fast. works in my camera.. does store video much faster than my older memory card. for the price it is a good deal.', ""really fast shipment, i got it within 2 days of ordering. even faster though was this 64gb microsdxc card. i've been using it with my canon t3i dslr and it's been a big upgrade in storage for my photos. i've used it for about a month now and it still lives up to its class 10 speed and reliability. it transfers almost twice as fast as my old 32gb transcend sd card.the only thing odd was the shipping box it came in... it was the size of a laptop box but inside was an envelope with this sdxc card. seemed like quite a big environmentally unfriendly waste in packaging!"", 'a on product and seller came as described shipping was very fast i was excited to see how this class 10 was compared to other micro sd cards. i have it in my new galaxy s4 pulls pictures videos quickly and stores them just as good. i have already recommended this to friends.']"
65,"no issues in my little cell phones. works as advertised, priced well, no issues. not much more to say, but amazon requires few more words i never faced any issues ...so far..so good. it works well with my tablet. it is super fast and reliable. so far i haven't had any issues. it's working and is compatible with my phone. quick shipping. im satisfied with my purchase","['no issues in my little cell phones. works as advertised, priced well, no issues. not much more to say, but amazon requires few more words', 'i never faced any issues ...so far..so good. it works well with my tablet. it is super fast and reliable.', ""so far i haven't had any issues. it's working and is compatible with my phone. quick shipping. im satisfied with my purchase""]"
66,"this tiny marvel does what it claims. the only possible problem is that it is so small that you may lose it if you happen to drop it during handling. but with 16 gb capacity, you won't be handling it often. have had no problems with it, access times are actually a bit slower then in phone memory. but read is pretty good. what's to say? it's fast and i have had no errors from it. i mostly use it to hold music so i can use my phone as an mp3 player.","[""this tiny marvel does what it claims. the only possible problem is that it is so small that you may lose it if you happen to drop it during handling. but with 16 gb capacity, you won't be handling it often."", 'have had no problems with it, access times are actually a bit slower then in phone memory. but read is pretty good.', ""what's to say? it's fast and i have had no errors from it. i mostly use it to hold music so i can use my phone as an mp3 player.""]"
67,"i wanted to increase the capacity of my tablet lenovo k1 . to be sure it was at full capacity call me paranoid , i checked it on my computer. then, i moved some files on and off. this is one speed demon! i installed this in my phone to take advantage of extra space for downloaded movies and games. seems fast, cool. recieved this fast, copied over all my stuff which took very little time and now i have plenty of space and speed.","['i wanted to increase the capacity of my tablet lenovo k1 . to be sure it was at full capacity call me paranoid , i checked it on my computer. then, i moved some files on and off. this is one speed demon!', 'i installed this in my phone to take advantage of extra space for downloaded movies and games. seems fast, cool.', 'recieved this fast, copied over all my stuff which took very little time and now i have plenty of space and speed.']"
68,"no problems here, works perfectly fine just as expected. threw it into my surface pro to get a little more storage capabilities for music, media, etc. . had to format to use which i didn't realize at first, but that's my fault for being an idiot in the first place. no complaints, fine product, would recommend. no problems. i enjoy the added space for movies. not sure what else to say about it. if you need the gbs, get it! so far, no complaints. excited about the price. excited about the size. i only hope my files won't get erased randomly. i will try to update this in a few weeks.","[""no problems here, works perfectly fine just as expected. threw it into my surface pro to get a little more storage capabilities for music, media, etc. . had to format to use which i didn't realize at first, but that's my fault for being an idiot in the first place. no complaints, fine product, would recommend."", 'no problems. i enjoy the added space for movies. not sure what else to say about it. if you need the gbs, get it!', ""so far, no complaints. excited about the price. excited about the size. i only hope my files won't get erased randomly. i will try to update this in a few weeks.""]"
69,"has worked fine, had no problems but i decided to move up to 64 gig and ordered one. i moved this one to a usb drive i have. works flawlessly, never had any problems with it and i've moved data on and off of it constantly. no problems works well does what it is supposed to do, store files. pretty quick read and write speed as well","['has worked fine, had no problems but i decided to move up to 64 gig and ordered one. i moved this one to a usb drive i have.', ""works flawlessly, never had any problems with it and i've moved data on and off of it constantly."", 'no problems works well does what it is supposed to do, store files. pretty quick read and write speed as well']"
70,"not much to say..bought it to use with my smartphone. it works as expected and allowed me to free up my internal memory. got it fast. works as described . comes with management software that must be downloaded for itunes or google play store that links all your cloud services like drop box,sky drive, and other popular account types. great product would and did buy again.","['not much to say..bought it to use with my smartphone. it works as expected and allowed me to free up my internal memory.', 'got it fast. works as described . comes with management software that must be downloaded for itunes or google play store that links all your cloud services like drop box,sky drive, and other popular account types. great product would and did buy again.']"
71,"i'm not a heavy user of data but enough that my pictures and music videos wouldn't fit on the factory 4 gig card. you can never have enough memory as it gets used up quick. it has the advertised memory capacity rating and has improved speed on my smartphone and tablet when moving pictures and videos to different folders. no lag compared to the cheap factory memory card. buy the better card the first time, you won't be regretting it later. would recommend and buy again i'm a light user. i don't store a lot of media on my phone, and don't play a lot of games or watch a lot videos. i keep my media on here music, photos, docs, etc , and backups. i don't notice much of a lag. any lag i do notice maybe every couple of months i attribute to the phone, not the card. a shutdown and re start usually solves that. great to have, and way more space than i'll ever use. if you're not a heavy user, you may not need this much storage space, but for about 20, why not just get it and know you'll never run out of space. this is pretty cheap i wish the 64gb one had been on sale but this one was priced at about 11 dollars so i can't argue. i have this in my nokia lumia 1520 and there is no lag i love this card should have purchased more.","[""i'm not a heavy user of data but enough that my pictures and music videos wouldn't fit on the factory 4 gig card. you can never have enough memory as it gets used up quick. it has the advertised memory capacity rating and has improved speed on my smartphone and tablet when moving pictures and videos to different folders. no lag compared to the cheap factory memory card. buy the better card the first time, you won't be regretting it later. would recommend and buy again"", ""i'm a light user. i don't store a lot of media on my phone, and don't play a lot of games or watch a lot videos. i keep my media on here music, photos, docs, etc , and backups. i don't notice much of a lag. any lag i do notice maybe every couple of months i attribute to the phone, not the card. a shutdown and re start usually solves that. great to have, and way more space than i'll ever use. if you're not a heavy user, you may not need this much storage space, but for about 20, why not just get it and know you'll never run out of space."", ""this is pretty cheap i wish the 64gb one had been on sale but this one was priced at about 11 dollars so i can't argue. i have this in my nokia lumia 1520 and there is no lag i love this card should have purchased more.""]"
72,"i've been used this prdoduct on the past and it has great whit my past galaxy note 2 for store almost anything on my device bought it for my galaxy note 2. add tons of storage to my phone. now i can store video and songs. absolutely great addition to my note2. provides plenty of fast storage. if you consider it, just buy it. enough said highly recommended !!","[""i've been used this prdoduct on the past and it has great whit my past galaxy note 2 for store almost anything on my device"", 'bought it for my galaxy note 2. add tons of storage to my phone. now i can store video and songs.', 'absolutely great addition to my note2. provides plenty of fast storage. if you consider it, just buy it. enough said highly recommended !!']"
73,"what is there to say? it's a nice big, cheap, effective, micro sd card. i use it in my galaxy note 8.0 for extra storage and it works fine. high quality, high performance. used to expand the memory on a droid m. inserted the card and we were good to go. great for expanding smart phone storage and digital cameras.","[""what is there to say? it's a nice big, cheap, effective, micro sd card. i use it in my galaxy note 8.0 for extra storage and it works fine."", 'high quality, high performance. used to expand the memory on a droid m. inserted the card and we were good to go. great for expanding smart phone storage and digital cameras.']"
74,"noticeable improvement to my sprint htc evo lte with this.camera app used to have bad pictures when i shot in burst mode several frames per second . with this card it never misses a burst picture.also apps that have been installed to the sd card are a lot more responsive.update card has died on me, as of may 12th 2013. i originally ordered this october 22, 2012. so i got about 6 months out of it. oh well. this memory card is ultra fast in android phone its a bit costly but it works flawless it reads fast so pics, videos etc loads in bout 3 seconds or less highly recommended","['noticeable improvement to my sprint htc evo lte with this.camera app used to have bad pictures when i shot in burst mode several frames per second . with this card it never misses a burst picture.also apps that have been installed to the sd card are a lot more responsive.update card has died on me, as of may 12th 2013. i originally ordered this october 22, 2012. so i got about 6 months out of it. oh well.', 'this memory card is ultra fast in android phone its a bit costly but it works flawless it reads fast so pics, videos etc loads in bout 3 seconds or less highly recommended']"
75,"this works as expected and is wayyyy faster than my 8gig class 2 card.my old card would slow down my phone as it was close to being full and would take forever to load up everything music files, pictures etc. this card however i've loaded more than 8gb of stuff on there, put everything from my old card and more, it reads and loads up fine, no need to wait. buy this card got for my cell phone and this card works nice and fast on my cell phone as well as on my pc to load it. while not quite as fast as i was expecting it to be, it works perfectly and smoothly. i bought this for my new droid razr when we moved to a new carrier. it did take a few minutes for my computer to recognize it, causing me to think the card was bad, but it eventually did recognize it and allowed me to move everything from my previous card to it via the desktop . i also put a few movies on it and so far, watching them on the phone has been flawless and smooth. it's only been in my phone for a few weeks, but i have no complaints what so ever at this point. excellent card.","[""this works as expected and is wayyyy faster than my 8gig class 2 card.my old card would slow down my phone as it was close to being full and would take forever to load up everything music files, pictures etc. this card however i've loaded more than 8gb of stuff on there, put everything from my old card and more, it reads and loads up fine, no need to wait. buy this card"", 'got for my cell phone and this card works nice and fast on my cell phone as well as on my pc to load it.', ""while not quite as fast as i was expecting it to be, it works perfectly and smoothly. i bought this for my new droid razr when we moved to a new carrier. it did take a few minutes for my computer to recognize it, causing me to think the card was bad, but it eventually did recognize it and allowed me to move everything from my previous card to it via the desktop . i also put a few movies on it and so far, watching them on the phone has been flawless and smooth. it's only been in my phone for a few weeks, but i have no complaints what so ever at this point. excellent card.""]"
76,"using the card in a sandisk sansa clip and it works! 4000 songs and counting. what more is there to say? i bought this for a sansa clip , it worked after formatting the card to fat32. can't say much other than i have tons of lossless songs here that were previously on cds. what i don't like in general is that manufacturers lie about real size of cards arguing some technical issue, it's like saying that 2 2 5, when in reality is not, this card like any other card is not 64gb, it's more like 62gb can't remember exact size, don't have card available at hand .2 2 is not 5. this card is advertised as 64gb yet in reality is lower, manufactures using false advertising as usual. this kinds of memory cards are a good example of false advertisement. i a using this card with a sansa sandisk mp3 player and it is working flawless. i am glad, but i cannot imagine what could go wrong with a card like this, either it works or it does not, and mine is working. anyway, i would buy one of these again without a doubt.","['using the card in a sandisk sansa clip and it works! 4000 songs and counting. what more is there to say?', ""i bought this for a sansa clip , it worked after formatting the card to fat32. can't say much other than i have tons of lossless songs here that were previously on cds. what i don't like in general is that manufacturers lie about real size of cards arguing some technical issue, it's like saying that 2 2 5, when in reality is not, this card like any other card is not 64gb, it's more like 62gb can't remember exact size, don't have card available at hand .2 2 is not 5. this card is advertised as 64gb yet in reality is lower, manufactures using false advertising as usual. this kinds of memory cards are a good example of false advertisement."", 'i a using this card with a sansa sandisk mp3 player and it is working flawless. i am glad, but i cannot imagine what could go wrong with a card like this, either it works or it does not, and mine is working. anyway, i would buy one of these again without a doubt.']"
77,"they work great with my phonei think i may have to buy lots more of this productmaybe 64gb use these in every smartphone i have and have never had any issues with them. i would recommend these to anyone that needs good expansion in their phone. the product works exactly as promised. i installed in my samsung galaxy s iii without any issues. now all of my photos, videos, and music are on it so no worries about using my main memory for those data intense items.","['they work great with my phonei think i may have to buy lots more of this productmaybe 64gb', 'use these in every smartphone i have and have never had any issues with them. i would recommend these to anyone that needs good expansion in their phone.', 'the product works exactly as promised. i installed in my samsung galaxy s iii without any issues. now all of my photos, videos, and music are on it so no worries about using my main memory for those data intense items.']"
78,"got a couple of these cards for storing music files on my mp3 player, and for transferring things between cell, tablet, and pc. they are fast and, they've been working good so far. last but not least, the black friday discount was great. this card is fast and flawless. still have not been able to fill it up, and i do have a lot of music in it.","[""got a couple of these cards for storing music files on my mp3 player, and for transferring things between cell, tablet, and pc. they are fast and, they've been working good so far. last but not least, the black friday discount was great."", 'this card is fast and flawless. still have not been able to fill it up, and i do have a lot of music in it.']"
79,"very affordable memory with a lot of storage this was an excellent purchase that was worth it thank every one what can i say besides what the title says, plenty of memory....plug and play and a great price...you won't be sorry!!! lots of memory and it come with the adapter that makes it easer to connect to your computer or other devices.","['very affordable memory with a lot of storage this was an excellent purchase that was worth it thank every one', ""what can i say besides what the title says, plenty of memory....plug and play and a great price...you won't be sorry!!!"", 'lots of memory and it come with the adapter that makes it easer to connect to your computer or other devices.']"
80,"i've ordered other sd cards before but this one is the best overall. shipping was excellent fast and reliable. i would recommend it to anyone who is looking for a quality product. thanks again! packaging very secure, product is absolutely legitimate sandisk card.29.7 gb available storage. normal for 32gb card amazon comes through again!speed unknown, works fine in all my stuff ..addenda 9 19 13 two received and working perfectly. the loss of 2.3 gb 32 to 29.7 explained by the data added when formatting the chip. seemsto be a legitimate 10 speed. very good microsdhc! the best! good product, it arrived extremely fast and performs just as described. it was considerably cheaper than any other store i found. i specially like the speed of this sd card. however do keep in mind that the speeds tend to be exaggerated. the speeds are way faster than normal sd card speeds and you will notice it, but not anywhere close to whats advertised. there a lot of factor that go in to consideration when it comes to the advertised speed. this is not the manufacture or seller fault, but it depends on the system that is being used.","[""i've ordered other sd cards before but this one is the best overall. shipping was excellent fast and reliable. i would recommend it to anyone who is looking for a quality product. thanks again!"", 'packaging very secure, product is absolutely legitimate sandisk card.29.7 gb available storage. normal for 32gb card amazon comes through again!speed unknown, works fine in all my stuff ..addenda 9 19 13 two received and working perfectly. the loss of 2.3 gb 32 to 29.7 explained by the data added when formatting the chip. seemsto be a legitimate 10 speed. very good microsdhc! the best!', 'good product, it arrived extremely fast and performs just as described. it was considerably cheaper than any other store i found. i specially like the speed of this sd card. however do keep in mind that the speeds tend to be exaggerated. the speeds are way faster than normal sd card speeds and you will notice it, but not anywhere close to whats advertised. there a lot of factor that go in to consideration when it comes to the advertised speed. this is not the manufacture or seller fault, but it depends on the system that is being used.']"
81,"excellent quality memory good deal for the price! it functioned perfectly, good speed, and meets all my needs. i would definitely recommend for anyone using tablets. i am planning to buy another one shortly. good value. it has great speed and memory for the purpose it serves. i wish my memory was this good. what else can i say other than the price is right. the quality is out of this earth's modern technology. pair this baby up with an android and you got yourself and unstoppable memory machine.","['excellent quality memory good deal for the price! it functioned perfectly, good speed, and meets all my needs. i would definitely recommend for anyone using tablets. i am planning to buy another one shortly.', 'good value. it has great speed and memory for the purpose it serves. i wish my memory was this good.', ""what else can i say other than the price is right. the quality is out of this earth's modern technology. pair this baby up with an android and you got yourself and unstoppable memory machine.""]"
82,"really good deal, definitely a good way to save money buying an item with less memory and buying one of these is a lot cheaper good deal at a great price. it is sturdy and has over 31 gb after its format. i'll be getting another. yeah baby. love getting this amount of memory for so cheap. i'm not a pro but for everyday use it's a great deal.","['really good deal, definitely a good way to save money buying an item with less memory and buying one of these is a lot cheaper', ""good deal at a great price. it is sturdy and has over 31 gb after its format. i'll be getting another."", ""yeah baby. love getting this amount of memory for so cheap. i'm not a pro but for everyday use it's a great deal.""]"
83,"memory either works or not what more can be said than it works as designed. i was very happy with the price. this speedy high capacity memory augmentation recalls more than my 27 years in school. great price, excellent product. expect no complaints from your purchase. i still think i have sometimes problem reading with the memory, but i can't prove it, still works, never had an error by reading or writing, so 4 stars for you!","['memory either works or not what more can be said than it works as designed. i was very happy with the price.', 'this speedy high capacity memory augmentation recalls more than my 27 years in school. great price, excellent product. expect no complaints from your purchase.', ""i still think i have sometimes problem reading with the memory, but i can't prove it, still works, never had an error by reading or writing, so 4 stars for you!""]"
84,"everything about it was great, except for the adapter. it was to tight i had to use a tool to take it back out of the adapter causing me to chip it. so my fault i guess, but i also bought a 16gb version and the adapter for that one was fine. very nice product. the memory works perfectly and it is exactly what i was waiting for. i recommend it 100 i like it, good product next time i will order the bigger memory. i will recomend this product to my friends","['everything about it was great, except for the adapter. it was to tight i had to use a tool to take it back out of the adapter causing me to chip it. so my fault i guess, but i also bought a 16gb version and the adapter for that one was fine.', 'very nice product. the memory works perfectly and it is exactly what i was waiting for. i recommend it 100', 'i like it, good product next time i will order the bigger memory. i will recomend this product to my friends']"
85,"the microsd is faster that most and is very reliable. i can now hold all my music on my phone. the warranty is also decent on this card. i would recommend it to anyone especially at this great price. i've used the 32gb version of this card since i got it in two android phones and no problems with either phone. it gives me all the music, pictures, downloads, etc. storage i'll ever need. as fast as any other card and faster than most. i also love amazon frustration fee packaging. since there are so many fakes with online retailers, buy from a trusted source like amazon. if you have to have the max storage on your phone... this is it. not only is it the fastest class available, it is the only decent 128 card available right now. not a bad price, either.","['the microsd is faster that most and is very reliable. i can now hold all my music on my phone. the warranty is also decent on this card. i would recommend it to anyone especially at this great price.', ""i've used the 32gb version of this card since i got it in two android phones and no problems with either phone. it gives me all the music, pictures, downloads, etc. storage i'll ever need. as fast as any other card and faster than most. i also love amazon frustration fee packaging. since there are so many fakes with online retailers, buy from a trusted source like amazon."", 'if you have to have the max storage on your phone... this is it. not only is it the fastest class available, it is the only decent 128 card available right now. not a bad price, either.']"
86,"i use this to store music video pictures in my phone. works well for that purpose. no hiccups or speed issues. bueno. works with my sansa fuze to give about a million songs okay, that's a slight exaggeration , but enough songs that you can listen to songs without any repeats for about 4 days. speed was fine for my device, but i can't speak to the camera usage. it's class 10, so it should be fast enough for video.","['i use this to store music video pictures in my phone. works well for that purpose. no hiccups or speed issues. bueno.', ""works with my sansa fuze to give about a million songs okay, that's a slight exaggeration , but enough songs that you can listen to songs without any repeats for about 4 days. speed was fine for my device, but i can't speak to the camera usage. it's class 10, so it should be fast enough for video.""]"
87,"i have owned many an sd card in the past, and this is probably the best bang for the buck i've ever received in a card. i'm not super nitpicky about data read write speeds necessarily, but this card is plenty fast for me in my samsung galaxy note ii. pick one up while they are on sale! good quality microsd card. cannot gain 30mb s read speed but it may be because of 2.0 usb card reader because hdd connected to the same usb port give no more than 20mb s speed, same as this card. i have bought both 32gb and 64gb. 64gb works perfect in my htc evo 3d.","[""i have owned many an sd card in the past, and this is probably the best bang for the buck i've ever received in a card. i'm not super nitpicky about data read write speeds necessarily, but this card is plenty fast for me in my samsung galaxy note ii. pick one up while they are on sale!"", 'good quality microsd card. cannot gain 30mb s read speed but it may be because of 2.0 usb card reader because hdd connected to the same usb port give no more than 20mb s speed, same as this card. i have bought both 32gb and 64gb. 64gb works perfect in my htc evo 3d.']"
88,"this microsd card was as described by others and sandisk themselves. very fast transfers and awesome price for it. got it for my samsung galaxy s3 and love it! i knew buying sandisk i would get a great sd card and its super fast. i really like it in my phone.if you need a micro sd card this one will perform great and not let you down. this has got to be by far the best microsd card on the market. it is very fast, was easy to set it up. i am using it in a samsung galaxy s3 and it works flawlessly. well worth the money.","['this microsd card was as described by others and sandisk themselves. very fast transfers and awesome price for it. got it for my samsung galaxy s3 and love it!', 'i knew buying sandisk i would get a great sd card and its super fast. i really like it in my phone.if you need a micro sd card this one will perform great and not let you down.', 'this has got to be by far the best microsd card on the market. it is very fast, was easy to set it up. i am using it in a samsung galaxy s3 and it works flawlessly. well worth the money.']"
89,"the price for this 64gb micro sd card is excellent compare to retail. the card is reliable with no issues at all. i bought one for my samsung note 8 tablet and samsung galaxy s4! great price for a fast large micro sd card! recieved it super fast too! works perfectly with my droid 4! verizon wanted 50 for a class 4 card like this. best price i could find for a high quality micro sd for my samsung s4 cell phone. every store in the area charged crazy prices for lesser quality cards. don't even think of buying any sort of card from your cell phone service provider. they are the worst ! amazon all the way for cell phone accessories. items like cases, screen protectors , micro sd memory cards.","['the price for this 64gb micro sd card is excellent compare to retail. the card is reliable with no issues at all. i bought one for my samsung note 8 tablet and samsung galaxy s4!', 'great price for a fast large micro sd card! recieved it super fast too! works perfectly with my droid 4! verizon wanted 50 for a class 4 card like this.', ""best price i could find for a high quality micro sd for my samsung s4 cell phone. every store in the area charged crazy prices for lesser quality cards. don't even think of buying any sort of card from your cell phone service provider. they are the worst ! amazon all the way for cell phone accessories. items like cases, screen protectors , micro sd memory cards.""]"
90,"pretty good price, great performance! i've been using micro sd cards for years, tried many brands mostly cheaper. there is a reason they've been around and will continue to be! good price for a good size micro sd. not the fastese card that i have used but for the price i am satisfied. good price. works as expected. nothing much more to say abt a microsd card honestly. the frustration free packaging is really good. definitely better than the retail packaging.","[""pretty good price, great performance! i've been using micro sd cards for years, tried many brands mostly cheaper. there is a reason they've been around and will continue to be!"", 'good price for a good size micro sd. not the fastese card that i have used but for the price i am satisfied.', 'good price. works as expected. nothing much more to say abt a microsd card honestly. the frustration free packaging is really good. definitely better than the retail packaging.']"
91,"this is the fastest microsdhc i've used. i got it for a tablet but it turned out the tablet had no microsdhc slot when it arrived. so, using it for a 10.1mp camera. it writes very quickly and then off to the next shot. i'm quite pleased with the performance of this card.i think there may be cards even faster. but this suits my needs of casual photography. it's very fast micro sd card i use it for my mobile and gopro camera , sandisk is the best ever","[""this is the fastest microsdhc i've used. i got it for a tablet but it turned out the tablet had no microsdhc slot when it arrived. so, using it for a 10.1mp camera. it writes very quickly and then off to the next shot. i'm quite pleased with the performance of this card.i think there may be cards even faster. but this suits my needs of casual photography."", ""it's very fast micro sd card i use it for my mobile and gopro camera , sandisk is the best ever""]"
92,"sandisk is well known for their microsd cards. i placed one of these 64gb cards in my galaxy note ii and love all the extra storage on my phone for video, music, work docs, etc. haven't had any issues with the card thus far and it has been working great in my note ii. sandisk has always provided me with a reliable memory product. in the case of this 32 gb card, it went into a samsung note 8.0 and my wife could not be more pleased.pros reputable brand, pricecons none noted. i've wasted time and money trying other company's sd and microsd cards, some work all right, and some died on me, it's not the price that you pay but rather the value that you get. let me tell ya, sandisk makes the best memory cards, period..... i bought one of this card for my samsung galaxy note 2 phone, mostly for movies and music. i usually use anydvd handbrake programs to convert movies large mp4 also playable on my samsung tablet and simply copy and paste movies and musics on this little card. both my phone and tablet read this card without any problem and i cannot imagine my phone without it. now i've bought 2 more....","[""sandisk is well known for their microsd cards. i placed one of these 64gb cards in my galaxy note ii and love all the extra storage on my phone for video, music, work docs, etc. haven't had any issues with the card thus far and it has been working great in my note ii."", 'sandisk has always provided me with a reliable memory product. in the case of this 32 gb card, it went into a samsung note 8.0 and my wife could not be more pleased.pros reputable brand, pricecons none noted.', ""i've wasted time and money trying other company's sd and microsd cards, some work all right, and some died on me, it's not the price that you pay but rather the value that you get. let me tell ya, sandisk makes the best memory cards, period..... i bought one of this card for my samsung galaxy note 2 phone, mostly for movies and music. i usually use anydvd handbrake programs to convert movies large mp4 also playable on my samsung tablet and simply copy and paste movies and musics on this little card. both my phone and tablet read this card without any problem and i cannot imagine my phone without it. now i've bought 2 more....""]"
93,"i purchased this card for use in a microsoft surface pro tablet for that, it works great. 64gb is a nice capacity, card was cheap and it works just fine.the problem, however, was in transfer speed. it's rated at 34 up to 34 30mb sec which i guess is true.. but mine has never reached anywhere close to that. using 3 different readers the surface pro itself, a higher end desktop pc with built in microsd reader and an external usb 3.0 microsd reader.. in all, it maxed out around 10 12mb sec and on multiple smaller files it maxed out closer to about 5mb sec total . i know it's not the card readers as i have been able to reach speeds of 90mb sec with other faster cards.the card itself does work fine. for that i give it 5 stars. the price is great for the size, for that i give it 5 stars. the transfer speeds are just disappointing though.. taking 5 minutes to transfer an itunes movie file is a long time.. it'll take hours to fill the full card.. if you only load data once, it's not so bad, but if you're always adding deleting moving data, it's slow and will get annoying quickly! using this as mass storage for my lenovo thinkpad tablet 2. have not done actual benchmarks, but i don't notice a difference between this and the on board flash memory. i have my my documents folder redirected to this card, and i have also installed several programs to it. all seem to operate acceptably.","[""i purchased this card for use in a microsoft surface pro tablet for that, it works great. 64gb is a nice capacity, card was cheap and it works just fine.the problem, however, was in transfer speed. it's rated at 34 up to 34 30mb sec which i guess is true.. but mine has never reached anywhere close to that. using 3 different readers the surface pro itself, a higher end desktop pc with built in microsd reader and an external usb 3.0 microsd reader.. in all, it maxed out around 10 12mb sec and on multiple smaller files it maxed out closer to about 5mb sec total . i know it's not the card readers as i have been able to reach speeds of 90mb sec with other faster cards.the card itself does work fine. for that i give it 5 stars. the price is great for the size, for that i give it 5 stars. the transfer speeds are just disappointing though.. taking 5 minutes to transfer an itunes movie file is a long time.. it'll take hours to fill the full card.. if you only load data once, it's not so bad, but if you're always adding deleting moving data, it's slow and will get annoying quickly!"", ""using this as mass storage for my lenovo thinkpad tablet 2. have not done actual benchmarks, but i don't notice a difference between this and the on board flash memory. i have my my documents folder redirected to this card, and i have also installed several programs to it. all seem to operate acceptably.""]"
94,"i have had this card for a couple of days and i am very pleased with it. i bought it for use in my toshiba thrive 7 tablet, mainly for storing movies. i used it with the included adapter in my hp netbook which is where my movies are stored and it worked with no problem. the transfer of 4 movies took about 15 minutes altogether, and they all played perfectly when i put the card back into my thrive. for this price and with prime shipping, there was no way i could pass it up! i will probably be ordering more of these in the future. i bought this as supplemental storage on my asus transformer tf201 tablet. the card did not need any special formatting to work and just worked upon first installation. it stays plugged into my tablet non stop and i've been using it for about 3 months for additional storage for music and videos without any problems. i don't have any speed benchmarks, but i haven't noticed any slowness in copying or deleting large amounts of data on this device. it does what it's supposed to, so therefore, i give it 5 stars! bought this for my son's tablet asus prime and it works great. we were able to load his music, movies, and a few apps and haven't noticed any lag time as we have in the past with other cards. would definitely purchase more.","['i have had this card for a couple of days and i am very pleased with it. i bought it for use in my toshiba thrive 7 tablet, mainly for storing movies. i used it with the included adapter in my hp netbook which is where my movies are stored and it worked with no problem. the transfer of 4 movies took about 15 minutes altogether, and they all played perfectly when i put the card back into my thrive. for this price and with prime shipping, there was no way i could pass it up! i will probably be ordering more of these in the future.', ""i bought this as supplemental storage on my asus transformer tf201 tablet. the card did not need any special formatting to work and just worked upon first installation. it stays plugged into my tablet non stop and i've been using it for about 3 months for additional storage for music and videos without any problems. i don't have any speed benchmarks, but i haven't noticed any slowness in copying or deleting large amounts of data on this device. it does what it's supposed to, so therefore, i give it 5 stars!"", ""bought this for my son's tablet asus prime and it works great. we were able to load his music, movies, and a few apps and haven't noticed any lag time as we have in the past with other cards. would definitely purchase more.""]"
95,fast and reliable. so far no problems in my samsung galaxy s4 phone. plus i got it on sale and well worth price. great speeds and reliable so no complaints here! has lasted a few months now in my smartphone which is longer than some other knockoff brands that i have received. so far so good works as described and on my lg motion 4g android smartphone. speed is pretty good too even though it reverts back to class 10 on this phone.,"['fast and reliable. so far no problems in my samsung galaxy s4 phone. plus i got it on sale and well worth price.', 'great speeds and reliable so no complaints here! has lasted a few months now in my smartphone which is longer than some other knockoff brands that i have received.', 'so far so good works as described and on my lg motion 4g android smartphone. speed is pretty good too even though it reverts back to class 10 on this phone.']"
96,"i love this card, its way faster than any other micro sd i have ever owned. i can transfer roms like nothing on my galaxy s4. when i had the old microsd that comes with every droid phones, that use to take for ever.high recommend this one. this is a very fast and reliable microsd card. i used this on my galaxy note 2 and loaded movies and family pictures. transfer time is speedy! super fast access to my samsung galaxy note ii. sandisk ultra micro hc is blazing fast compared to the other microsd cards i have bought including pny, sony and more!","['i love this card, its way faster than any other micro sd i have ever owned. i can transfer roms like nothing on my galaxy s4. when i had the old microsd that comes with every droid phones, that use to take for ever.high recommend this one.', 'this is a very fast and reliable microsd card. i used this on my galaxy note 2 and loaded movies and family pictures. transfer time is speedy!', 'super fast access to my samsung galaxy note ii. sandisk ultra micro hc is blazing fast compared to the other microsd cards i have bought including pny, sony and more!']"
97,"this is the best accessory that you can buy for your smartphone! simple explanation 1 i loaded all my hd movies onto this micro sd card, inserted it into my samsung galaxy s3, and it plays them superbly without any delays, as it it up to 30mb s read speed!2 the most important reason for this being the best accessory for your phone is to think about this the premium you pay for an iphone 64gb is 200. the price you pay for this 64gb micro sd card is 50 depends on amazon's pricing at the time . that means you get the same thing for 150 less, and you can interchange your sd card between devices if you buy a new tablet for example .no brainer.note that it reads only at 10mb s, so a 7gb hd movie will take about 10 15 minutes to load up. bought this few days after i got my phone and it has great read and write speeds and it seems like taking care of some processing and handling of things within the phone. i changed the settings that every time i take a picture or record a video, it will go automatically to the microsd card. added most of my movies in this tiny card and it works smoothly. i was looking for a simple, reliable and fast micro sd chip which i could use with both my new chromebook and my galaxy s3. this product does exactly that. movies won't lag and with the adapter you can easily use it for laptop and cell devices. great buy!","[""this is the best accessory that you can buy for your smartphone! simple explanation 1 i loaded all my hd movies onto this micro sd card, inserted it into my samsung galaxy s3, and it plays them superbly without any delays, as it it up to 30mb s read speed!2 the most important reason for this being the best accessory for your phone is to think about this the premium you pay for an iphone 64gb is 200. the price you pay for this 64gb micro sd card is 50 depends on amazon's pricing at the time . that means you get the same thing for 150 less, and you can interchange your sd card between devices if you buy a new tablet for example .no brainer.note that it reads only at 10mb s, so a 7gb hd movie will take about 10 15 minutes to load up."", 'bought this few days after i got my phone and it has great read and write speeds and it seems like taking care of some processing and handling of things within the phone. i changed the settings that every time i take a picture or record a video, it will go automatically to the microsd card. added most of my movies in this tiny card and it works smoothly.', ""i was looking for a simple, reliable and fast micro sd chip which i could use with both my new chromebook and my galaxy s3. this product does exactly that. movies won't lag and with the adapter you can easily use it for laptop and cell devices. great buy!""]"
98,"don't even waste your time buying this memory card. 64gb is written on it but its actually even less than 3gb that's in it.i have never experienced such deception.i had tried loading my pics and music and other data on it from day one but no matter what i did i won't take more than 3gb of data. i didn't realise till i read other stories of similar memory cards that will state 64gb but would contain a smaller memory capacity often times even less than 10gb.i bought this card for 49.what a big waste!!now i am so scared of buying memory cards on amazon or online elsewhere.i wouldn't dear it again!it was in a sealed sanddisk packet so i was thinking it must be original.alas!it was a big waste!i have lost confidence in buying memory card on amazon. with that said, there has been some skepticism related to the serial number of the card as it is displayed on amazon. i can confirm that i received a brand new 64 gb card with the serial sdsdqua 064g u46a. the 64gb card i purchased actually contains 4gb of flash memory and some kind of hack that causes it to appear as a 64gb drive in various drives and readers. of course, this took me a while to figure out since i only just got around to copying more than 4gb of data to the card, but with some testing i have nonetheless discovered this to be the case.the card i bought was in amazon frustration free packaging. i don't know if cards purchased that way are less likely to be counterfeit than retail packaged versions, but i suspect that i will stick with manufacturer packaging from now on.","[""don't even waste your time buying this memory card. 64gb is written on it but its actually even less than 3gb that's in it.i have never experienced such deception.i had tried loading my pics and music and other data on it from day one but no matter what i did i won't take more than 3gb of data. i didn't realise till i read other stories of similar memory cards that will state 64gb but would contain a smaller memory capacity often times even less than 10gb.i bought this card for 49.what a big waste!!now i am so scared of buying memory cards on amazon or online elsewhere.i wouldn't dear it again!it was in a sealed sanddisk packet so i was thinking it must be original.alas!it was a big waste!i have lost confidence in buying memory card on amazon."", 'with that said, there has been some skepticism related to the serial number of the card as it is displayed on amazon. i can confirm that i received a brand new 64 gb card with the serial sdsdqua 064g u46a.', ""the 64gb card i purchased actually contains 4gb of flash memory and some kind of hack that causes it to appear as a 64gb drive in various drives and readers. of course, this took me a while to figure out since i only just got around to copying more than 4gb of data to the card, but with some testing i have nonetheless discovered this to be the case.the card i bought was in amazon frustration free packaging. i don't know if cards purchased that way are less likely to be counterfeit than retail packaged versions, but i suspect that i will stick with manufacturer packaging from now on.""]"
99,"i bought the 64gb version of this card to increase the storage capacity of my samsung galaxy s3. i use it to store pictures and video which i shoot with the phone. i have never had any issues with the card keeping up to the 1080p video that the phone shoots.speed as tested on my galaxy s3 w sd card tester write 9.6 mb sread 24 mb s i have to assume that the brand new 64gb sandisk ultra class 10 sdxc card is responsible for the occasional video recording stutter pausing that has happened since i started using it today. prior to that, never had an issue with my previous sandisk sdhc card. but today on its maiden trip, it has led each video only 3 5 minutes long each to have several performance issues that by default i have to attribute to the card since nothing else has changed and i've never had an issue in the four months that i've had my galaxy note 2. no problems formatting this card though or installing using it otherwise.","['i bought the 64gb version of this card to increase the storage capacity of my samsung galaxy s3. i use it to store pictures and video which i shoot with the phone. i have never had any issues with the card keeping up to the 1080p video that the phone shoots.speed as tested on my galaxy s3 w sd card tester write 9.6 mb sread 24 mb s', ""i have to assume that the brand new 64gb sandisk ultra class 10 sdxc card is responsible for the occasional video recording stutter pausing that has happened since i started using it today. prior to that, never had an issue with my previous sandisk sdhc card. but today on its maiden trip, it has led each video only 3 5 minutes long each to have several performance issues that by default i have to attribute to the card since nothing else has changed and i've never had an issue in the four months that i've had my galaxy note 2. no problems formatting this card though or installing using it otherwise.""]"
100,"installed this in my droid bionic.i just backed up all my data using the included card reader adapter and the card reader slot on the laptop, and copied all data to a folder on my pc. once done, reversed the process to my new micro sd card.bionic recognized additional memory, some apps had to run updates, after adding card though this i don't attribute to the card itself it seems likely the apps were referencing something specific with hardware maybe.after the updates programs ran as expected.i did have one issue with poweramp media player where all the playlists dissapeared. not sure why and havent yet researched this in the poweramp forums. i assume this same issue would occur with any card upgrade. hello,we have been using sandisk memory cards since the beginning of sd cards. this latest version was recommended for my samsung galaxy 4s phone. with the zillion photos, videos and apps, the original 16 13gb of space was becoming full and not saving due to lack of space. so, the sandisk micro sd card was the answer. pop the back off easily on the phone, slip the mini sd card into the provided slot, make sure it clicks in and put the phone cover back on the unit. it is as simple as that. now, i have 32 gb of extra space and my new phone stores anything i want to store. i constantly make backups to my home computer...very easy the connection simply shows the phone data and the sd card data when connected to the home computer. i transferred my largest photo video file to the sd card. now the original 12gb is open for more instant quality photos and videos. when the original card gets loaded again. 13meg camera takes super quality photos and videos, but also takes up a lot of space.adding a micro sd card is less expensive than ordering a 32gb galaxy4s, but yrmv great productupdate... the original super large file that is on the sd card still shows up on the original gallery screen. it still has the same functions, but my original 16gb shows more room for the next zillion photos, etc. got it on sale for an incredible price. the only way i am likely to upgrade from this is if they come out with a 128g size. 64g is not necessary for my use, but at 128 i would be able to use it without worry of running out of space and put my entire mp3 catalog on it as well.update about 4 months after i bought this and installed it in my galaxy s2, it started causing some trouble for my phone. at first i did not realize it was the micro sd card causing the problem, but it would occasionally have a status message saying something like unmount the sd card before removing it to avoid corrupting your data , and eventually it didn't even recognize that there was a card in there at all. i put the old 1gb card back in and it works fine. put the 32gb card into the adapter, and put it into the computer's card reader... nothing. wouldn't read it at all.i do back up my phone occasionally, maybe once a month, but lost everything every photo and video i had taken of my new kitten since i got her because of this. it is very surprising since sandisk is usually quite reliable. my wife has the same card in her phone, we got them around the same time, and hers is still working normally so far.ymmv, but always back up your data regularly more than once a month if you are taking a lot of pictures and video.","[""installed this in my droid bionic.i just backed up all my data using the included card reader adapter and the card reader slot on the laptop, and copied all data to a folder on my pc. once done, reversed the process to my new micro sd card.bionic recognized additional memory, some apps had to run updates, after adding card though this i don't attribute to the card itself it seems likely the apps were referencing something specific with hardware maybe.after the updates programs ran as expected.i did have one issue with poweramp media player where all the playlists dissapeared. not sure why and havent yet researched this in the poweramp forums. i assume this same issue would occur with any card upgrade."", 'hello,we have been using sandisk memory cards since the beginning of sd cards. this latest version was recommended for my samsung galaxy 4s phone. with the zillion photos, videos and apps, the original 16 13gb of space was becoming full and not saving due to lack of space. so, the sandisk micro sd card was the answer. pop the back off easily on the phone, slip the mini sd card into the provided slot, make sure it clicks in and put the phone cover back on the unit. it is as simple as that. now, i have 32 gb of extra space and my new phone stores anything i want to store. i constantly make backups to my home computer...very easy the connection simply shows the phone data and the sd card data when connected to the home computer. i transferred my largest photo video file to the sd card. now the original 12gb is open for more instant quality photos and videos. when the original card gets loaded again. 13meg camera takes super quality photos and videos, but also takes up a lot of space.adding a micro sd card is less expensive than ordering a 32gb galaxy4s, but yrmv great productupdate... the original super large file that is on the sd card still shows up on the original gallery screen. it still has the same functions, but my original 16gb shows more room for the next zillion photos, etc.', ""got it on sale for an incredible price. the only way i am likely to upgrade from this is if they come out with a 128g size. 64g is not necessary for my use, but at 128 i would be able to use it without worry of running out of space and put my entire mp3 catalog on it as well.update about 4 months after i bought this and installed it in my galaxy s2, it started causing some trouble for my phone. at first i did not realize it was the micro sd card causing the problem, but it would occasionally have a status message saying something like unmount the sd card before removing it to avoid corrupting your data , and eventually it didn't even recognize that there was a card in there at all. i put the old 1gb card back in and it works fine. put the 32gb card into the adapter, and put it into the computer's card reader... nothing. wouldn't read it at all.i do back up my phone occasionally, maybe once a month, but lost everything every photo and video i had taken of my new kitten since i got her because of this. it is very surprising since sandisk is usually quite reliable. my wife has the same card in her phone, we got them around the same time, and hers is still working normally so far.ymmv, but always back up your data regularly more than once a month if you are taking a lot of pictures and video.""]"
101,"i upgraded from my 8 gb sd to this one and it was great to have the extra space.no problems with it.i removed the sd card from my phone and copied the files up to my computer using the adapter that came with the new card. i copied the files to my new 32 gb microsdhc and installed it in my galaxy s4 and it worked great.i liked the color. makes it easier to see on my black desk. a no brainer here. copied the data off the old 16gb microsd, swapped the cards, put the data back on, and 'voila!' space constraints relieved! i noticed that i was constantly running out of space on my smartphone. i checked the sd card and it was a 16gb, but was about 98 full with pictures, music, and applications that i downloaded over time. i decided to get a bigger sd card for the phone. i researched online and found that my phone will support a 32gb card, so i bought this one. works great! all i had to do was copy and paste via my computer all the information from the old sd card ot this one. my smartphone picked it up right away and i didn't lose anything, and now i have twice as much room. i think the only thing i had to reset was my ring tones because the wave files i was using were on my old sd card, and somehow the link between ring tone and file didn't match up , but other than that, everything else worked fine.","['i upgraded from my 8 gb sd to this one and it was great to have the extra space.no problems with it.i removed the sd card from my phone and copied the files up to my computer using the adapter that came with the new card. i copied the files to my new 32 gb microsdhc and installed it in my galaxy s4 and it worked great.i liked the color. makes it easier to see on my black desk.', ""a no brainer here. copied the data off the old 16gb microsd, swapped the cards, put the data back on, and 'voila!' space constraints relieved!"", ""i noticed that i was constantly running out of space on my smartphone. i checked the sd card and it was a 16gb, but was about 98 full with pictures, music, and applications that i downloaded over time. i decided to get a bigger sd card for the phone. i researched online and found that my phone will support a 32gb card, so i bought this one. works great! all i had to do was copy and paste via my computer all the information from the old sd card ot this one. my smartphone picked it up right away and i didn't lose anything, and now i have twice as much room. i think the only thing i had to reset was my ring tones because the wave files i was using were on my old sd card, and somehow the link between ring tone and file didn't match up , but other than that, everything else worked fine.""]"
102,"first off, companies need to mark these right, they consider 1000mb to be 1 gig, when 1 gig is actually 1024 mb.that means you will end up with 62 gb 60 and in all actuality it will read as 59 gb in your device 62 other then that this card works awesome. i would highly recommend it!one star lost due to them not knowing how to measure data. it works as described. i bought 2. one for me and one for my wife's tablet. i love amazon and the ease of purchasing with super fast shipping. item came in retail packaging that is hard to remove. they have to do this in stores to prevent theft. just use scissors, you'll get it out eventually. it shows 29.71 gigs when installed but this is typical for sd cards. download the sandisc memory zone app to see how fast a card you need before you purchase one. it tells you exactly what you need and may save you a few bucks. worked immediately after i inserted.29.71 gb recognized, doesn't really bug me but i wish i got the full 32.","['first off, companies need to mark these right, they consider 1000mb to be 1 gig, when 1 gig is actually 1024 mb.that means you will end up with 62 gb 60 and in all actuality it will read as 59 gb in your device 62 other then that this card works awesome. i would highly recommend it!one star lost due to them not knowing how to measure data.', ""it works as described. i bought 2. one for me and one for my wife's tablet. i love amazon and the ease of purchasing with super fast shipping. item came in retail packaging that is hard to remove. they have to do this in stores to prevent theft. just use scissors, you'll get it out eventually. it shows 29.71 gigs when installed but this is typical for sd cards. download the sandisc memory zone app to see how fast a card you need before you purchase one. it tells you exactly what you need and may save you a few bucks."", ""worked immediately after i inserted.29.71 gb recognized, doesn't really bug me but i wish i got the full 32.""]"
103,"never looked to verify the capacity of this card, it is clearly labeled 64gb but when installed it clearly is not. when installed into any computer it shows 27.4gb available with 1.68 used. so beware if you order one to make sure you are getting what you pay for. my sd card showed only a little more than 29 gb available for my 32 gb card. that's the bare minimum i'll accept without sending it back. i'm normally happy with the brand name sd cards i buy on amazon, though. for the price i paid for this particular card, my expectations were higher. there is a lot of conflicting info on the we about whether cards larger than 32gb work in this phone. the phone specs say that it only supports up to 32gb. i put it in, formatted it and got 59.7 gb of usable space, which is exactly what you would expect. i have been using it for 3 weeks now and it has worked perfectly. good price too.","['never looked to verify the capacity of this card, it is clearly labeled 64gb but when installed it clearly is not. when installed into any computer it shows 27.4gb available with 1.68 used. so beware if you order one to make sure you are getting what you pay for.', ""my sd card showed only a little more than 29 gb available for my 32 gb card. that's the bare minimum i'll accept without sending it back. i'm normally happy with the brand name sd cards i buy on amazon, though. for the price i paid for this particular card, my expectations were higher."", 'there is a lot of conflicting info on the we about whether cards larger than 32gb work in this phone. the phone specs say that it only supports up to 32gb. i put it in, formatted it and got 59.7 gb of usable space, which is exactly what you would expect. i have been using it for 3 weeks now and it has worked perfectly. good price too.']"
104,"i bought this card because i have several devices that use microsd cards, but not all of them are compatible with the newer and higher capacity sdxc standard. for sdhc memory cards, 32gb is the largest size available under that technology standard, so i went with this one from sandisk. that way i didn't have to worry about compatibility issues with any of my devices. i've used sandisk memory products for a number of years along with many other brands, and i've always had good results from them. i'm happy to say that my experience with this card echoes that of 5,000 other amazon users it's been rock steady, reliable with larger file transfers several 2gb movies at a time , and performed as quickly as i'd hoped for a class 10 card in regards to its read write times.aside from the existing reviews and my previous experiences with sandisk products, i also picked up this particular card due to its uhs 1 compliance. i don't currently have any uhs 1 devices that can take advantage of the increased speed, but for the negligible cost difference, it just made sense. standards and technology update so fast these days any future proofing a product can provide to extend its usable life is always appreciated. i needed some new sd cards for my new tablets. after researching i bought the sandisk ultra 32 gb microsdhc class 10. it is way better than the almost same price sandisk ultra without class10!! the ultra class10 is lightning fast. you can see the difference when you copy large files, you will note that read and write procedures are much faster, whether you use it in camera, smart phone or tablet. the price is also ok. only drawback i noted was that the recognized capacity is not 32gb but 29,71gb in my asus memo pad. other than that i am extremly pleased with this micro sd. i highly recommend this sandisk ultra 32 gb microsdhc card because 1 class 10 is the highest speed you can get. allows you to take photos faster and to capture high definition videos. allows faster reading, writing and transferring of files to computer. 2 i encounter no problems in using it in voice recorder, camera, video recorder, computer etc. 3 price charged by amazon is much less than 8 other sellers that i have checked. 4 lifetime warranty. 5 free download of recoverx software which brings lost photos back. 6 free adapterprecautions get rid of static electric charges by touching your fingers on bare, unpainted metal.do not touch the metal contacts of the card with your fingers. the circuits inside the card are very low voltage and are easily damaged by static electric charges which usually have much higher voltages.it takes time to research these information. please click yes below this line if this review was helpful to you.","[""i bought this card because i have several devices that use microsd cards, but not all of them are compatible with the newer and higher capacity sdxc standard. for sdhc memory cards, 32gb is the largest size available under that technology standard, so i went with this one from sandisk. that way i didn't have to worry about compatibility issues with any of my devices. i've used sandisk memory products for a number of years along with many other brands, and i've always had good results from them. i'm happy to say that my experience with this card echoes that of 5,000 other amazon users it's been rock steady, reliable with larger file transfers several 2gb movies at a time , and performed as quickly as i'd hoped for a class 10 card in regards to its read write times.aside from the existing reviews and my previous experiences with sandisk products, i also picked up this particular card due to its uhs 1 compliance. i don't currently have any uhs 1 devices that can take advantage of the increased speed, but for the negligible cost difference, it just made sense. standards and technology update so fast these days any future proofing a product can provide to extend its usable life is always appreciated."", 'i needed some new sd cards for my new tablets. after researching i bought the sandisk ultra 32 gb microsdhc class 10. it is way better than the almost same price sandisk ultra without class10!! the ultra class10 is lightning fast. you can see the difference when you copy large files, you will note that read and write procedures are much faster, whether you use it in camera, smart phone or tablet. the price is also ok. only drawback i noted was that the recognized capacity is not 32gb but 29,71gb in my asus memo pad. other than that i am extremly pleased with this micro sd.', 'i highly recommend this sandisk ultra 32 gb microsdhc card because 1 class 10 is the highest speed you can get. allows you to take photos faster and to capture high definition videos. allows faster reading, writing and transferring of files to computer. 2 i encounter no problems in using it in voice recorder, camera, video recorder, computer etc. 3 price charged by amazon is much less than 8 other sellers that i have checked. 4 lifetime warranty. 5 free download of recoverx software which brings lost photos back. 6 free adapterprecautions get rid of static electric charges by touching your fingers on bare, unpainted metal.do not touch the metal contacts of the card with your fingers. the circuits inside the card are very low voltage and are easily damaged by static electric charges which usually have much higher voltages.it takes time to research these information. please click yes below this line if this review was helpful to you.']"
105,"class 10 16 gb perfect for my phone. never use anything less than a class 10 in a phone because you will have lag times waiting for the card to respond, for 13 shipped to your front door how can you go wrong? sandisk has been good for me for many years. recommended. i needed a class 10 micro sd card, and this small size, large memory. works just fine. the price was very good as well this is a sandisk ultra 16 gb microsdhc class 10, that means that it is a fast card. you cannot beat the price, unless you buy a slower card. great quality, great name, outstanding price. cannot go wrong with this card. costco sells two of them in a pack for approx. 25.00. no shipping charges thru amazon. arrived very quickly. i am very happy with this card.","['class 10 16 gb perfect for my phone. never use anything less than a class 10 in a phone because you will have lag times waiting for the card to respond, for 13 shipped to your front door how can you go wrong? sandisk has been good for me for many years. recommended.', 'i needed a class 10 micro sd card, and this small size, large memory. works just fine. the price was very good as well', 'this is a sandisk ultra 16 gb microsdhc class 10, that means that it is a fast card. you cannot beat the price, unless you buy a slower card. great quality, great name, outstanding price. cannot go wrong with this card. costco sells two of them in a pack for approx. 25.00. no shipping charges thru amazon. arrived very quickly. i am very happy with this card.']"
106,"appears to be class 10, holds about as much as it says it does, came with an sd card adapter and they even gave me the option to forgo those ridiculous plastic packages that you all know and hate. the ones that the scissors refuse to cut and you just end up hurting yourself a few times before getting it open. completely as advertised. this micro sd card really is 64 gb and class 10. too many bogus devices out there, but this is the real mccoy. tested with 3 different android sd card testers and they all report class 9 10 read write.the only problem is the sd adapter did not work so i had to use another one i had. other than that, this is a great micro sd card at a good price. i researched online and found that this is a true class 10 micro sd card. manufacturers can use different calculations to be able to list a 34 class 10 34 rating that is, in truth, a lie. this is the real deal.","['appears to be class 10, holds about as much as it says it does, came with an sd card adapter and they even gave me the option to forgo those ridiculous plastic packages that you all know and hate. the ones that the scissors refuse to cut and you just end up hurting yourself a few times before getting it open. completely as advertised.', 'this micro sd card really is 64 gb and class 10. too many bogus devices out there, but this is the real mccoy. tested with 3 different android sd card testers and they all report class 9 10 read write.the only problem is the sd adapter did not work so i had to use another one i had. other than that, this is a great micro sd card at a good price.', 'i researched online and found that this is a true class 10 micro sd card. manufacturers can use different calculations to be able to list a 34 class 10 34 rating that is, in truth, a lie. this is the real deal.']"
107,"formatted card with sdformatter 3.1pc used to test this card sony vaio c2d sz645 vaio memory card adapter vgp mca20a.h2testw 1.4 test results test finished without errors.writing speed 6.94 mbyte sreading speed 12.5 mbyte sh2testw v1.4android phone samsung exhibit 2sdtools test result 9.3mb s write21.3mb s readalso tested write speed with an older model sandisk usb 2.0 sd card reader and cheap generic unbranded reader, get about same results. i don't have any devices that can handle uhs 1 ultra speed of this card. seems like a class 6 card or none of my gadgets can handle 10mb s write speed or it's a class 6 card sold as class 10. i was working with a three of these cards using the included adapter, and thought they were slower than they should be. i just bought a full size sandisk ultra 16gb class 10 all the same specs except size theoretically for a different project, and it writes over twice as fast on the same computer! the write speed on this card is between 7 and 10 mb s, the read seems to be 35mb s, compared to the full size card with write speed of 22 to 25mb s and a read speed of 42mb s this is from an imaging program, not a benchmark program, so it's not checking different sizes of transfer and the like . compare that with a transcend 4 gb class 4 card, the write speed is nearly identical 7 to 9mb s , while the read speed on the class four is 12 to 13mb s, significantly slower, as expected.the read speed is good, but the write speed is abysmal! if it says class 10 , it should be somewhat close to the class 10 spec.i'm returning them. i tested it in several uhs 1 compliant devices and found the write speed at 11 12 mbyte second. sounds fine for a class 10 card but this is not what i was paying for. i don't expect it to run anywhere close to uhs 1 interface speed 104 mb s but it should be close to 30 mb s as the manufacturer advertised. i have a lot more choices if i am only looking for a class 10 card.indeed, microsd cards are usually slower than full size sd card. they use the same flash controller so the reason is really microsd cards use slower nand flash. manufacturers know you are not going to use microsd cards in high speed slrs so they get to sell you lower quality nand at a premium. my advice to you the photography enthusiasts is to buy full size sd cards rather than microsd cards with adaptors.that said, the compatibility is great. it works great with my tablets, pcs, gpss and phones. that is what i like about sandisk. they do thorough compatibility tests before product release.","[""formatted card with sdformatter 3.1pc used to test this card sony vaio c2d sz645 vaio memory card adapter vgp mca20a.h2testw 1.4 test results test finished without errors.writing speed 6.94 mbyte sreading speed 12.5 mbyte sh2testw v1.4android phone samsung exhibit 2sdtools test result 9.3mb s write21.3mb s readalso tested write speed with an older model sandisk usb 2.0 sd card reader and cheap generic unbranded reader, get about same results. i don't have any devices that can handle uhs 1 ultra speed of this card. seems like a class 6 card or none of my gadgets can handle 10mb s write speed or it's a class 6 card sold as class 10."", ""i was working with a three of these cards using the included adapter, and thought they were slower than they should be. i just bought a full size sandisk ultra 16gb class 10 all the same specs except size theoretically for a different project, and it writes over twice as fast on the same computer! the write speed on this card is between 7 and 10 mb s, the read seems to be 35mb s, compared to the full size card with write speed of 22 to 25mb s and a read speed of 42mb s this is from an imaging program, not a benchmark program, so it's not checking different sizes of transfer and the like . compare that with a transcend 4 gb class 4 card, the write speed is nearly identical 7 to 9mb s , while the read speed on the class four is 12 to 13mb s, significantly slower, as expected.the read speed is good, but the write speed is abysmal! if it says class 10 , it should be somewhat close to the class 10 spec.i'm returning them."", ""i tested it in several uhs 1 compliant devices and found the write speed at 11 12 mbyte second. sounds fine for a class 10 card but this is not what i was paying for. i don't expect it to run anywhere close to uhs 1 interface speed 104 mb s but it should be close to 30 mb s as the manufacturer advertised. i have a lot more choices if i am only looking for a class 10 card.indeed, microsd cards are usually slower than full size sd card. they use the same flash controller so the reason is really microsd cards use slower nand flash. manufacturers know you are not going to use microsd cards in high speed slrs so they get to sell you lower quality nand at a premium. my advice to you the photography enthusiasts is to buy full size sd cards rather than microsd cards with adaptors.that said, the compatibility is great. it works great with my tablets, pcs, gpss and phones. that is what i like about sandisk. they do thorough compatibility tests before product release.""]"
108,"perfect. took card put old 32gb card and transferred it over to it in the computer. while my samsung galaxy s5 was off . then inserted it in my samsung galaxy s5, powered up and it was like i had never took the 32gb card out. read ringtones, programs stored on external sd card, everything no errors, no glitches. connected the phone to the computer via usb cable and usb 3 slot and in no time my 75gb of music was transferred to my phone and it all read and is working perfectly. i could not be more pleased when a products works like it is supposed to. i bought a generic sd card for my galaxy s5 and it corrupted all of my music. i am glad i have this sandisk because it is faster at reading writing and comes with the memoryzone backup app free, however, you need to have google drive, box, dropbox, or a similar cloud service. memoryzone is great at backing up but lost some of my data when doing a transfer phone to sd","['perfect. took card put old 32gb card and transferred it over to it in the computer. while my samsung galaxy s5 was off . then inserted it in my samsung galaxy s5, powered up and it was like i had never took the 32gb card out. read ringtones, programs stored on external sd card, everything no errors, no glitches. connected the phone to the computer via usb cable and usb 3 slot and in no time my 75gb of music was transferred to my phone and it all read and is working perfectly. i could not be more pleased when a products works like it is supposed to.', 'i bought a generic sd card for my galaxy s5 and it corrupted all of my music. i am glad i have this sandisk because it is faster at reading writing and comes with the memoryzone backup app free, however, you need to have google drive, box, dropbox, or a similar cloud service. memoryzone is great at backing up but lost some of my data when doing a transfer phone to sd']"
109,"it's fast. works as described. plenty of space left free now. fast transfer speeds if used with compatible card reader. would recommend.this product features amazon frustration free packaging, which is recyclable. it comes without excess outer packaging materials such as hard plastic clamshell casings, plastic bindings, or wire ties. the packaging is designed to be opened without the use of a box cutter or knife, and it will protect your product just as well as traditional packaging.as of this writing, the sandisk ultra microsdhc card ia actually priced lower than other class 10 cards from pny and polaroid. this makes the sandisk the best value especially if you need honest class 10 performance across all platforms. while the class 10 speed is excellent it's amazing when files will initially transfer at 200mb s before settling down to 19 , you do need to use a reader with proper sdxc support, and manually format the card in a good partitioning program, like minitools or easeus. that alone should disqualify it from 5 stars, for lack of user friendliness. but if it weren't for that, the fast, roomy card is a wonder to own. i bought three of these and all three worked upon initial installation with no formatting. using my notebook computer's built in sd card reader, i saw transfer speeds between 6 mb writing and 14 mb reading. this was doing a simple copy past of all files on my old card that i had saved to my computer. these speeds are much slower than the stated maximum by the card manufacturer, but would be expected with over 12,000 small files like my example. the read write times were close to 50 faster than those of my old 8 gb class 10 sandisk micro sd card, so there is definitely a performance gain with this updated card.all things considered, 16 gb of storage on a class 10 card from the leading manufacturer, and at 15 is a steal. i highly recommend this card.","[""it's fast. works as described. plenty of space left free now. fast transfer speeds if used with compatible card reader. would recommend.this product features amazon frustration free packaging, which is recyclable. it comes without excess outer packaging materials such as hard plastic clamshell casings, plastic bindings, or wire ties. the packaging is designed to be opened without the use of a box cutter or knife, and it will protect your product just as well as traditional packaging.as of this writing, the sandisk ultra microsdhc card ia actually priced lower than other class 10 cards from pny and polaroid. this makes the sandisk the best value especially if you need honest class 10 performance across all platforms."", ""while the class 10 speed is excellent it's amazing when files will initially transfer at 200mb s before settling down to 19 , you do need to use a reader with proper sdxc support, and manually format the card in a good partitioning program, like minitools or easeus. that alone should disqualify it from 5 stars, for lack of user friendliness. but if it weren't for that, the fast, roomy card is a wonder to own."", ""i bought three of these and all three worked upon initial installation with no formatting. using my notebook computer's built in sd card reader, i saw transfer speeds between 6 mb writing and 14 mb reading. this was doing a simple copy past of all files on my old card that i had saved to my computer. these speeds are much slower than the stated maximum by the card manufacturer, but would be expected with over 12,000 small files like my example. the read write times were close to 50 faster than those of my old 8 gb class 10 sandisk micro sd card, so there is definitely a performance gain with this updated card.all things considered, 16 gb of storage on a class 10 card from the leading manufacturer, and at 15 is a steal. i highly recommend this card.""]"
110,"i bought this sd card for my android phone thinking that a class 10 will be faster and more reliable than others. it turns out, the difference in class doesn't really matter at least for android phones. didn't really worth the price difference i would not recommend this card if your looking for real class 10 write speeds. the most i could get is 9mb s from this card but for the most part it was about 7 8mb s. i even did a slow format to exfat in windows 7 with no improvements. i copied over music, pics and movies to test it out ranging from a couple of mb to over a gb. the read speeds were pretty good at around 21mb s though. i popped in a 32gb class 10 transcend sd card and it consistently got 16 18mb s write speeds and 24mb s read speeds. so in conclusion i think this card is not really a class 10. too bad i read all the negative 1 star reviews after the fact but i will be sending this one back. this card showed up and was formatted and recognized by my android phone with no issues at all. after doing a speed read write test on the card, the speeds obtained were well within what a class 10 should realistically accomplish. great card, great price, and wasn't shipped a junk card in disguise. highly recommended.","[""i bought this sd card for my android phone thinking that a class 10 will be faster and more reliable than others. it turns out, the difference in class doesn't really matter at least for android phones. didn't really worth the price difference"", 'i would not recommend this card if your looking for real class 10 write speeds. the most i could get is 9mb s from this card but for the most part it was about 7 8mb s. i even did a slow format to exfat in windows 7 with no improvements. i copied over music, pics and movies to test it out ranging from a couple of mb to over a gb. the read speeds were pretty good at around 21mb s though. i popped in a 32gb class 10 transcend sd card and it consistently got 16 18mb s write speeds and 24mb s read speeds. so in conclusion i think this card is not really a class 10. too bad i read all the negative 1 star reviews after the fact but i will be sending this one back.', ""this card showed up and was formatted and recognized by my android phone with no issues at all. after doing a speed read write test on the card, the speeds obtained were well within what a class 10 should realistically accomplish. great card, great price, and wasn't shipped a junk card in disguise. highly recommended.""]"
111,"i picked this up to slam into my s3 phone it works greatif you are thinking about it for that just order it.if you have an s3, 64 gig is the largest card it will support seems to work fine in my samsung . galaxy iii with the new android 4.1.1 os how big of a card can this phone handle 62 anyone know? i bought this card for increased storage on my galaxy s3. i had zero issues using it this way. if you're contemplating doing the same, ignore the theoretical limits you're reading about. the 64 gb card works fine on galaxy s3and the entirety of the card is recognized, not just the first 32 gb.","['i picked this up to slam into my s3 phone it works greatif you are thinking about it for that just order it.if you have an s3, 64 gig is the largest card it will support', 'seems to work fine in my samsung . galaxy iii with the new android 4.1.1 os how big of a card can this phone handle 62 anyone know?', ""i bought this card for increased storage on my galaxy s3. i had zero issues using it this way. if you're contemplating doing the same, ignore the theoretical limits you're reading about. the 64 gb card works fine on galaxy s3and the entirety of the card is recognized, not just the first 32 gb.""]"
112,"this card is fast! and cheap! i used it on my canon s100 camera to shoot raw format pictures and 1080 video and it worked flawlessly. i'm currently using it on my old mytouch phone for storage.great product, great price. very pleased with the speed and performance of this memory card. use it in both my camera and smart phone. i'm using this card in my samsung camera and it works well capturing pictures fast even in continuous picture mode. the video capture is also unsurpassed with the 30mb s capability. i have never been disappointed with a sandisk card and this is no exception. good quality!","[""this card is fast! and cheap! i used it on my canon s100 camera to shoot raw format pictures and 1080 video and it worked flawlessly. i'm currently using it on my old mytouch phone for storage.great product, great price."", 'very pleased with the speed and performance of this memory card. use it in both my camera and smart phone.', ""i'm using this card in my samsung camera and it works well capturing pictures fast even in continuous picture mode. the video capture is also unsurpassed with the 30mb s capability. i have never been disappointed with a sandisk card and this is no exception. good quality!""]"
113,for the price these cards provide a good compromise in terms of speed and cost. i use them with iogear usb 3.0 adapters and they work well in that capacity. have in a usb 3.0 slot on my iconia w700 docking station. does what it is supposed to do. what more can you expect? go two during a 34 deal of the day 34 . could not test usb3.0 performance since i dont have a usb3 port.,"['for the price these cards provide a good compromise in terms of speed and cost. i use them with iogear usb 3.0 adapters and they work well in that capacity.', 'have in a usb 3.0 slot on my iconia w700 docking station. does what it is supposed to do. what more can you expect?', 'go two during a 34 deal of the day 34 . could not test usb3.0 performance since i dont have a usb3 port.']"
114,"speed is meh. size is good no troubles it comes with a full sized sd converter too. i put it into my tablet. very satisfied with the speed and the space on this little guy.note you need to format this on a cellphone that can be capable of using micro sd xc or on a card reader that is compatible with sd xc because if you do not do that you will only see it as a 32gb. i got a couple of errors because i had formatted first on a computer with a sd hc reader not xc. but now it is working fine. great product for the sale price, hard to beat 37 for 64gb. worked well on the pc, then on a dell venue 8 pro tablet. speed is nothing to write home about, but close to what manufacturer suggested 30 10","['speed is meh. size is good no troubles it comes with a full sized sd converter too. i put it into my tablet.', 'very satisfied with the speed and the space on this little guy.note you need to format this on a cellphone that can be capable of using micro sd xc or on a card reader that is compatible with sd xc because if you do not do that you will only see it as a 32gb. i got a couple of errors because i had formatted first on a computer with a sd hc reader not xc. but now it is working fine.', 'great product for the sale price, hard to beat 37 for 64gb. worked well on the pc, then on a dell venue 8 pro tablet. speed is nothing to write home about, but close to what manufacturer suggested 30 10']"
115,"got here within a couple of days of ordering. easy to install and works great. i wanted extra storage and this was right size for me. i bought 2 of these. they arrive before the due date and were in perfect shape. i installed one in an old smart phone and it is working again. good service. this came two days ahead of schedule and installed right away. the only peeve people might have is that it comes in so much packaging that i gave it to my friend bruce banner and he went all hulk on it and couldn't get it open, so we had to use scissors like it says on the packaging. should've read the instructions on the packaging first, now i have to buy a new house because it's all smashed up.","['got here within a couple of days of ordering. easy to install and works great. i wanted extra storage and this was right size for me.', 'i bought 2 of these. they arrive before the due date and were in perfect shape. i installed one in an old smart phone and it is working again. good service.', ""this came two days ahead of schedule and installed right away. the only peeve people might have is that it comes in so much packaging that i gave it to my friend bruce banner and he went all hulk on it and couldn't get it open, so we had to use scissors like it says on the packaging. should've read the instructions on the packaging first, now i have to buy a new house because it's all smashed up.""]"
116,"the sandisk ultra 32 gb is very fast. the quiality is excellent. usefull for all device. not problem. i recomended. i bought these in hopes to replace my standard sandisk 64gb models for quickness. i'm not saying they are lightning fast, but they are definitely faster than the standard version. i bought one for each of my phones and my tablets, they work great. when the 128gb is available, i will try the faster version of those also. i noticed amazon had the 'ultra' version for only a couple bucks more than the standard black version. and this one comes with an sd adapter in case i ever need it. i haven't bothered to speed test it since i'm using it for the tablet and don't feel like removing it from the tablet just for a test but seems fast enough from my experience so far. definitely faster than the regular black sandisk cards.from my experience with sandisk products, their read write speeds are much faster than they claim in their conservative estimates. it's not worth messing with their standard line if you can get 'ultra', 'extreme', or 'pro' for not much more.","['the sandisk ultra 32 gb is very fast. the quiality is excellent. usefull for all device. not problem. i recomended.', ""i bought these in hopes to replace my standard sandisk 64gb models for quickness. i'm not saying they are lightning fast, but they are definitely faster than the standard version. i bought one for each of my phones and my tablets, they work great. when the 128gb is available, i will try the faster version of those also."", ""i noticed amazon had the 'ultra' version for only a couple bucks more than the standard black version. and this one comes with an sd adapter in case i ever need it. i haven't bothered to speed test it since i'm using it for the tablet and don't feel like removing it from the tablet just for a test but seems fast enough from my experience so far. definitely faster than the regular black sandisk cards.from my experience with sandisk products, their read write speeds are much faster than they claim in their conservative estimates. it's not worth messing with their standard line if you can get 'ultra', 'extreme', or 'pro' for not much more.""]"
117,"as soon as i saw that this card was announced on the various tech sites out there, i knew that i had to buy one. i went to amazon and picked one up for 120. this is a steep price compared to 64gb cards, but this is the largest capacity commercially available. and i don't want to be swapping out micro sd cards. that is just so inconvenient. i did various speed tests on this card and can confirm that you can get 30mb s read speed. fastest i saw was a little over 40mb s. write speed varied greatly and seemed to decrease the larger the file got. minimum write speed i saw was just under 10 mb s. i use this on my samsung galaxy note 3 and have not have any issues with it. this seems to be a great microsdxc, as i would expect from sandisk. i have not tested read write speed so i cannot comment on that. i have it installed in my lenovo thinkpad 8 to provide extra storage, and it is doing what it is supposed to do. guess there is not much more you can say about an sd card. i would expect it to work just as well in any device that is sdxc compatible. i have tried to copy out the files and it is an astonishingly 40mb s not sure why others are getting such low speed read but it think it is the computer. mine is running core i7, ssd and 16gb ram. probably it is why so. nevertheless, will see how durable is this microsd card.","[""as soon as i saw that this card was announced on the various tech sites out there, i knew that i had to buy one. i went to amazon and picked one up for 120. this is a steep price compared to 64gb cards, but this is the largest capacity commercially available. and i don't want to be swapping out micro sd cards. that is just so inconvenient. i did various speed tests on this card and can confirm that you can get 30mb s read speed. fastest i saw was a little over 40mb s. write speed varied greatly and seemed to decrease the larger the file got. minimum write speed i saw was just under 10 mb s. i use this on my samsung galaxy note 3 and have not have any issues with it."", 'this seems to be a great microsdxc, as i would expect from sandisk. i have not tested read write speed so i cannot comment on that. i have it installed in my lenovo thinkpad 8 to provide extra storage, and it is doing what it is supposed to do. guess there is not much more you can say about an sd card. i would expect it to work just as well in any device that is sdxc compatible.', 'i have tried to copy out the files and it is an astonishingly 40mb s not sure why others are getting such low speed read but it think it is the computer. mine is running core i7, ssd and 16gb ram. probably it is why so. nevertheless, will see how durable is this microsd card.']"
118,"it is very fast and very, very practical! i really like, almost able to use, and in my phone can play full hd, only great! it is fast and a great deal. you wont need anything bigger than this unless you are downloading tons of movies on your phone. it does its job quite well. fast and very easy to use. works with my gs4 and it is comparable with other devices. want to buy the 64 gb one.","['it is very fast and very, very practical! i really like, almost able to use, and in my phone can play full hd, only great!', 'it is fast and a great deal. you wont need anything bigger than this unless you are downloading tons of movies on your phone. it does its job quite well.', 'fast and very easy to use. works with my gs4 and it is comparable with other devices. want to buy the 64 gb one.']"
119,"i used this to replace the existing transcend microsdhc card in my phone. i find that only a few pieces of my equipment can access it apparently some older firmware devices do not recognize 64 gb sd. one trick i found i was able to format this in my tablet, then move it into my phone. initially, my phone reported it as a corrupt sd. other than that, i have had no issues with it it is reliable and stable, but not lightning fast. it took me over two hours to copy my photos and music onto it. i had problems using the chip in the reader built into my laptop. it seemed to only want to format up to 32gb. when i plugged it into my phone, i could format at 64 gb but then the laptop reader saw it as empty. when i used a usb reader, then the laptop could read it just fine.i was able to copy the 4gb of data from my old microsd to this chip and have not had any problems with it yet.","['i used this to replace the existing transcend microsdhc card in my phone. i find that only a few pieces of my equipment can access it apparently some older firmware devices do not recognize 64 gb sd. one trick i found i was able to format this in my tablet, then move it into my phone. initially, my phone reported it as a corrupt sd. other than that, i have had no issues with it it is reliable and stable, but not lightning fast. it took me over two hours to copy my photos and music onto it.', 'i had problems using the chip in the reader built into my laptop. it seemed to only want to format up to 32gb. when i plugged it into my phone, i could format at 64 gb but then the laptop reader saw it as empty. when i used a usb reader, then the laptop could read it just fine.i was able to copy the 4gb of data from my old microsd to this chip and have not had any problems with it yet.']"
120,compatibility should not be an issue with these memory cards. even though they are sdhc they are very backwards compatible. i threw a 32 gb in my phone for extra storage and i have had no issues with it. make sure you move apps from your phone to your sd card storage though. it's future proof and you can hide important files on it if you want. disappointed that the acer netbook could not read the 32gb microsdhc using included adaptor but the memory card functions perfectly in samsung galaxy ace plus android telephone. moved large video files very quickly. memory card works great in my phone and other micro sdhc compatible devices. do be sure to look out for the compatibility of your device. some are not sdhc compatible. luckily everything i have now is compatible. the 32gb size is excellent especially for embedded devices. i use mine with the raspberry pi using the adapter and it's speedy.,"[""compatibility should not be an issue with these memory cards. even though they are sdhc they are very backwards compatible. i threw a 32 gb in my phone for extra storage and i have had no issues with it. make sure you move apps from your phone to your sd card storage though. it's future proof and you can hide important files on it if you want."", 'disappointed that the acer netbook could not read the 32gb microsdhc using included adaptor but the memory card functions perfectly in samsung galaxy ace plus android telephone. moved large video files very quickly.', ""memory card works great in my phone and other micro sdhc compatible devices. do be sure to look out for the compatibility of your device. some are not sdhc compatible. luckily everything i have now is compatible. the 32gb size is excellent especially for embedded devices. i use mine with the raspberry pi using the adapter and it's speedy.""]"
121,"this card transfers data incredibly quickly!. one can notice the difference between a regular sandisk memory card and this ultra version. great memory and it was at a price i loved! using it for my microsoft surface pro and no problems with it this card is very fast as described, i had no problem transferring my data from my old 32gb card. shipped quickly. the data speeds are kinda slow but i am enjoying this card and thinking of buying a 64gb, nice buy.","['this card transfers data incredibly quickly!. one can notice the difference between a regular sandisk memory card and this ultra version. great memory and it was at a price i loved! using it for my microsoft surface pro and no problems with it', 'this card is very fast as described, i had no problem transferring my data from my old 32gb card. shipped quickly.', 'the data speeds are kinda slow but i am enjoying this card and thinking of buying a 64gb, nice buy.']"
122,"great item. runs a lot faster then the cheap ones and still a really good price. worth the extra money works well, as advertised. i like the class 10 speed. price was right. would recommend this product to others. thank you. bought this one to add to the standard one i had already purchased for the size and speed and price it was worth it","['great item. runs a lot faster then the cheap ones and still a really good price. worth the extra money', 'works well, as advertised. i like the class 10 speed. price was right. would recommend this product to others. thank you.', 'bought this one to add to the standard one i had already purchased for the size and speed and price it was worth it']"
123,"seems to be fast. i use it in a galaxy note for media storage, and it seems to move files as well as any usb stick. its fast. i use it every day in my samsung epic touch 4g. i will never need to worry about needing extra space. slow compared to some usb drives. the good is it is small and will hold large files. i would recommend this product for cell phone only use. not to be used as a back up usb memory drive for nexus 7. i would use a high speed usb drive for the nexus 7.","['seems to be fast. i use it in a galaxy note for media storage, and it seems to move files as well as any usb stick.', 'its fast. i use it every day in my samsung epic touch 4g. i will never need to worry about needing extra space.', 'slow compared to some usb drives. the good is it is small and will hold large files. i would recommend this product for cell phone only use. not to be used as a back up usb memory drive for nexus 7. i would use a high speed usb drive for the nexus 7.']"
124,"excellent. got 2 of these but still testing to see if speed is its greatest deal. anyway cheap at the time. i've had a couple of these crap out on me but so far this one is my first heavy duty one. it's very fast and responsive. i just hope it can last better than some of the others i've had. i bought this a while back and have had no complaints at all. fast, reliable and no hickups. and at a decent price as well will be coming back for another.","['excellent. got 2 of these but still testing to see if speed is its greatest deal. anyway cheap at the time.', ""i've had a couple of these crap out on me but so far this one is my first heavy duty one. it's very fast and responsive. i just hope it can last better than some of the others i've had."", 'i bought this a while back and have had no complaints at all. fast, reliable and no hickups. and at a decent price as well will be coming back for another.']"
125,"so fr it been great i need it for my not 0. 2014 table too bad it cost so much but it is what it is good product that is working well, was packaged well and delivered as promised. it was a birthday gift for my sons laptop i have nothing bad to say about these little guys! they arrived as expected, they fit into the devices and they work as stated! d","['so fr it been great i need it for my not 0. 2014 table too bad it cost so much but it is what it is', 'good product that is working well, was packaged well and delivered as promised. it was a birthday gift for my sons laptop', 'i have nothing bad to say about these little guys! they arrived as expected, they fit into the devices and they work as stated! d']"
126,"also fast .. not much more i can say. i bought two.would buy again and would recommend to u all very fast and reliable, couldnt ask for a better product from a better company. unless you have a electronics lab in your home i dont think you could possible come up with such a beast. don't know what exactly to say, but the little micro seems at least as efficient as any other micro that i've ever used.","['also fast .. not much more i can say. i bought two.would buy again and would recommend to u all', 'very fast and reliable, couldnt ask for a better product from a better company. unless you have a electronics lab in your home i dont think you could possible come up with such a beast.', ""don't know what exactly to say, but the little micro seems at least as efficient as any other micro that i've ever used.""]"
127,"speed is great. works great. works great in everything i have tried... and to be honest, my wife thinks i am creating the 34 disneyworld 34 of electronics with all the goodies i have bought. well, they are my toys for a very old juvenile and this memory makes them a lot better. got this in as described. so far it's working very well. i am not a technical person on calculating the speed. for a normal person, it's pretty fast and easy to access. great product. even thoug it does not meet the specification speed, is a great product, it does what it was intended for.","['speed is great. works great. works great in everything i have tried... and to be honest, my wife thinks i am creating the 34 disneyworld 34 of electronics with all the goodies i have bought. well, they are my toys for a very old juvenile and this memory makes them a lot better.', ""got this in as described. so far it's working very well. i am not a technical person on calculating the speed. for a normal person, it's pretty fast and easy to access. great product."", 'even thoug it does not meet the specification speed, is a great product, it does what it was intended for.']"
128,"could not ask for anything more. it is exactly as advertised and i have no issues. i have not gotten to try it in a uhs device yet but cannot wait to do so. overall, a great purchase with a reasonable price. i have bought 4 units and all working well in various devices very happy, good product and quality, works fine does the job. i use it with my android it is fast and reliable","['could not ask for anything more. it is exactly as advertised and i have no issues. i have not gotten to try it in a uhs device yet but cannot wait to do so.', 'overall, a great purchase with a reasonable price. i have bought 4 units and all working well in various devices', 'very happy, good product and quality, works fine does the job. i use it with my android it is fast and reliable']"
129,"the speed is great i use it in my galaxy tab 3 and had a bunch of hd movies on it and i can watch movies on my tablet flawlessly, does what it says i havent done speed tests, but this sits in my tablet and lets me store music with easy. it is fast enough to stream hd video from.","['the speed is great i use it in my galaxy tab 3 and had a bunch of hd movies on it and i can watch movies on my tablet flawlessly, does what it says', 'i havent done speed tests, but this sits in my tablet and lets me store music with easy. it is fast enough to stream hd video from.']"
130,"have not experienced any wirting speed problem with my android sticks or pc. so i suppose it lives up to the 10x claimed. tried with both sdhc sdxc readers on both abdroid tv's and pc's usb ports, and all worked as smmoth as silk. i haven't done much to speed test this device, but it does everything i ask it to and the price was right. i got it and tested it block by block. no issues. i tested the speed in various applications and on my laptop in a good usb3.0 reader got no less than 4meg sec and often a little over 10meg sec. speed will of course vary depending on all the hardware and what you are transferring.","[""have not experienced any wirting speed problem with my android sticks or pc. so i suppose it lives up to the 10x claimed. tried with both sdhc sdxc readers on both abdroid tv's and pc's usb ports, and all worked as smmoth as silk."", ""i haven't done much to speed test this device, but it does everything i ask it to and the price was right."", 'i got it and tested it block by block. no issues. i tested the speed in various applications and on my laptop in a good usb3.0 reader got no less than 4meg sec and often a little over 10meg sec. speed will of course vary depending on all the hardware and what you are transferring.']"
131,"fast , no problems , i loved the price and it worked immediately , never caused me any problems.... oh just remembered when i place it into the sd card to make it fit into the pc ,,, usually the micro sd get stuck in the holder , that i did not like very quick and no problems what so ever. a great storage platform and works great in both my lenovo tablet and my samsung phone. i would recommend this to anyone very fast and does the job. i have placed this inside of my lg optima pro and it works great. the price is right.","['fast , no problems , i loved the price and it worked immediately , never caused me any problems.... oh just remembered when i place it into the sd card to make it fit into the pc ,,, usually the micro sd get stuck in the holder , that i did not like', 'very quick and no problems what so ever. a great storage platform and works great in both my lenovo tablet and my samsung phone. i would recommend this to anyone', 'very fast and does the job. i have placed this inside of my lg optima pro and it works great. the price is right.']"
132,"i bought this for my android device and it works great!it even comes with a converter so if i'd like to use it for images or movies i could!i'd highly recommend this product to anyone needing memory for their phone, android player, camera or anything that uses sd and or micro sd! working perfectly so far, fit my zeepad android exactly is running great. i recommend this 32 gb card for any android or similar device needing additional recording space. i purchased this for my motorola xoom and it works great. i also use it with my cannon t2i camera and it is the only card that doesn't lock up or give me a busy while videoing hd. i am very happy with it","[""i bought this for my android device and it works great!it even comes with a converter so if i'd like to use it for images or movies i could!i'd highly recommend this product to anyone needing memory for their phone, android player, camera or anything that uses sd and or micro sd!"", 'working perfectly so far, fit my zeepad android exactly is running great. i recommend this 32 gb card for any android or similar device needing additional recording space.', ""i purchased this for my motorola xoom and it works great. i also use it with my cannon t2i camera and it is the only card that doesn't lock up or give me a busy while videoing hd. i am very happy with it""]"
133,"it's a good capacity but the speed is slow that is almost 10m...but it's acceptable to me. i like it. decent price on 16 gb. works as it should, no problems. not sure if the speeds actually matter with mobile devices. maybe for transferring media to pc faster actually helps. either way, it works great.","[""it's a good capacity but the speed is slow that is almost 10m...but it's acceptable to me. i like it."", 'decent price on 16 gb. works as it should, no problems. not sure if the speeds actually matter with mobile devices. maybe for transferring media to pc faster actually helps. either way, it works great.']"
134,"works perfect. no complaints. it's fast. that's why i bought it. it does what it says it's going to do working flawlessly as it is supposed to. i like the speed of the product. the adapter case is also nice to have. works great. got it quickly, it was well packed, plugged it in an it's been working fine since. only been a month so can speak to long term reliability. will buy another one soon.","[""works perfect. no complaints. it's fast. that's why i bought it. it does what it says it's going to do"", 'working flawlessly as it is supposed to. i like the speed of the product. the adapter case is also nice to have.', ""works great. got it quickly, it was well packed, plugged it in an it's been working fine since. only been a month so can speak to long term reliability. will buy another one soon.""]"
135,as advertised. 64gb high transfer speeds and oh yeah android ftw 9 8 7 6 5 4 3 2 1 lives up the billing of very fast data transfer speeds. i love that i can just plug my note 2 into my pc and drop stuff onto this thing to my hearts content. access speeds are very good and i've had no issues using it.,"['as advertised. 64gb high transfer speeds and oh yeah android ftw 9 8 7 6 5 4 3 2 1', ""lives up the billing of very fast data transfer speeds. i love that i can just plug my note 2 into my pc and drop stuff onto this thing to my hearts content. access speeds are very good and i've had no issues using it.""]"
136,"so far its working fine, i've read some negative reviews on it giving up on one, but nothing yet so good buy. good no problems works well. no problems at all. works great","[""so far its working fine, i've read some negative reviews on it giving up on one, but nothing yet so good buy."", 'good no problems works well.', 'no problems at all. works great']"
137,"these days, who doesn't need plenty of storage to move your apps, photos and other stuff to keep your phone running smoothly? great price with no chance running out if space for a long time. this was pretty awesome and cheap, i had just bought my galaxy s4 and figured i'd upgrade my sd card from the 32 i had, its nice to have since the s4 inexplicably has almost no internal storage, still awesome phone though, but we're not talking about that today. i got it at a good price, and it is nice to have 64gb of extra space for media to use in my phone.","[""these days, who doesn't need plenty of storage to move your apps, photos and other stuff to keep your phone running smoothly? great price with no chance running out if space for a long time."", ""this was pretty awesome and cheap, i had just bought my galaxy s4 and figured i'd upgrade my sd card from the 32 i had, its nice to have since the s4 inexplicably has almost no internal storage, still awesome phone though, but we're not talking about that today."", 'i got it at a good price, and it is nice to have 64gb of extra space for media to use in my phone.']"
138,"purchased this for my galaxy s3 phone. the phone has 16 gb internal memory and you can't use this with it. luckily it came with an adapter and i use it in my card reader for storage. i go from the pc to the phone. its worth the money but remember its useless with the galaxy s3 replaced 16 gig in my android phone, motorolla atrix 2. works great. no issues. been going strong for months now. great buy for this sandisk 16 gb memory. worked well in my samsung s4 smartphone. i mainly use the extra memory to save photos and music. like the adapter that i use frequently to copies files to my desk top pc.","[""purchased this for my galaxy s3 phone. the phone has 16 gb internal memory and you can't use this with it. luckily it came with an adapter and i use it in my card reader for storage. i go from the pc to the phone. its worth the money but remember its useless with the galaxy s3"", 'replaced 16 gig in my android phone, motorolla atrix 2. works great. no issues. been going strong for months now.', 'great buy for this sandisk 16 gb memory. worked well in my samsung s4 smartphone. i mainly use the extra memory to save photos and music. like the adapter that i use frequently to copies files to my desk top pc.']"
139,"i purchased the card in the sandisk packaging, so i am pretty sure it is genuine. i tested it with various programs on the web that apparently can detect whether they are fakes or not. this one turned out to be a real sandisk card. the card came formatted with fat32.i read on the web about these micro sds, and apparently they are not as fast as the full sd card version. i borrowed my brothers sandisk 32gb full sd card to make comparison tests. here are my official unofficial test results using diskbench v2.6.2.0 and h2testw 1.4 test. i will give the results as an overall result, because after testing these cards over and over with speed writes and reads, the results get mixed and varied to a big degree... much larger than i expected, but the numerous tests showed me a general trend. the trend is that the full sd cards do write faster than the microsd card. but, also remember that the microsd had to be put into an adapter to do the test on my pc while the fullsd card was put into the computer reader directly.these are just my averages, but small file writes both sd cards wrote at close to 10mb sec. the microsd was less consistent in the tests and sometimes dropped to 8mb sec.small file reads both sd cards read at close to 20 mb sec at their fastest.large file copies to card microsd wrote at 3.5mb sec while the fullsd wrote at about 4mb seclarge file reads copies from card microsd was 10mb sec while the fullsd read at about 14mb sec.my conclusion my tests were by no means official for this card and showed much variance dependent on file size of the reads and writes, but the fullsd card was faster in many cases, but equal to microsd in most cases. the small file writes and reads showed that they are similar enough. but, my only concern is with large file writes.... is 3.5 mb sec good enough for rapid photography on a high pixel camera? i don't know. i have had no problem using these cards with h264 movie capture for hours. i am surprised that 3.5 mb sec is enough.also, never during the huge file copies to the card did i get any noticeable heating of the card itself, by touch even for an hour. i've noticed that it has been a complaint from many people on the web, some stating that they felt they might burn themselves. i copied files that took more than an hour with no noticeable temperature change, other than, perhaps a couple of degrees. of course, this was on a pc and not installed in a camera.the card performs well for video work, and appears to meet many other tests performed by other people. i never saw a read close to 30 mb sec... they were very consistent at 20 mb sec at the highest performance.i would get the card again, if the price were right. there is a speed penalty if exfat is used as oppose to ntfs.using atto and formatted as exfat read speed 45mbswrite speed 15mbsusing atto and formatted as ntfs read speed 45mbswrite speed 17mbswith exfat, the write speed actually fluctuates as the transfer size increases. but using ntfs, the speed are consistent.tested on lenovo t530 using built in sd card reader. it writes according to sandisk app test only with the speed of 16mb second. i have expected a little more than that.","[""i purchased the card in the sandisk packaging, so i am pretty sure it is genuine. i tested it with various programs on the web that apparently can detect whether they are fakes or not. this one turned out to be a real sandisk card. the card came formatted with fat32.i read on the web about these micro sds, and apparently they are not as fast as the full sd card version. i borrowed my brothers sandisk 32gb full sd card to make comparison tests. here are my official unofficial test results using diskbench v2.6.2.0 and h2testw 1.4 test. i will give the results as an overall result, because after testing these cards over and over with speed writes and reads, the results get mixed and varied to a big degree... much larger than i expected, but the numerous tests showed me a general trend. the trend is that the full sd cards do write faster than the microsd card. but, also remember that the microsd had to be put into an adapter to do the test on my pc while the fullsd card was put into the computer reader directly.these are just my averages, but small file writes both sd cards wrote at close to 10mb sec. the microsd was less consistent in the tests and sometimes dropped to 8mb sec.small file reads both sd cards read at close to 20 mb sec at their fastest.large file copies to card microsd wrote at 3.5mb sec while the fullsd wrote at about 4mb seclarge file reads copies from card microsd was 10mb sec while the fullsd read at about 14mb sec.my conclusion my tests were by no means official for this card and showed much variance dependent on file size of the reads and writes, but the fullsd card was faster in many cases, but equal to microsd in most cases. the small file writes and reads showed that they are similar enough. but, my only concern is with large file writes.... is 3.5 mb sec good enough for rapid photography on a high pixel camera? i don't know. i have had no problem using these cards with h264 movie capture for hours. i am surprised that 3.5 mb sec is enough.also, never during the huge file copies to the card did i get any noticeable heating of the card itself, by touch even for an hour. i've noticed that it has been a complaint from many people on the web, some stating that they felt they might burn themselves. i copied files that took more than an hour with no noticeable temperature change, other than, perhaps a couple of degrees. of course, this was on a pc and not installed in a camera.the card performs well for video work, and appears to meet many other tests performed by other people. i never saw a read close to 30 mb sec... they were very consistent at 20 mb sec at the highest performance.i would get the card again, if the price were right."", 'there is a speed penalty if exfat is used as oppose to ntfs.using atto and formatted as exfat read speed 45mbswrite speed 15mbsusing atto and formatted as ntfs read speed 45mbswrite speed 17mbswith exfat, the write speed actually fluctuates as the transfer size increases. but using ntfs, the speed are consistent.tested on lenovo t530 using built in sd card reader.', 'it writes according to sandisk app test only with the speed of 16mb second. i have expected a little more than that.']"
140,"great card for a great price read and write speeds are on par with what is posted on the specifications detail report. very impressed with the speed of this 32 gb micro sdhc. very good performance for data read and write . good quality sd memory. the speed suggested is true for the read speed. the write speed is slower, around 15mb s.","['great card for a great price read and write speeds are on par with what is posted on the specifications detail report.', 'very impressed with the speed of this 32 gb micro sdhc. very good performance for data read and write .', 'good quality sd memory. the speed suggested is true for the read speed. the write speed is slower, around 15mb s.']"
141,"i purchased 2 of these and am very happy with both. good transfer rates. i found my last sd card caused the camera in my phone to delay when taking shots, but this one allows my phone to take pic's very quickly! fast transfers. i was hesitant to buy a larger micro storage, thinking that it would be easy to damage. this storage fits the phone perfect, and i wouldn't hesitate to buy again. i bought this to upgrade my phone micro sd, works great and lots of storage. i have not been able to test the speed of the transfer as google has chosen to turn against their customers and disable any ability to connect phones to pcs in a normal since.","[""i purchased 2 of these and am very happy with both. good transfer rates. i found my last sd card caused the camera in my phone to delay when taking shots, but this one allows my phone to take pic's very quickly!"", ""fast transfers. i was hesitant to buy a larger micro storage, thinking that it would be easy to damage. this storage fits the phone perfect, and i wouldn't hesitate to buy again."", 'i bought this to upgrade my phone micro sd, works great and lots of storage. i have not been able to test the speed of the transfer as google has chosen to turn against their customers and disable any ability to connect phones to pcs in a normal since.']"
142,"i'm not a techie, so i can't do all those great experiments to determine whether or not the transfer speed is as advertised. all i know is, the card works just fine in my galaxy s3. so far, it has worked great, and seems to be pretty speedy.i have san disk cards in quite a few of my tech toys, and they've always performed well. i am confident that this one will do the same. i hate how people complain the transfer speed isn't the 34 promised 34 30 mbs. it even says in the fine print that it depends on the product you are using the card on. i bought this to upgrade my galaxy note 2s memory. bought on sale for about 20 and amazon credited me the difference when it went on sale a week later for 17 . very satisfied great product and great customer service. thanks amazon! decent transfer speeds out of phone..in phone sees around 10 12mb s down to 5. this card is nothing to write home about however, as it only lasted me 7 months. now it will not read in my phone or laptop or friend's phone. so now i lost all my files....i recommend you store your vital files in the phone.","[""i'm not a techie, so i can't do all those great experiments to determine whether or not the transfer speed is as advertised. all i know is, the card works just fine in my galaxy s3. so far, it has worked great, and seems to be pretty speedy.i have san disk cards in quite a few of my tech toys, and they've always performed well. i am confident that this one will do the same."", ""i hate how people complain the transfer speed isn't the 34 promised 34 30 mbs. it even says in the fine print that it depends on the product you are using the card on. i bought this to upgrade my galaxy note 2s memory. bought on sale for about 20 and amazon credited me the difference when it went on sale a week later for 17 . very satisfied great product and great customer service. thanks amazon!"", ""decent transfer speeds out of phone..in phone sees around 10 12mb s down to 5. this card is nothing to write home about however, as it only lasted me 7 months. now it will not read in my phone or laptop or friend's phone. so now i lost all my files....i recommend you store your vital files in the phone.""]"
143,"still don't feel is very fast or is just my phone, i guess i will need to remove it and run some r w tests. still its ok. i bough it because it said it was fast, but not. i'm only getting 13mb s with an galaxy note ii a very fast an excellent phone. very fast as advertised and had no problem installing in my samsung galaxy s3.would highly recommend this product to anyone with a galaxy s3 s2","[""still don't feel is very fast or is just my phone, i guess i will need to remove it and run some r w tests. still its ok."", ""i bough it because it said it was fast, but not. i'm only getting 13mb s with an galaxy note ii a very fast an excellent phone."", 'very fast as advertised and had no problem installing in my samsung galaxy s3.would highly recommend this product to anyone with a galaxy s3 s2']"
144,"i do not get the advertised speed of 30mb s, more like a 200 300kb s on my galaxy s4. at least it gives me a lot of extra storage space, for a phone it works nicely if you don't need to transfer big files. transfer speeds from just moving files to my phone as well as rooting and adding various roms was much faster than i'm used to. i haven't done any official benchmarking though.","[""i do not get the advertised speed of 30mb s, more like a 200 300kb s on my galaxy s4. at least it gives me a lot of extra storage space, for a phone it works nicely if you don't need to transfer big files."", ""transfer speeds from just moving files to my phone as well as rooting and adding various roms was much faster than i'm used to. i haven't done any official benchmarking though.""]"
145,"very fast! decent price.i use this for my phone, and it does the job. never had any problems, it's a class 10 card so it has plenty of speed for reading and writing. will buy again fast as it gets. even in my phone this thing rocks! in a camera you can almost slow down time itself. super fast, keeps up with my camera speed. i have purchased 3 total and love every single one. wouldn't buy any other card.","[""very fast! decent price.i use this for my phone, and it does the job. never had any problems, it's a class 10 card so it has plenty of speed for reading and writing. will buy again"", 'fast as it gets. even in my phone this thing rocks! in a camera you can almost slow down time itself.', ""super fast, keeps up with my camera speed. i have purchased 3 total and love every single one. wouldn't buy any other card.""]"
146,"great storage, has not failed yet after about a year of usage. excellent storage and small! works well and does everything i need it to plus it came in at a good price. good storage","['great storage, has not failed yet after about a year of usage.', 'excellent storage and small! works well and does everything i need it to plus it came in at a good price.', 'good storage']"
147,"installed this big baby in my s4 lay night and it is rocking and a rolling did first test think i got 26mb read which i am plenty happy with i was moving things onto the card also i think so not sure how much faster it can go computer i am sure it will be faster this is definitely faster than my old 16gb card and seems to work just fine so far in my s4. have used it a lot for the last few weeks. it's faster than my 2 year old 32gb micro sd cards, and this 64gb version works great with my samsung s4 phone. i didn't even need to format the card, it came pre formatted, fat32 i think.","['installed this big baby in my s4 lay night and it is rocking and a rolling did first test think i got 26mb read which i am plenty happy with i was moving things onto the card also i think so not sure how much faster it can go computer i am sure it will be faster', 'this is definitely faster than my old 16gb card and seems to work just fine so far in my s4. have used it a lot for the last few weeks.', ""it's faster than my 2 year old 32gb micro sd cards, and this 64gb version works great with my samsung s4 phone. i didn't even need to format the card, it came pre formatted, fat32 i think.""]"
148,what can you say beyond the headline. it works as expected. i would buy more when i need reliable storage. performance and capacity were not in line with cost and expectations. these are most likely counterfeit or back door sales in my opinion. very unsatisfied.,"['what can you say beyond the headline. it works as expected. i would buy more when i need reliable storage.', 'performance and capacity were not in line with cost and expectations. these are most likely counterfeit or back door sales in my opinion. very unsatisfied.']"
149,"love the large storage space, great when you get a less expensivettablet and make it better than an expensive one. great price and works great. if you want more storage at a reasonable price, i would highly recommend this product. best price deal for me getting a good name brand. have not actually used the storage to date. glad to have the storage.","['love the large storage space, great when you get a less expensivettablet and make it better than an expensive one.', 'great price and works great. if you want more storage at a reasonable price, i would highly recommend this product.', 'best price deal for me getting a good name brand. have not actually used the storage to date. glad to have the storage.']"
150,"a fantastic discount and remarkable value for a name brand product that would cost three times the amount that i paid reasonable price, good quality. not much more needs to be said. name brand, great price, great shipping","['a fantastic discount and remarkable value for a name brand product that would cost three times the amount that i paid', 'reasonable price, good quality. not much more needs to be said.', 'name brand, great price, great shipping']"
151,"not bad, i doesnt feel any quicker than a normal 32gb card. and you only get 27gb of storage. 20 super fast, tons of room. who wouldn't love this micro sd card? the price is even great. i've been using it on my phone for about 6 months now and i've had zero problems. it sped up the processing time of my camera app considerably. i was reading some reviews about this and honestly i really don't notice the speed. but the storage of it is epic. 64gb card 32gb phone ... a lot of information.... and i save and store alot of things. for me its a great card to hold stuff and a speed i really don't noticed, however i want to add that this card is not slow i just don't notice the difference using a 32gb class4 vs 64gb class10 on a e890 optimums g pro","['not bad, i doesnt feel any quicker than a normal 32gb card. and you only get 27gb of storage. 20', ""super fast, tons of room. who wouldn't love this micro sd card? the price is even great. i've been using it on my phone for about 6 months now and i've had zero problems. it sped up the processing time of my camera app considerably."", ""i was reading some reviews about this and honestly i really don't notice the speed. but the storage of it is epic. 64gb card 32gb phone ... a lot of information.... and i save and store alot of things. for me its a great card to hold stuff and a speed i really don't noticed, however i want to add that this card is not slow i just don't notice the difference using a 32gb class4 vs 64gb class10 on a e890 optimums g pro""]"
152,"i'm not going to give you a detailed speed and what not but this sd card is fast compared to the other ones. you wouldn't really notice the difference in speed unless you're copying a huge file. i use this on my note 2 and i take a butt load of pictures with my phone. i have many microsd cards like many of you guys might too. it's definitely faster than other microsd cards that i've used before. i'm happy with it. its so much faster than normal sd's. i recommend this micro sd. it flies!the card reader was ok, tested it and worked but never really used it because its too big","[""i'm not going to give you a detailed speed and what not but this sd card is fast compared to the other ones. you wouldn't really notice the difference in speed unless you're copying a huge file. i use this on my note 2 and i take a butt load of pictures with my phone."", ""i have many microsd cards like many of you guys might too. it's definitely faster than other microsd cards that i've used before. i'm happy with it."", ""its so much faster than normal sd's. i recommend this micro sd. it flies!the card reader was ok, tested it and worked but never really used it because its too big""]"
153,"it was good until i lost it in the house. i think they should put a big ass light on it so i won't loose it. works as described, good packaging, fair price, and i have no issues with the product up to this point. thanks. made the mistake of leaving it in the car when i had a flat and had to buy 4 new tires. went missing at the dealership so i never got to use it.","[""it was good until i lost it in the house. i think they should put a big ass light on it so i won't loose it."", 'works as described, good packaging, fair price, and i have no issues with the product up to this point. thanks.', 'made the mistake of leaving it in the car when i had a flat and had to buy 4 new tires. went missing at the dealership so i never got to use it.']"
154,"i use this in my android phone, pretty much for mp3's to play in my truck. it certainly doesn't perform like a class 10 card when writing the files to it but not for me, wasn't that important. my ipod finally bit the dust, so i bought this card to use in my galaxy 4 so i could use it as my new music player. it was very easy to transfer the music and get it playing right away. i can't complain at all, it was nice to be able to expand my storage on my phone enough with this that i didn't have to go buy another ipod. i have a lot of music and this thing holds it all and doesn't slow my phone down at all. no complaints here, i actually bought another one of these for my galaxy tab so i can keep all my music on that too. so it's safe to say i would buy it again. card is fast and reliable in my galaxy note 2 cell phone. copied my whole music collection to it. no problems.","[""i use this in my android phone, pretty much for mp3's to play in my truck. it certainly doesn't perform like a class 10 card when writing the files to it but not for me, wasn't that important."", ""my ipod finally bit the dust, so i bought this card to use in my galaxy 4 so i could use it as my new music player. it was very easy to transfer the music and get it playing right away. i can't complain at all, it was nice to be able to expand my storage on my phone enough with this that i didn't have to go buy another ipod. i have a lot of music and this thing holds it all and doesn't slow my phone down at all. no complaints here, i actually bought another one of these for my galaxy tab so i can keep all my music on that too. so it's safe to say i would buy it again."", 'card is fast and reliable in my galaxy note 2 cell phone. copied my whole music collection to it. no problems.']"
155,very fast transfer speeds and it feels like it is very good build quality. great price too and would recommend. super fast transfer speed. very very impressed with the price as well. i'll be getting another no doubt. two words. the transfer speed is good the picture quality is good it was shipped to me well packed but not over taped up,"['very fast transfer speeds and it feels like it is very good build quality. great price too and would recommend.', ""super fast transfer speed. very very impressed with the price as well. i'll be getting another no doubt. two words."", 'the transfer speed is good the picture quality is good it was shipped to me well packed but not over taped up']"
156,great transfer speeds for my tablet. going on a month now and it works just fine. highly recommend it to anyne. not much to say other than it is as advertised and it works. i haven't the means to gauge the transfer speeds but i've experienced no lags or delays with the combination of this storage and my hardware galaxy note ii .the shipping was faster than anything i received recently. slower than expected transfer rates when used with phones and tablets...i had expected higher transfer rates given the data class,"['great transfer speeds for my tablet. going on a month now and it works just fine. highly recommend it to anyne.', ""not much to say other than it is as advertised and it works. i haven't the means to gauge the transfer speeds but i've experienced no lags or delays with the combination of this storage and my hardware galaxy note ii .the shipping was faster than anything i received recently."", 'slower than expected transfer rates when used with phones and tablets...i had expected higher transfer rates given the data class']"
157,"i got this card for my phone. i was expecting a significant increase in speed. i have not really noticed any great speed improvements. the card is working great with no problems. just get a slower card for your phone, you won't notice the difference. this is a great speed card.more than 20 mb sec. works perfect on my android device samsung galaxy sii gt i9100 . also works perfect using cyanongenmod 10.1.the only downside the price. is an expensive card.i use it for music playback, like poweramp, spotify and rdio. works flawless. this card is fast enough to meet my needs on a galaxy note 3. plenty of memory for my pictures and files. no problems","[""i got this card for my phone. i was expecting a significant increase in speed. i have not really noticed any great speed improvements. the card is working great with no problems. just get a slower card for your phone, you won't notice the difference."", 'this is a great speed card.more than 20 mb sec. works perfect on my android device samsung galaxy sii gt i9100 . also works perfect using cyanongenmod 10.1.the only downside the price. is an expensive card.i use it for music playback, like poweramp, spotify and rdio. works flawless.', 'this card is fast enough to meet my needs on a galaxy note 3. plenty of memory for my pictures and files. no problems']"
158,"not as fast as advertised most of the time, actually slowed down my note 3 when i filled it with movies leaving only about 8gb free, switched to a faster card due to that, but it could also be the phones fault. all in all it's a good card with good speed and size for the money. using this in a samsung note ii phone and i get reads of 18m sec and writes of 9m sec. very pleased with the performance.","[""not as fast as advertised most of the time, actually slowed down my note 3 when i filled it with movies leaving only about 8gb free, switched to a faster card due to that, but it could also be the phones fault. all in all it's a good card with good speed and size for the money."", 'using this in a samsung note ii phone and i get reads of 18m sec and writes of 9m sec. very pleased with the performance.']"
159,"in my samsung note 2. fast no delays. transfers data in fon and to pc immediately. good value for a top rated card. well works just like any other sd card i don t see ultra fast speeds or any thing. i shoved this guy into a galaxy s4 and it works fine! super fast, works great on my samsung s4. had to make a few config changes on the s4 but that's not the card's problem","['in my samsung note 2. fast no delays. transfers data in fon and to pc immediately. good value for a top rated card.', 'well works just like any other sd card i don t see ultra fast speeds or any thing. i shoved this guy into a galaxy s4 and it works fine!', ""super fast, works great on my samsung s4. had to make a few config changes on the s4 but that's not the card's problem""]"
160,"does the job. no complaints so far. this item works as intended, well made, functions properly. good level of comfort fairly cheaply priced wont need to replace any time soon a fine product. i've been using mine for over a year now, and it's never punked out on me. i just bought another one, to use as a spare. delivered on time, reliable, priced fairly.","['does the job. no complaints so far.', 'this item works as intended, well made, functions properly. good level of comfort fairly cheaply priced wont need to replace any time soon', ""a fine product. i've been using mine for over a year now, and it's never punked out on me. i just bought another one, to use as a spare. delivered on time, reliable, priced fairly.""]"
161,"working good. work good doing its thing, no complaints","['working good.', 'work good', 'doing its thing, no complaints']"
162,"i was looking for a while for one happy i found this the price was great bestbuy wanted double the price for it ill never buy on bestbuy again only amazon i bought this when it was on a special deal. am happy with my decision to purchase this and do recommend it. this was purchased on a special and the price was right! it works great, plenty of storage space, and the great price sealed the deal!","['i was looking for a while for one happy i found this the price was great bestbuy wanted double the price for it ill never buy on bestbuy again only amazon', 'i bought this when it was on a special deal. am happy with my decision to purchase this and do recommend it.', 'this was purchased on a special and the price was right! it works great, plenty of storage space, and the great price sealed the deal!']"
163,yes yes! great,"['yes', 'yes!', 'great']"
164,"works. there's nothing else to say so yes it works, and yes it works. it also works, so it is pretty good. works great. nothing more to say. you must change this policy, or i won't write any more reviews ever. y it works just like it should. it really does work like it should. i bought this thinking it would work and it does!","[""works. there's nothing else to say so yes it works, and yes it works. it also works, so it is pretty good."", ""works great. nothing more to say. you must change this policy, or i won't write any more reviews ever. y"", 'it works just like it should. it really does work like it should. i bought this thinking it would work and it does!']"
165,i bought this micro sd card for my samsung pocket camera.i was amazed at how much storage i could shoot video in hd 1080 on such a tiny card.so far it is performing nicely. this is a really great micro sd card! i purchased one for my samung tablet and another one for digital video. bought this micro memory card for my smart phone so i could take long videos on phone it working ok,"['i bought this micro sd card for my samsung pocket camera.i was amazed at how much storage i could shoot video in hd 1080 on such a tiny card.so far it is performing nicely.', 'this is a really great micro sd card! i purchased one for my samung tablet and another one for digital video.', 'bought this micro memory card for my smart phone so i could take long videos on phone it working ok']"
166,"i am not always giving out good comment. but this is perfect, you know , perfect!maybe because of the size... no mistake will happen. perfect just as described","['i am not always giving out good comment. but this is perfect, you know , perfect!maybe because of the size... no mistake will happen.', 'perfect just as described']"
167,"works great, it's the real deal not a fake, as one often finds on some websites great in the galaxy tablet, and with an adapter, slots easily into my computer. works well in our tablets and phones","[""works great, it's the real deal not a fake, as one often finds on some websites great in the galaxy tablet, and with an adapter, slots easily into my computer."", 'works well in our tablets and phones']"
168,"works great! my tablet loves it. i always buy sandisk products and have never had a problem with any of them. works great, no issues. tablet recognized it immediately and the speed is great. lots of storage and no compatibility issues to report. it works fine so far easy to quickly upload data on this microsd bought this for my daughter who uses this with her samsung galaxy note tablet that was also purchased on amazon will update if i see issues.","['works great! my tablet loves it. i always buy sandisk products and have never had a problem with any of them.', 'works great, no issues. tablet recognized it immediately and the speed is great. lots of storage and no compatibility issues to report.', 'it works fine so far easy to quickly upload data on this microsd bought this for my daughter who uses this with her samsung galaxy note tablet that was also purchased on amazon will update if i see issues.']"
169,"does everything it says without a hitch. works like a charm and reasonably priced, which makes it a good value too. it does what it says it will do unlike most people i know.it also handles very cold temperatures well, too. it does what it says but the price needs to come down. alot. 3 stars bcuz it costs too much for what it is.","['does everything it says without a hitch. works like a charm and reasonably priced, which makes it a good value too.', 'it does what it says it will do unlike most people i know.it also handles very cold temperatures well, too.', 'it does what it says but the price needs to come down. alot. 3 stars bcuz it costs too much for what it is.']"
170,"this product works great and was a reasonable enough price. i am going to buy a larger one next time. best chk out the size you can use in your product before buying. i can't say anything bad about this product and it was a great price too! i would definitely recommend it. it's just what i needed, it works fine, and i got it around christmas time at a great sale price.","['this product works great and was a reasonable enough price. i am going to buy a larger one next time. best chk out the size you can use in your product before buying.', ""i can't say anything bad about this product and it was a great price too! i would definitely recommend it."", ""it's just what i needed, it works fine, and i got it around christmas time at a great sale price.""]"
171,"this class 10 micro sd card has worked flawlessly, the adapter has also worked well, but the parts are so small it can sometimes be hard to handle. worked great overall. good performance. the micro card is excellent for its intended purpose. i bought several and have had no problems with them. that i don't like having to deal with cards of this size has absolutely no bearing on its performance or its rating. i have never used them with their adapters and so cannot comment. card works great, but the adapter was too loose to make full contact with the micro card to facilitate connectivity to the card reader. minor issue since i have several adapters... but it's worth noting.","['this class 10 micro sd card has worked flawlessly, the adapter has also worked well, but the parts are so small it can sometimes be hard to handle. worked great overall. good performance.', ""the micro card is excellent for its intended purpose. i bought several and have had no problems with them. that i don't like having to deal with cards of this size has absolutely no bearing on its performance or its rating. i have never used them with their adapters and so cannot comment."", ""card works great, but the adapter was too loose to make full contact with the micro card to facilitate connectivity to the card reader. minor issue since i have several adapters... but it's worth noting.""]"
172,"i use these for every project i work on. it's a brand i trust and excited to continue with. got it at a great price and it worked great, was a little upset with the tiny size of the packaging as i almost didnt even see it on my step, it arrived in a 1 4 34 thick cardboard envelope that was about 3 34 by 2 34 . it arrived in a timely manner and does what it is supposed to do. it's not pretty and cute but it serves its purpose.","[""i use these for every project i work on. it's a brand i trust and excited to continue with."", 'got it at a great price and it worked great, was a little upset with the tiny size of the packaging as i almost didnt even see it on my step, it arrived in a 1 4 34 thick cardboard envelope that was about 3 34 by 2 34 .', ""it arrived in a timely manner and does what it is supposed to do. it's not pretty and cute but it serves its purpose.""]"
173,"using it in my htc inspire and so far no problems had to format it though, the card is fast and works really well. i'm considering buying one for my tablet. i put this in my samsung skyrocket phone. even though the phone says 32 gb max, it still recognized and formatted the card. its great to have all of that space.however, any time i try to use the usb mass storage mode to transfer files, it errors out. i thought it was the phone since it was larger than the max spec, but then i tried it in a usb card reader i had. it still errored out trying the same files. finally, i had to put it in the adapter, and stick it in a card reader built into a laptop and transfer the files that way.i think the issue was that using the usb 2.0 the files were writing too fast and faulting out and with the laptop, transferring the files from the wireless network and then to the card, the transfer speed was slow enough that it was successful. took all night to get my stuff on the card though.i use it mostly for pics and video on my phone also, works great. the phone seems to have no trouble accessing anything on the card and it seems plenty fast for it even when recording high def video which i do a lot of for work.","[""using it in my htc inspire and so far no problems had to format it though, the card is fast and works really well. i'm considering buying one for my tablet."", 'i put this in my samsung skyrocket phone. even though the phone says 32 gb max, it still recognized and formatted the card. its great to have all of that space.however, any time i try to use the usb mass storage mode to transfer files, it errors out. i thought it was the phone since it was larger than the max spec, but then i tried it in a usb card reader i had. it still errored out trying the same files. finally, i had to put it in the adapter, and stick it in a card reader built into a laptop and transfer the files that way.i think the issue was that using the usb 2.0 the files were writing too fast and faulting out and with the laptop, transferring the files from the wireless network and then to the card, the transfer speed was slow enough that it was successful. took all night to get my stuff on the card though.i use it mostly for pics and video on my phone also, works great. the phone seems to have no trouble accessing anything on the card and it seems plenty fast for it even when recording high def video which i do a lot of for work.']"
174,it does the job and the price was right. it came quickly so i'm very happy for the purchase. i would recommend it and would but it again. great value and works perfectly. i bought this awhile back. and i must say it worked just fine and exactly what i needed. its nice.,"[""it does the job and the price was right. it came quickly so i'm very happy for the purchase. i would recommend it and would but it again."", 'great value and works perfectly.', 'i bought this awhile back. and i must say it worked just fine and exactly what i needed. its nice.']"
175,this memory card works like any other card. i've hard zero problems with it and it was easy to install. i would buy it again. it works as intended. don't notice the difference from other memory cards. only typing this to meet minimum words required the last i heard this memory card works great. i gave it as a christmas gift. the person i gave it to says it works great.,"[""this memory card works like any other card. i've hard zero problems with it and it was easy to install. i would buy it again."", ""it works as intended. don't notice the difference from other memory cards. only typing this to meet minimum words required"", 'the last i heard this memory card works great. i gave it as a christmas gift. the person i gave it to says it works great.']"
176,"will review, when i install and use. product arrived on time. appears to be quality and what i need. will review soon. thank you very much, i'm very satisfied and pleased with the product i purchased, i recommend this vendor for their reliability, diligence and quality of their products, in my grateful and happy client.oswaldo artiaga great product......prompt service.......well done!","['will review, when i install and use. product arrived on time. appears to be quality and what i need. will review soon.', ""thank you very much, i'm very satisfied and pleased with the product i purchased, i recommend this vendor for their reliability, diligence and quality of their products, in my grateful and happy client.oswaldo artiaga"", 'great product......prompt service.......well done!']"
177,there's not much to be said for this except that it works as advertised. i'm happy with the purchase and would buy again. this product is the only one i had bought like this that has worked will recommend to all family and friends this is the first of these i've had. it works as mentioned and have had not problems with it. satisfied.,"[""there's not much to be said for this except that it works as advertised. i'm happy with the purchase and would buy again."", 'this product is the only one i had bought like this that has worked will recommend to all family and friends', ""this is the first of these i've had. it works as mentioned and have had not problems with it. satisfied.""]"
178,"love this product. the card easily integrated with my cellphone. small and very portable. i would gladly recommend this product to my friends. love it so far as i just purchased this as iam not into buying sdcards but now i have a nextbook tablet and this works great for adding video's and music able to be put on this sd card. love it, use it to store videos and photos on a galaxy s3. good stuff no problems yet like with my bootleg transcend card.","['love this product. the card easily integrated with my cellphone. small and very portable. i would gladly recommend this product to my friends.', ""love it so far as i just purchased this as iam not into buying sdcards but now i have a nextbook tablet and this works great for adding video's and music able to be put on this sd card."", 'love it, use it to store videos and photos on a galaxy s3. good stuff no problems yet like with my bootleg transcend card.']"
179,"this works on my phone and is amazing, however it seems to transfer pretty slowly. i move a lot of music and movies on and off my phone so it can be annoying. i'm not sure if my phone or this card is the weak link though. i have note 2.anyways, it was cheap and it works, that is all that matters. buy it!!! bought this for my samsung galaxy s3load it up with music and it works flawlesslyi'm very satisfied with this card this does just what you need a card to do. we use this one in our galaxy s4 and she is a strong performer. no complaints and highly satisfied.","[""this works on my phone and is amazing, however it seems to transfer pretty slowly. i move a lot of music and movies on and off my phone so it can be annoying. i'm not sure if my phone or this card is the weak link though. i have note 2.anyways, it was cheap and it works, that is all that matters. buy it!!!"", ""bought this for my samsung galaxy s3load it up with music and it works flawlesslyi'm very satisfied with this card"", 'this does just what you need a card to do. we use this one in our galaxy s4 and she is a strong performer. no complaints and highly satisfied.']"
180,upgraded from the 32gb and very satisfied. works great with my phone and large library of music. def would reccomend. a must have for those who listen to a lot of music on the go...wish they made a 128gb model. who can't use more storage? 32gb is enough to store a whole lot of music! i got it for my wife's phone. i put over a dozen albums on it and didn't even use a third of the space,"['upgraded from the 32gb and very satisfied. works great with my phone and large library of music. def would reccomend.', 'a must have for those who listen to a lot of music on the go...wish they made a 128gb model.', ""who can't use more storage? 32gb is enough to store a whole lot of music! i got it for my wife's phone. i put over a dozen albums on it and didn't even use a third of the space""]"
181,"this is a great buy. high quality and tons of space for any meaty music collection or couple it with videos and pics aas well. can store roughly 60 movies on this little microsd card. tons of music. highly recommend this. i am using the fiio x5 and my current 64 gb sd card is full. my library is now bigger than 150 gb and this sandisk 128 gb card had a price drop to 100 and with free shipping, it was a no brainer to get it to accommodate all my music files. it worked as advertised and speed can be further improved but then i am limited by the read speed of my player x5. overall, a good product with the big memory space which filled my needs. recommended to buy again if there is a discounted price for this card. else get 2 x 64 gb card, which is still cheaper than a 128 gb sd card.","['this is a great buy. high quality and tons of space for any meaty music collection or couple it with videos and pics aas well. can store roughly 60 movies on this little microsd card. tons of music. highly recommend this.', 'i am using the fiio x5 and my current 64 gb sd card is full. my library is now bigger than 150 gb and this sandisk 128 gb card had a price drop to 100 and with free shipping, it was a no brainer to get it to accommodate all my music files. it worked as advertised and speed can be further improved but then i am limited by the read speed of my player x5. overall, a good product with the big memory space which filled my needs. recommended to buy again if there is a discounted price for this card. else get 2 x 64 gb card, which is still cheaper than a 128 gb sd card.']"
182,works well. no problems after using it for a number of months. i've always found the sandisk memory cards to be reliable. works well no problems. this is a very good price for a name brand sd card. i will buy again works flawlessly. i dont buy any sd cards unless its from sandisk. never had a problem with them and i know their class speeds are true or under rated compared to other brands.,"[""works well. no problems after using it for a number of months. i've always found the sandisk memory cards to be reliable."", 'works well no problems. this is a very good price for a name brand sd card. i will buy again', 'works flawlessly. i dont buy any sd cards unless its from sandisk. never had a problem with them and i know their class speeds are true or under rated compared to other brands.']"
183,"i have two of these, one for each of our smartphones and they work great. ultras far surpass the basic microsds so far this has outlasted my 32gb scandisk micro, faster data transfer and my phone seems to breathe, highly recommend the ultra over the regular so far this sandisk ultra is working ok.i ran a few tests on it from within my phone before i began using it and the speed was well within reason.it does not read and write at the same speed.so far so good i guess","['i have two of these, one for each of our smartphones and they work great. ultras far surpass the basic microsds', 'so far this has outlasted my 32gb scandisk micro, faster data transfer and my phone seems to breathe, highly recommend the ultra over the regular', 'so far this sandisk ultra is working ok.i ran a few tests on it from within my phone before i began using it and the speed was well within reason.it does not read and write at the same speed.so far so good i guess']"
184,"when it comes to any kind of flash storage sandisk has always been my go to brand because they sell quality items and stand by them if there's a problem. so as usual no complaints here, it works as descried and i haven't have any issues. both read and write speeds are right where the specs say they should be. i'm not sure what i can say about this that will be helpful. we bought this 6 months ago. it worked when we bought it. it's still working. i can't say anything about speed since we haven't tested it. we've never had any issues with speed though. i trust sandisk. everything we've bought from them has been good. writes and transfer data very fast sandisk has always been a reliable product. sandisk is one of the top of the line and proven electronic devices on the markets. can't go wrong... i've never had a problem, not saying something can happen but so far so good. go sandisk!!!","[""when it comes to any kind of flash storage sandisk has always been my go to brand because they sell quality items and stand by them if there's a problem. so as usual no complaints here, it works as descried and i haven't have any issues. both read and write speeds are right where the specs say they should be."", ""i'm not sure what i can say about this that will be helpful. we bought this 6 months ago. it worked when we bought it. it's still working. i can't say anything about speed since we haven't tested it. we've never had any issues with speed though. i trust sandisk. everything we've bought from them has been good."", ""writes and transfer data very fast sandisk has always been a reliable product. sandisk is one of the top of the line and proven electronic devices on the markets. can't go wrong... i've never had a problem, not saying something can happen but so far so good. go sandisk!!!""]"
185,"i bought this for my lumia 1520 windows phone to supplement the onboard storage capacity. fits fine, works great, fast access, immediately recognized by the device. not much more you can ask of a microsd card. as soon as i learned that my nokia lumia 1520 would gladly accept 128gb microsd card, i sought one out. the 119 promo price on amazon had evaporated along with the stock of the rare cards! the price had skyrocketed to nearly 200, and they were out of stock!? i pined. i whined. then, one day, in early may, there it was! back on amazon, for the awesome price point of 119! i pulled the trigger immediately! well, apparently the cards were on backorder, but in was a short wait. four days later, i had my card. after formatting it via the phone, ands changing all my phone settings to save everything to the card, i'm a happy camper. read write speeds are good, and the only really noticible lag is when taking photos, but that has a lot to do with my choosing to take photos with a 5mp low rest version, and a corresponding 16mp raw version,, too. other than that, this drive has allowed me to store 1gb apps games , of which i have many , and tons of pics, and 1080p videos! i'd say, that if your phone accepts 128gb cards, this is a no brainer! price of micro sd per gb is much lower compared to a few years ago.works fine with lg g2x and galaxy note 2.with all the new phones with more than 6m pixels and 1080p video, your internal storage is going to dry out very fast. external micro sd is definitely a must.4gb and 8 gb are running out very fast . 32gb is definitely a welcome especially if you buy it during the sale pro 1. bought this during sale under 25 usd.2. class 10 fastest for now 3. trusted brand sandiskcons none.","['i bought this for my lumia 1520 windows phone to supplement the onboard storage capacity. fits fine, works great, fast access, immediately recognized by the device. not much more you can ask of a microsd card.', ""as soon as i learned that my nokia lumia 1520 would gladly accept 128gb microsd card, i sought one out. the 119 promo price on amazon had evaporated along with the stock of the rare cards! the price had skyrocketed to nearly 200, and they were out of stock!? i pined. i whined. then, one day, in early may, there it was! back on amazon, for the awesome price point of 119! i pulled the trigger immediately! well, apparently the cards were on backorder, but in was a short wait. four days later, i had my card. after formatting it via the phone, ands changing all my phone settings to save everything to the card, i'm a happy camper. read write speeds are good, and the only really noticible lag is when taking photos, but that has a lot to do with my choosing to take photos with a 5mp low rest version, and a corresponding 16mp raw version,, too. other than that, this drive has allowed me to store 1gb apps games , of which i have many , and tons of pics, and 1080p videos! i'd say, that if your phone accepts 128gb cards, this is a no brainer!"", 'price of micro sd per gb is much lower compared to a few years ago.works fine with lg g2x and galaxy note 2.with all the new phones with more than 6m pixels and 1080p video, your internal storage is going to dry out very fast. external micro sd is definitely a must.4gb and 8 gb are running out very fast . 32gb is definitely a welcome especially if you buy it during the sale pro 1. bought this during sale under 25 usd.2. class 10 fastest for now 3. trusted brand sandiskcons none.']"
186,"works great and it is so nice to have enough space for all my movies and books, comics and such that i like to keep on my tablet. works like a charm...expand my tablet capacity and now i have lots of space for apps, music and videos without worries works, i have a few movies and songs saved to it to play on my tablet and i love it.","['works great and it is so nice to have enough space for all my movies and books, comics and such that i like to keep on my tablet.', 'works like a charm...expand my tablet capacity and now i have lots of space for apps, music and videos without worries', 'works, i have a few movies and songs saved to it to play on my tablet and i love it.']"
187,"my wife's 4 gb microsd card failed on her phone. so in order to prevent any issues i got one for her phone and one for my phone. we were able to transfer our photos and music over on to these cards with plenty of room to spare. moved all my 7.9 gigs of data from one sd card to this one and now i have plenty of room storage on my phone. i downloaded everything to my pc from my 8gig sd card, installed this one and then re loaded my data to this 32gig sd card. no complaints. i went from 2g to this 32g card and really love it. the price is way lower than the verizon stores. you will not have storage issues after popping this in your phone.","[""my wife's 4 gb microsd card failed on her phone. so in order to prevent any issues i got one for her phone and one for my phone. we were able to transfer our photos and music over on to these cards with plenty of room to spare."", 'moved all my 7.9 gigs of data from one sd card to this one and now i have plenty of room storage on my phone. i downloaded everything to my pc from my 8gig sd card, installed this one and then re loaded my data to this 32gig sd card. no complaints.', 'i went from 2g to this 32g card and really love it. the price is way lower than the verizon stores. you will not have storage issues after popping this in your phone.']"
188,"nice memory card. i think 16 gb is the sweetspot for price and size, can't imagine filling it. i only buy class 10 cards just in case a little speed boost is important. i have this in an android 4.2 player, works great. this sd card is everything that is stated.blazing fast and huge storage.it had so much space, when i first staryed taking pictures and videos, the phone didn't even show what the limit was. it basically had no limit on how many pictures or video space was the max. it's really hard to write alot about a memory card. this one is great and works as promised. the capacity is why i purchased it so i can have all my files and music on my windows phone.","[""nice memory card. i think 16 gb is the sweetspot for price and size, can't imagine filling it. i only buy class 10 cards just in case a little speed boost is important. i have this in an android 4.2 player, works great."", ""this sd card is everything that is stated.blazing fast and huge storage.it had so much space, when i first staryed taking pictures and videos, the phone didn't even show what the limit was. it basically had no limit on how many pictures or video space was the max."", ""it's really hard to write alot about a memory card. this one is great and works as promised. the capacity is why i purchased it so i can have all my files and music on my windows phone.""]"
189,"great microsd card for your phone to upgrade you with additional 32 gigs of space. the beauty of having a huge microsd in your phone is that you can store all of your music and pictures and stuff on there and then swap it into a new phone or replacement when that happens and not have to transfer anything over manually. this is necessary because you need space storage in your phone, and with this microsd card i have 64gb its perfect lots of storage space for my phone lets me have lots of music and roms. can't live without this card.","['great microsd card for your phone to upgrade you with additional 32 gigs of space. the beauty of having a huge microsd in your phone is that you can store all of your music and pictures and stuff on there and then swap it into a new phone or replacement when that happens and not have to transfer anything over manually.', 'this is necessary because you need space storage in your phone, and with this microsd card i have 64gb its perfect', ""lots of storage space for my phone lets me have lots of music and roms. can't live without this card.""]"
190,"the scandisk 63 gb sdxc card is a geat value and i get hours of recording hd video with wonderful results. i prefer scandisk because they are reliable. setting up a video shoot with a client, spending hours recording and then calling my client to explain that i bought a cheap, unreliable card that failed... and now i have to reschedule a re shootand the project will have a late delivery... just isn't smart. i must have reliability and scandisk delivers! i just bought a 1080 p dash cam and i needed the best and fastest memory to get the best quality pictures. i did my homework and as i thought scandisk ultra came out far above everything else out there.if you want the best and fastest memory with the highest quality on the market then get scandisk ultra !","[""the scandisk 63 gb sdxc card is a geat value and i get hours of recording hd video with wonderful results. i prefer scandisk because they are reliable. setting up a video shoot with a client, spending hours recording and then calling my client to explain that i bought a cheap, unreliable card that failed... and now i have to reschedule a re shootand the project will have a late delivery... just isn't smart. i must have reliability and scandisk delivers!"", 'i just bought a 1080 p dash cam and i needed the best and fastest memory to get the best quality pictures. i did my homework and as i thought scandisk ultra came out far above everything else out there.if you want the best and fastest memory with the highest quality on the market then get scandisk ultra !']"
191,a fast memory card with room to spare at an amazing price. suitable for lots of smart phone movies fastest storage available today imho! a sweet spot for microsdhc's. added a nice bump in memory for my nokia lumia 822. arrived on time and is being used as i write this comment.,"['a fast memory card with room to spare at an amazing price. suitable for lots of smart phone movies fastest storage available today imho!', ""a sweet spot for microsdhc's. added a nice bump in memory for my nokia lumia 822. arrived on time and is being used as i write this comment.""]"
192,"this is a nice card. holds about 29 gb. you can store data on it. it is a microsdhc card. stores a lot of hd pictures and videos. no longer do i have issues with sd card errors and losing my data. i highly recommend anyone buy class 10 sd cards for their devices. have had this for 5 months, no issues. this is an ultra fast sandisk branded sd card that's great for digital cameras, especially for video. i got it for my smartphone, mainly for the 32 gb capacity, and it fills the bill at a very low price with prime shipping. you can't get better quality flash cards than sandisk. i'm still amazed that they can cram such a huge amount of memory on such a tiny chip. one megabyte of data in text from printed out would fill a pickup truck. this chip has 32 thousand megabytes. think about having 32,000 pickup trucks full of text in a chip smaller than your pinky fingernail!","['this is a nice card. holds about 29 gb. you can store data on it. it is a microsdhc card.', 'stores a lot of hd pictures and videos. no longer do i have issues with sd card errors and losing my data. i highly recommend anyone buy class 10 sd cards for their devices. have had this for 5 months, no issues.', ""this is an ultra fast sandisk branded sd card that's great for digital cameras, especially for video. i got it for my smartphone, mainly for the 32 gb capacity, and it fills the bill at a very low price with prime shipping. you can't get better quality flash cards than sandisk. i'm still amazed that they can cram such a huge amount of memory on such a tiny chip. one megabyte of data in text from printed out would fill a pickup truck. this chip has 32 thousand megabytes. think about having 32,000 pickup trucks full of text in a chip smaller than your pinky fingernail!""]"
193,"there are lots of sd memory cards on the market today, that are cheaper. i have always used san disk, they never fail. fast reliable good solid performance for your digital camera. you cannot go wrong with san disk. i feel that san disk seems to make the best memory cards. i can't validate technically but this seems to be fast acess and seems to be problem free. i have confidence that 34 must have picture 34 will be captured properly. san disk makes good cards however i thing the price is somewhat high.so i got the 32gb for half the price so i will have to download my pictures twice a month instead of once a month","['there are lots of sd memory cards on the market today, that are cheaper. i have always used san disk, they never fail. fast reliable good solid performance for your digital camera. you cannot go wrong with san disk.', ""i feel that san disk seems to make the best memory cards. i can't validate technically but this seems to be fast acess and seems to be problem free. i have confidence that 34 must have picture 34 will be captured properly."", 'san disk makes good cards however i thing the price is somewhat high.so i got the 32gb for half the price so i will have to download my pictures twice a month instead of once a month']"
194,"32 gb sd card works well, and the price was reasonable, very happy with purchase so far! worth a try! the san disk ultra 64 gb micro memory card works really well. the card is tiny, but the card comes with an adapter. i use it for the gopro. sandisk ultra 16 gb microsdhc class work the best in my dash cams... i bought a mobile micro sd reader to use to read the small cards and it too work great ..","['32 gb sd card works well, and the price was reasonable, very happy with purchase so far! worth a try!', 'the san disk ultra 64 gb micro memory card works really well. the card is tiny, but the card comes with an adapter. i use it for the gopro.', 'sandisk ultra 16 gb microsdhc class work the best in my dash cams... i bought a mobile micro sd reader to use to read the small cards and it too work great ..']"
195,"san disk is hard to beat. you will pay more for the brand but you get a quality product. would purchase again. san disk has always been a good brand for me. it worked very well for my samsung galaxy phones and tablets. i always buy san disk as i had issues with other brands and it always works in every application i used it, phone, camera, tablet, etc.","['san disk is hard to beat. you will pay more for the brand but you get a quality product. would purchase again.', 'san disk has always been a good brand for me. it worked very well for my samsung galaxy phones and tablets.', 'i always buy san disk as i had issues with other brands and it always works in every application i used it, phone, camera, tablet, etc.']"
196,"the only memory i use for most devices. have never had one fail, whether it be this microsdhc, compact flash, sd, flash drives, etc. great company. this memory combined with the elago mobile nano ii usb 2.0 works like a charm. gives a lot of storage space with great flexibility. i always buy sandisk when thinking of micro memory. this memory is fast and holds a lot! i use it as extra storage within my hotspot.","['the only memory i use for most devices. have never had one fail, whether it be this microsdhc, compact flash, sd, flash drives, etc. great company.', 'this memory combined with the elago mobile nano ii usb 2.0 works like a charm. gives a lot of storage space with great flexibility.', 'i always buy sandisk when thinking of micro memory. this memory is fast and holds a lot! i use it as extra storage within my hotspot.']"
197,"i bought this for use in my blackberry z10. it works great for me as i hold all of my music from itunes and my most precious pictures of my wife and kids.no problems whatsoever with my z10 not a bad product at all. i got it for my blackberry z 10. i had to format it through the phone's software, but afterwards it worked like a charm. a couple months on and no problems. class 10 and 64 gig, so i have no complaints. only reason i didn't give 5 stars is because it isn't particularly outstanding in any way, but it is a pretty simple product. does the job, no problems, good to go. i've been using this in my blackberry z10 for movies, music pictures for the past few months without issue. quick response, no lag or compatibility issues.","['i bought this for use in my blackberry z10. it works great for me as i hold all of my music from itunes and my most precious pictures of my wife and kids.no problems whatsoever with my z10', ""not a bad product at all. i got it for my blackberry z 10. i had to format it through the phone's software, but afterwards it worked like a charm. a couple months on and no problems. class 10 and 64 gig, so i have no complaints. only reason i didn't give 5 stars is because it isn't particularly outstanding in any way, but it is a pretty simple product. does the job, no problems, good to go."", ""i've been using this in my blackberry z10 for movies, music pictures for the past few months without issue. quick response, no lag or compatibility issues.""]"
198,"perfect for my sansa clipp mp3 player. plenty fast, and was priced right. i bought this to increase the music capacity of my mp3 player. as a bonus i can use the adapter with my old 8 gb micro in my digital camera. i use it in my sansa clip zip 8gb mp3 player and now i have 40gb for music.the included adapter allows me to remove the card from my player and add and subtract music using a standard card reader on my computer without having to plug in my mp3 player.when i'm done i slip the micro card back into the player, let the mp3 player refresh itself, and i'm good to go.this card is a class 10 unit so it's also good for expansion ports on video cameras as well. v","['perfect for my sansa clipp mp3 player. plenty fast, and was priced right.', 'i bought this to increase the music capacity of my mp3 player. as a bonus i can use the adapter with my old 8 gb micro in my digital camera.', ""i use it in my sansa clip zip 8gb mp3 player and now i have 40gb for music.the included adapter allows me to remove the card from my player and add and subtract music using a standard card reader on my computer without having to plug in my mp3 player.when i'm done i slip the micro card back into the player, let the mp3 player refresh itself, and i'm good to go.this card is a class 10 unit so it's also good for expansion ports on video cameras as well. v""]"
199,"perfect match for my otg device and moto g. solid speed in transfer and play. holds all my music and video, leaving storage for apps on my phone. great for my lg optimus g and super fast transfer speeds. and no lagging for the games the many 3d games on my android.","['perfect match for my otg device and moto g. solid speed in transfer and play. holds all my music and video, leaving storage for apps on my phone.', 'great for my lg optimus g and super fast transfer speeds. and no lagging for the games the many 3d games on my android.']"
200,"card is well constructed and delivers the wright speeds that it promises. works great in my nokia lumina 822 running wp8. works just as it should in my lumia 810 no issues at all. the phone is not a particularly speed sensitive application for the card so i cannot comment on how well it works under stress. the phone doesn't complain, music plays nicely from the card, pictures are written to it without delays. the red and gray design looks different and interesting, even though no one will see it. been using this card in my nokia lumia 820 for over a year now. it gives decent speed and works good. no issues at all.","['card is well constructed and delivers the wright speeds that it promises. works great in my nokia lumina 822 running wp8.', ""works just as it should in my lumia 810 no issues at all. the phone is not a particularly speed sensitive application for the card so i cannot comment on how well it works under stress. the phone doesn't complain, music plays nicely from the card, pictures are written to it without delays. the red and gray design looks different and interesting, even though no one will see it."", 'been using this card in my nokia lumia 820 for over a year now. it gives decent speed and works good. no issues at all.']"
201,"awesome! so much space, and it works with my phone, all i could ask for! comes in extremely handy. thank you sandisk! besides blowing my mind that 32gb of data can fit on a chip this small and also, magnets...how do they work?? , there is nothing particularly special about this product. it works as intended, and it's cheap. sandisk and kingston are my go to's for all things data storage. great product at an affordable price! there's just no messing with sandisk quality, and with 64 gigs you'll have plenty of room to store anything and everything you want!","['awesome! so much space, and it works with my phone, all i could ask for! comes in extremely handy. thank you sandisk!', ""besides blowing my mind that 32gb of data can fit on a chip this small and also, magnets...how do they work?? , there is nothing particularly special about this product. it works as intended, and it's cheap. sandisk and kingston are my go to's for all things data storage."", ""great product at an affordable price! there's just no messing with sandisk quality, and with 64 gigs you'll have plenty of room to store anything and everything you want!""]"
202,"great capacity. i purchased this when i first purchased my phone samsung galaxy s3 and have had no issues with it. great write speed. excellent way to store all your music, videos and photos. great to take videos with as well. more than enough capacity for anything i'd need it for on my phone. can't go wrong with the sandisk name either. an industry leader and well known for quality. of course you always want to backup any and all of your data for continuity purposes, but i've never had any issues with this card. awesome large sd card for all mobile devices, enough room for all my music and even a few movies, buy it!!! hard to believe that 10 years ago you would have needed a big hard drive to have this much room. i use this card in my samsung y duos smartphone and it provides more than enough room for my entire music library, a bunch of movies, and all of the apps for my phone and i still have more than 3 4 of the space left.works perfectly and i've always had good luck with sandisk products.","[""great capacity. i purchased this when i first purchased my phone samsung galaxy s3 and have had no issues with it. great write speed. excellent way to store all your music, videos and photos. great to take videos with as well. more than enough capacity for anything i'd need it for on my phone. can't go wrong with the sandisk name either. an industry leader and well known for quality. of course you always want to backup any and all of your data for continuity purposes, but i've never had any issues with this card."", 'awesome large sd card for all mobile devices, enough room for all my music and even a few movies, buy it!!!', ""hard to believe that 10 years ago you would have needed a big hard drive to have this much room. i use this card in my samsung y duos smartphone and it provides more than enough room for my entire music library, a bunch of movies, and all of the apps for my phone and i still have more than 3 4 of the space left.works perfectly and i've always had good luck with sandisk products.""]"
203,"i used to use an 8gb one n i recently upgraded to this one as i have bigger need. put it into my mobile as soon as i got it n it works well. quite easy to use n i use it for storing all my music pictures on my mobile n sometimes upload movies when i go on long drives. sandisk is a great brand n its definitely worth it. i only ever use sandisk and have never had a problem, this is for my wife's new 1st smartphone, so needed a class 10 and amazon always has the best price, either in the us or amazon uk","['i used to use an 8gb one n i recently upgraded to this one as i have bigger need. put it into my mobile as soon as i got it n it works well. quite easy to use n i use it for storing all my music pictures on my mobile n sometimes upload movies when i go on long drives. sandisk is a great brand n its definitely worth it.', ""i only ever use sandisk and have never had a problem, this is for my wife's new 1st smartphone, so needed a class 10 and amazon always has the best price, either in the us or amazon uk""]"
204,"i've now bought 5 of these cards i like them so well. i take a lot of pictures in raw, often times filling one of the 64gb cards up in a day or less. they are fast and very handy due to the small size. overall good memory card. it is fast and it even comes with an adapter. fits in my camera perfectly and picture taking has been a breeze. would recommmend to others. this card is fast, fast, fast. it also holds more photos and videos than i have been able to take thus far. however, as the number of such items increases, i can see that i will, relatively soon, be looking for a 128 or 256 gb card. very satisfied with this purchase.","[""i've now bought 5 of these cards i like them so well. i take a lot of pictures in raw, often times filling one of the 64gb cards up in a day or less. they are fast and very handy due to the small size."", 'overall good memory card. it is fast and it even comes with an adapter. fits in my camera perfectly and picture taking has been a breeze. would recommmend to others.', 'this card is fast, fast, fast. it also holds more photos and videos than i have been able to take thus far. however, as the number of such items increases, i can see that i will, relatively soon, be looking for a 128 or 256 gb card. very satisfied with this purchase.']"
205,i bought this to create a bootable sd card so that my nook hd could run pure android instead of the native nook os. it works beautifully. i inserted this little gem in to my new nook hd and let me tell you....wow. she loves it so much and she won't give it back! instead of buying larger capacity tablets....just buy the smallest amount of gigs and buy one of these little dudes. i bought this micro sdhc card for my nook hd device because i was going to install n2a and it worked perfectly.,"['i bought this to create a bootable sd card so that my nook hd could run pure android instead of the native nook os. it works beautifully.', ""i inserted this little gem in to my new nook hd and let me tell you....wow. she loves it so much and she won't give it back! instead of buying larger capacity tablets....just buy the smallest amount of gigs and buy one of these little dudes."", 'i bought this micro sdhc card for my nook hd device because i was going to install n2a and it worked perfectly.']"
206,"this is great. i use this with my contour roam camera. works great. lots of room for video. transfer speeds are as expected. fast transfer speed and got it for a great price. used in my gopro hero 3 be for many hours of recording and haven't had an issue. great for hd video or high definition cameras, or long term time lapse photography projects. very pleased and would recommend it to others.","['this is great. i use this with my contour roam camera. works great. lots of room for video. transfer speeds are as expected.', ""fast transfer speed and got it for a great price. used in my gopro hero 3 be for many hours of recording and haven't had an issue."", 'great for hd video or high definition cameras, or long term time lapse photography projects. very pleased and would recommend it to others.']"
207,"of late, sandisk appears to have lost their way a little with their flash storage products. it's almost a universal truth that all of their usb flash drives are hopelessly slow while they're usually reliable, transfer rates of 4mb sec or less are worthless when filling a 32gb drive. fortunately, their ultra line of sd cards still appears to buck this trend.formatted as ntfs and used in anelago mobile nano ii reader, i see write speeds on a 64 bit linux machine at a consistent 15 16mb sec when copying large 1gb or larger files to this card, which more than lives up to its class 10 billing. reads appear to run at about 19 20mb sec.i can't comment on reliability as i've only had the card a few days, but everything i've copied so far for testing has made it onto the card and off again with no corruption whatsoever the md5 checksum of every file i've transferred matches the source. that's more than can be said for the supertalent pico usb drive that this sd card and reader are intended to replace, which has never been quite right it's always occasionally randomly corrupted files of larger than 100mb or so, and the probability of 1gb or greater files surviving was near zero .32gb appears to be the sweet spot at the moment smaller cards don't cost that much less, and larger cards are beyond the sdhc spec and into sdxc territory, which isn't yet universal in terms of device compatibility not to mention they cost far more than double for 64gb .for what i paid for this around thanksgiving not part of any explicit sale, but definitely a lower price than appears usual as far as camelcamelcamel is concerned i'm extremely satisfied.edit i should also mention that the included mechanical full size sd adaptor is one of the worst i've ever encountered. there's a lot of friction when the microsd card is inserted, and it's a right bugger to get it out of the adaptor again. thankfully i have a few other such adaptors lying around should i ever need one this one's going in the bin. first off, i've always bought sandisk for the warranty under the reasoning that a lifetime warranty means they must be a little better than the others and sandisk's lesser lines. i have 5 class 6 sd 8gb extreme iii series cards all pushing 5 years old now with zero problems, all of which write nearly twice as fast. not sure what the limitation is, class 10 uhs 1, and 5 year newer tech should blow these away. the 'micro' packaging shouldn't make a difference either. i can only guess it's marketing differentiation.again this card will write at published specs but you may want to check out the sony sr32uya tqmn of the same capacity, it reads and writes faster and is a similar price, though only a one year warranty. i picked it up with a hisense 7 pro tablet awesome and couldn't wait, and they were on sale locally for 26. was a pleasant surprise. came with a sd adapter as well and some file recovery software a link . not a fan of sony web sites support or or documentation for any of their gear the last 15 years but these are commodities now i suppose and you can't expect much any longer. i now kind of think if these things work 30 days, they'll probably work 5 10 years until they are obsolete. fyi the sandisk and sony are both made in china. i am going to start spending a little more money if needed and start buying transcend. the one transcend thumb drive i've purchased, 64g, works great and always has. the sandisk 64g thumb drive always had some kind of annoying problem until it finally quit working. everything i've been told to do to reformat and reset it doesn't help. and fyi, i always ejected the drive before i disconnected it. these memory cards from sandisk that i've bought also have these little headaches all the time. all my transcend work great and they have been faster to copy my 40g worth of music to. spend the little extra money if need be and buy the transcend.","[""of late, sandisk appears to have lost their way a little with their flash storage products. it's almost a universal truth that all of their usb flash drives are hopelessly slow while they're usually reliable, transfer rates of 4mb sec or less are worthless when filling a 32gb drive. fortunately, their ultra line of sd cards still appears to buck this trend.formatted as ntfs and used in anelago mobile nano ii reader, i see write speeds on a 64 bit linux machine at a consistent 15 16mb sec when copying large 1gb or larger files to this card, which more than lives up to its class 10 billing. reads appear to run at about 19 20mb sec.i can't comment on reliability as i've only had the card a few days, but everything i've copied so far for testing has made it onto the card and off again with no corruption whatsoever the md5 checksum of every file i've transferred matches the source. that's more than can be said for the supertalent pico usb drive that this sd card and reader are intended to replace, which has never been quite right it's always occasionally randomly corrupted files of larger than 100mb or so, and the probability of 1gb or greater files surviving was near zero .32gb appears to be the sweet spot at the moment smaller cards don't cost that much less, and larger cards are beyond the sdhc spec and into sdxc territory, which isn't yet universal in terms of device compatibility not to mention they cost far more than double for 64gb .for what i paid for this around thanksgiving not part of any explicit sale, but definitely a lower price than appears usual as far as camelcamelcamel is concerned i'm extremely satisfied.edit i should also mention that the included mechanical full size sd adaptor is one of the worst i've ever encountered. there's a lot of friction when the microsd card is inserted, and it's a right bugger to get it out of the adaptor again. thankfully i have a few other such adaptors lying around should i ever need one this one's going in the bin."", ""first off, i've always bought sandisk for the warranty under the reasoning that a lifetime warranty means they must be a little better than the others and sandisk's lesser lines. i have 5 class 6 sd 8gb extreme iii series cards all pushing 5 years old now with zero problems, all of which write nearly twice as fast. not sure what the limitation is, class 10 uhs 1, and 5 year newer tech should blow these away. the 'micro' packaging shouldn't make a difference either. i can only guess it's marketing differentiation.again this card will write at published specs but you may want to check out the sony sr32uya tqmn of the same capacity, it reads and writes faster and is a similar price, though only a one year warranty. i picked it up with a hisense 7 pro tablet awesome and couldn't wait, and they were on sale locally for 26. was a pleasant surprise. came with a sd adapter as well and some file recovery software a link . not a fan of sony web sites support or or documentation for any of their gear the last 15 years but these are commodities now i suppose and you can't expect much any longer. i now kind of think if these things work 30 days, they'll probably work 5 10 years until they are obsolete. fyi the sandisk and sony are both made in china."", ""i am going to start spending a little more money if needed and start buying transcend. the one transcend thumb drive i've purchased, 64g, works great and always has. the sandisk 64g thumb drive always had some kind of annoying problem until it finally quit working. everything i've been told to do to reformat and reset it doesn't help. and fyi, i always ejected the drive before i disconnected it. these memory cards from sandisk that i've bought also have these little headaches all the time. all my transcend work great and they have been faster to copy my 40g worth of music to. spend the little extra money if need be and buy the transcend.""]"
208,"i've had zune music players and with this memory card i could copy all of my cd library and play from my samsung galaxy 4. i forget how many cds but at least 400 and thousands of songs. beats paying network charges and i can move them to my next phone by just moving the card so, i was looking for a card to put all of my music on for those occasions when i have my phone but don't have my hd zune which by the way is the best music player ever and it's just a low down shame they don't make them any more and this card holds all my tunes with about 4gb to spare. excellent speed for music playback, excellent capacity. would be nice to get it in 128gb, but the price of those is simply not reasonable. i got this micro sd card strictly to hold music on my htc one m8. i was able to fit approx 840 albums ripped at 192kbps vbr in aac format using dbpoweramp. couldn't ask for anything better. 5 stars.","[""i've had zune music players and with this memory card i could copy all of my cd library and play from my samsung galaxy 4. i forget how many cds but at least 400 and thousands of songs. beats paying network charges and i can move them to my next phone by just moving the card"", ""so, i was looking for a card to put all of my music on for those occasions when i have my phone but don't have my hd zune which by the way is the best music player ever and it's just a low down shame they don't make them any more and this card holds all my tunes with about 4gb to spare. excellent speed for music playback, excellent capacity. would be nice to get it in 128gb, but the price of those is simply not reasonable."", ""i got this micro sd card strictly to hold music on my htc one m8. i was able to fit approx 840 albums ripped at 192kbps vbr in aac format using dbpoweramp. couldn't ask for anything better. 5 stars.""]"
209,"i have always used sandisk products but this was a disappointment. it totally failed in my galaxy s3 after about 8 months. i will order another brand but no more sandisk for me! i ordered this to use with my new samsung galaxy sii phone. i've used sandisk in the past and have always had great luck with their products. i would definitely recommend this product. i have one in 3 phones, 2 samsung galaxy players my kids and 2 tablets. can't go wrong with sandisk they've never failed me.","['i have always used sandisk products but this was a disappointment. it totally failed in my galaxy s3 after about 8 months. i will order another brand but no more sandisk for me!', ""i ordered this to use with my new samsung galaxy sii phone. i've used sandisk in the past and have always had great luck with their products. i would definitely recommend this product."", ""i have one in 3 phones, 2 samsung galaxy players my kids and 2 tablets. can't go wrong with sandisk they've never failed me.""]"
210,"works perfectly in my new phone. great price and it was delivered on time and in good shape. i've never had any trouble with sandisk, so i'd recommend it to anyone. it works great and added more memory for my lg phone. sandisk brand is very trust worthy.i recommend it highly. this works great just like all sandisk chips i have had. it's being used in my girlfriends samsung galaxy s3.","[""works perfectly in my new phone. great price and it was delivered on time and in good shape. i've never had any trouble with sandisk, so i'd recommend it to anyone."", 'it works great and added more memory for my lg phone. sandisk brand is very trust worthy.i recommend it highly.', ""this works great just like all sandisk chips i have had. it's being used in my girlfriends samsung galaxy s3.""]"
211,"i bought this to store all my music on my phone, but it doesn't work. the phone has trouble reading from the card, and i keep having to reformat it. buy one from sony or some other company instead, especially if you have a gs3 how cool it is to be able to put all of my music on my phone! the little card works just fine and the price is reasonalble i switched off unlimited data for verizon so i wanted to get something that'll store all my mp3s on my phone easily so when i'm out and about i don't use my data to stream it.this card was great, i put it in my phone, went to phone settings to format microsd and connected it to my pc and loaded all my songs to the sd card with plenty of room left over.","[""i bought this to store all my music on my phone, but it doesn't work. the phone has trouble reading from the card, and i keep having to reformat it. buy one from sony or some other company instead, especially if you have a gs3"", 'how cool it is to be able to put all of my music on my phone! the little card works just fine and the price is reasonalble', ""i switched off unlimited data for verizon so i wanted to get something that'll store all my mp3s on my phone easily so when i'm out and about i don't use my data to stream it.this card was great, i put it in my phone, went to phone settings to format microsd and connected it to my pc and loaded all my songs to the sd card with plenty of room left over.""]"
212,"just popped it in and moved some apps to the card and works great. video is handled quickly and all apps start fast. i love this card. it provides a massive storage boost for my tablet, and has really fast access speeds. i have never run into loading problems, even with very large video files, and am happy with its performance. i put this into an old samsung table that my kids use and it seems to work well. we have some videos on this card as well as a large number of apps. i have not had any problems.","['just popped it in and moved some apps to the card and works great. video is handled quickly and all apps start fast.', 'i love this card. it provides a massive storage boost for my tablet, and has really fast access speeds. i have never run into loading problems, even with very large video files, and am happy with its performance.', 'i put this into an old samsung table that my kids use and it seems to work well. we have some videos on this card as well as a large number of apps. i have not had any problems.']"
213,"i needed more space for media on my venue, and this card works perfectly. reads and writes very fast and holds lots of movies to watch when travelling. it's a fast card, reliable, and it offers tons more space for my nook hd. solid buy that you won't regret. it is a good card and does the job well. now i am going to have to fill in this space as there isn't much else to say about this. using this as expansion for dell venue 8 pro. now have almost 64g of open capacity on the tablet.","['i needed more space for media on my venue, and this card works perfectly. reads and writes very fast and holds lots of movies to watch when travelling.', ""it's a fast card, reliable, and it offers tons more space for my nook hd. solid buy that you won't regret."", ""it is a good card and does the job well. now i am going to have to fill in this space as there isn't much else to say about this. using this as expansion for dell venue 8 pro. now have almost 64g of open capacity on the tablet.""]"
214,"my t100 transformer read the card immediately. nice and compact storage solution. does the job and you won't be disappointed. still working...fast. it's almost a mind fart to think we can put this much much more now of course storage in such a tiny little space. come on, i remember in the 90's when a 3 gigabyte hard disk was 300!!! that was soooo expensive even considering inflation.this card, is much, much, much faster than my first 3 gb hard drive...sad...but cool...wait....ouch, headache! this is a very fast card. i have 2 or 3 of them now, and have had them for a few years, and they are all still working.","[""my t100 transformer read the card immediately. nice and compact storage solution. does the job and you won't be disappointed."", ""still working...fast. it's almost a mind fart to think we can put this much much more now of course storage in such a tiny little space. come on, i remember in the 90's when a 3 gigabyte hard disk was 300!!! that was soooo expensive even considering inflation.this card, is much, much, much faster than my first 3 gb hard drive...sad...but cool...wait....ouch, headache!"", 'this is a very fast card. i have 2 or 3 of them now, and have had them for a few years, and they are all still working.']"
215,"i purchased this to use in my samsung camera and it works great. i take picture and videos with the camera with no issues. i bought 2 of this, one for a hero3 camera and one for a galaxy s3 mini, they both work excelent, recommended for video shooting. very good price!with the adapter you can use it on a sd card reader sdhc compatible i use this on my galaxy s3 and sony action cam, and it works perfectly, never had any issues with it and i find that for any action cam this is a pretty solid sorage ammount.","['i purchased this to use in my samsung camera and it works great. i take picture and videos with the camera with no issues.', 'i bought 2 of this, one for a hero3 camera and one for a galaxy s3 mini, they both work excelent, recommended for video shooting. very good price!with the adapter you can use it on a sd card reader sdhc compatible', 'i use this on my galaxy s3 and sony action cam, and it works perfectly, never had any issues with it and i find that for any action cam this is a pretty solid sorage ammount.']"
216,"i bought this for memory storage in a samsung galaxy tab 2 to replace one that was unreliable just prior to leaving on vacation. it worked without problem. when i returned from vacation, i returned the defective one to sandisk for a replacement and i now have two. it doesn't write as fast as my larger 32g sd card so i probably won't try to use it in an hd video camera. bought this and have tested in my canon sx260. videos record quick and replay without any loss.placed in my samsung galaxy tab and works great!nothing bad to report about this sdhc module. works fine with photo shooting and video recording in eos camera with the sd adapter. perfect for tablet and phone memory.","[""i bought this for memory storage in a samsung galaxy tab 2 to replace one that was unreliable just prior to leaving on vacation. it worked without problem. when i returned from vacation, i returned the defective one to sandisk for a replacement and i now have two. it doesn't write as fast as my larger 32g sd card so i probably won't try to use it in an hd video camera."", 'bought this and have tested in my canon sx260. videos record quick and replay without any loss.placed in my samsung galaxy tab and works great!nothing bad to report about this sdhc module.', 'works fine with photo shooting and video recording in eos camera with the sd adapter. perfect for tablet and phone memory.']"
217,"was purchased to expand memory in a tablet. it works well in my a tablet and can be used in a camera using the adapter. used in a tablet computer. works great. may buy more for my digital camera. i liked the specs on this c10 uhs1. with the adapter i can easily use it in my camera, tablet, desktop p.c. 34 smart 34 t.v. 34 es muy bueno 34 !","['was purchased to expand memory in a tablet. it works well in my a tablet and can be used in a camera using the adapter.', 'used in a tablet computer. works great. may buy more for my digital camera. i liked the specs on this c10 uhs1.', 'with the adapter i can easily use it in my camera, tablet, desktop p.c. 34 smart 34 t.v. 34 es muy bueno 34 !']"
218,"this is larger than i need but on a long vacation i did not want to start deleting photos or videos to make room for others so this was way more than i needed for several hundred large photos and lots of 20 to 30 second videos as well with lots of memory left over. actually a 8gb would have been enough. the card worked well and i'm happy with my purchase. this 32gb card is fast. great for storing video and music and whatever you need to do without worry. it is plenty large and the price is very reasonable. this chip holds way more than i would normally need but we were going on a three week trip and potentially taking about a million fotos. if you need a large capacity this card was fast for the writes and reads for all the fotos i took. the largest fotos were in the 10 12 mb range but most were 5 7 mb.and there were at least 15000 shots, some were absolute crap but that is the great thing about digifotos, the film is cheap.i bought mine here for 50.47, and that is still a good price i think for the ability to capture so many fotos and videos and data if you wish .","[""this is larger than i need but on a long vacation i did not want to start deleting photos or videos to make room for others so this was way more than i needed for several hundred large photos and lots of 20 to 30 second videos as well with lots of memory left over. actually a 8gb would have been enough. the card worked well and i'm happy with my purchase."", 'this 32gb card is fast. great for storing video and music and whatever you need to do without worry. it is plenty large and the price is very reasonable.', 'this chip holds way more than i would normally need but we were going on a three week trip and potentially taking about a million fotos. if you need a large capacity this card was fast for the writes and reads for all the fotos i took. the largest fotos were in the 10 12 mb range but most were 5 7 mb.and there were at least 15000 shots, some were absolute crap but that is the great thing about digifotos, the film is cheap.i bought mine here for 50.47, and that is still a good price i think for the ability to capture so many fotos and videos and data if you wish .']"
219,"very good card and still working now in my car dvr i love it and hoping it working for a long time for me. perfect,no complaints,used as a video card,almost 5 hours of video on this little piece of s,,,,,,,, ha i remember the vhs tape,are we getting crazy?","['very good card and still working now in my car dvr i love it and hoping it working for a long time for me.', 'perfect,no complaints,used as a video card,almost 5 hours of video on this little piece of s,,,,,,,, ha i remember the vhs tape,are we getting crazy?']"
220,"love this card, its fast and sports an insane 128gb of storage. amazon had a killer price on it too, well below the big box stores. works perfect with my phone and my hd video recorder. i love this card. it is fast...... and enough space to hold more than i will use. i can put movies on there with plenty of space for music, pictures, ect. great to have the additional capacity for storage. and the card is fast. working great and the price was great also!","['love this card, its fast and sports an insane 128gb of storage. amazon had a killer price on it too, well below the big box stores. works perfect with my phone and my hd video recorder.', 'i love this card. it is fast...... and enough space to hold more than i will use. i can put movies on there with plenty of space for music, pictures, ect.', 'great to have the additional capacity for storage. and the card is fast. working great and the price was great also!']"
221,"loving it! plenty of room to store my media and go back and forth between my pc and tablet. also great for storing all my school related texts and documents. got this for my girlfriend for the tablet i bought her, she love this as she can now put all the music and pictures on her tablet that she wants and doesn't have to worry about running out of space anymore. this is great for my tablet, omg i have so much stuff on storage that it would take me forever to read, listen, and watch it all. very nice. very nice indeed.","['loving it! plenty of room to store my media and go back and forth between my pc and tablet. also great for storing all my school related texts and documents.', ""got this for my girlfriend for the tablet i bought her, she love this as she can now put all the music and pictures on her tablet that she wants and doesn't have to worry about running out of space anymore."", 'this is great for my tablet, omg i have so much stuff on storage that it would take me forever to read, listen, and watch it all. very nice. very nice indeed.']"
222,"if storage is what you need for your tablet, then this is pretty much a no brainer as long as it supports it would recommend if you have a galaxy note 10.1 i needed some extra storage for my galaxy note 10.1. this works perfectly in my tablet and at this time, i have yet to fill it. copying the files i want to this have been fast and reliable. i would suggest this to anyone needing extra space. bought it as addition to my tablet samsung note 10.1 edition 2014. is great for storing pictures and....... very good at a reasonable price.","['if storage is what you need for your tablet, then this is pretty much a no brainer as long as it supports it would recommend if you have a galaxy note 10.1', 'i needed some extra storage for my galaxy note 10.1. this works perfectly in my tablet and at this time, i have yet to fill it. copying the files i want to this have been fast and reliable. i would suggest this to anyone needing extra space.', 'bought it as addition to my tablet samsung note 10.1 edition 2014. is great for storing pictures and....... very good at a reasonable price.']"
223,this is a quality 64gb micro sd memory card. it does what it is supposed to do. i would recommend this to any one. what can i say its a micro sd. it serves its purpose and it works just so. i would recommend to others what can i say? it's a micro sd card i use for a sandisk sansa clip . it has worked perfectly with no errors.,"['this is a quality 64gb micro sd memory card. it does what it is supposed to do. i would recommend this to any one.', 'what can i say its a micro sd. it serves its purpose and it works just so. i would recommend to others', ""what can i say? it's a micro sd card i use for a sandisk sansa clip . it has worked perfectly with no errors.""]"
224,"i bought 2 of these for my 2 sons to save their games, songs and whatever else on their dss. had more space than they will use in quite awhile. it was priced superbly! at 32 gb, this holds plenty of music, movies, apps and files. at about 75 cents a gig, this is a great deal. good value for product. i wanted 64 gb to put all my music on my phone. easily transferred from from hard disk to microsd via usb cable.","['i bought 2 of these for my 2 sons to save their games, songs and whatever else on their dss. had more space than they will use in quite awhile. it was priced superbly!', 'at 32 gb, this holds plenty of music, movies, apps and files. at about 75 cents a gig, this is a great deal.', 'good value for product. i wanted 64 gb to put all my music on my phone. easily transferred from from hard disk to microsd via usb cable.']"
225,"sandisk is a great brand.. never had a complaint. is working fine in my galaxy tab 3 .. would recommend what can you say about sandisk? they always work and perform the way they are met to do. got this for my samsung tab 10.1 and it works flawlessly. i bought this for my new galaxy tab and it works flawlessly, nothing to complain about. i always use sandisk products and they have never fail to me. i have one of these 16 gb on almost every device at home, digital cameras, phones and now in a tablet.","['sandisk is a great brand.. never had a complaint. is working fine in my galaxy tab 3 .. would recommend', 'what can you say about sandisk? they always work and perform the way they are met to do. got this for my samsung tab 10.1 and it works flawlessly.', 'i bought this for my new galaxy tab and it works flawlessly, nothing to complain about. i always use sandisk products and they have never fail to me. i have one of these 16 gb on almost every device at home, digital cameras, phones and now in a tablet.']"
226,"i am not using it to shoot continuous hd video or anything, i just wanted a fast one so it wouldn't take so long to copy movies and large files onto it. it works very well for a great price. works fine for recording hd video. copying movies off is fast. got this to shoot in hd. it is working really well so far. it is handling hd recording and playback great.","[""i am not using it to shoot continuous hd video or anything, i just wanted a fast one so it wouldn't take so long to copy movies and large files onto it. it works very well for a great price."", 'works fine for recording hd video. copying movies off is fast.', 'got this to shoot in hd. it is working really well so far. it is handling hd recording and playback great.']"
227,"this review is for the sandisk ultra 32 gb microsdhc class 10 uhs 1 memory card with adapter sdsdqu 032g affp a that was purchased for me from amazon.frustrating in a word. this card was reported by two different android phones as damaged but my windows computer recognized it with no issues. if the card had nothing on it or had just been reformatted then the phones recognized it but as soon as data, music or pictures were added then the phones reported the card as damaged. i had this card returned to amazon after 3 days of sheer frustration.i read another review that suggested the class 10 cards were not ideal for smart phones. i was already using a sandisk class 4 16gb card in another phone and had never had issues so i purchased a class 4 sandisk 32gb and it was as smooth as butter. both phones recognized the card right away and added data, music and pictures seamlessly and quickly. the second card purchased was the sandisk microsdhc 32gb flash memory card, black, sdsdqm 032g b35 retail packaging .in summary this card may work just fine for other devices but based on the sheer number of other reviewers here on amazon and elsewhere on the internet that had similar issues with smartphones i cannot recommend this card for a smartphone. i added this sandisk ultra 32 gb microsdhc to my smartphone, and it works perfectly. although i would not say that i 34 love 34 the memory card, i will say that i have no complaints about it, and i am perfectly happy with it.","['this review is for the sandisk ultra 32 gb microsdhc class 10 uhs 1 memory card with adapter sdsdqu 032g affp a that was purchased for me from amazon.frustrating in a word. this card was reported by two different android phones as damaged but my windows computer recognized it with no issues. if the card had nothing on it or had just been reformatted then the phones recognized it but as soon as data, music or pictures were added then the phones reported the card as damaged. i had this card returned to amazon after 3 days of sheer frustration.i read another review that suggested the class 10 cards were not ideal for smart phones. i was already using a sandisk class 4 16gb card in another phone and had never had issues so i purchased a class 4 sandisk 32gb and it was as smooth as butter. both phones recognized the card right away and added data, music and pictures seamlessly and quickly. the second card purchased was the sandisk microsdhc 32gb flash memory card, black, sdsdqm 032g b35 retail packaging .in summary this card may work just fine for other devices but based on the sheer number of other reviewers here on amazon and elsewhere on the internet that had similar issues with smartphones i cannot recommend this card for a smartphone.', 'i added this sandisk ultra 32 gb microsdhc to my smartphone, and it works perfectly. although i would not say that i 34 love 34 the memory card, i will say that i have no complaints about it, and i am perfectly happy with it.']"
228,"does it's job and fairly cheap for what it's worth. i had to return my first one and exchange it for another because the first one was defective. sandisk really needs to do better quality assurance on their products. the second one works perfectly fine. i use it for my gopro camera. have several of these for my video devices and they work great, sandisk is a great product and have never had one fail in over 6 years. great price too.","[""does it's job and fairly cheap for what it's worth. i had to return my first one and exchange it for another because the first one was defective. sandisk really needs to do better quality assurance on their products. the second one works perfectly fine. i use it for my gopro camera."", 'have several of these for my video devices and they work great, sandisk is a great product and have never had one fail in over 6 years. great price too.']"
229,"its a sandisk, cant go wrong. i use it for my gopro and it dont skip a beat. i have 2 of these and they write data fast. i use this in a d link web cam and it is fast read write and reliable sandisk are the best! i have tried other brands but always fall back on sandisk! super fast and quick read write which i'm using for my gopro and surface pro.","['its a sandisk, cant go wrong. i use it for my gopro and it dont skip a beat. i have 2 of these and they write data fast.', 'i use this in a d link web cam and it is fast read write and reliable sandisk are the best! i have tried other brands but always fall back on sandisk!', ""super fast and quick read write which i'm using for my gopro and surface pro.""]"
230,"no problem with getting card to fit, works fine, love extra storage. recommend to anyone. 64gb plenty for file storage and works great. slipped the card in place and with a small snap i was ready to go. my experience was very satisfied. it fit, and it appears to worki have not yet had any issues with this cardhowever, i have only been using it for a few weeks...so my comment is based on my experience thus farif my position changes, i will delete this postso, if you are reading this, then no problems has occurred thus far","['no problem with getting card to fit, works fine, love extra storage. recommend to anyone. 64gb plenty for file storage', 'and works great. slipped the card in place and with a small snap i was ready to go. my experience was very satisfied.', 'it fit, and it appears to worki have not yet had any issues with this cardhowever, i have only been using it for a few weeks...so my comment is based on my experience thus farif my position changes, i will delete this postso, if you are reading this, then no problems has occurred thus far']"
231,"the card was good. haven't had a problem with it yet. good price. fit the product i bought it for. great name brand class 10 card. great price, best on the net at the time i bought this one. it works perfectly and is fast. can't go wrong. spend the extra couple of bucks for the real deal. don't be fooled by a knock off, slow speed, import. i have been pleased with the performance and price point for this card. no complaints, i would recommend it based on price performance.","[""the card was good. haven't had a problem with it yet. good price. fit the product i bought it for."", ""great name brand class 10 card. great price, best on the net at the time i bought this one. it works perfectly and is fast. can't go wrong. spend the extra couple of bucks for the real deal. don't be fooled by a knock off, slow speed, import."", 'i have been pleased with the performance and price point for this card. no complaints, i would recommend it based on price performance.']"
232,"it's a memory card, what can you say? it was a good value, and has held up its end of the deal. it's a memory card. it works great. what else do i need to say? sandisk always makes high quality stuff...i am not worried at all... what can you say. it is a memory card and it works. the price was good for the size of card.","[""it's a memory card, what can you say? it was a good value, and has held up its end of the deal."", ""it's a memory card. it works great. what else do i need to say? sandisk always makes high quality stuff...i am not worried at all..."", 'what can you say. it is a memory card and it works. the price was good for the size of card.']"
233,"i ordered this when i saw excellent specs. i thought only the micro chip comes. i was very well surprised when after receiving the parcel found out that it contains also the sd adapter which makes this chip usable in computers,, laptops, etc. btw amazon price beats up the same chip found at costco for about 5 less.copied the content of the older 16 gb micro sd card onto the new one, swapped the chips and here i go... i am using several sandisk memory chips including compact flash cards for my dslr. excellent brand, fast, reliable, does not lse data or have write read errors. perfect! this 32gb microsdhc card replaces a 16gb card. ordering was easy, the price was good and the product arrived well packaged and fully functional. this is exactly as advertised, which is better than some other memory cards and drives. if you need a 32 gb microsdhc card, this will definitely work. comes with a standard sd card adapter, too.","['i ordered this when i saw excellent specs. i thought only the micro chip comes. i was very well surprised when after receiving the parcel found out that it contains also the sd adapter which makes this chip usable in computers,, laptops, etc. btw amazon price beats up the same chip found at costco for about 5 less.copied the content of the older 16 gb micro sd card onto the new one, swapped the chips and here i go... i am using several sandisk memory chips including compact flash cards for my dslr. excellent brand, fast, reliable, does not lse data or have write read errors. perfect!', 'this 32gb microsdhc card replaces a 16gb card. ordering was easy, the price was good and the product arrived well packaged and fully functional.', 'this is exactly as advertised, which is better than some other memory cards and drives. if you need a 32 gb microsdhc card, this will definitely work. comes with a standard sd card adapter, too.']"
234,"i remember when i built computers that had 5' x 3' 2gb hard drives and by now most have googled to learn of the room sized computers with basketball sized transistors.micro computer how long before our entire life will fit on something smaller than the point of a needle . . .?this sdxc disk has worked well with my nokia lumia windows 8 phone. my wife has one in her android phone and with kids taking pictures and making movies 64gb is starting to look like to little an amount of storage. my samsung galaxy s4 now has 119gb of fast microsdxc flash card storage available. at amazon's rather amazing price, it works out to 94 cents a gigabyte. way back when, in the early days of hard drive storage, i paid as much as 500 per megabyte!this little hummer is fast. the package and ads claim read speeds up to 30 mb s. my own crystalmark tests indicate 33.77 mb s read and 28.80 mb s write.with storage capacity like this and continuing software development, the smartphone and small tablet just might be the future of computing.my initial impression is simple one of awe 119gb of usable storage in a chip not even the size of my thumbnail.if you have a device that will support microsdxc cards, buy one of these. you can never have too much storage, but you will definitely be hard pressed to fill this card up with your personally useful data.great device great buy.jerry there really isn't a whole lot to say about this. the amount of storage space is fantastic.there are options for using this on older devices, that don't necessarily support microsdxc formats. windows, by default, will only allow you to format the card as exfat or ntfs. these formats will work for most new devices, but some may have issue.if you use fat32 as the filesystem instead, you can use this card for older devices, and it still works great with android. i've been using this card on my old sandisk sansa fuze running rockbox and it works great. i was not expecting that, but i am very happy with it!","[""i remember when i built computers that had 5' x 3' 2gb hard drives and by now most have googled to learn of the room sized computers with basketball sized transistors.micro computer how long before our entire life will fit on something smaller than the point of a needle . . .?this sdxc disk has worked well with my nokia lumia windows 8 phone. my wife has one in her android phone and with kids taking pictures and making movies 64gb is starting to look like to little an amount of storage."", ""my samsung galaxy s4 now has 119gb of fast microsdxc flash card storage available. at amazon's rather amazing price, it works out to 94 cents a gigabyte. way back when, in the early days of hard drive storage, i paid as much as 500 per megabyte!this little hummer is fast. the package and ads claim read speeds up to 30 mb s. my own crystalmark tests indicate 33.77 mb s read and 28.80 mb s write.with storage capacity like this and continuing software development, the smartphone and small tablet just might be the future of computing.my initial impression is simple one of awe 119gb of usable storage in a chip not even the size of my thumbnail.if you have a device that will support microsdxc cards, buy one of these. you can never have too much storage, but you will definitely be hard pressed to fill this card up with your personally useful data.great device great buy.jerry"", ""there really isn't a whole lot to say about this. the amount of storage space is fantastic.there are options for using this on older devices, that don't necessarily support microsdxc formats. windows, by default, will only allow you to format the card as exfat or ntfs. these formats will work for most new devices, but some may have issue.if you use fat32 as the filesystem instead, you can use this card for older devices, and it still works great with android. i've been using this card on my old sandisk sansa fuze running rockbox and it works great. i was not expecting that, but i am very happy with it!""]"
235,"i am having some trouble with it in my cell phone motorola triumph music player has not been reliable since i loaded songs on it. not sure if it is the card or my phone and it is not a consistent problem. i need to try it on a few other devices. i bought this to be able to load more music into my verizon lg android phone. i spent hours adding music to the card. then, i put it into my android phone. the phone did not read anything on the memory card. the other memory cards, 8gb and 32gb worked fine, so it must be a flaw in this memory card. also, this memory card got stuck in my android phone's slot. i had to use a utility knife with a very, very thin blade to pull out this card. i used this for a motorola droid x for music files. loading the files seem to be a little herky jerky but once on there they played fine. not sure the problem is with the memory card or the phone. i am using the amazon app or the motorola app that came with the phone.","['i am having some trouble with it in my cell phone motorola triumph music player has not been reliable since i loaded songs on it. not sure if it is the card or my phone and it is not a consistent problem. i need to try it on a few other devices.', ""i bought this to be able to load more music into my verizon lg android phone. i spent hours adding music to the card. then, i put it into my android phone. the phone did not read anything on the memory card. the other memory cards, 8gb and 32gb worked fine, so it must be a flaw in this memory card. also, this memory card got stuck in my android phone's slot. i had to use a utility knife with a very, very thin blade to pull out this card."", 'i used this for a motorola droid x for music files. loading the files seem to be a little herky jerky but once on there they played fine. not sure the problem is with the memory card or the phone. i am using the amazon app or the motorola app that came with the phone.']"
236,"fits in my samsung galaxy s3. migrated all of my music to my phone and no issues. fast and good performance. just annoyed i lost so much space after formating it. it fits in my phone. it holds lots of stuff. it comes with a reader that works in my laptop. fits in my new samsung note 3. holds lots of music and data. i like sandisk as a brand and this is no exception. oh, did i mention i bought a second one for my son too.","['fits in my samsung galaxy s3. migrated all of my music to my phone and no issues. fast and good performance. just annoyed i lost so much space after formating it.', 'it fits in my phone. it holds lots of stuff. it comes with a reader that works in my laptop.', 'fits in my new samsung note 3. holds lots of music and data. i like sandisk as a brand and this is no exception. oh, did i mention i bought a second one for my son too.']"
237,this chip seems to be thinner and lighter than the rest of my mini sd cards. came with an adaptor card so it can be read by using a regular sized sd card slot. or you can just read it while it is in the device. i can't believe how small memory cards are getting! this fantastic little device fits into an adapter that can be read by my mac!,"['this chip seems to be thinner and lighter than the rest of my mini sd cards. came with an adaptor card so it can be read by using a regular sized sd card slot. or you can just read it while it is in the device.', ""i can't believe how small memory cards are getting! this fantastic little device fits into an adapter that can be read by my mac!""]"
238,"i had a regular 32gb card that i used with my blackberry torch 9810. it was slow though. i replaced it with this card and i can definitely see the difference in speed on my z10. very happy with it! the only thing i had to do was to format the card with my blackberry z10 and that was it. this card is being used in my blackberry z10 and keeps my documents, photos, music working fine. this is a good buy. i have this installed in my blackberry z10. i have the camera on my phone set to store directly to this little card. it's really a great feeling to take photos all day long and not worry about filling the card up. i really recommend it if you have a phone that allows for external memory expansion. sorry iphone users.","['i had a regular 32gb card that i used with my blackberry torch 9810. it was slow though. i replaced it with this card and i can definitely see the difference in speed on my z10. very happy with it! the only thing i had to do was to format the card with my blackberry z10 and that was it.', 'this card is being used in my blackberry z10 and keeps my documents, photos, music working fine. this is a good buy.', ""i have this installed in my blackberry z10. i have the camera on my phone set to store directly to this little card. it's really a great feeling to take photos all day long and not worry about filling the card up. i really recommend it if you have a phone that allows for external memory expansion. sorry iphone users.""]"
239,"i purchased this to extend my windows phone 8 device's memory, and basically put all my music on. at first, the phone wouldn't recognise the card, but it worked everywhere else i tested it. then i had verizon replace the phone and the card worked perfectly. no complaints about the performance, and it provides plenty of space for pictures and music. this card did an amazing job with holding my music on my phone. videos played with ease and everything! highly recommend this card to anyone. the sd card adapter also worked perfectly for me.i use this card on a samsung galaxy s2 epic 4g touch, sprint version . it works just fine on that phone even though the phone specs say it only holds up to 32gb. just put the card in, go to your settings, fine sd and storage, and then scroll to this card and format the card. once formatted, it'll work just as any other sd card. this card worked well with my last two smart phones and holds all my favorite music with enough extra storage for photos.","[""i purchased this to extend my windows phone 8 device's memory, and basically put all my music on. at first, the phone wouldn't recognise the card, but it worked everywhere else i tested it. then i had verizon replace the phone and the card worked perfectly. no complaints about the performance, and it provides plenty of space for pictures and music."", ""this card did an amazing job with holding my music on my phone. videos played with ease and everything! highly recommend this card to anyone. the sd card adapter also worked perfectly for me.i use this card on a samsung galaxy s2 epic 4g touch, sprint version . it works just fine on that phone even though the phone specs say it only holds up to 32gb. just put the card in, go to your settings, fine sd and storage, and then scroll to this card and format the card. once formatted, it'll work just as any other sd card."", 'this card worked well with my last two smart phones and holds all my favorite music with enough extra storage for photos.']"
240,"it works fine in my verizon galaxy s3 but has to be formated to fat32. also works in my canon ixus 80. i bought this for my new samsung galaxy s 4, and the first one i ordered produced formatting issues on my phone every time i rebooted. i looked online and found a number of these got recalled or something at one point, and some didn't but just don't work.i returned it for a replacement and the replacement has worked fine in my phone with constant use. i'm on month 4 with no issues. worked in my galaxy s4, didn't have to do any crazy formatting. i popped it in and it was detected.","['it works fine in my verizon galaxy s3 but has to be formated to fat32. also works in my canon ixus 80.', ""i bought this for my new samsung galaxy s 4, and the first one i ordered produced formatting issues on my phone every time i rebooted. i looked online and found a number of these got recalled or something at one point, and some didn't but just don't work.i returned it for a replacement and the replacement has worked fine in my phone with constant use. i'm on month 4 with no issues."", ""worked in my galaxy s4, didn't have to do any crazy formatting. i popped it in and it was detected.""]"
241,"this microsd card made for a great upgrade for my galaxy s 3's storage capacity. the card performs efficient read writes and is giving my phone the kind of data storage i never thought i'd have. if anyone is looking for enough storage space on their phone or tablet for a large amount of pictures, video's, apps, or even document files, this may be exactly what you're looking for. purchased this card to expand the storage on my samsung s4 and it does the trick. plenty of room to carry ebooks, music and store camera pictures. great item at a good price and i recommend this item for anyone needing more memory using a microsdhc class 10 memory card. couldn't ask for more! the biggest micro sd card for the most awesome phone the galaxy s3! put tons of my music library on the card, full length movies, and have crazy space available. i love having space to spare and not have to worry about every running out.highly recommended! don't buy this from at they are asking 130 dollars for the exact same card!","[""this microsd card made for a great upgrade for my galaxy s 3's storage capacity. the card performs efficient read writes and is giving my phone the kind of data storage i never thought i'd have. if anyone is looking for enough storage space on their phone or tablet for a large amount of pictures, video's, apps, or even document files, this may be exactly what you're looking for."", 'purchased this card to expand the storage on my samsung s4 and it does the trick. plenty of room to carry ebooks, music and store camera pictures. great item at a good price and i recommend this item for anyone needing more memory using a microsdhc class 10 memory card.', ""couldn't ask for more! the biggest micro sd card for the most awesome phone the galaxy s3! put tons of my music library on the card, full length movies, and have crazy space available. i love having space to spare and not have to worry about every running out.highly recommended! don't buy this from at they are asking 130 dollars for the exact same card!""]"
242,"this microsd serves the purpose in every way. if i need another, i will certainly buy another one of these. it's a fast, affordable cheap microsd card. what more could i say? san disk too, so it's definitely a good brand to buy.","['this microsd serves the purpose in every way. if i need another, i will certainly buy another one of these.', ""it's a fast, affordable cheap microsd card. what more could i say? san disk too, so it's definitely a good brand to buy.""]"
243,"great micro sd card and for 35 its extremely cheap. got 2 of thoses and i ve never looked back. uhs1 fast! i think a really good memory card at good price. i got it and still have s lot of space for all my music and videos. great microsd, fast and holds a ton of memory. if you really need one buy it and you won't be disappointed.","['great micro sd card and for 35 its extremely cheap. got 2 of thoses and i ve never looked back. uhs1 fast!', 'i think a really good memory card at good price. i got it and still have s lot of space for all my music and videos.', ""great microsd, fast and holds a ton of memory. if you really need one buy it and you won't be disappointed.""]"
244,"this sandisk ultra 32 gb microsdhc c10 uhs1 memory card with adapter really work like it suppose too, i will ordering another soon. the sandisk ultra 32 gb microsdhc c10 uhs1 memory card with adapter handles its job as you would expect from sandisk. sandisk ultra 32gb microsdhc class 10 uhs... item is as described. decent product for its price and quality. it comes with the small sd card and a next size up adapter","['this sandisk ultra 32 gb microsdhc c10 uhs1 memory card with adapter really work like it suppose too, i will ordering another soon.', 'the sandisk ultra 32 gb microsdhc c10 uhs1 memory card with adapter handles its job as you would expect from sandisk.', 'sandisk ultra 32gb microsdhc class 10 uhs... item is as described. decent product for its price and quality. it comes with the small sd card and a next size up adapter']"
245,"sandisk continues its legacy with this high speed microhd card. a definite must for your tablet or smartphone, provided it accepts external memory cards. then again, why would you buy one that doesn't? i love sandisk storage and got this for my tablet's microsd slot it works flawlessly and doubled my tablet's storage with no fuss. the performance has been snappy enough for my needs and i can copy things into and off of it very easily. since asus tablets are known to slow down if their main storage gets too full, this is really useful for giving me a place to offload things to, like apps that i don't want to download again but want to keep on hand, media files, my ebook collection, more music, etc. i purchased this for a cheap android tablet. i figured i'd try a cheap tablet first, and if i decided i wanted to go with an android tablet, i'd get something good later. but either way, the memory card will be used in one item or another, so i wanted to get a good one. like any other sandisk product i've purchased, this card is top notch. comes with the in my opinion, necessary sd card adapter. class 10 speed really makes a difference when you have the card filled with music movies apps.","[""sandisk continues its legacy with this high speed microhd card. a definite must for your tablet or smartphone, provided it accepts external memory cards. then again, why would you buy one that doesn't?"", ""i love sandisk storage and got this for my tablet's microsd slot it works flawlessly and doubled my tablet's storage with no fuss. the performance has been snappy enough for my needs and i can copy things into and off of it very easily. since asus tablets are known to slow down if their main storage gets too full, this is really useful for giving me a place to offload things to, like apps that i don't want to download again but want to keep on hand, media files, my ebook collection, more music, etc."", ""i purchased this for a cheap android tablet. i figured i'd try a cheap tablet first, and if i decided i wanted to go with an android tablet, i'd get something good later. but either way, the memory card will be used in one item or another, so i wanted to get a good one. like any other sandisk product i've purchased, this card is top notch. comes with the in my opinion, necessary sd card adapter. class 10 speed really makes a difference when you have the card filled with music movies apps.""]"
246,"this card is pretty cheap for how tiny physically and large digitally it is at least in mid 2014. i got it to extend the storage capacity of my surface pro 3, and it has done just that. i can store files on it so that i don't have to take up precious space that can be dedicated towards programs since the surface pro 3 has a full windows 8 on it. it also doubles as a storage device for my gopro hero 3 black, but i have a faster card for it to prevent the freezing issue. the size of this micro sd card just does a great job in storing data like videos, photos, and music. it fits in most devices that are moving to micro sdxc, such as phones, tablets, and my beloved surface pro 3. i highly recommend this card if you just need to extend the storage of your device. reconsider a faster card if you want to record video straight to it, like with a gopro. what more can be said? it's a great card with plenty of storage space to handle or expand your tablet, camera or video cameras needs. with the included sd card adapter, the micro card can be read in any sd card reader writer. it is initially formatted in some format that my windows 8 pro ms surface pro could read or see. but from another laptop using the sd adapter i was able to reformat it and make it usable for the surface pro.great card for a great price! this was a great little memory card for using with my microsoft surface pro tablet. i'm able to have my music with me at all times, plus a large number of photos.one item to note this type of memory card may not be suitable for high speed applications such as with a camera or for storing virtual hard drive type information . these micro cards are a 5 star if used for their intended purpose.","[""this card is pretty cheap for how tiny physically and large digitally it is at least in mid 2014. i got it to extend the storage capacity of my surface pro 3, and it has done just that. i can store files on it so that i don't have to take up precious space that can be dedicated towards programs since the surface pro 3 has a full windows 8 on it. it also doubles as a storage device for my gopro hero 3 black, but i have a faster card for it to prevent the freezing issue. the size of this micro sd card just does a great job in storing data like videos, photos, and music. it fits in most devices that are moving to micro sdxc, such as phones, tablets, and my beloved surface pro 3. i highly recommend this card if you just need to extend the storage of your device. reconsider a faster card if you want to record video straight to it, like with a gopro."", ""what more can be said? it's a great card with plenty of storage space to handle or expand your tablet, camera or video cameras needs. with the included sd card adapter, the micro card can be read in any sd card reader writer. it is initially formatted in some format that my windows 8 pro ms surface pro could read or see. but from another laptop using the sd adapter i was able to reformat it and make it usable for the surface pro.great card for a great price!"", ""this was a great little memory card for using with my microsoft surface pro tablet. i'm able to have my music with me at all times, plus a large number of photos.one item to note this type of memory card may not be suitable for high speed applications such as with a camera or for storing virtual hard drive type information . these micro cards are a 5 star if used for their intended purpose.""]"
247,"i added 128bg with two san disk ultra 64gb memory cards to my psp with a micro sdxc adapter to the memory stick duo. i used this sd in my psp with an adapter and works fine, all the games stored into this memory ran perfectly without lags tried this out today in one of those 'memory stick pro duo dual slot adapters', basically you use two microsd cards in one and then use it for your psp, or camera, or whatever. worked great, two 32 gb cards were just a little cheaper than one of these and i wanted my nephew to upgrade to 128 gb if he wanted. the adapter didn't say it would work with xc and we were worried that the psp would have a problem with it but it all worked out great. he is upgrading to 64 gb from 2 gb, it was a little overwhelming. he has lots more space now and might get another one of these cards to put in the same adapter. i'll update this if anything goes wrong.","['i added 128bg with two san disk ultra 64gb memory cards to my psp with a micro sdxc adapter to the memory stick duo.', 'i used this sd in my psp with an adapter and works fine, all the games stored into this memory ran perfectly without lags', ""tried this out today in one of those 'memory stick pro duo dual slot adapters', basically you use two microsd cards in one and then use it for your psp, or camera, or whatever. worked great, two 32 gb cards were just a little cheaper than one of these and i wanted my nephew to upgrade to 128 gb if he wanted. the adapter didn't say it would work with xc and we were worried that the psp would have a problem with it but it all worked out great. he is upgrading to 64 gb from 2 gb, it was a little overwhelming. he has lots more space now and might get another one of these cards to put in the same adapter. i'll update this if anything goes wrong.""]"
248,"it's hard to believe how affordable digital has become. 32 gb in a device one quarter the sie of postage stamp would have been science fiction less than a generation ago.i picked this up for portable music when i didn't want to schlep or risk a phone or ipod. works great with all sd card readers.select with confidence. i've purchased this microsd card back in january for use in my tablet and my android smartphone. i've used this card extensively to transfer music and files and i've found it's rather interchangeable and versatile across a number of surfaces. the card hasn't corrupted itself or become unusable at any point so i figure, for the value, that's pretty much what i want. and 32 gb covers the amount of storage i would want for my mobile devices. i like the storage capacity of this little gadget. purchased for use in my smartphone. sandisk has shown itself to be a truly reliable and quality storage device company and should do well in years to come. this 32 gb micro memory card comes with an adapter so that you can use it for other purposes. they tend to be a bit on the pricey side, but you can't beat amazon for pricing. go ahead, get one or two of these, they are a worthwhile investment, and you won't be disappointed.","[""it's hard to believe how affordable digital has become. 32 gb in a device one quarter the sie of postage stamp would have been science fiction less than a generation ago.i picked this up for portable music when i didn't want to schlep or risk a phone or ipod. works great with all sd card readers.select with confidence."", ""i've purchased this microsd card back in january for use in my tablet and my android smartphone. i've used this card extensively to transfer music and files and i've found it's rather interchangeable and versatile across a number of surfaces. the card hasn't corrupted itself or become unusable at any point so i figure, for the value, that's pretty much what i want. and 32 gb covers the amount of storage i would want for my mobile devices."", ""i like the storage capacity of this little gadget. purchased for use in my smartphone. sandisk has shown itself to be a truly reliable and quality storage device company and should do well in years to come. this 32 gb micro memory card comes with an adapter so that you can use it for other purposes. they tend to be a bit on the pricey side, but you can't beat amazon for pricing. go ahead, get one or two of these, they are a worthwhile investment, and you won't be disappointed.""]"
249,"i thought this was a sure winner from the average 4.5 rating with thousands of reviews. but if you notice the bad reviews involve the card becoming unreliable after a couple weeks of use. typically people write reviews shortly after receiving the product. my card worked fine for 2 weeks and then started having problems. i re formatted the card, re inserted in the phone, removed the battery, every trick i could read about but the card still remained unreliable and the phone was thinking it was being removed at random times. so i stuck my olders, slower 8gb microsd card in, worked fine.i suspect one or both is happening with this card a some cards are defective but it takes some usage for them to start failing to where the user notices. b for some reason, this brand of card doesn't like certain devices, like my samsung galaxy s3my guess is i got a lemon, but i'm not chancing it to getting another one and will just move on to another reputable brand. you get what you pay for may be applicable here. but a lot of others did have success with this card. so ymmv. first of all i am not rating this product as a 5 star like it the greatest item ever, i am rating this product as follows, would it have been the same product if i bought this at the retail store, was it worth the money saved to buy it online, and am i happy with the product i got in the mail. if all those are a yes for me then i will give it 5 stars. i am not just rating it 5 stars cause its the best product of its class, that is for each person to decide. i will also be updating the reviews as i see fit if i decover something in the future. thank you for taking the time to read my review.i have has a sandisk sd card for 2 years with my phone and it has lasted through the tough times and high heat. i bought this to add movies to my daugther's galaxy note 2 10.1 tablet, no changes are needed to format it just plug and play. buy this product with any of the new samsung tablets or note 2 and it will just work listen i got the sandisk after i had a kingston card in my phone samsung galaxy note 2 and it died after less than a year!!! luckily, my phone was synced to dropbox, otherwise i would've lost valuable pics including our first summer family vacation!!! so far, so good with the sandisk. it's been a few months. if there's a catastrophe, i'll update this review. but as of right now, it's working really well.","[""i thought this was a sure winner from the average 4.5 rating with thousands of reviews. but if you notice the bad reviews involve the card becoming unreliable after a couple weeks of use. typically people write reviews shortly after receiving the product. my card worked fine for 2 weeks and then started having problems. i re formatted the card, re inserted in the phone, removed the battery, every trick i could read about but the card still remained unreliable and the phone was thinking it was being removed at random times. so i stuck my olders, slower 8gb microsd card in, worked fine.i suspect one or both is happening with this card a some cards are defective but it takes some usage for them to start failing to where the user notices. b for some reason, this brand of card doesn't like certain devices, like my samsung galaxy s3my guess is i got a lemon, but i'm not chancing it to getting another one and will just move on to another reputable brand. you get what you pay for may be applicable here. but a lot of others did have success with this card. so ymmv."", ""first of all i am not rating this product as a 5 star like it the greatest item ever, i am rating this product as follows, would it have been the same product if i bought this at the retail store, was it worth the money saved to buy it online, and am i happy with the product i got in the mail. if all those are a yes for me then i will give it 5 stars. i am not just rating it 5 stars cause its the best product of its class, that is for each person to decide. i will also be updating the reviews as i see fit if i decover something in the future. thank you for taking the time to read my review.i have has a sandisk sd card for 2 years with my phone and it has lasted through the tough times and high heat. i bought this to add movies to my daugther's galaxy note 2 10.1 tablet, no changes are needed to format it just plug and play. buy this product with any of the new samsung tablets or note 2 and it will just work"", ""listen i got the sandisk after i had a kingston card in my phone samsung galaxy note 2 and it died after less than a year!!! luckily, my phone was synced to dropbox, otherwise i would've lost valuable pics including our first summer family vacation!!! so far, so good with the sandisk. it's been a few months. if there's a catastrophe, i'll update this review. but as of right now, it's working really well.""]"
250,great memory card! can be used as a micro sd or regular because it comes with a the larger disc case that it fits into. i purchased this product for my sony camera. even though its micro sd it comes with a regular sd enclosure. it reads and writes fast and can hold several hundred images.,"['great memory card! can be used as a micro sd or regular because it comes with a the larger disc case that it fits into.', 'i purchased this product for my sony camera. even though its micro sd it comes with a regular sd enclosure. it reads and writes fast and can hold several hundred images.']"
251,"32 gb micro sd chip. if this is the size and memory amount you desire, this memory card has never failed or had errors on me. 5 stars for that and being the cheapest i could get at the time. good 32 gb sd card. i bought it to upgrade memory stotage on my cell. it works on my samsung s3. also comes with adapter. 64gb microsdx class 10 memory card. i use it as external storage for my samsung galaxy note ii phone. so far it has worked great.","['32 gb micro sd chip. if this is the size and memory amount you desire, this memory card has never failed or had errors on me. 5 stars for that and being the cheapest i could get at the time.', 'good 32 gb sd card. i bought it to upgrade memory stotage on my cell. it works on my samsung s3. also comes with adapter.', '64gb microsdx class 10 memory card. i use it as external storage for my samsung galaxy note ii phone. so far it has worked great.']"
252,"32gb card takes my smartphone to a new level. recently purchased a razrm and this huge capacity card allows me to take tons of picture even with a good percentage of my mp3 collection and about 9 movies on mp4. fast and so far so good as far as data integrity. highly recommend the 32gb holds alot and when they say that this memory card is fast, they mean it. holds everything i need on my android phone and works well with it. had a few issues with the phone primarily but it was resolved when i reset the phone note the phone is an old sony xperia ion lt28a and has had issues from overuse so i needed to reset it regardless of the memory card . once i finished setting up the phone and memory card from factory specs the devices worked like a charm. still would not overrate it though so 3 like most of my other reviews.","['32gb card takes my smartphone to a new level. recently purchased a razrm and this huge capacity card allows me to take tons of picture even with a good percentage of my mp3 collection and about 9 movies on mp4. fast and so far so good as far as data integrity. highly recommend', 'the 32gb holds alot and when they say that this memory card is fast, they mean it. holds everything i need on my android phone and works well with it. had a few issues with the phone primarily but it was resolved when i reset the phone note the phone is an old sony xperia ion lt28a and has had issues from overuse so i needed to reset it regardless of the memory card . once i finished setting up the phone and memory card from factory specs the devices worked like a charm. still would not overrate it though so 3 like most of my other reviews.']"
253,"why would you get anything less? 64gb of instantaneous movies, video, music or pictures. if you have an android phone that's capable of accepting micro sd cards go ahead and get you one or two. this san disk ultra is very fast and the 32 gb gives me lots of storage in my phone. i've got lots of room for apps, photos, music and other data, too. i'll have lots of fun filling it up.","[""why would you get anything less? 64gb of instantaneous movies, video, music or pictures. if you have an android phone that's capable of accepting micro sd cards go ahead and get you one or two."", ""this san disk ultra is very fast and the 32 gb gives me lots of storage in my phone. i've got lots of room for apps, photos, music and other data, too. i'll have lots of fun filling it up.""]"
254,"i bought this for my son's tablet for cartoon videos, movies and 34 all 34 games he will be downloading he's under 5 yrs so they'll be small simple games . i got this for my 3 year old's nabi. i can put tons of movies and tv shows on this thing and keep her entertained for hours. for the price it's hard to beat. picked up a couple of these to put in the nabi2 android tablets. they work just fine expanding the memory to store movies. haven't had any hiccups at all.","[""i bought this for my son's tablet for cartoon videos, movies and 34 all 34 games he will be downloading he's under 5 yrs so they'll be small simple games ."", ""i got this for my 3 year old's nabi. i can put tons of movies and tv shows on this thing and keep her entertained for hours. for the price it's hard to beat."", ""picked up a couple of these to put in the nabi2 android tablets. they work just fine expanding the memory to store movies. haven't had any hiccups at all.""]"
255,"there really isn't much to say about a micro sd card it either works or it doesn't. i bought this to install in my phone and it seems to be working fine. the fit was perfect and the performance is totally satisfactory. i've never had any trouble with sandisk products and this will likely be no exception. it was a great value compared to places i had priced locally. i wanted a good sized sd card for my android phone. this one was priced well and has been working without a glitch. what's more to say, this is the biggest microsdxc card at the time with the reliability of sandisk with great speed. i have one in all of my tablets and both mobile phones. i have yet to have an issue with this card and don't expect to.","[""there really isn't much to say about a micro sd card it either works or it doesn't. i bought this to install in my phone and it seems to be working fine. the fit was perfect and the performance is totally satisfactory. i've never had any trouble with sandisk products and this will likely be no exception. it was a great value compared to places i had priced locally."", 'i wanted a good sized sd card for my android phone. this one was priced well and has been working without a glitch.', ""what's more to say, this is the biggest microsdxc card at the time with the reliability of sandisk with great speed. i have one in all of my tablets and both mobile phones. i have yet to have an issue with this card and don't expect to.""]"
256,"bought this for canon powershot n because it takes a micro. i always use ultra or extreme pro sandisk, since they are my preferred brand, and i like them for had video and continuous snapshots. no problems with the card, came with working adapter. happy with this purchase would and probably will buy more. awesome microsd card.. no issues and i have several of these and has performed well in my gopro, sg4 and note 2. i don't have any complaints about this micro sd card. i ordered it for my sony action camera and its so far been doing extreamly well.","['bought this for canon powershot n because it takes a micro. i always use ultra or extreme pro sandisk, since they are my preferred brand, and i like them for had video and continuous snapshots. no problems with the card, came with working adapter. happy with this purchase would and probably will buy more.', 'awesome microsd card.. no issues and i have several of these and has performed well in my gopro, sg4 and note 2.', ""i don't have any complaints about this micro sd card. i ordered it for my sony action camera and its so far been doing extreamly well.""]"
257,this item is great! i can't believe how small it is. imagine 64gb this size back in the 70's when they had whole buildings full of computers that couldn't pack this much space! great item. i got an amazing price and this is an amazing product. 64 gigs is a lot of memory. i don't think i'm ever going to fill it up but it's nice to have it. it has given me no problem so far. i have it more then half of year now and still can not believe how they manage to fit 64gb on that small piece of plastic..,"[""this item is great! i can't believe how small it is. imagine 64gb this size back in the 70's when they had whole buildings full of computers that couldn't pack this much space! great item."", ""i got an amazing price and this is an amazing product. 64 gigs is a lot of memory. i don't think i'm ever going to fill it up but it's nice to have it. it has given me no problem so far."", 'i have it more then half of year now and still can not believe how they manage to fit 64gb on that small piece of plastic..']"
258,perfect.get the 32gb. buy it. i could never commit to paying so much for data until my 32gb filled up so quick. so i wasted money buying the 32gb when in the end i still ended up buying the 64gb. i don't know why i bought this but i'm glad i did. 32gb would of been just as good. i bought this considering i have a huge itunes collection of about 28gb and would increase pass the 32gb so i bought the 64. problem is since i have a playstation plus account i bought a sony music unlimited at a reduced price of 12 bucks. which left me having pretty much my entire music catalog in the palm of my hard without me wasting a single gb of memory. i still love the product and does work would definitely recommend.,"['perfect.get the 32gb.', 'buy it. i could never commit to paying so much for data until my 32gb filled up so quick. so i wasted money buying the 32gb when in the end i still ended up buying the 64gb.', ""i don't know why i bought this but i'm glad i did. 32gb would of been just as good. i bought this considering i have a huge itunes collection of about 28gb and would increase pass the 32gb so i bought the 64. problem is since i have a playstation plus account i bought a sony music unlimited at a reduced price of 12 bucks. which left me having pretty much my entire music catalog in the palm of my hard without me wasting a single gb of memory. i still love the product and does work would definitely recommend.""]"
259,"i bought this to use as expanded storage in my asus transformer book t100 but it was unstable and i have had to return it. although the tablet would see the card when it was first inserted there would be errors trying to copy files onto it and then windows would indicate that it needed formatting. if i tried a quick format then everything seemed to be ok but the instability would return as soon as i tried to copy data to the card. if i tried a full format it always failed.i gave it two starts because it seemed to work using the supplied sd adapter in a windows 7 laptop. i was able to do a full format on that but, when i put it back into the tablet, the problems continued. the tablet is compatible with sdxc cards and, when i tried a different micro sd card in the tablet, it worked fine so i assume it was a problem with this card. i bought this card for use with my asus transformer book t 100ta to add external and removable replaceable storage capacity. when inserted into the slot provided it was immediately recognized and the driver installed. the card appears as available and with the promised storage capacity in the 34 my pc 34 folder of the computer. i have been able to move files on and off the card as intended. the product is fine and the price was satisfactory.","['i bought this to use as expanded storage in my asus transformer book t100 but it was unstable and i have had to return it. although the tablet would see the card when it was first inserted there would be errors trying to copy files onto it and then windows would indicate that it needed formatting. if i tried a quick format then everything seemed to be ok but the instability would return as soon as i tried to copy data to the card. if i tried a full format it always failed.i gave it two starts because it seemed to work using the supplied sd adapter in a windows 7 laptop. i was able to do a full format on that but, when i put it back into the tablet, the problems continued. the tablet is compatible with sdxc cards and, when i tried a different micro sd card in the tablet, it worked fine so i assume it was a problem with this card.', 'i bought this card for use with my asus transformer book t 100ta to add external and removable replaceable storage capacity. when inserted into the slot provided it was immediately recognized and the driver installed. the card appears as available and with the promised storage capacity in the 34 my pc 34 folder of the computer. i have been able to move files on and off the card as intended. the product is fine and the price was satisfactory.']"
260,"simply put it is a 32 gb microsdhc card that came in the mail when it said it would, it was empty when i got it, it works as expected it holds files, images, etc. , and it has the adapter included. voila. the micro card also comes with an adaptor to allow use as a sd card. i used it to increase memory in a cell phone and it worked perfectly.","['simply put it is a 32 gb microsdhc card that came in the mail when it said it would, it was empty when i got it, it works as expected it holds files, images, etc. , and it has the adapter included. voila.', 'the micro card also comes with an adaptor to allow use as a sd card. i used it to increase memory in a cell phone and it worked perfectly.']"
261,"this is a nice storage device, works well and comes with a standard size sd card adapter. worth purchasing.austin comes with adaptor and case so it'll work well as a regular sd card or micro sd. works great! affordable price. this actually came with the sd adapter making it a great buy. lots of memory, microsd, sd and cheap. can't go wrong.","['this is a nice storage device, works well and comes with a standard size sd card adapter. worth purchasing.austin', ""comes with adaptor and case so it'll work well as a regular sd card or micro sd. works great! affordable price."", ""this actually came with the sd adapter making it a great buy. lots of memory, microsd, sd and cheap. can't go wrong.""]"
262,"it's hard to believe they can cram 32gigs of memory into a device this tiny and also get good speed out of file transfers to and from it. it's a good thing it comes with an adapter for larger size devices i recommend keeping it in that adapter at all times unless it's inside something like a cell phone which only takes the microsd size. it's way too easy to lose something this small. i hate the industry's mad rush to make everything smaller and smaller with no regard to usability. anyway, the memory card is great outside of that, and since my phone does take microsd, i just keep it plugged in at all times and don't have to worry about it. 64 gb on a micro sd card ... that itself was amazing to me and sandisk has perfected the technology.no complains whatsoever, works great in my s4 ... have been clicking photos and videos ever since i put this in.it comes with an adapter, so you can plug it into your computer and download content easilyits fast, even if it is almost full unlike other cards i have used where it starts to get slow as disk space runs out ... not on this one, its fast. period.few other reviews said it gets hot during operation, but honestly i did not notice anything .. not even getting warm.also note that this is an sdxc card different from sdhc , so please check if your device is compatible with it before buying it. 128gb in the size of a fingernail for this price, who'da thunk it?works fine in my sansa clip zip using rockbox software probably fine with original firmware but i haven't tried it .nota bene as with all sdhc xc cards, it comes from the factory formatted to exfat.for rockbox at least, and probably other software, reformatting to fat32 is required.if your device or software supports exfat, you won't care about this caveat.i'm only using it for mp3 bitrates, so i can't comment on speed issues.the dark red printing on the card is hard to read compared to the white on the 64gb cards.awesome! thank you sandisk and amazon.","[""it's hard to believe they can cram 32gigs of memory into a device this tiny and also get good speed out of file transfers to and from it. it's a good thing it comes with an adapter for larger size devices i recommend keeping it in that adapter at all times unless it's inside something like a cell phone which only takes the microsd size. it's way too easy to lose something this small. i hate the industry's mad rush to make everything smaller and smaller with no regard to usability. anyway, the memory card is great outside of that, and since my phone does take microsd, i just keep it plugged in at all times and don't have to worry about it."", '64 gb on a micro sd card ... that itself was amazing to me and sandisk has perfected the technology.no complains whatsoever, works great in my s4 ... have been clicking photos and videos ever since i put this in.it comes with an adapter, so you can plug it into your computer and download content easilyits fast, even if it is almost full unlike other cards i have used where it starts to get slow as disk space runs out ... not on this one, its fast. period.few other reviews said it gets hot during operation, but honestly i did not notice anything .. not even getting warm.also note that this is an sdxc card different from sdhc , so please check if your device is compatible with it before buying it.', ""128gb in the size of a fingernail for this price, who'da thunk it?works fine in my sansa clip zip using rockbox software probably fine with original firmware but i haven't tried it .nota bene as with all sdhc xc cards, it comes from the factory formatted to exfat.for rockbox at least, and probably other software, reformatting to fat32 is required.if your device or software supports exfat, you won't care about this caveat.i'm only using it for mp3 bitrates, so i can't comment on speed issues.the dark red printing on the card is hard to read compared to the white on the 64gb cards.awesome! thank you sandisk and amazon.""]"
263,"64gb...delivered fast and installed quick! works like it should at reasonable price. i only wish i could get more memory in my note 3...so much media!! 64gb... i'm set for i don't know how long. i bought one for my note 8 and my s3. i've loaded tons of pics and music and still have more than enough space to last me for a long, long, long time.thank you samsung for having your new devices able to read 64gb microsd cards. it's 64gb and it's in my phone. really, that's all you need for a review. what more could you want? i have all my music, several movies and i can record stuff on camera at full hd without worrying about running out of space. no issues at all. did i mention it's 64gb?","['64gb...delivered fast and installed quick! works like it should at reasonable price. i only wish i could get more memory in my note 3...so much media!!', ""64gb... i'm set for i don't know how long. i bought one for my note 8 and my s3. i've loaded tons of pics and music and still have more than enough space to last me for a long, long, long time.thank you samsung for having your new devices able to read 64gb microsd cards."", ""it's 64gb and it's in my phone. really, that's all you need for a review. what more could you want? i have all my music, several movies and i can record stuff on camera at full hd without worrying about running out of space. no issues at all. did i mention it's 64gb?""]"
264,"it's memory. it works in my phone. i can store files to it. the price was right. if you're looking for 32g, this will do just fine. this is an sd card. nothing exciting, except when they don't work, i suppose... but this thing worked perfectly. i put it in my vivotab windows 8.1 device, and it worked perfectly. it has about 59gb of formatted free space on it... typical, but most folks expect to get to use the full 64gb... i heartily recommend this device!!! it's a microsd chip. it's the storage amount i specified. it's sitting in the back of my samsung galaxy s3. it's nothing more than exactly what i asked for.","[""it's memory. it works in my phone. i can store files to it. the price was right. if you're looking for 32g, this will do just fine."", ""this is an sd card. nothing exciting, except when they don't work, i suppose... but this thing worked perfectly. i put it in my vivotab windows 8.1 device, and it worked perfectly. it has about 59gb of formatted free space on it... typical, but most folks expect to get to use the full 64gb... i heartily recommend this device!!!"", ""it's a microsd chip. it's the storage amount i specified. it's sitting in the back of my samsung galaxy s3. it's nothing more than exactly what i asked for.""]"
265,"i was using a basic memory card in my samsung note 3 and when i took a picture it took forever for the phone to put it in the memory card and get ready for a new picture. once i installed this sandisk the transfer was almost non existent. what a difference. worth the few extra bucks. this is the best micro memory for an android phone! it's very fast running as fast as 38mb s. the 30gb was a splurge but if you have movies or videos on your phone than this is perfect! amazing product!p. s. do not get the ultra mobile version of this, it's slower than this one","['i was using a basic memory card in my samsung note 3 and when i took a picture it took forever for the phone to put it in the memory card and get ready for a new picture. once i installed this sandisk the transfer was almost non existent. what a difference. worth the few extra bucks.', ""this is the best micro memory for an android phone! it's very fast running as fast as 38mb s. the 30gb was a splurge but if you have movies or videos on your phone than this is perfect! amazing product!p. s. do not get the ultra mobile version of this, it's slower than this one""]"
266,"this micro sd card is perfect for any smartphone user looking to expand the storage on their device. i personally am using one in my samsung galaxy note 3. works like a charm. it is adequately fast, cheap, and fairly reliable. if you are looking for extremely fast speeds however, you should consider the sandisk extreme series which are the fastest microsd cards in the world. my card came with an adapter that this card plugs into and it becomes a full sized sd card. if you are looking to use this in a camera or any other device that uses sd cards, please look elsewhere. these cards are not nearly as fast as the full sized sd cards used in cameras. the adapter should only be used for transporting data from the phone or other device, to a computer. all in all, these are a great buy for any smartphone user looking for a higher storage capacity. the price fluctuates often, so catch em while there cheep! i got mine for around 30. got this to replace my old class 4 micro sd card in my new phone. plenty of space and very fast. this is a great microsd card. it is fast and the 16 gb gives me lots of capacity on my smartphone.","['this micro sd card is perfect for any smartphone user looking to expand the storage on their device. i personally am using one in my samsung galaxy note 3. works like a charm. it is adequately fast, cheap, and fairly reliable. if you are looking for extremely fast speeds however, you should consider the sandisk extreme series which are the fastest microsd cards in the world. my card came with an adapter that this card plugs into and it becomes a full sized sd card. if you are looking to use this in a camera or any other device that uses sd cards, please look elsewhere. these cards are not nearly as fast as the full sized sd cards used in cameras. the adapter should only be used for transporting data from the phone or other device, to a computer. all in all, these are a great buy for any smartphone user looking for a higher storage capacity. the price fluctuates often, so catch em while there cheep! i got mine for around 30.', 'got this to replace my old class 4 micro sd card in my new phone. plenty of space and very fast.', 'this is a great microsd card. it is fast and the 16 gb gives me lots of capacity on my smartphone.']"
267,"i got this to expand the memory storage in my samsung galaxy note 10.1. the tablet and paperwork claim to support up to 32gb, but other reviews for these cards and the note 10.1 said that a 64gb worked just fine. and work just fine it does.i store mostly music on here, as i've got over 22gb worth of music, which would have taken up most of the 32gb built in to the tablet. i also use my tablet for sheet music, so i needed to have the capability to have all that on there, too. so this was my best solution, and so far it's worked wonderfully.and, on top of that, it came with a microsd card to sd card adapter, making file transfers even easier. overall, i would highly, highly recommend this product! i have a samsung note 8 tablet and by adding this 64 gb sd card it saved me quite a bit as i did not have to move to 32 gb internal disk simply just slipped the 64 gb into sd slot and off we go.","[""i got this to expand the memory storage in my samsung galaxy note 10.1. the tablet and paperwork claim to support up to 32gb, but other reviews for these cards and the note 10.1 said that a 64gb worked just fine. and work just fine it does.i store mostly music on here, as i've got over 22gb worth of music, which would have taken up most of the 32gb built in to the tablet. i also use my tablet for sheet music, so i needed to have the capability to have all that on there, too. so this was my best solution, and so far it's worked wonderfully.and, on top of that, it came with a microsd card to sd card adapter, making file transfers even easier. overall, i would highly, highly recommend this product!"", 'i have a samsung note 8 tablet and by adding this 64 gb sd card it saved me quite a bit as i did not have to move to 32 gb internal disk simply just slipped the 64 gb into sd slot and off we go.']"
268,"this is a 32gb memory card. works right out of the case, does exactly what the description says. very fast read write speeds. i recommend this to anyone i am currently using this on my samsung galaxy note 2 and samsung galaxy tab 2 7.0 it is a 32 gb micro flash card. it was bought for an optimus ultimate cell phone. it works just the way it is supposed too. it gives me added space for pictures, and comes with the full size adapter. it's a micro sd card, it's 128 gb which is amazing , and that's just about all i can say... i do wish it was faster, because i've put 20 40gb virtual machine files on it and it took quite a while for them to copy. i guess i'm used to ssd speeds. but anyway, it adds a much needed additional storage to my tablet.","['this is a 32gb memory card. works right out of the case, does exactly what the description says. very fast read write speeds. i recommend this to anyone i am currently using this on my samsung galaxy note 2 and samsung galaxy tab 2 7.0', 'it is a 32 gb micro flash card. it was bought for an optimus ultimate cell phone. it works just the way it is supposed too. it gives me added space for pictures, and comes with the full size adapter.', ""it's a micro sd card, it's 128 gb which is amazing , and that's just about all i can say... i do wish it was faster, because i've put 20 40gb virtual machine files on it and it took quite a while for them to copy. i guess i'm used to ssd speeds. but anyway, it adds a much needed additional storage to my tablet.""]"
269,"it's a memory card. it's tiny, it works. i need ten more words to post this review. that is all. it is a memory card. it works and gets the job done. hasn't failed on me yet knock on wood it's a memory card. it works as expected. i got a full 32gb of data on this card. two more words.","[""it's a memory card. it's tiny, it works. i need ten more words to post this review. that is all."", ""it is a memory card. it works and gets the job done. hasn't failed on me yet knock on wood"", ""it's a memory card. it works as expected. i got a full 32gb of data on this card. two more words.""]"
270,"i use this to store all my music pictures and hd video on the limited storage of the surface pro and it simply works! at the price point of below 60 i think its a steal! i bought this for my ms surface tablet and this tripled my storage space. i copy all my media to this and have endless hours of entertainment when i'm on a plane ride or in hotels. i bought this for media storage on my surface 2 and absolutely love it. it allows me to store my videos, pictures, and music on a removable drive and keep my tablets memory free for apps. i would recommend this to anyone with a tablet looking to expand their storage capabilities. shipping and packaging were perfect and quick.","['i use this to store all my music pictures and hd video on the limited storage of the surface pro and it simply works! at the price point of below 60 i think its a steal!', ""i bought this for my ms surface tablet and this tripled my storage space. i copy all my media to this and have endless hours of entertainment when i'm on a plane ride or in hotels."", 'i bought this for media storage on my surface 2 and absolutely love it. it allows me to store my videos, pictures, and music on a removable drive and keep my tablets memory free for apps. i would recommend this to anyone with a tablet looking to expand their storage capabilities. shipping and packaging were perfect and quick.']"
271,"they work great and i haven't had any issues with these cards. i don't like using the adapters, but in a pinch i also used this in my canon hs300 camera for 1080 video and photos with no issue. they have very fast read write speeds and have been quite reliable so far for me. it works great i'm using it for my car dash cam and i purchased 3 different cards and this is the only one that was actually fast enough for it to read and write. i have several of these memory cards for our canon dsl and it works perfectly it is a must for the serious photographer who will take thousands of photos on a trip fast reliable great product","[""they work great and i haven't had any issues with these cards. i don't like using the adapters, but in a pinch i also used this in my canon hs300 camera for 1080 video and photos with no issue. they have very fast read write speeds and have been quite reliable so far for me."", ""it works great i'm using it for my car dash cam and i purchased 3 different cards and this is the only one that was actually fast enough for it to read and write."", 'i have several of these memory cards for our canon dsl and it works perfectly it is a must for the serious photographer who will take thousands of photos on a trip fast reliable great product']"
272,"i installed this micro sd in my asus tf300 transformer and it worked even though the tablet only supports up to 32gb. this added 60 gb of usable space. i put this in my asus tf700t tablet. there were mixed reports of whether the tablet would support such a large card, as the official limit for this tablet is listed as 32 gb. i have had no problems with this in the tf700t, and leave it in the device all the time. this is a great way to ensure that you have a hefty amount of media available anywhere. i purchased this card as memory storage for my asus tf700 tablet and it works like a charm. highly recommended!","['i installed this micro sd in my asus tf300 transformer and it worked even though the tablet only supports up to 32gb. this added 60 gb of usable space.', 'i put this in my asus tf700t tablet. there were mixed reports of whether the tablet would support such a large card, as the official limit for this tablet is listed as 32 gb. i have had no problems with this in the tf700t, and leave it in the device all the time. this is a great way to ensure that you have a hefty amount of media available anywhere.', 'i purchased this card as memory storage for my asus tf700 tablet and it works like a charm. highly recommended!']"
273,"many devices cannot use this size of card, but works perfectly in my samsung gs4. plenty of additional space for whatever i need. no problems to date. excellent! i'm using the card in my new samsung s4 phone. work as it should. no problem. this is the largest size i can use. use this in my samsung galaxy s4. never have an issue. i recommend at least a 32 gigabyte card if you have a smart phone","['many devices cannot use this size of card, but works perfectly in my samsung gs4. plenty of additional space for whatever i need. no problems to date. excellent!', ""i'm using the card in my new samsung s4 phone. work as it should. no problem. this is the largest size i can use."", 'use this in my samsung galaxy s4. never have an issue. i recommend at least a 32 gigabyte card if you have a smart phone']"
274,"i used this sandisk ultra 64 gb microsdxc class 10 uhs 1 memory card 30mb s to expand my surface rt and it is really excellent. i purchased this card to double my disk space for my ms surface rt. the price was right and i am happy with my purchase. i would recommend this card to anyone needing a 32gb microsd card. recently i bought a microsoft surface rt tablet and used the 32gb version of this memory card. worked great and i didn't have any problems. so, when i heard that the surface rt could be expanded to 64gb, i immediately looked for a great deal online. behold... amazon offered this card for under 50 and it was prime eligible! woo hoo! to me, it was a 34 no brainer 34 and i quickly ordered this inexpensive upgrade. like its predecessor, it comes with the memory card, an sd card adapter, and a small plastic case. installing the card is super easy on the surface, because you just line it up with the slot and push it in till it clicks! that's it! no formatting required and the card runs quite fast! normally, i buy sandisk extreme memory cards which are faster , but this particular card had no problem running video files or playing music.anyway, if you get this card for your surface rt tablet, don't format it! why? well, the card is already formatted, so why risk messing up your card? just pop it in and enjoy greater space on your surface!note as far as i know, you cannot install surface apps onto the memory card, only media files and documents. still, this card is a great upgrade and i highly recommend it!","['i used this sandisk ultra 64 gb microsdxc class 10 uhs 1 memory card 30mb s to expand my surface rt and it is really excellent.', 'i purchased this card to double my disk space for my ms surface rt. the price was right and i am happy with my purchase. i would recommend this card to anyone needing a 32gb microsd card.', ""recently i bought a microsoft surface rt tablet and used the 32gb version of this memory card. worked great and i didn't have any problems. so, when i heard that the surface rt could be expanded to 64gb, i immediately looked for a great deal online. behold... amazon offered this card for under 50 and it was prime eligible! woo hoo! to me, it was a 34 no brainer 34 and i quickly ordered this inexpensive upgrade. like its predecessor, it comes with the memory card, an sd card adapter, and a small plastic case. installing the card is super easy on the surface, because you just line it up with the slot and push it in till it clicks! that's it! no formatting required and the card runs quite fast! normally, i buy sandisk extreme memory cards which are faster , but this particular card had no problem running video files or playing music.anyway, if you get this card for your surface rt tablet, don't format it! why? well, the card is already formatted, so why risk messing up your card? just pop it in and enjoy greater space on your surface!note as far as i know, you cannot install surface apps onto the memory card, only media files and documents. still, this card is a great upgrade and i highly recommend it!""]"
275,i use this in my samsung galaxy work pro 12.2 tablet. it woks so what else can you say? works perfectly in my samsung tablet! works perfect in my galaxy tab 4,"['i use this in my samsung galaxy work pro 12.2 tablet. it woks so what else can you say?', 'works perfectly in my samsung tablet!', 'works perfect in my galaxy tab 4']"
276,"i bought this to go along with my new s4 that i purchased and i have to say i am pleasantly surprised at how much 32gb can get you on a phone! i have pushed all of my apps to my sd card which has given me plenty of free room on my phone a major detraction placed on the s4 especially . i do notice that since moving most of my apps to the card, some load times and other features may take an extra second to really get going. this may lead me towards going with more powerful sd cards in the future though i am assured this will work for all of my current needs. exactly what i neededtook the old 32 gb card out of my samsung galaxy s4 to put in my digital recorder so i bought this new 64 gb card for the phone.as advertised, very fast and stable i try to transfer as many of my apps to external media on the phone to free memory on the phone and i have not had one problem as of yet.highly recommended i bought this for my samsung galaxy s4 because it had little available memory on board. unfortunately the phone doesn't allow for the user to move apps to the sd card, but that isn't the card's fault, it's the phone's fault. the card itself works great and seems to transfer very quickly, my full 1080p hd videos have no trouble recording directly to the card.","['i bought this to go along with my new s4 that i purchased and i have to say i am pleasantly surprised at how much 32gb can get you on a phone! i have pushed all of my apps to my sd card which has given me plenty of free room on my phone a major detraction placed on the s4 especially . i do notice that since moving most of my apps to the card, some load times and other features may take an extra second to really get going. this may lead me towards going with more powerful sd cards in the future though i am assured this will work for all of my current needs.', 'exactly what i neededtook the old 32 gb card out of my samsung galaxy s4 to put in my digital recorder so i bought this new 64 gb card for the phone.as advertised, very fast and stable i try to transfer as many of my apps to external media on the phone to free memory on the phone and i have not had one problem as of yet.highly recommended', ""i bought this for my samsung galaxy s4 because it had little available memory on board. unfortunately the phone doesn't allow for the user to move apps to the sd card, but that isn't the card's fault, it's the phone's fault. the card itself works great and seems to transfer very quickly, my full 1080p hd videos have no trouble recording directly to the card.""]"
277,"i purchased new samsung galaxy s4 phones for my wife and me. we wanted to be able to take pictures and family event videos without constantly worrying about not having space on the phones. the cameras on the galaxy s4 are wonderful, but that means bigger files too. these 34 sandisk ultra 64 gb microsdxc class 10 uhs 1 memory card 34 are fast and we have not even begun to fill them up. i was looking for the maximum storage i could add to my sd card slot on my samsung galaxy s4. while samsung only recommends using standard microsd cards, this microsdxc card works perfectly and offers great speeds. if you need a card to expand your galaxy s4's storage, this is the go to card for you. installed this in my s4 and it was immediately recognized by the phone. i performed a format from the phone just to see what it would do, but it didn't give me any further storage capacity with the card. with card overhead it still adds nearly 59.5gb of storage capacity to my bloated s4.i tested moving existing applications, pictures, music, and other files back and forth between my phone and the card, absolutely no problems. if you're not going to put a lot of music, pictures or applications on your phone, you'll probably be fine with no additional storage. however, if you're going to add any storage capacity to your phone, why not maximize it with a 64gb card for about 50?","['i purchased new samsung galaxy s4 phones for my wife and me. we wanted to be able to take pictures and family event videos without constantly worrying about not having space on the phones. the cameras on the galaxy s4 are wonderful, but that means bigger files too. these 34 sandisk ultra 64 gb microsdxc class 10 uhs 1 memory card 34 are fast and we have not even begun to fill them up.', ""i was looking for the maximum storage i could add to my sd card slot on my samsung galaxy s4. while samsung only recommends using standard microsd cards, this microsdxc card works perfectly and offers great speeds. if you need a card to expand your galaxy s4's storage, this is the go to card for you."", ""installed this in my s4 and it was immediately recognized by the phone. i performed a format from the phone just to see what it would do, but it didn't give me any further storage capacity with the card. with card overhead it still adds nearly 59.5gb of storage capacity to my bloated s4.i tested moving existing applications, pictures, music, and other files back and forth between my phone and the card, absolutely no problems. if you're not going to put a lot of music, pictures or applications on your phone, you'll probably be fine with no additional storage. however, if you're going to add any storage capacity to your phone, why not maximize it with a 64gb card for about 50?""]"
278,"i bought this as additional memory for my ten inches samsung tab and i happy with it and noe have more storage i put this in my galaxy tablet and increased the memory by 32gb. it is hard to believe there is that much space on something so small. installed this into my new galaxy tablet and sure is nice to have the extra memory, allows for additional apps.","['i bought this as additional memory for my ten inches samsung tab and i happy with it and noe have more storage', 'i put this in my galaxy tablet and increased the memory by 32gb. it is hard to believe there is that much space on something so small.', 'installed this into my new galaxy tablet and sure is nice to have the extra memory, allows for additional apps.']"
279,"a 32gb micro mem card for the samsung galaxy s3 is a great addition to and s3 unit! never a problem with his card and i can expect a long life out of this memory card too! i purchased the samsung galaxy s3 because i could expand the memory, and this card is how i did it. the phone came with 16 gb, and this cranked it up to 80 gb for only about 65 more buying this much memory already installed would have been much more expensive . i have about a half dozen albums, around 40 or 50 tv episodes, and maybe 16 full length movies on the card, with room to spare very nice when sitting on a long plane ride! the only problem occurred the day after i put the card in it gave me an error message, but when i removed and reseated the card, no problem, and none in the months since then. had a 16gb card in my s4 and my wife didn't have a memory card in her s3, so i bought a couple of these for us. i needed a bigger card because i load custom roms and such and she needed one for her media. they work great and have a pretty nice capacity!","['a 32gb micro mem card for the samsung galaxy s3 is a great addition to and s3 unit! never a problem with his card and i can expect a long life out of this memory card too!', 'i purchased the samsung galaxy s3 because i could expand the memory, and this card is how i did it. the phone came with 16 gb, and this cranked it up to 80 gb for only about 65 more buying this much memory already installed would have been much more expensive . i have about a half dozen albums, around 40 or 50 tv episodes, and maybe 16 full length movies on the card, with room to spare very nice when sitting on a long plane ride! the only problem occurred the day after i put the card in it gave me an error message, but when i removed and reseated the card, no problem, and none in the months since then.', ""had a 16gb card in my s4 and my wife didn't have a memory card in her s3, so i bought a couple of these for us. i needed a bigger card because i load custom roms and such and she needed one for her media. they work great and have a pretty nice capacity!""]"
280,used this card in my galaxy s3 and have had no problems. tons o room for what ever you want and more. purchased this for my galaxy s3. went from a 32 gib internal to a total of 64 gib of storage. the card hasn't presented any problems and seems pretty speedy. i use it for storing all my nandroid backups and rom downloads.,"['used this card in my galaxy s3 and have had no problems. tons o room for what ever you want and more.', ""purchased this for my galaxy s3. went from a 32 gib internal to a total of 64 gib of storage. the card hasn't presented any problems and seems pretty speedy. i use it for storing all my nandroid backups and rom downloads.""]"
281,"we have a dash cam that came with only 8 gigs of storage... so we ended up only having the last half of our moab jeeping adventure. with these, we will never have to worry about recording over the good stuff unbelievable room in a tiny package. so far have been able to store and retrieve hi def video with no problems. i'm using this in a point and shoot camera and you will never ever run out of space even with shooting hours of video.","['we have a dash cam that came with only 8 gigs of storage... so we ended up only having the last half of our moab jeeping adventure. with these, we will never have to worry about recording over the good stuff', 'unbelievable room in a tiny package. so far have been able to store and retrieve hi def video with no problems.', ""i'm using this in a point and shoot camera and you will never ever run out of space even with shooting hours of video.""]"
282,"this is the biggest memory card i have at 32 gig. it works fine! i am using it on an 8 inch dell tablet with windows 8 and a solid state 8 gig hard drive. i recommend anybody to get the 64gb scandisk ultra from amazon, if you are looking to expand your tablet or any device memory. this product was delivered on time with simple to open packaging. inserted into my windows 8 tablet and was able to save, edit, and so on with no problem. this is the largest capacity micro sdhd card that will work in theasus memo pad smart me301t a1 bl 10.1 inch 16 gb tablet blue . the card itself works great, but the adapter is defective. if i didn't already have another adapter, i would have to return this item.","['this is the biggest memory card i have at 32 gig. it works fine! i am using it on an 8 inch dell tablet with windows 8 and a solid state 8 gig hard drive.', 'i recommend anybody to get the 64gb scandisk ultra from amazon, if you are looking to expand your tablet or any device memory. this product was delivered on time with simple to open packaging. inserted into my windows 8 tablet and was able to save, edit, and so on with no problem.', ""this is the largest capacity micro sdhd card that will work in theasus memo pad smart me301t a1 bl 10.1 inch 16 gb tablet blue . the card itself works great, but the adapter is defective. if i didn't already have another adapter, i would have to return this item.""]"
283,"i purchased this version to expand memory on my 16gb android tablet. nothing fancy but it does the job. no problems and it played back flawlessly all the files i transferred.there are so many different microsd cards out now but if you see this on sale then you might want to consider it instead of cheaper no name brand. i bought this as an expanded backup memory for my tablet a samsung galaxy tab 3 , and it installs easily, works quickly, and even has a great sandisk memory app that helps me organize my files and see a visual representation of how much memory is taken and how much is free.it came with an adapter so i can plug it into my computer to transfer files if i want to, which is awesome. nothing bad to say about this memory card! just wanted extra space on my tablet and this sd works just fine for what the job i needed it for","['i purchased this version to expand memory on my 16gb android tablet. nothing fancy but it does the job. no problems and it played back flawlessly all the files i transferred.there are so many different microsd cards out now but if you see this on sale then you might want to consider it instead of cheaper no name brand.', 'i bought this as an expanded backup memory for my tablet a samsung galaxy tab 3 , and it installs easily, works quickly, and even has a great sandisk memory app that helps me organize my files and see a visual representation of how much memory is taken and how much is free.it came with an adapter so i can plug it into my computer to transfer files if i want to, which is awesome. nothing bad to say about this memory card!', 'just wanted extra space on my tablet and this sd works just fine for what the job i needed it for']"
284,"was able to increase storage on my surface rt. no more carrying around an external hdd. holds enough of my music library. now my new surface tablet is complete!with all this storage i redirected my photos, music, videos and documents to save to the card. its fast and i love keeping my internal storage available for apps only. my surface's disk space was very limited until i popped this in. it is a wonderful solution to the 64gb surface pros and with windows 8.1 we will have even more flexibility when interacting with sdxc cards. the pictures and videos load just as fast as if they were on the native hard drive.","['was able to increase storage on my surface rt. no more carrying around an external hdd. holds enough of my music library.', 'now my new surface tablet is complete!with all this storage i redirected my photos, music, videos and documents to save to the card. its fast and i love keeping my internal storage available for apps only.', ""my surface's disk space was very limited until i popped this in. it is a wonderful solution to the 64gb surface pros and with windows 8.1 we will have even more flexibility when interacting with sdxc cards. the pictures and videos load just as fast as if they were on the native hard drive.""]"
285,"this is just what the tablet needs, it increases the memory up to nearly 100 gb so i will bnever run out of storage space. i got this to upgrade my tablet to 40gb with the micro sd card. the tablet is a ainol ax1 with 8gb of storage. i thought i needed more storage for movies. seems to work just fine.","['this is just what the tablet needs, it increases the memory up to nearly 100 gb so i will bnever run out of storage space.', 'i got this to upgrade my tablet to 40gb with the micro sd card. the tablet is a ainol ax1 with 8gb of storage. i thought i needed more storage for movies. seems to work just fine.']"
286,"very nice addition to a xperia z tablet expanding the storage area up to 64 gigs. easily seen by os of my tablet. fits micro slots maximize your storage now with this product. installed easily, even for tablet new bees. the tablet recognized it no problem. and i'm pretty techno challenged, but have used it for picture storage and successful transferring data from the device. it's an inexpensive way to expand the 16gb tablet we bought for my wife's sister, who wants big storage. was pretty easy for the tablet to detect it.","['very nice addition to a xperia z tablet expanding the storage area up to 64 gigs. easily seen by os of my tablet. fits micro slots', ""maximize your storage now with this product. installed easily, even for tablet new bees. the tablet recognized it no problem. and i'm pretty techno challenged, but have used it for picture storage and successful transferring data from the device."", ""it's an inexpensive way to expand the 16gb tablet we bought for my wife's sister, who wants big storage. was pretty easy for the tablet to detect it.""]"
287,"i use this in my tablet for extra space and it works as it should. the storage space is awesome and works good i have had a few months now and not having any issues! i use in a tablet. works perfectly. good size price. the more capacity ones will come down eventually but this is perfect right now. used this in an android tablet. it's fast, reliable and performs exactly as expected.","['i use this in my tablet for extra space and it works as it should. the storage space is awesome and works good i have had a few months now and not having any issues!', 'i use in a tablet. works perfectly. good size price. the more capacity ones will come down eventually but this is perfect right now.', ""used this in an android tablet. it's fast, reliable and performs exactly as expected.""]"
288,"bought it for my tablet. it works well, and it has been working now for about 6 months. i have no complaints. i installed this in a tablet that i am giving as a gift, and so far so good. this is the second one i purchased i installed the first one in my tablet and it seems to be working fine also. this is what i needed for my tablet and it works great. i will buy two the next time. thank you .","['bought it for my tablet. it works well, and it has been working now for about 6 months. i have no complaints.', 'i installed this in a tablet that i am giving as a gift, and so far so good. this is the second one i purchased i installed the first one in my tablet and it seems to be working fine also.', 'this is what i needed for my tablet and it works great. i will buy two the next time. thank you .']"
289,"with all the high definition video we take the extra memory is great. and with the micro cards, we save on space in the little camera bag we have. again just what you need to get those shots. you can never have enough memory cards. really glad i was able to get one","['with all the high definition video we take the extra memory is great. and with the micro cards, we save on space in the little camera bag we have.', 'again just what you need to get those shots. you can never have enough memory cards. really glad i was able to get one']"
290,"i bought this for my microsoft surface pro, and it works great and is really fast. it also comes with the adapter so i can use it with my camera. i would definitely recommend it, besides its a really good price! works great with my surface rt tablet. transfers to and from are very fast. great price for the size and speed. added this to my microsoft surface rt tablet and it works perfectly and is extremely fast. perfect for storing videos!","['i bought this for my microsoft surface pro, and it works great and is really fast. it also comes with the adapter so i can use it with my camera. i would definitely recommend it, besides its a really good price!', 'works great with my surface rt tablet. transfers to and from are very fast. great price for the size and speed.', 'added this to my microsoft surface rt tablet and it works perfectly and is extremely fast. perfect for storing videos!']"
291,"a ton of storage, fast transfer speeds, not much more to say. i used this on a samsung vibrant and nexus 4 fast data speeds, large capacity and worked right off the bat in my samsung siii. love the fact it holds my large music and audio books library on the device.","['a ton of storage, fast transfer speeds, not much more to say. i used this on a samsung vibrant and nexus 4', 'fast data speeds, large capacity and worked right off the bat in my samsung siii. love the fact it holds my large music and audio books library on the device.']"
292,"we bought this to go with our new samsung galaxy tab 4. works great and allows us to add a lot of videos onto our tablet. i purchased this item to expand my samsung galaxy tab3 7.0 memory and it fit well and is what i wanted, i would recommend this item. i bought it for my galaxy tab 10.1 and formatted it to fat32. works excellent and i have more than enough space for what ever i need on my tablet. going to buy another one for my handy cam!","['we bought this to go with our new samsung galaxy tab 4. works great and allows us to add a lot of videos onto our tablet.', 'i purchased this item to expand my samsung galaxy tab3 7.0 memory and it fit well and is what i wanted, i would recommend this item.', 'i bought it for my galaxy tab 10.1 and formatted it to fat32. works excellent and i have more than enough space for what ever i need on my tablet. going to buy another one for my handy cam!']"
293,"had no issues inserting this into an hp tablet and adding photos, music, etc to the memory. reads writes quickly. great value. purchased to add to the memory for my windows 8.1 tablet dell venue pro and it works like a charm! also, i shopped aroundand it was the best price i found! i bought this product in order to use with my dell venue 8 pro tablet. it works as advertised and allows files to be stored on this memory instead of tablets memory. i re formatted it to use ntfs mode and have not noticed any problems.ds","['had no issues inserting this into an hp tablet and adding photos, music, etc to the memory. reads writes quickly. great value.', 'purchased to add to the memory for my windows 8.1 tablet dell venue pro and it works like a charm! also, i shopped aroundand it was the best price i found!', 'i bought this product in order to use with my dell venue 8 pro tablet. it works as advertised and allows files to be stored on this memory instead of tablets memory. i re formatted it to use ntfs mode and have not noticed any problems.ds']"
294,"this is the second one of these sandisk 32 gb microsdhc cards i have bought. one i installed in my samsung galaxy s3 and this one i installed in my samsung galaxy tab 3 8.0. these are excellent options for both devices to expand storage. one of the reasons i went with samsung products is because you can use microsd cards unlike apple iphone products where you can't. we bought this card to use in a samsung tab 2 7 34 , since it came with only 8gb of storage only about 4gb left after all the junk and bloatware it comes with. we found out we couldn't delete the extra, unneeded apps without messing up the system. with the 32gb card, we hope to not need anymore storage for the foreseeable future. the card was immediately recognized by the system and is intergrated seemlessly. being able to use additional memory storage was one reason we got the samsung instead of the apple products. after extensive review research i wanted the best 64gb available to improve increase memory for samsung tab 3 7.0 many cards out there but this one loaded up quickly and appears to be ready for add on apps and preserving meory storage. the price was right, delivered quickly even with holiday, loaded and was quickly loaded compatible with samsung tab 3 7.0. sandisk actually has a use chart that will show shopper what card to use for their device. very helpful","[""this is the second one of these sandisk 32 gb microsdhc cards i have bought. one i installed in my samsung galaxy s3 and this one i installed in my samsung galaxy tab 3 8.0. these are excellent options for both devices to expand storage. one of the reasons i went with samsung products is because you can use microsd cards unlike apple iphone products where you can't."", ""we bought this card to use in a samsung tab 2 7 34 , since it came with only 8gb of storage only about 4gb left after all the junk and bloatware it comes with. we found out we couldn't delete the extra, unneeded apps without messing up the system. with the 32gb card, we hope to not need anymore storage for the foreseeable future. the card was immediately recognized by the system and is intergrated seemlessly. being able to use additional memory storage was one reason we got the samsung instead of the apple products."", 'after extensive review research i wanted the best 64gb available to improve increase memory for samsung tab 3 7.0 many cards out there but this one loaded up quickly and appears to be ready for add on apps and preserving meory storage. the price was right, delivered quickly even with holiday, loaded and was quickly loaded compatible with samsung tab 3 7.0. sandisk actually has a use chart that will show shopper what card to use for their device. very helpful']"
295,"this works perfect in my dell venue pro 8. all i had to do was to reformat the card before using it. got this for the dell venue 8 pro and it works perfectly. no complaints. here are more words to complete my review. i purchased this for my dell venue 11 pro, which effectively doubled it's storage capacity. installation was simple and the card has worked flawlessly since i installed it. great price, great performance, no headaches. been going for a couple months now with no issues.","['this works perfect in my dell venue pro 8. all i had to do was to reformat the card before using it.', 'got this for the dell venue 8 pro and it works perfectly. no complaints. here are more words to complete my review.', ""i purchased this for my dell venue 11 pro, which effectively doubled it's storage capacity. installation was simple and the card has worked flawlessly since i installed it. great price, great performance, no headaches. been going for a couple months now with no issues.""]"
296,"got this for my dell venue pro 8 tablet works well very fast at least for the tablet, of which the memory is more this speed than true ssd and sandisk gives you good quality for a reasonable price. goes on sale often here on amazon so look for a deal. got this for use with the dell venue 32gb. with a smaller hard drive space, it was critical for all downloads, videos, photos, etc to be on the microsd. speed is more than adequate. great deal for 20 i am using this with my dell venue 8 pro 64gb, and it is actually as fast as the onboard flash based ssd. i can write to it very quickly, an di can read from it even quicker. i recommend this if you need some additional storage space.","['got this for my dell venue pro 8 tablet works well very fast at least for the tablet, of which the memory is more this speed than true ssd and sandisk gives you good quality for a reasonable price. goes on sale often here on amazon so look for a deal.', 'got this for use with the dell venue 32gb. with a smaller hard drive space, it was critical for all downloads, videos, photos, etc to be on the microsd. speed is more than adequate. great deal for 20', 'i am using this with my dell venue 8 pro 64gb, and it is actually as fast as the onboard flash based ssd. i can write to it very quickly, an di can read from it even quicker. i recommend this if you need some additional storage space.']"
297,i just added about 35 more space to my windows surface pro with this little gem. 64gb . it worked seamlessly. i bought this for my surface pro 128 gb. so now i have an additional 64 gb which i use for movies and music etc so i don't use up my 128 gb ssd for that stuff. works great! this does not lock in perfectly into a surface 2. it locks in but you have to force it. other than that it gives you about 59gb once installed.,"['i just added about 35 more space to my windows surface pro with this little gem. 64gb . it worked seamlessly.', ""i bought this for my surface pro 128 gb. so now i have an additional 64 gb which i use for movies and music etc so i don't use up my 128 gb ssd for that stuff. works great!"", 'this does not lock in perfectly into a surface 2. it locks in but you have to force it. other than that it gives you about 59gb once installed.']"
298,"i purchased this card for my parent's asus transformer tablet as a christmas gift. it installed with no issues and they love it. i made the mistake of buying a no name sd card for my tablet motorola xoom previously and had to return it as my tablet didn't recognize it. the sandisk brand is excellent quality. i guess it just goes to show you, you get what you pay for. the amazon price is good. never again will buy cheap for a memory card. i would recommend this memory card to anyone. it works well with my tablet. i have no problems with it. this works much better than any sd card i had in the past i have class 4 off brand cards and it is perfect for the tablet that i bought it for.","[""i purchased this card for my parent's asus transformer tablet as a christmas gift. it installed with no issues and they love it. i made the mistake of buying a no name sd card for my tablet motorola xoom previously and had to return it as my tablet didn't recognize it. the sandisk brand is excellent quality. i guess it just goes to show you, you get what you pay for. the amazon price is good. never again will buy cheap for a memory card."", 'i would recommend this memory card to anyone. it works well with my tablet. i have no problems with it.', 'this works much better than any sd card i had in the past i have class 4 off brand cards and it is perfect for the tablet that i bought it for.']"
299,"i got this to upgrade my surface pro 2's storage and it works nicely, what do i store on it? bunch of mp3's and games on steam.it works well, the games run fine, boot pretty quick, the one issues i had was installing the games, sometimes the card would vanish from the drive and i'd have to pop it in and out to get it to go again, however i feel like that could be software related as nothing like that happened while playing a game.best idea is to install the game on the surface, move the files over manually to the card, 34 tell steam to uninstall the game 34 to erase it from the list, then hit install, point it to the folder on the card, then it'll spot the files, download only a few things and bam, it works.about the card itself, i wouldn't rely on multitasking off this thing, as it's not meant for that as in if you're playing music off this card, do not install a game at the same time. it's fast at 1 thing, not many. bought a windows surface with 8 pro. it has a 128gb ssd which is pretty good, but adding the card gives me 64gb of storage and backup that is nearly as fast as the ssd. with a little work, this card is an excellent way to inexpensivly upgrade the storage space on your surface rt or surface pro. all you need to do is reformat the card as ntfs and add a virtual hard drive done in disk managment once that's done, you have an extra 32gb of space for very little money!","[""i got this to upgrade my surface pro 2's storage and it works nicely, what do i store on it? bunch of mp3's and games on steam.it works well, the games run fine, boot pretty quick, the one issues i had was installing the games, sometimes the card would vanish from the drive and i'd have to pop it in and out to get it to go again, however i feel like that could be software related as nothing like that happened while playing a game.best idea is to install the game on the surface, move the files over manually to the card, 34 tell steam to uninstall the game 34 to erase it from the list, then hit install, point it to the folder on the card, then it'll spot the files, download only a few things and bam, it works.about the card itself, i wouldn't rely on multitasking off this thing, as it's not meant for that as in if you're playing music off this card, do not install a game at the same time. it's fast at 1 thing, not many."", 'bought a windows surface with 8 pro. it has a 128gb ssd which is pretty good, but adding the card gives me 64gb of storage and backup that is nearly as fast as the ssd.', ""with a little work, this card is an excellent way to inexpensivly upgrade the storage space on your surface rt or surface pro. all you need to do is reformat the card as ntfs and add a virtual hard drive done in disk managment once that's done, you have an extra 32gb of space for very little money!""]"
300,"i bought this to expand the memory on my galaxy s4. inexpensive, easily to install, and comes with an adapter to make it a full sized sd card, the sandisk ultra should be at the top of your list. there are things that i would like to say about the sand disk ultra.it is the best dang sd card i've ever used. all rights so let's be honest i just put this in my phone so that i would have extra storage for photos and videoshowever it is really good because it just sits in my phone and i don't have to do anything about it.seriously i can access everything by just connecting my phone to usb so it is essentially like the phone has another hard drive.","['i bought this to expand the memory on my galaxy s4. inexpensive, easily to install, and comes with an adapter to make it a full sized sd card, the sandisk ultra should be at the top of your list.', ""there are things that i would like to say about the sand disk ultra.it is the best dang sd card i've ever used. all rights so let's be honest i just put this in my phone so that i would have extra storage for photos and videoshowever it is really good because it just sits in my phone and i don't have to do anything about it.seriously i can access everything by just connecting my phone to usb so it is essentially like the phone has another hard drive.""]"
301,"good with low pricethankssandisk ulttra i used it for my dash cam. and its works. i can record unto 32g but as user i regularly formatting 1or 2 times amonths to keep memory in a good conditionthanks nice product, perfect package and speed of recording. my camera will stay better with this memory. i recommend for all. nice product at a reasonable price. i use mine in a gopro camera and it works great. i would recommend this memory for high speed action video as it works great.","['good with low pricethankssandisk ulttra i used it for my dash cam. and its works. i can record unto 32g but as user i regularly formatting 1or 2 times amonths to keep memory in a good conditionthanks', 'nice product, perfect package and speed of recording. my camera will stay better with this memory. i recommend for all.', 'nice product at a reasonable price. i use mine in a gopro camera and it works great. i would recommend this memory for high speed action video as it works great.']"
302,"works just fine installed on my new ms surface pro...too bad windows 8 user experience is lacking! delivered and works as expected from sandisk. got this card for my surface rt, which, btw is the worst tablet ever. no problems gets and it recognized it as soon as i put it in. i bought this memory for my microsoft surface rt. it works great and it is super fast. i am storing movies, music and pictures. great!","['works just fine installed on my new ms surface pro...too bad windows 8 user experience is lacking! delivered and works as expected from sandisk.', 'got this card for my surface rt, which, btw is the worst tablet ever. no problems gets and it recognized it as soon as i put it in.', 'i bought this memory for my microsoft surface rt. it works great and it is super fast. i am storing movies, music and pictures. great!']"
303,"i bought this because i was having problems with other microsd cards not working in my surface rt. i plugged this in, and it worked fine. i haven't done a full test on performance, but it appears to work at the expected speed. got this to go in my daughters microsoft surface rt and it is doing great! she loaded a movie on it and is happy her device has some extra memory installation on my surface was simple and added a lot more storage to my tablet. i liked the sd adapter so that i can use it like a mini usb drive from my larger pc.","[""i bought this because i was having problems with other microsd cards not working in my surface rt. i plugged this in, and it worked fine. i haven't done a full test on performance, but it appears to work at the expected speed."", 'got this to go in my daughters microsoft surface rt and it is doing great! she loaded a movie on it and is happy her device has some extra memory', 'installation on my surface was simple and added a lot more storage to my tablet. i liked the sd adapter so that i can use it like a mini usb drive from my larger pc.']"
304,"my young kids all filled their tablets with games and needed some space. these worked just fine. i like sandisk. i would buy stock in their company but i am not a gambling man. good ratings on the transfer speed too might i add with it being a class 10. sandisk has made great memory products for a very long time. this is no exception. i bought this to expand the memory of a tablet i bought for my fianc e, and it works well. i made sure to buy class 10 because i want the fastest interaction between the device and the storage. nothing ruins a user experience like waiting for storage to access and being read from, or written to.","['my young kids all filled their tablets with games and needed some space. these worked just fine. i like sandisk. i would buy stock in their company but i am not a gambling man. good ratings on the transfer speed too might i add with it being a class 10.', 'sandisk has made great memory products for a very long time. this is no exception. i bought this to expand the memory of a tablet i bought for my fianc e, and it works well. i made sure to buy class 10 because i want the fastest interaction between the device and the storage. nothing ruins a user experience like waiting for storage to access and being read from, or written to.']"
305,"this product was early coming in. it works great in my samsung galaxy note 10.1 tablet. it's easy to upload and export items from multiple devices with the adapter that comes with it. i bought this to use i'm my galaxy note 10.1 tablet. so far so good. simple put into microsd slot and began storing data on it works great right out of the package, makes a great addition with the 32 gb galaxy note 10.1 tablet and will recommend it to anyone.","[""this product was early coming in. it works great in my samsung galaxy note 10.1 tablet. it's easy to upload and export items from multiple devices with the adapter that comes with it."", ""i bought this to use i'm my galaxy note 10.1 tablet. so far so good. simple put into microsd slot and began storing data on it"", 'works great right out of the package, makes a great addition with the 32 gb galaxy note 10.1 tablet and will recommend it to anyone.']"
306,"tha memory card works great, i havent had any problem with it, i recommend it for a gopro h3 camera i bought 3 when they were on sale but i did buy 1 prior to the sell. i use it in my go pro and it works great. i can't compare to others tho because this is the only memory card i've used before is exactly what you can expect from a memory card. nothing more nothing less. i tested the card in my gopro hero3 and it worked.","['tha memory card works great, i havent had any problem with it, i recommend it for a gopro h3 camera', ""i bought 3 when they were on sale but i did buy 1 prior to the sell. i use it in my go pro and it works great. i can't compare to others tho because this is the only memory card i've used before"", 'is exactly what you can expect from a memory card. nothing more nothing less. i tested the card in my gopro hero3 and it worked.']"
307,"i purchased this and could not get it to work. then i discovered that sandisk has an app for it. so if you are stressing over this not working in your android device no worries go get the app it will work. i have both the samsung skyrocket and note 2 android phones and this card works great. mine came formatted for exfat. android will need it formatted in fat 32. to do this use the format function built into the phone. after the format it works great! i used this on my android tablet pantech element and my galaxy s3 phone . the s3 took it without an issue but the pantech required me to format it as fat32.... it wouldn't read it any other way.... you can search the internet for fat32 formatter which will format the card as fat32 using an external card reader within seconds.after doing that, i've been using it for a few weeks now with no problems. very nice. now... just waiting for the 128gb model.","['i purchased this and could not get it to work. then i discovered that sandisk has an app for it. so if you are stressing over this not working in your android device no worries go get the app it will work.', 'i have both the samsung skyrocket and note 2 android phones and this card works great. mine came formatted for exfat. android will need it formatted in fat 32. to do this use the format function built into the phone. after the format it works great!', ""i used this on my android tablet pantech element and my galaxy s3 phone . the s3 took it without an issue but the pantech required me to format it as fat32.... it wouldn't read it any other way.... you can search the internet for fat32 formatter which will format the card as fat32 using an external card reader within seconds.after doing that, i've been using it for a few weeks now with no problems. very nice. now... just waiting for the 128gb model.""]"
308,"i purchased this micro sd card to add storage to my acer tablet. unfortunately the tablet did not recognize the device. after uninstalling the card several times i decided to use it in my samsung phone and it works fine there.if you are going to buy this product for a tablet, i recommend you do you research and make sure it's compatible. i use this microsd card with my android tablet all the time. i store lots of movies and books on it, and it works great. highly recommend it. i got this sd card for my android tablet. my only complaint is after the tablet installed its file system my computers would no longer recognize the sd card. still love it.","[""i purchased this micro sd card to add storage to my acer tablet. unfortunately the tablet did not recognize the device. after uninstalling the card several times i decided to use it in my samsung phone and it works fine there.if you are going to buy this product for a tablet, i recommend you do you research and make sure it's compatible."", 'i use this microsd card with my android tablet all the time. i store lots of movies and books on it, and it works great. highly recommend it.', 'i got this sd card for my android tablet. my only complaint is after the tablet installed its file system my computers would no longer recognize the sd card. still love it.']"
309,"bought this for my sons tablet, and it works fine. sandisk has always been the leader in these flash memory cards, and has always been well worth the money. it work great in my asus tablet for 3 months then it just completely died. it was not recognized by any of my devices. it had just died.i have rma'd it to sandisk. the prcess was painless and my replacement should arrive within a few days. they emailed me a return label thru ups and sent it off last week.when it worked the performance was great and access times were very fast. no lag in reading and writing data.if you get this just make sure you have a back up of your data incase of failure. had my tablet synced to my cloud service so i did not lose anything. i have purchased other sandisk items and have never had a issue. i bought this for my wife's tablet computer. it has worked perfectly so for and i have no reason to believe it won't continue that way. sandisk makes very good products. i've used their products for many years and nothing has ever failed high performance, fair pricing and great reliability.","['bought this for my sons tablet, and it works fine. sandisk has always been the leader in these flash memory cards, and has always been well worth the money.', ""it work great in my asus tablet for 3 months then it just completely died. it was not recognized by any of my devices. it had just died.i have rma'd it to sandisk. the prcess was painless and my replacement should arrive within a few days. they emailed me a return label thru ups and sent it off last week.when it worked the performance was great and access times were very fast. no lag in reading and writing data.if you get this just make sure you have a back up of your data incase of failure. had my tablet synced to my cloud service so i did not lose anything. i have purchased other sandisk items and have never had a issue."", ""i bought this for my wife's tablet computer. it has worked perfectly so for and i have no reason to believe it won't continue that way. sandisk makes very good products. i've used their products for many years and nothing has ever failed high performance, fair pricing and great reliability.""]"
310,"great product for the price.gave me plenty of space to add videos and music.works perfectly well with my galaxy note tablet lots of space, hold lots of music, videos, pictures. good price, happy customer.no complaints. works well in my samsung tablet. super addition to my tablet,it gives me the space need for my music. i am very satisfied with quality as well as price.","['great product for the price.gave me plenty of space to add videos and music.works perfectly well with my galaxy note tablet', 'lots of space, hold lots of music, videos, pictures. good price, happy customer.no complaints. works well in my samsung tablet.', 'super addition to my tablet,it gives me the space need for my music. i am very satisfied with quality as well as price.']"
311,"works great in my asus android tablet. the 32gb specification seems to limit the size, but it works great, some i am happy to write more words. this is a great little memory device. i now have several and they work without problem with my newer android tablets. older versions before jelly bean have problems accessing all 64mb jelly bean works great. this went in a new asus tablet with the latest android system in it. it read and was used with no issues.","['works great in my asus android tablet. the 32gb specification seems to limit the size, but it works great, some i am happy to write more words.', 'this is a great little memory device. i now have several and they work without problem with my newer android tablets. older versions before jelly bean have problems accessing all 64mb jelly bean works great.', 'this went in a new asus tablet with the latest android system in it. it read and was used with no issues.']"
312,i bought it to expand the memory on a cheap android tablet. it is recognized and works fine. no problems. it worked well for me in my tablet as extra memory. i would buy again when i need more memory,"['i bought it to expand the memory on a cheap android tablet. it is recognized and works fine. no problems.', 'it worked well for me in my tablet as extra memory. i would buy again when i need more memory']"
313,"gets the job done for my gopro so that's good. i just never liked how small the actual card is due to its nature of it might just get lost...then that's game over. the price was amazing, so i got two for the price of half of one. great card, great price...can't really beat sandisk. the brand has never let me down and is well built. i use this on a mobius action camera and it works wonders. it also has worked well on my gopro hero3 silver. you cant beat the price and it works great . i have no problems with the card i use it for my gopro it works great","[""gets the job done for my gopro so that's good. i just never liked how small the actual card is due to its nature of it might just get lost...then that's game over. the price was amazing, so i got two for the price of half of one."", ""great card, great price...can't really beat sandisk. the brand has never let me down and is well built. i use this on a mobius action camera and it works wonders. it also has worked well on my gopro hero3 silver."", 'you cant beat the price and it works great . i have no problems with the card i use it for my gopro it works great']"
314,the recommended card for gopro cameras. that's what i use it for and it works great providing outstanding performances and great quality. great card. works with my gopro and canon 1d great card. it has worked very well for me with my gopro. great quality and speed. the size is perfect for heavier photographers.,"[""the recommended card for gopro cameras. that's what i use it for and it works great providing outstanding performances and great quality."", 'great card. works with my gopro and canon 1d', 'great card. it has worked very well for me with my gopro. great quality and speed. the size is perfect for heavier photographers.']"
315,"item arrived in time as promised. works well with a galaxy note 10.1. there is nothing more to say about this product as it has been reviewed so many times. it works well, not a bad price at the time of ordering now it has come down . yes, you get the same card for lesser price from other sellers but i trust amazon for their customer service issues. i prefer to pay 2 bucks more and get it from amazon rather than getting it from unfamiliar sellers. i was a bit concerned when i first ordered this microsd card. samsung's documentation says it is compatible with an sdhc card, but this one is sdxc. i read a bunch on google about incompatibilities, but they were older forum discussions. i read the sdxc used to be incompatible, but that samsung published an update late last year that allowed the galaxy note 10.1 to work with this card without the need for reformatting to a fat file system. for the price, i thought i didn't have much to lose and would give this a shot.my report the galaxy note 10.1 read the card perfectly when installed. there was a small glitch where the note asked to format the card after i removed it from the tablet and transferred about 25gb of data to the card from my pc while it was in a card reader . all i needed to do was to remove the card again, and reinsert and reboot the tablet, and the problem went away. have been using this for hours doing extensive read writes to the card with no failures. will update if i have any issues, but for now, i am extremely pleased with the performance on this. card worked automatically and immediately in samsung note 10.1 2014 edition tablet. transfer fast and faultless thus far. previous reports of issues with sandisk memory cards not working on some samsung android devices concerned me but this doesn't seem to occur with the newer xc versions.","['item arrived in time as promised. works well with a galaxy note 10.1. there is nothing more to say about this product as it has been reviewed so many times. it works well, not a bad price at the time of ordering now it has come down . yes, you get the same card for lesser price from other sellers but i trust amazon for their customer service issues. i prefer to pay 2 bucks more and get it from amazon rather than getting it from unfamiliar sellers.', ""i was a bit concerned when i first ordered this microsd card. samsung's documentation says it is compatible with an sdhc card, but this one is sdxc. i read a bunch on google about incompatibilities, but they were older forum discussions. i read the sdxc used to be incompatible, but that samsung published an update late last year that allowed the galaxy note 10.1 to work with this card without the need for reformatting to a fat file system. for the price, i thought i didn't have much to lose and would give this a shot.my report the galaxy note 10.1 read the card perfectly when installed. there was a small glitch where the note asked to format the card after i removed it from the tablet and transferred about 25gb of data to the card from my pc while it was in a card reader . all i needed to do was to remove the card again, and reinsert and reboot the tablet, and the problem went away. have been using this for hours doing extensive read writes to the card with no failures. will update if i have any issues, but for now, i am extremely pleased with the performance on this."", ""card worked automatically and immediately in samsung note 10.1 2014 edition tablet. transfer fast and faultless thus far. previous reports of issues with sandisk memory cards not working on some samsung android devices concerned me but this doesn't seem to occur with the newer xc versions.""]"
316,"this tiny little card fit right into the slot on a samsung galaxy tab 2 7.0.the tablet recognized it right away and after some tweaking we are using the card as a storage backup for music, photos and video. bought this to go with my samsung tab 2 7.0 tablet. even though the tablet indicates that it can only take up to a 32gb card. this 64 gb worked like a charm. now there is plenty of storage space for videos and music. recommended i used this for my samsung galaxy tab 2 7.0 . like the others are saying, it had to be formatted in fat 32. you can put your apps on your sd card with an app called link2sd . you just have to partition the sd card in order to be able to use it. whether you get this card or a smaller one, you need one period for the tab 2 because you can't do much without a wifi connection if you just have the internal memory and you want to download a lot of apps.","['this tiny little card fit right into the slot on a samsung galaxy tab 2 7.0.the tablet recognized it right away and after some tweaking we are using the card as a storage backup for music, photos and video.', 'bought this to go with my samsung tab 2 7.0 tablet. even though the tablet indicates that it can only take up to a 32gb card. this 64 gb worked like a charm. now there is plenty of storage space for videos and music. recommended', ""i used this for my samsung galaxy tab 2 7.0 . like the others are saying, it had to be formatted in fat 32. you can put your apps on your sd card with an app called link2sd . you just have to partition the sd card in order to be able to use it. whether you get this card or a smaller one, you need one period for the tab 2 because you can't do much without a wifi connection if you just have the internal memory and you want to download a lot of apps.""]"
317,"my granddaughter's phone was slowing down. she had a 2gb memory card in it and no room for any more photos. she transferred all 499 photos to this 32gb card and has room for many more. love making her happy! this was a great deal and now i have plenty of storage space for my phone.i can store my ringtones, hundreds of songs and at least 6 movies.this is also the new micro sdxc card which is designed for high speed transfer. i carry a ton of digital content with me on my phone and never want to run out of space. this is a very fast micro sd card and gives me 75 gb of usable space on my samsung galaxy note ii. i can take 20 pictures in about 5 seconds while listening to music.fast, efficient and tons of storage ... who can ask for more!billh","[""my granddaughter's phone was slowing down. she had a 2gb memory card in it and no room for any more photos. she transferred all 499 photos to this 32gb card and has room for many more. love making her happy!"", 'this was a great deal and now i have plenty of storage space for my phone.i can store my ringtones, hundreds of songs and at least 6 movies.this is also the new micro sdxc card which is designed for high speed transfer.', 'i carry a ton of digital content with me on my phone and never want to run out of space. this is a very fast micro sd card and gives me 75 gb of usable space on my samsung galaxy note ii. i can take 20 pictures in about 5 seconds while listening to music.fast, efficient and tons of storage ... who can ask for more!billh']"
318,"using card in a sony action cam, records perfect, very happy with card and adapter. no problems. reads and writes good this card only lasted two weeks before it began giving read errors. i used it in a dash cam and no matter how many times i formatted, it would only record for about a minute before failing again. i picked up a pny card since and it has worked beautifully. unfortunately, i've been swamped and forgot to return this card before my 30 days. not happy about that! card works fine. using in a wireless ip camera that records 720p. can think of much else to write... it's a memory card and it works","['using card in a sony action cam, records perfect, very happy with card and adapter. no problems. reads and writes good', ""this card only lasted two weeks before it began giving read errors. i used it in a dash cam and no matter how many times i formatted, it would only record for about a minute before failing again. i picked up a pny card since and it has worked beautifully. unfortunately, i've been swamped and forgot to return this card before my 30 days. not happy about that!"", ""card works fine. using in a wireless ip camera that records 720p. can think of much else to write... it's a memory card and it works""]"
319,"if you use one of the larger mp taking camera 12 14 16 etc you need this card. taking photos on those kinds of cameras really chews up the smaller mp cards. don't go on vacation without at least 1 of these babies, or you'll be having to carry lots of cards and probably end up losing one and your memories. i bought this 64gb memory card for my mini camcorder. now i have unlimited picture and video taking capabilities. no more packing extra memory cards for me. this card allows the camera to work for hours and continued copies.it was one of the best purchases i have ever made. it was worth the money.","[""if you use one of the larger mp taking camera 12 14 16 etc you need this card. taking photos on those kinds of cameras really chews up the smaller mp cards. don't go on vacation without at least 1 of these babies, or you'll be having to carry lots of cards and probably end up losing one and your memories."", 'i bought this 64gb memory card for my mini camcorder. now i have unlimited picture and video taking capabilities. no more packing extra memory cards for me.', 'this card allows the camera to work for hours and continued copies.it was one of the best purchases i have ever made. it was worth the money.']"
320,"bought it fit in my new galaxy s5. nothing more to write. its a great product and price was good and it works. i got this to add some room on my samsung galaxy s3. it works great. i do not have any complaints. we ordered two of them, one for me and one for my sun.we use them on our galaxy 3 phones and have never hada problem. i never worry about space on my phone now.","['bought it fit in my new galaxy s5. nothing more to write. its a great product and price was good and it works.', 'i got this to add some room on my samsung galaxy s3. it works great. i do not have any complaints.', 'we ordered two of them, one for me and one for my sun.we use them on our galaxy 3 phones and have never hada problem. i never worry about space on my phone now.']"
321,"i put this in my verizon samsung galaxy stellar and it works perfectly. this is an easy way to add memory for pictures, music and apps, etc, to the phone bought this to add memory to my phone. no problems installing and it works great. don't know if i could ask for anything more. bought this for extended memory in a galaxy s iii. great price. easy to install and the phone recognized it instantly. does what its supposed to do.","['i put this in my verizon samsung galaxy stellar and it works perfectly. this is an easy way to add memory for pictures, music and apps, etc, to the phone', ""bought this to add memory to my phone. no problems installing and it works great. don't know if i could ask for anything more."", 'bought this for extended memory in a galaxy s iii. great price. easy to install and the phone recognized it instantly. does what its supposed to do.']"
322,i bought this memory card for my samsung note 10.1. i amis really happy about it and i am recommending this product am very pleased about it. bought it for my galaxy note 10.1 and worked since day one. easy to use in multiple devices for transferring files also. bought this for my samsung galaxy note 10.1 2014 edition. was a little worried about it being the right one because the documentation was skimpy and some people had problem getting 64gb working.no problem! just slipped it and when i went to settings it recognized it immediately.nice having the adapter so can move photos and files to my pc when i need it.,"['i bought this memory card for my samsung note 10.1. i amis really happy about it and i am recommending this product am very pleased about it.', 'bought it for my galaxy note 10.1 and worked since day one. easy to use in multiple devices for transferring files also.', 'bought this for my samsung galaxy note 10.1 2014 edition. was a little worried about it being the right one because the documentation was skimpy and some people had problem getting 64gb working.no problem! just slipped it and when i went to settings it recognized it immediately.nice having the adapter so can move photos and files to my pc when i need it.']"
323,when i got my phone i didn't know about 6gb out of the 16gb would not have been available to me from the start because of its operating system and all the software that was pre installed so i used this to get more than enough memory for my phone and it works great i have all my music a few movies and all my pictures and all my ebooks on it i needed more memory because my phone kept telling me i was short on memory. this is more than enough memory and i have so many pictures on my phone now! this was a good buy! definitely needed more memory for my phone. this is plenty of storage and was purchased at a very affordable price.,"[""when i got my phone i didn't know about 6gb out of the 16gb would not have been available to me from the start because of its operating system and all the software that was pre installed so i used this to get more than enough memory for my phone and it works great i have all my music a few movies and all my pictures and all my ebooks on it"", 'i needed more memory because my phone kept telling me i was short on memory. this is more than enough memory and i have so many pictures on my phone now! this was a good buy!', 'definitely needed more memory for my phone. this is plenty of storage and was purchased at a very affordable price.']"
324,"great for adding a ton of storage to your smartphone or other device. fast enough for most needs and the price is right. i bought it because it was a great price for the capacity and rated speed. i use it for storage in my nook hd seems like a good alternative to flash drive. cost per gig seems like a pretty good deal, very convenient to carry around. i put my reading, music, pictures and videos on separate cards. much more portable. unfortunately smart phones and tablets are lagging.","['great for adding a ton of storage to your smartphone or other device. fast enough for most needs and the price is right.', 'i bought it because it was a great price for the capacity and rated speed. i use it for storage in my nook hd', 'seems like a good alternative to flash drive. cost per gig seems like a pretty good deal, very convenient to carry around. i put my reading, music, pictures and videos on separate cards. much more portable. unfortunately smart phones and tablets are lagging.']"
325,"i use this with a nifty minidrive, ... to extend the built in ssd in my macbook pro. i highly recommend it for anyone needing a speedy flash card. i use this in tandem with a niftydrive on my macbook pro. for those of you who don't know, the nifty drive is a small adapter made from machined aluminum that fits seamlessly into your mac's ssd slot. with a 128 gb micro ssd you can add hard drive space very inexpensively. i put my entire dropbox folder over 100 gbs on this thing, and it is every bit as fast as the mac's internal ssd. in fact, i think it might be faster. i love this. i am using it to add additional storage space to my mb air together with the minidrive. i may not have comparable speed to an actual ssd but for audio files and photos it is good.","['i use this with a nifty minidrive, ... to extend the built in ssd in my macbook pro. i highly recommend it for anyone needing a speedy flash card.', ""i use this in tandem with a niftydrive on my macbook pro. for those of you who don't know, the nifty drive is a small adapter made from machined aluminum that fits seamlessly into your mac's ssd slot. with a 128 gb micro ssd you can add hard drive space very inexpensively. i put my entire dropbox folder over 100 gbs on this thing, and it is every bit as fast as the mac's internal ssd. in fact, i think it might be faster."", 'i love this. i am using it to add additional storage space to my mb air together with the minidrive. i may not have comparable speed to an actual ssd but for audio files and photos it is good.']"
326,"works just fine. came with an adapter for a standard size card slot. installed in a samsung mini tab 2. used it for my samsung galaxy tab 2 10.1 tablet. stopped working after about 10 months without warnings. my tablet now recognizes as blank or un formatted card my computers won't even recognize it at all! i am still trying to recover some priceless photos of my kids since my last backup of the card... the memory card worked perfectly, and was compatible with samsung galaxy tab 2, and was a great price for a name brand memory.","['works just fine. came with an adapter for a standard size card slot. installed in a samsung mini tab 2.', ""used it for my samsung galaxy tab 2 10.1 tablet. stopped working after about 10 months without warnings. my tablet now recognizes as blank or un formatted card my computers won't even recognize it at all! i am still trying to recover some priceless photos of my kids since my last backup of the card..."", 'the memory card worked perfectly, and was compatible with samsung galaxy tab 2, and was a great price for a name brand memory.']"
327,"functions perfectly in my samsung galaxy tab ii. no issues with slow processing times. great product, i highly recommend this memory card for tablets. bought this for my samsung tab3. works great, fast and have not had a problem. this will also work with the samsung galaxy s4. works perfect in samsung tab 2. it quadrupled my storage capability and seems to be very fast. i would recommend to anyone","['functions perfectly in my samsung galaxy tab ii. no issues with slow processing times. great product, i highly recommend this memory card for tablets.', 'bought this for my samsung tab3. works great, fast and have not had a problem. this will also work with the samsung galaxy s4.', 'works perfect in samsung tab 2. it quadrupled my storage capability and seems to be very fast. i would recommend to anyone']"
328,"bought to increase memory in my samsung galaxy iii. use my phone for business and pleasure and needed the memory upgrade. works great. i needed a memory upgrade for my phone which is a galaxy s3. the time i got it was on sale and it has yet to fail me once. it stores a good amount of media for my device and can hold a number of 1080 movies and full resolution pictures i have taken. very handy for those long distance trips. the site is very reasonably priced unit memory added to my samsung galaxy no pro 12.2, 64 gb. it also helped expand the memory in this to allow for better storage of songs, information, and i believe it to be a good value.","['bought to increase memory in my samsung galaxy iii. use my phone for business and pleasure and needed the memory upgrade. works great.', 'i needed a memory upgrade for my phone which is a galaxy s3. the time i got it was on sale and it has yet to fail me once. it stores a good amount of media for my device and can hold a number of 1080 movies and full resolution pictures i have taken. very handy for those long distance trips.', 'the site is very reasonably priced unit memory added to my samsung galaxy no pro 12.2, 64 gb. it also helped expand the memory in this to allow for better storage of songs, information, and i believe it to be a good value.']"
329,"added it to my samsung note ll and now i have 80 gigs of storage. i have everything in there that was on my other phone and i have only used 5 of my capacity. i use it in my samsung glaxy s3 to increase more gb. the device has 16 gb, now increase to 48 gb. 5 months ago i placed this in a galaxy phone and instantly increased storage by 200 percent. worked and still works perfectly, and i was able to move all my pics, videos, and e books to it. freeing up internal storage for apps. recommended.","['added it to my samsung note ll and now i have 80 gigs of storage. i have everything in there that was on my other phone and i have only used 5 of my capacity.', 'i use it in my samsung glaxy s3 to increase more gb. the device has 16 gb, now increase to 48 gb.', '5 months ago i placed this in a galaxy phone and instantly increased storage by 200 percent. worked and still works perfectly, and i was able to move all my pics, videos, and e books to it. freeing up internal storage for apps. recommended.']"
330,"i bought this for my samsung s4 acitve. it fit perfectly and i have had no problems with it. the price was really reasonable for the size of gb you get. got it for my samsung s5. super tiny so don't drop it or let your pet eat it.great price, works, shipped safely.","['i bought this for my samsung s4 acitve. it fit perfectly and i have had no problems with it. the price was really reasonable for the size of gb you get.', ""got it for my samsung s5. super tiny so don't drop it or let your pet eat it.great price, works, shipped safely.""]"
331,i bought this to save music mp3 and movies mp4 for my asus memo pad hd 7 and it works great. i use it to store movies for my kids to watch on theirandroid tablet. it works flawlessly. price finally down to earth. purchased this item to store movies for use in my sons nabi 2. works perfectly and at a great price.,"['i bought this to save music mp3 and movies mp4 for my asus memo pad hd 7 and it works great.', 'i use it to store movies for my kids to watch on theirandroid tablet. it works flawlessly. price finally down to earth.', 'purchased this item to store movies for use in my sons nabi 2. works perfectly and at a great price.']"
332,"got it for my cell phone, samsung galaxy s4. works just like one would expect and appears to be quite fast. used it in an android phone. worked fine and is decently fast. it did not quite reach the rated speeds but came close could just be the controller that i am using . bought this to go with my samsung galaxy s iii. it is class 10 which means it is fast. works well.","['got it for my cell phone, samsung galaxy s4. works just like one would expect and appears to be quite fast.', 'used it in an android phone. worked fine and is decently fast. it did not quite reach the rated speeds but came close could just be the controller that i am using .', 'bought this to go with my samsung galaxy s iii. it is class 10 which means it is fast. works well.']"
333,"works great in the phone and the wife loves it, we got a second for her mom and she is storing lots of pictures and videos on it i take lots of pics with my phone samsung 4s and this helps free up space on my phone. i've not had any issues with it so far. bought this for my phone so i don't have to constantly transfer pics to my computer. works great so far!","['works great in the phone and the wife loves it, we got a second for her mom and she is storing lots of pictures and videos on it', ""i take lots of pics with my phone samsung 4s and this helps free up space on my phone. i've not had any issues with it so far."", ""bought this for my phone so i don't have to constantly transfer pics to my computer. works great so far!""]"
334,"i use this with my samsung galaxy tab 3 10.1, and it has worked seamlessly. i use it to store movies to watch while travelling, and haven't had an issue yet. the transfer speed is great and playing movies from the card has not been a problem. worked perfectly in galaxy tab 3 10.1 with no additional formatting. seems as fast as the internal memory of the tablet so no need to pay for more than 16 gig in the tablet if you buy one. adds 64 gig of storage for less than upping the tablet to 32 gig. fast shipping as always with prime. i purchased this to use with my samsung galaxy tab 2 10.1. i chose this memory card because i have used sandisk products many time in the past and have never had a problem.","[""i use this with my samsung galaxy tab 3 10.1, and it has worked seamlessly. i use it to store movies to watch while travelling, and haven't had an issue yet. the transfer speed is great and playing movies from the card has not been a problem."", 'worked perfectly in galaxy tab 3 10.1 with no additional formatting. seems as fast as the internal memory of the tablet so no need to pay for more than 16 gig in the tablet if you buy one. adds 64 gig of storage for less than upping the tablet to 32 gig. fast shipping as always with prime.', 'i purchased this to use with my samsung galaxy tab 2 10.1. i chose this memory card because i have used sandisk products many time in the past and have never had a problem.']"
335,"i bought this for my samsung galaxy 10.1. it works great! i have had no problems with it!i would definitely buy this again. seller was also very fast in shipping! i have used it with no problem on my tablet galaxy note 10.1 sansun from day one and it works perfect. the cost was relatively low compared to other stores. i have been using it for over a month now, works well with my samsung galaxy note 10.1 tablet. excellent speed, do recommend it.","['i bought this for my samsung galaxy 10.1. it works great! i have had no problems with it!i would definitely buy this again. seller was also very fast in shipping!', 'i have used it with no problem on my tablet galaxy note 10.1 sansun from day one and it works perfect. the cost was relatively low compared to other stores.', 'i have been using it for over a month now, works well with my samsung galaxy note 10.1 tablet. excellent speed, do recommend it.']"
336,"i purchased this for a galaxy tab 10.1 but didn't like it i returned the tablet and accidently left the memory card in it . so this is the second one i've purchased, it is now in use in an asus t1000 tablet notebook and i am entirely satisfied. this device was bought for a galaxy tab 10.1 and it works well with it. the price was decent and i have not had any issue with the disk. got it for my samsung galaxy talet 2 10.1, its ideal for the tab. no problems with it got it in the day i got it, does exactly what i want it to do","[""i purchased this for a galaxy tab 10.1 but didn't like it i returned the tablet and accidently left the memory card in it . so this is the second one i've purchased, it is now in use in an asus t1000 tablet notebook and i am entirely satisfied."", 'this device was bought for a galaxy tab 10.1 and it works well with it. the price was decent and i have not had any issue with the disk.', 'got it for my samsung galaxy talet 2 10.1, its ideal for the tab. no problems with it got it in the day i got it, does exactly what i want it to do']"
337,"glad i purchased this item for use with my samsung galaxy s3, im able to record video in hd or store almost anything you'd wanna have on your cell phone or etc.. i didn't really need this for my phone but i figured i may as well get it. got to love 32gb of storage. works good for when recording 1080p video. good bye video camera. just stick this in your galaxy phone and take high def video all day! tons of storage for an amazing price!","[""glad i purchased this item for use with my samsung galaxy s3, im able to record video in hd or store almost anything you'd wanna have on your cell phone or etc.."", ""i didn't really need this for my phone but i figured i may as well get it. got to love 32gb of storage. works good for when recording 1080p video."", 'good bye video camera. just stick this in your galaxy phone and take high def video all day! tons of storage for an amazing price!']"
338,"works perfectly in my verizon wireless samsung galaxy note 2. just popped it in, and a way it went. no need to format and now i have plenty of room for my video's, photo's, and movies. works great with my samsung galaxy note 2. just stuck it in and it worked. no formatting needed. very fast which and no loss of camera speed i just plugged into my samsung note ii and the phone recognized it without any issues. everything worked perfectly. i didn't have to format or mess with it in anyway.","[""works perfectly in my verizon wireless samsung galaxy note 2. just popped it in, and a way it went. no need to format and now i have plenty of room for my video's, photo's, and movies."", 'works great with my samsung galaxy note 2. just stuck it in and it worked. no formatting needed. very fast which and no loss of camera speed', ""i just plugged into my samsung note ii and the phone recognized it without any issues. everything worked perfectly. i didn't have to format or mess with it in anyway.""]"
339,"the price is good, it worked as expected, there is not much more to say about it. have not tested the adapter. not much to say about this, but it was definitely worth the buy. it comes w a small case to hold both itself and the adapter. for just over 10 you really can't go wrong.","['the price is good, it worked as expected, there is not much more to say about it. have not tested the adapter.', ""not much to say about this, but it was definitely worth the buy. it comes w a small case to hold both itself and the adapter. for just over 10 you really can't go wrong.""]"
340,"and it got stuck in the adapter they sent with it, had to break that open. it fit in another adapter though um nothing much to really say about it . the adapter for it works but i gave it 3 stars because it goes in n out sometimes what can go wrong? right? it works and fits what else is there great price and i love the adapter","['and it got stuck in the adapter they sent with it, had to break that open. it fit in another adapter though', 'um nothing much to really say about it . the adapter for it works but i gave it 3 stars because it goes in n out sometimes', 'what can go wrong? right? it works and fits what else is there great price and i love the adapter']"
341,"i have been using this in my canon camera. it has been working well. over 6000 photos and many videos. i bought this for my canon dslr. it works great, no delay in photograph shots. also, no visible lag effects with video. will re purchase. bought this for use in my canon 60d camera. works great with no lag. haven't had a problem with it.","['i have been using this in my canon camera. it has been working well. over 6000 photos and many videos.', 'i bought this for my canon dslr. it works great, no delay in photograph shots. also, no visible lag effects with video. will re purchase.', ""bought this for use in my canon 60d camera. works great with no lag. haven't had a problem with it.""]"
342,"i just received this micro sd card. everything works so far. i purchased 2 for my galaxy s5 and my tablet. so far so go. this microsd card works as advertised. my samsung galaxy s3 developed a problem with the sd card that was included with the purchase of the phone. once i replaced it, it's as good as new. acquired this card a month ago for use in my phone samsung galaxy s4 and only have taken issues with it.the micro sd card is really bad, the camera takes a long time to be ready and repeatedly resets the phone. absolutely not recommend it in my previous phone s3 used a micro sd card 32gb samsung brand and never had problems with it.to correct the problem of instability recommend formatting the card, i did and the problem remains the same.live outside the u.s. and i must acquire excellent quality products because the cost of returning it exceeds the cost of the product.next time buy a card samsung brand that never gave me problems.","['i just received this micro sd card. everything works so far. i purchased 2 for my galaxy s5 and my tablet. so far so go.', ""this microsd card works as advertised. my samsung galaxy s3 developed a problem with the sd card that was included with the purchase of the phone. once i replaced it, it's as good as new."", 'acquired this card a month ago for use in my phone samsung galaxy s4 and only have taken issues with it.the micro sd card is really bad, the camera takes a long time to be ready and repeatedly resets the phone. absolutely not recommend it in my previous phone s3 used a micro sd card 32gb samsung brand and never had problems with it.to correct the problem of instability recommend formatting the card, i did and the problem remains the same.live outside the u.s. and i must acquire excellent quality products because the cost of returning it exceeds the cost of the product.next time buy a card samsung brand that never gave me problems.']"
343,"good memory card, a gift given to junior partner, after receiving very beautiful, beautiful packaging, received a big surprise, do not know how to evaluate it. can't tel you much about it. its a memory card and i can't compare it to other products out there. not much to say, it is a memory card and does the job well. no problems at all with this card","['good memory card, a gift given to junior partner, after receiving very beautiful, beautiful packaging, received a big surprise, do not know how to evaluate it.', ""can't tel you much about it. its a memory card and i can't compare it to other products out there."", 'not much to say, it is a memory card and does the job well. no problems at all with this card']"
344,"i've used this memory card in a couple of different devices, and in both cases, it's performed quite well. it's an excellent mix between needing something that will be reliable and always work, and needing something that doesn't cost an arm and a leg. i've had far too many of the cheap no name cards just stop working, and this one has never done that. microschc works as expected and have not had any issue whatsoever. excellent way to upgrade memory on your mobile device.highly recommended.","[""i've used this memory card in a couple of different devices, and in both cases, it's performed quite well. it's an excellent mix between needing something that will be reliable and always work, and needing something that doesn't cost an arm and a leg. i've had far too many of the cheap no name cards just stop working, and this one has never done that."", 'microschc works as expected and have not had any issue whatsoever. excellent way to upgrade memory on your mobile device.highly recommended.']"
345,"i've used one of those cards in my phone for about 2 years now and never had a single problem. recently bought another for my tablet and so far so good. recommended i bought three of these one to replace my old 1 gb card and two for first time users to add to their phone memory. these cards work fine, and none of the three had any trouble. i bought this card to replace a kingston card that my phone fried, it has been working without issues so far.","[""i've used one of those cards in my phone for about 2 years now and never had a single problem. recently bought another for my tablet and so far so good. recommended"", 'i bought three of these one to replace my old 1 gb card and two for first time users to add to their phone memory. these cards work fine, and none of the three had any trouble.', 'i bought this card to replace a kingston card that my phone fried, it has been working without issues so far.']"
346,"i operate a commercial whitewater rafting company and we buy these bulk whilst renting out gopro's and selling the footage along with the card to the customer. we've never had a bunk card or any problems whatsoever over about 40 cards so far. i was advised by my gopro rep to be sure to buy from a name brand 34 like sandisk 34 . the adapter is well appreciated by the customer, not only because most people don t have a port for the micro format, but also because microsd is so ridiculously small that its far too easy to lose.have and will buy again. this card had rave reviews, so i decided to get it to use it with my new gopro hero3 camera. i liked that it had a high capacity and it was class 10 which would allow me to maximize the features of my camera. as soon as it arrived i popped it in to the camera for a quick test run and after it was successful i then packed it in my luggage for a snorkeling trip. 3 days into taking awesome footage with my camera this sd card started resulting in sd card errors which made my data unrecoverable. fortunately i still had some time in my trip to go get a different memory card with better reliability. these memory cards appear to be hit or miss, and in my case it was a miss. i can not recommend this card for purchase. it appears that this company has a problem with the quality control process, and you can see that reviews are either overwhelmingly positive or as is my case, 1 star negative. it looks as though they just accept a certain amount of faulty memory cards. unfortunately for me, i missed the window to return this card because i was travelling, and i am stuck with a useless micro sd card. i've had better luck with kingston, and transcend brands. lexar and samsung have also served me well in the past. i will no longer purchase any other sandisk products and i wouldn't recommend that you would either, but if your are swayed by the reviews, make sure you thoroughly test what you purchase before you actually need it. i bought two of these memory cards for use with my logitech alert 750e outdoor master security camera's. so far, i have found them to be unreliable. i am not entirely certain if this is because of the camera system or the memory card themselves. the camera frequently will report a memory card error that indicates the card has to be reformatted. this is problematic as if the camera had recorded something that was important, the failure of the sd card would be very troublesome indeed.","[""i operate a commercial whitewater rafting company and we buy these bulk whilst renting out gopro's and selling the footage along with the card to the customer. we've never had a bunk card or any problems whatsoever over about 40 cards so far. i was advised by my gopro rep to be sure to buy from a name brand 34 like sandisk 34 . the adapter is well appreciated by the customer, not only because most people don t have a port for the micro format, but also because microsd is so ridiculously small that its far too easy to lose.have and will buy again."", ""this card had rave reviews, so i decided to get it to use it with my new gopro hero3 camera. i liked that it had a high capacity and it was class 10 which would allow me to maximize the features of my camera. as soon as it arrived i popped it in to the camera for a quick test run and after it was successful i then packed it in my luggage for a snorkeling trip. 3 days into taking awesome footage with my camera this sd card started resulting in sd card errors which made my data unrecoverable. fortunately i still had some time in my trip to go get a different memory card with better reliability. these memory cards appear to be hit or miss, and in my case it was a miss. i can not recommend this card for purchase. it appears that this company has a problem with the quality control process, and you can see that reviews are either overwhelmingly positive or as is my case, 1 star negative. it looks as though they just accept a certain amount of faulty memory cards. unfortunately for me, i missed the window to return this card because i was travelling, and i am stuck with a useless micro sd card. i've had better luck with kingston, and transcend brands. lexar and samsung have also served me well in the past. i will no longer purchase any other sandisk products and i wouldn't recommend that you would either, but if your are swayed by the reviews, make sure you thoroughly test what you purchase before you actually need it."", ""i bought two of these memory cards for use with my logitech alert 750e outdoor master security camera's. so far, i have found them to be unreliable. i am not entirely certain if this is because of the camera system or the memory card themselves. the camera frequently will report a memory card error that indicates the card has to be reformatted. this is problematic as if the camera had recorded something that was important, the failure of the sd card would be very troublesome indeed.""]"
347,awesome storage. so much space. you just have to format it to the correct format for a phone. and walla you have a ton of space. great storage. runs fast and gives me plenty of room. probably overkill for my phone but i'm all about overkill! tons of storage and the read and write speed it an added bonus. blows people away how quick my phone's ready to take the next pic.,"['awesome storage. so much space. you just have to format it to the correct format for a phone. and walla you have a ton of space.', ""great storage. runs fast and gives me plenty of room. probably overkill for my phone but i'm all about overkill!"", ""tons of storage and the read and write speed it an added bonus. blows people away how quick my phone's ready to take the next pic.""]"
348,"i bought this to put in my olympus pen e pm1 camera which takes a standard sd card. therefore it must go into the adapter to be put into the camera. unfortunately there is something touchy about this. sometimes i turn the camera on and get a card error. sometimes i can pop the card out and back in and it'll work. this past weekend i couldn't get it to work at all. i'm guessing it's the camera. or maybe the adapter? when i plugged the card and adapter into my computer to copy the pictures off, it worked perfectly. so i'm not sure what the problem is. i make sure to always carry a spare normal sd card with my camera in case this one stops working. after i inserted the micro sd card to the adapter i can no longer removed it from the adapter. it was stuck inside the adapter permanently. i definitely received a defective item. i also read a lot of reviews saying this card have bad sectors.another, while i was transferring from my computer the transferring of files suddenly stopped and said there was an error.sandisk's quality control department should up their game. they're selling products to the general public that are defective and flawed not all of them but a lot of them . it's just not me. i also read a lot of reviews saying the card they got were also defective.","[""i bought this to put in my olympus pen e pm1 camera which takes a standard sd card. therefore it must go into the adapter to be put into the camera. unfortunately there is something touchy about this. sometimes i turn the camera on and get a card error. sometimes i can pop the card out and back in and it'll work. this past weekend i couldn't get it to work at all. i'm guessing it's the camera. or maybe the adapter? when i plugged the card and adapter into my computer to copy the pictures off, it worked perfectly. so i'm not sure what the problem is. i make sure to always carry a spare normal sd card with my camera in case this one stops working."", ""after i inserted the micro sd card to the adapter i can no longer removed it from the adapter. it was stuck inside the adapter permanently. i definitely received a defective item. i also read a lot of reviews saying this card have bad sectors.another, while i was transferring from my computer the transferring of files suddenly stopped and said there was an error.sandisk's quality control department should up their game. they're selling products to the general public that are defective and flawed not all of them but a lot of them . it's just not me. i also read a lot of reviews saying the card they got were also defective.""]"
349,"i got this to use in my mother's digital camcorder. it offered good value and with the adapter it insures that the card can be used anywhere. my mom was very happy with the extra capacity this card provided her to film my niece and nephew. excellent card that i use primarily in my carcam. has also been used, and been compatible, in a small digital camera with the camera's proprietary adaptor. i bought it to use in mysony hdr as15 action video camera black . it works great. the camera worked just fine with a class 4 card, but the offload speed was horrible. this speedy little card has eliminated that problem. came with a sdhc adapter, which was a nice and unexpected bonus.","[""i got this to use in my mother's digital camcorder. it offered good value and with the adapter it insures that the card can be used anywhere. my mom was very happy with the extra capacity this card provided her to film my niece and nephew."", ""excellent card that i use primarily in my carcam. has also been used, and been compatible, in a small digital camera with the camera's proprietary adaptor."", 'i bought it to use in mysony hdr as15 action video camera black . it works great. the camera worked just fine with a class 4 card, but the offload speed was horrible. this speedy little card has eliminated that problem. came with a sdhc adapter, which was a nice and unexpected bonus.']"
350,"i got this card for my sony action cam, and it is the best memory card, it work fast and process eveything fast, i recomend this i got this item for my dash cam which is in my convertible. the dash cam is recording at all times when i am driving my car so i needed a lot of memory. this card does the job for me and this brand name is fantastic, no problems, and works as it ought to! i bought this memory card for my dashcam and it works perfectly. i have no problems with it's write speed or resolution of video. you can trust sandisk for a quality product as i have many in use and have had no failures yet.","['i got this card for my sony action cam, and it is the best memory card, it work fast and process eveything fast, i recomend this', 'i got this item for my dash cam which is in my convertible. the dash cam is recording at all times when i am driving my car so i needed a lot of memory. this card does the job for me and this brand name is fantastic, no problems, and works as it ought to!', ""i bought this memory card for my dashcam and it works perfectly. i have no problems with it's write speed or resolution of video. you can trust sandisk for a quality product as i have many in use and have had no failures yet.""]"
351,"i got this for the sports vue 360hd action camera. it works fine. it came with a converter to standard sdhc size format. i used that to transfer files from the video camera to my xp pro pc. it does fine. i left the card in its fat32 format and it works without a hitch. it's very small, so you must exercise care not to set it down or drop it and lose it. i'm happy with this item and would recommend it purchase it again. in fact, i purchased 2. i can't give that much feedback on this because i ended up returning it. i was looking for the ideal memory mircosd card for a gopro and found a better model. i did end up filming one event on this card, and it did pretty good. it did end up lagging after some time though, just briefly. i bought this memory card for my gopro. it does everything it is supposed to. it is fast enough to work with the camera and it is very reliable.","[""i got this for the sports vue 360hd action camera. it works fine. it came with a converter to standard sdhc size format. i used that to transfer files from the video camera to my xp pro pc. it does fine. i left the card in its fat32 format and it works without a hitch. it's very small, so you must exercise care not to set it down or drop it and lose it. i'm happy with this item and would recommend it purchase it again. in fact, i purchased 2."", ""i can't give that much feedback on this because i ended up returning it. i was looking for the ideal memory mircosd card for a gopro and found a better model. i did end up filming one event on this card, and it did pretty good. it did end up lagging after some time though, just briefly."", 'i bought this memory card for my gopro. it does everything it is supposed to. it is fast enough to work with the camera and it is very reliable.']"
352,"excellent sd card and very good value. have had no issues with mine or my wife's. definitely recommend this sd card i really like this sd card. it's fast and it looks good. great value too. what more can be said? all i can say is that if you need a new sd card, dodn't hesitate to buy this one. great deal and it works perfectly.","[""excellent sd card and very good value. have had no issues with mine or my wife's. definitely recommend this sd card"", ""i really like this sd card. it's fast and it looks good. great value too. what more can be said?"", ""all i can say is that if you need a new sd card, dodn't hesitate to buy this one. great deal and it works perfectly.""]"
353,"love this micro sd card, but love the fact that i was able to buy it at such a great price! i love this micro sd card. awesome amount of space and just plain ole reliable. you dont find to many products like that nowadays. great sandisk micro sd card. havent had anyproblems with this one. its fast and it loads good. i approve this","['love this micro sd card, but love the fact that i was able to buy it at such a great price!', 'i love this micro sd card. awesome amount of space and just plain ole reliable. you dont find to many products like that nowadays.', 'great sandisk micro sd card. havent had anyproblems with this one. its fast and it loads good. i approve this']"
354,"i used this upgraded card in my razr maxx hd and have been nothing but pleased with it. i haven't even come close to filling the entire card. i got it mostly because i keep my entire music library on my phone, about 5 gigs of music. it's a class 10 card so you won't see any lag in pulling up files. great card for the price. my droid razr runs a little slow, is it because of this card? i can't be sure. what i am sure about is i put this card into my gopro hero 3 black edition and the video i record comes out choppy. so i bought the sandisk extreme pro 16gb version of this card, and the gopro works fine now. sandisk is normally very good, so perhaps i somehow got a bad ultra card. i never returned or exchanged it because the warranty had expired before i tried it in my gopro and knew for sure the card was slow. the sandisk ultra should work in the gopro hero 3 according to the gopro website, so again, perhaps i just got a subpar card... wanted a larger faster card for my razr maxx, running on cm11 android 4.4. for the price this card was the best option. my phone had no problem using it in the default exfat partition. is much faster than my old card. no problems with it. couldn't be happier.","[""i used this upgraded card in my razr maxx hd and have been nothing but pleased with it. i haven't even come close to filling the entire card. i got it mostly because i keep my entire music library on my phone, about 5 gigs of music. it's a class 10 card so you won't see any lag in pulling up files. great card for the price."", ""my droid razr runs a little slow, is it because of this card? i can't be sure. what i am sure about is i put this card into my gopro hero 3 black edition and the video i record comes out choppy. so i bought the sandisk extreme pro 16gb version of this card, and the gopro works fine now. sandisk is normally very good, so perhaps i somehow got a bad ultra card. i never returned or exchanged it because the warranty had expired before i tried it in my gopro and knew for sure the card was slow. the sandisk ultra should work in the gopro hero 3 according to the gopro website, so again, perhaps i just got a subpar card..."", ""wanted a larger faster card for my razr maxx, running on cm11 android 4.4. for the price this card was the best option. my phone had no problem using it in the default exfat partition. is much faster than my old card. no problems with it. couldn't be happier.""]"
355,"hold a lot of stuff for my phone! used like 6gigs for my music. and i have it set to use my card for photo and video. might do movies on it... but who watches movies on a phone.... put most of my music and many movies on it and tons of room for more. awesome and well priced, at the time of my purchase anyhow. plenty of extra storage can load a lot of movies in high definition, music and a boat load of other stuff.","['hold a lot of stuff for my phone! used like 6gigs for my music. and i have it set to use my card for photo and video. might do movies on it... but who watches movies on a phone....', 'put most of my music and many movies on it and tons of room for more. awesome and well priced, at the time of my purchase anyhow.', 'plenty of extra storage can load a lot of movies in high definition, music and a boat load of other stuff.']"
356,"i had an htc evo design 4g and i added this card to it. it was like 4x faster to transfer files to it from a computer and games like n.o.v.a. 2 which put a massive amount of files on your microsd loads so much faster. i put all my apps on my sd and noticed no difference in performance of the games or apps.i had one problem though, and it was that my phone would repeatedly say that the card was unmounted or it couldn't find the card. popping of the battery cover and pulling out the card and reinserting would fix this, or just a reboot. i thought this was the fault of the card, but since i have upgraded to an htc evo 4g lte, i have had no issues with the card.so, if you have issues with your phone not reading the card, it might be your phone. i was a bit skeptical about getting this card because the official instructions for this phone only mention that the external memory is expandable up to 32gb. i did a bit of research before purchasing many reported being able to use this card with the evo 4g lte. i can confirm that it works!at first, the phone won't recognize the card. you need to format the card when you first install it! once you format the card, the phone will recognize it you can write read data with no issues.i got such a large card because of music. i wanted to add music in .wav format for better audio quality or at least in mp3 320kbs . i'm very happy with this card! bought this for my htc evo 4g lte, it works great, i knew in order to use such a big card it had to be a class 10, and i only trust sandisk, samsung, or kingston with my memory cards. this one works well, it did take about a day for the 34 bugs 34 to be ironed out and let the evo find its paths back to its files. this is a very good stick at a very good price. the first one i got from amazon was damaged, they quickly replaced it..... with one that was lost by fedex!!!! i called up about a week later and they overnighted a new one, and paid for weekend ups delivery! i was amazed at the service from amazon on this.all in all, it doesn't get much better than sandisk for memory, and amazon for the place of purchase. don't hesitate to buy this card for your high end phone. i know for a fact that the htc evo lte galaxy s3 can run this card.","[""i had an htc evo design 4g and i added this card to it. it was like 4x faster to transfer files to it from a computer and games like n.o.v.a. 2 which put a massive amount of files on your microsd loads so much faster. i put all my apps on my sd and noticed no difference in performance of the games or apps.i had one problem though, and it was that my phone would repeatedly say that the card was unmounted or it couldn't find the card. popping of the battery cover and pulling out the card and reinserting would fix this, or just a reboot. i thought this was the fault of the card, but since i have upgraded to an htc evo 4g lte, i have had no issues with the card.so, if you have issues with your phone not reading the card, it might be your phone."", ""i was a bit skeptical about getting this card because the official instructions for this phone only mention that the external memory is expandable up to 32gb. i did a bit of research before purchasing many reported being able to use this card with the evo 4g lte. i can confirm that it works!at first, the phone won't recognize the card. you need to format the card when you first install it! once you format the card, the phone will recognize it you can write read data with no issues.i got such a large card because of music. i wanted to add music in .wav format for better audio quality or at least in mp3 320kbs . i'm very happy with this card!"", ""bought this for my htc evo 4g lte, it works great, i knew in order to use such a big card it had to be a class 10, and i only trust sandisk, samsung, or kingston with my memory cards. this one works well, it did take about a day for the 34 bugs 34 to be ironed out and let the evo find its paths back to its files. this is a very good stick at a very good price. the first one i got from amazon was damaged, they quickly replaced it..... with one that was lost by fedex!!!! i called up about a week later and they overnighted a new one, and paid for weekend ups delivery! i was amazed at the service from amazon on this.all in all, it doesn't get much better than sandisk for memory, and amazon for the place of purchase. don't hesitate to buy this card for your high end phone. i know for a fact that the htc evo lte galaxy s3 can run this card.""]"
357,"i bought this sandisk ultra 32gb micro sd class 10 card for my gopro hero 3 camera. it is able to store all my 1080p hd video, as well as .5 second time lapse still photos. i've never had a sandisk memory card fail on me. this is a quality product! i got my memory card here instead of on the gopro site and saved some money. its the same card and it works awesome. this card is about 7 hours of 720 30 frames per second, or about 4 hours of 720 60 frames or 1080 30 frames. in a gopro, you will be burning through batteries way before you could ever fill these cards. i prefer more, smaller cards. if a card dies, it is less of a catastrophe and you also dont pay that premium for the larger cards. however, if i do a long time lapse with a battery source, having a large card is nice to have. the best microsd card around for shooting with gopro black edition.had enough memory to record all my dives and then some. in 1080 wide settings.will get more of this lil giant","[""i bought this sandisk ultra 32gb micro sd class 10 card for my gopro hero 3 camera. it is able to store all my 1080p hd video, as well as .5 second time lapse still photos. i've never had a sandisk memory card fail on me. this is a quality product!"", 'i got my memory card here instead of on the gopro site and saved some money. its the same card and it works awesome. this card is about 7 hours of 720 30 frames per second, or about 4 hours of 720 60 frames or 1080 30 frames. in a gopro, you will be burning through batteries way before you could ever fill these cards. i prefer more, smaller cards. if a card dies, it is less of a catastrophe and you also dont pay that premium for the larger cards. however, if i do a long time lapse with a battery source, having a large card is nice to have.', 'the best microsd card around for shooting with gopro black edition.had enough memory to record all my dives and then some. in 1080 wide settings.will get more of this lil giant']"
358,"i bought it for my wife's samsung galaxy siii. i wanted something reliable so she can store music, videos, photos.i do recommend it to family and friends. bought it for my galaxy s5. dumped 32g of music on it and so far so good. it's nice to have plenty of storage. great buy and cheaper than most stores. fits my galaxy s3 perfect for my music and photos. fast speed and functionality.","[""i bought it for my wife's samsung galaxy siii. i wanted something reliable so she can store music, videos, photos.i do recommend it to family and friends."", ""bought it for my galaxy s5. dumped 32g of music on it and so far so good. it's nice to have plenty of storage."", 'great buy and cheaper than most stores. fits my galaxy s3 perfect for my music and photos. fast speed and functionality.']"
359,"got this to store movies and music on my samsung note iii.not much to say about a memory card except that it works as expected. the memory card works well and i have no problem with it. it was one of the cheapest out there. came with adapter, so that's convenient. not much to say about the memory card. it's doing its job as expected. bought mainly because it can store a lot information.","['got this to store movies and music on my samsung note iii.not much to say about a memory card except that it works as expected.', ""the memory card works well and i have no problem with it. it was one of the cheapest out there. came with adapter, so that's convenient."", ""not much to say about the memory card. it's doing its job as expected. bought mainly because it can store a lot information.""]"
360,"excellent card. it is currently installed in my samsung gs3 and works flawlessly. highly recommended but make sure your phone device will handle the size some don't like cards 62 16gb. not too much to say about the card, other than it works well in my samsung galaxy s4. the price was great for such large storage and i believe you will be very happy with your purchase. this card is great for the price it's exactly what i ordered. works great with my samsung s4. plenty of memory.","[""excellent card. it is currently installed in my samsung gs3 and works flawlessly. highly recommended but make sure your phone device will handle the size some don't like cards 62 16gb."", 'not too much to say about the card, other than it works well in my samsung galaxy s4. the price was great for such large storage and i believe you will be very happy with your purchase.', ""this card is great for the price it's exactly what i ordered. works great with my samsung s4. plenty of memory.""]"
361,"i love this memory card, i use it with my galaxy s 2 smartphone and couldnt be happier, its very fast, when i take photos the phone doesnt stutter like it did with my old memory card, a definive must buy if your a power user and can afford it. i feel a little cheated, they state that this is the best for android phone yet it failed. i never even removed.i have had other memory cards last me years upon years. have to look for another one so disappointed. the phone moved smoother but not sure it is worth it see,,, i own an htc hd2 with cyanogen android rom on it,, i wanted maximum memory capacity for various storage needs including shooting hq videos ,,, i used to have a patriot 32gb class 10 on it but the performance wasn't up to my expectations ,,,this badboy right here peroformed like a champ on my smartphone ,,, alert it works on htc hd2 ,,,,once i popped this card on my laptop to transfer my data on it,,, i got no less than 14mb s write speed which is above the specs of the this card,,,apps access in faaast ,,, so far i'm pleased with it ,,, i'll update this after a while when i use it intensively ,,,well done sandisk ,,,","['i love this memory card, i use it with my galaxy s 2 smartphone and couldnt be happier, its very fast, when i take photos the phone doesnt stutter like it did with my old memory card, a definive must buy if your a power user and can afford it.', 'i feel a little cheated, they state that this is the best for android phone yet it failed. i never even removed.i have had other memory cards last me years upon years. have to look for another one so disappointed. the phone moved smoother but not sure it is worth it', ""see,,, i own an htc hd2 with cyanogen android rom on it,, i wanted maximum memory capacity for various storage needs including shooting hq videos ,,, i used to have a patriot 32gb class 10 on it but the performance wasn't up to my expectations ,,,this badboy right here peroformed like a champ on my smartphone ,,, alert it works on htc hd2 ,,,,once i popped this card on my laptop to transfer my data on it,,, i got no less than 14mb s write speed which is above the specs of the this card,,,apps access in faaast ,,, so far i'm pleased with it ,,, i'll update this after a while when i use it intensively ,,,well done sandisk ,,,""]"
362,"if you have one of the latest smartphones, go for this. i highly recommend this to take full advantage of the processing speed and fast computation need of our gadgets. sandisk products are known for their quality and reliability. of the couple of name brand flash products i use sandisk gave me good roi. anything below will rob you of reliability. while all sandisks products are excellent, this is apex. however, use some caution....not every smartphone, tablet, camera or other digital appliance can or will accommodate the capacity or speed of this product....just make sure yours does, and if it does have no regrets....you're using the best....then watch how well that phone, tablet or camera performs!","['if you have one of the latest smartphones, go for this. i highly recommend this to take full advantage of the processing speed and fast computation need of our gadgets. sandisk products are known for their quality and reliability. of the couple of name brand flash products i use sandisk gave me good roi. anything below will rob you of reliability.', ""while all sandisks products are excellent, this is apex. however, use some caution....not every smartphone, tablet, camera or other digital appliance can or will accommodate the capacity or speed of this product....just make sure yours does, and if it does have no regrets....you're using the best....then watch how well that phone, tablet or camera performs!""]"
363,"it worked in my android phone and will hold all my music, so i like it so far and would recommend i added this to my samsung s3 32gb phone and it works great. i can store most of my music for when i travel. i will nevery have to listen to the same thing on a signal trip. i put this in my galaxy s4 phone for extra storage and it works perfectly. i copied my music collection about 5000 mp3 songs and put 20 mp4 movies on it with room to spare. very handy for listening and watching while traveling on a plane. the phone likes it, the computer likes it, so i like it.","['it worked in my android phone and will hold all my music, so i like it so far and would recommend', 'i added this to my samsung s3 32gb phone and it works great. i can store most of my music for when i travel. i will nevery have to listen to the same thing on a signal trip.', 'i put this in my galaxy s4 phone for extra storage and it works perfectly. i copied my music collection about 5000 mp3 songs and put 20 mp4 movies on it with room to spare. very handy for listening and watching while traveling on a plane. the phone likes it, the computer likes it, so i like it.']"
364,"i can't complain. the memory card does its job. i recieved the memory card very quickly and i have not had any issues with the card as of yet. extremely happy with this memory card. very fast, and have not had a problem since i bought it almost 6 months ago. very good and quality memory with good functions. i received it in record time from the seller and so far i have not had any issues with the memory card.","[""i can't complain. the memory card does its job. i recieved the memory card very quickly and i have not had any issues with the card as of yet."", 'extremely happy with this memory card. very fast, and have not had a problem since i bought it almost 6 months ago.', 'very good and quality memory with good functions. i received it in record time from the seller and so far i have not had any issues with the memory card.']"
365,"great card at a great price! doubled the storage on my new htc one m8 and now i've got 64 gb total storage on my phone and i have no idea what to do with it all. psure beats the 16 gb my iphone 4s had!anyway, the card works great and it's speedy to boot! read the reviews and settled on this card to use in my cell phone. so far so good. no problems whatsoever. have tons of space to store all my mp3s, photos and videos. great read access speed due to being hc 1 class. excellent price as i got this shortly after black friday sale. this card is great. ive noticed slight improvement in every aspect of my phone. so much space! very pleased. came on time. brand new. easy to open thanks to amazon. and it mentions on the tiny booklet that this thing is temperature resistant. thats a big plus since overuse of smartphones tend to heat em up pretty good. being from texas, the heat out here only makes em hotter. and my last sd seems to have fried. well this is a good buy. if i need another i'd definitly buy again. maybe the black and gold one. it only available in 16gb but its super fast.","[""great card at a great price! doubled the storage on my new htc one m8 and now i've got 64 gb total storage on my phone and i have no idea what to do with it all. psure beats the 16 gb my iphone 4s had!anyway, the card works great and it's speedy to boot!"", 'read the reviews and settled on this card to use in my cell phone. so far so good. no problems whatsoever. have tons of space to store all my mp3s, photos and videos. great read access speed due to being hc 1 class. excellent price as i got this shortly after black friday sale.', ""this card is great. ive noticed slight improvement in every aspect of my phone. so much space! very pleased. came on time. brand new. easy to open thanks to amazon. and it mentions on the tiny booklet that this thing is temperature resistant. thats a big plus since overuse of smartphones tend to heat em up pretty good. being from texas, the heat out here only makes em hotter. and my last sd seems to have fried. well this is a good buy. if i need another i'd definitly buy again. maybe the black and gold one. it only available in 16gb but its super fast.""]"
366,"this memory card is exactly as advertised. being class 10 it is nice and fast. this card has been in heavy use in my gpsr since i bought it, and i've had no issues with it. this card is great for the money and performs adequately. i recommend this product to anyone who needs a memory card.","[""this memory card is exactly as advertised. being class 10 it is nice and fast. this card has been in heavy use in my gpsr since i bought it, and i've had no issues with it."", 'this card is great for the money and performs adequately. i recommend this product to anyone who needs a memory card.']"
367,"this was purchased to capture video with a gopro hero3, and so far it has performed splendidly. hd video takes up a ton of space, but this card will still hold quite a bit of it. downloading is pretty quick and easy thanks to class 10 speed. i purchased this card to use in a gopro hero 3. it keeps up with the 1080p video being wrote to it. i don't know if it would do 4k video, but 16gb wouldn't be enough for that type of quality either. bravo sandisk.","['this was purchased to capture video with a gopro hero3, and so far it has performed splendidly. hd video takes up a ton of space, but this card will still hold quite a bit of it. downloading is pretty quick and easy thanks to class 10 speed.', ""i purchased this card to use in a gopro hero 3. it keeps up with the 1080p video being wrote to it. i don't know if it would do 4k video, but 16gb wouldn't be enough for that type of quality either. bravo sandisk.""]"
368,i got this for my gopro camera in order to record high frame rates at 1080p and it keeps up just fine. i've never had any issues with it under those circumstances. i use this in my go pro. never had an issue with it recording 1080p video it doesn't skip a beat. it's hard to beat any of the prices on sd cards on amazon this is always the first place i check. i use this memory card with my gopro hero 3 silver camera. i have had no issues recording 1080p video with this memory card. it provides sufficient write speeds. i bought the 16gb version. i wish i would have bought the 32gb version as 1080p videos become large files quite fast.,"[""i got this for my gopro camera in order to record high frame rates at 1080p and it keeps up just fine. i've never had any issues with it under those circumstances."", ""i use this in my go pro. never had an issue with it recording 1080p video it doesn't skip a beat. it's hard to beat any of the prices on sd cards on amazon this is always the first place i check."", 'i use this memory card with my gopro hero 3 silver camera. i have had no issues recording 1080p video with this memory card. it provides sufficient write speeds. i bought the 16gb version. i wish i would have bought the 32gb version as 1080p videos become large files quite fast.']"
369,"performs as it is supposed to. 16gb is quite a lot of storage plus my samsung galaxy has 15 gb of internal memory for a total of 32 gb. that's plenty enough to store hundreds of hours of music, i bought this to add additional storage for my mp3 player. i now have a ton of music and audio books on my mp3 player. it will take awhile to listen to all of it! great storage for my android phone, practically unlimited space for music. easy to install, and it has been reliable so far.","[""performs as it is supposed to. 16gb is quite a lot of storage plus my samsung galaxy has 15 gb of internal memory for a total of 32 gb. that's plenty enough to store hundreds of hours of music,"", 'i bought this to add additional storage for my mp3 player. i now have a ton of music and audio books on my mp3 player. it will take awhile to listen to all of it!', 'great storage for my android phone, practically unlimited space for music. easy to install, and it has been reliable so far.']"
370,"does what it should ... 64 gigs in such a tiny physical space is crazy ... makes my phone's capacity huge. if you use it in an mp3 player, you will have to convert it to fat 32, but it isn't hard there are plenty of free programs out there you can download. so this will work in those devices as well ... sweet. i needed this for my phone. i listen to a lot of music and 32 gb's is not enough. it took me a while to get it to work since my phone is older and not capable of working with ex fat, but once i got that straightened out, it's worked great. i use this to hold all 22 gigs of my music on my galaxy s3. and i still have room for several seasons of a tv show. definitely a great product.the only thing i can complain about is there is a one second gap between songs, at least using google music. i suppose that's the price you pay for this large of storage","[""does what it should ... 64 gigs in such a tiny physical space is crazy ... makes my phone's capacity huge. if you use it in an mp3 player, you will have to convert it to fat 32, but it isn't hard there are plenty of free programs out there you can download. so this will work in those devices as well ... sweet."", ""i needed this for my phone. i listen to a lot of music and 32 gb's is not enough. it took me a while to get it to work since my phone is older and not capable of working with ex fat, but once i got that straightened out, it's worked great."", ""i use this to hold all 22 gigs of my music on my galaxy s3. and i still have room for several seasons of a tv show. definitely a great product.the only thing i can complain about is there is a one second gap between songs, at least using google music. i suppose that's the price you pay for this large of storage""]"
371,"i use this memory card in a lenovo thinkpad twist. it uses a pcie realtek memory card reader, which i fine tuned by bypassing lenovo's drivers and use the latest reference ones from realtek directly.in short, i care about bottlenecks that things like a usb card reader adds.i run apps and thousands of files from this card, streaming atop bitlocker to go in windows 8. already i've poured multiples of the 32 gb capacity in reads and writes to this fingernail sized drive, and it has kept going.an unbelievable deal, as i'm normally pretty cheap on these things... but i'm glad i was able to get the best for cheap... for once. what more can i say?i'm using it to double the memory of my asus tf700 from 32 to 64gb and this card has a good read write performance and it's sandisk!recommended.","[""i use this memory card in a lenovo thinkpad twist. it uses a pcie realtek memory card reader, which i fine tuned by bypassing lenovo's drivers and use the latest reference ones from realtek directly.in short, i care about bottlenecks that things like a usb card reader adds.i run apps and thousands of files from this card, streaming atop bitlocker to go in windows 8. already i've poured multiples of the 32 gb capacity in reads and writes to this fingernail sized drive, and it has kept going.an unbelievable deal, as i'm normally pretty cheap on these things... but i'm glad i was able to get the best for cheap... for once."", ""what more can i say?i'm using it to double the memory of my asus tf700 from 32 to 64gb and this card has a good read write performance and it's sandisk!recommended.""]"
372,"i have a low end android phone and this made using it that much easier because of increased responsiveness and of course, storage capacity. adds a really nice support of memory for any device. i enjoy not worrying about running out of space now. expanded the storage space on my 16gb note 2. check out online to see how to make the phone think its the native space. fast enough to capture hd video and 8mp photos. would definitely recommend it!","['i have a low end android phone and this made using it that much easier because of increased responsiveness and of course, storage capacity.', 'adds a really nice support of memory for any device. i enjoy not worrying about running out of space now.', 'expanded the storage space on my 16gb note 2. check out online to see how to make the phone think its the native space. fast enough to capture hd video and 8mp photos. would definitely recommend it!']"
373,"what can i say about a memory card? i purchased it to increase the memory in my phone, it fits as it should, and works as it should. i had purchased a used htc phone... that the kid had taken the original 8meg card out i did not know it came with one till i reviewed the specs online well... that was ok... i would have upgraded anyway this got here in 2 days because of being a prime member... and fits good works flawlessly. i got this sd card for my phone. works well. no issues. it was cheap and exactly what i needed.","['what can i say about a memory card? i purchased it to increase the memory in my phone, it fits as it should, and works as it should.', 'i had purchased a used htc phone... that the kid had taken the original 8meg card out i did not know it came with one till i reviewed the specs online well... that was ok... i would have upgraded anyway this got here in 2 days because of being a prime member... and fits good works flawlessly.', 'i got this sd card for my phone. works well. no issues. it was cheap and exactly what i needed.']"
374,"perfect card, all you need to keep all the action in this 64gb. i acquired this card for a gopro camera and fits perfectly, its all you need to capture all the action when you need it. i'm into photography and i just got a gopro.this micro sd card is a class 10, it's great for photo video and the best thing that i has, the price. i went to bestbuy, walmart, target, even a cvs looking for deals and be aware, you'll find micro sd cards 34 on sale 34 but none of them class10 . the cheapest i found a class 10 of 16gb was around 40.so be smart, get this with time and wait patiently. wow! fast memory card. i bought this for my new gopro hero 3. great performance for full hd video.shipping was fast, and nice communication on shipping and estimated arrival time.the sd card adaptor works perfect in my full sized sd reader built in my laptop.transfer speeds were blazing and read speeds are amazing.sandisk is the best, really worth buy the top end class 10 micro sd card.if you doing hd video this is the card for you. video is demanding, so youneed a sd card that can keep up.in hawaii we play hard, and the gopro and sandisk card have been working flawless at full 1080p60 video.","['perfect card, all you need to keep all the action in this 64gb. i acquired this card for a gopro camera and fits perfectly, its all you need to capture all the action when you need it.', ""i'm into photography and i just got a gopro.this micro sd card is a class 10, it's great for photo video and the best thing that i has, the price. i went to bestbuy, walmart, target, even a cvs looking for deals and be aware, you'll find micro sd cards 34 on sale 34 but none of them class10 . the cheapest i found a class 10 of 16gb was around 40.so be smart, get this with time and wait patiently."", 'wow! fast memory card. i bought this for my new gopro hero 3. great performance for full hd video.shipping was fast, and nice communication on shipping and estimated arrival time.the sd card adaptor works perfect in my full sized sd reader built in my laptop.transfer speeds were blazing and read speeds are amazing.sandisk is the best, really worth buy the top end class 10 micro sd card.if you doing hd video this is the card for you. video is demanding, so youneed a sd card that can keep up.in hawaii we play hard, and the gopro and sandisk card have been working flawless at full 1080p60 video.']"
375,this is a terrific memory card! i use it with my go pro to capture 1080 video and its got alot of space! i work for ready 2 roll pedicabs in houston and we do a lot of promotional movies and put them on youtube. we use this memory card for our full hd cam... so far we recorded 5 hour on full hd and still have plenty of space for more hours. it just took a few day when i received it in the mail. this gave me enough storage to record 2 long scuba dives at full 1080p 60fps without having to transfer to the computer. thats close to 2 hours. it comes with an adapter to use with other sd devices too. very happy with it.,"['this is a terrific memory card! i use it with my go pro to capture 1080 video and its got alot of space!', 'i work for ready 2 roll pedicabs in houston and we do a lot of promotional movies and put them on youtube. we use this memory card for our full hd cam... so far we recorded 5 hour on full hd and still have plenty of space for more hours. it just took a few day when i received it in the mail.', 'this gave me enough storage to record 2 long scuba dives at full 1080p 60fps without having to transfer to the computer. thats close to 2 hours. it comes with an adapter to use with other sd devices too. very happy with it.']"
376,"i have always been satisfied with sandisk products this memory card did not disappoint with it's fast reading and writing ability sandisk has done it again. i am always perfectly satisfied with sandisk products they are extremely reliable and suit my purposes perfectly. this particular memory card is no exception. over the years, i've found sandisk memory to be durable and reliable. this 16 gb class 10 card appears to be no exception. so far, it's performed well. i especially appreciate the fast write speed. for the money, it's a good deal.","[""i have always been satisfied with sandisk products this memory card did not disappoint with it's fast reading and writing ability sandisk has done it again."", 'i am always perfectly satisfied with sandisk products they are extremely reliable and suit my purposes perfectly. this particular memory card is no exception.', ""over the years, i've found sandisk memory to be durable and reliable. this 16 gb class 10 card appears to be no exception. so far, it's performed well. i especially appreciate the fast write speed. for the money, it's a good deal.""]"
377,"that card was in very special offer, and i kept a couple of them.so fast and affordable, what i have to say more it's a sandisk! one of the best memory cards for a good low price. sandisk has and will always be a great company to do business with. great memory card. i have trusted sandisk since it came out with memory products. they work harder to keep innovating.","[""that card was in very special offer, and i kept a couple of them.so fast and affordable, what i have to say more it's a sandisk!"", 'one of the best memory cards for a good low price. sandisk has and will always be a great company to do business with.', 'great memory card. i have trusted sandisk since it came out with memory products. they work harder to keep innovating.']"
378,"i bought this sundisk memory card for my knew cellphone and it is fantastic, it stores all my cell contacts and leave much space to store any apps or programs i want, i recommend it with all my hurt. perfect memory card for cell phone use great amount of storage and has really good read write speeds. would recommend to others this little card is great for all kinds of use, with quick write times and plenty of space. works like a dream in my phone.","['i bought this sundisk memory card for my knew cellphone and it is fantastic, it stores all my cell contacts and leave much space to store any apps or programs i want, i recommend it with all my hurt.', 'perfect memory card for cell phone use great amount of storage and has really good read write speeds. would recommend to others', 'this little card is great for all kinds of use, with quick write times and plenty of space. works like a dream in my phone.']"
379,"great memory card! got this on one amazon's daily deals at a terrific price! getting ready to upgrade my cell phone and want to have a larger capacity memory card ready to go. this is just what i needed! i picked this sd card to add some more memory to my phone. this works great and transfers data quickly. if you are in the market for a new sd card, i highly advise you to buy this one. i bought this memory card because i love to have a lot space in my fhone o or computer and seems to work very well i love it. i recommend this product!","[""great memory card! got this on one amazon's daily deals at a terrific price! getting ready to upgrade my cell phone and want to have a larger capacity memory card ready to go. this is just what i needed!"", 'i picked this sd card to add some more memory to my phone. this works great and transfers data quickly. if you are in the market for a new sd card, i highly advise you to buy this one.', 'i bought this memory card because i love to have a lot space in my fhone o or computer and seems to work very well i love it. i recommend this product!']"
380,"got this 32gb card for my droid razr maxx hd. it was recognized by the phone and i have had no troubles with it. shipping was only a couple of days. the sd slot on my laptop recognized this card immediately. when i put it in my droid razr maxx it recognized the proper amount but the phone required a reformat.since install my phone has had some instability but i haven't had enough time to troubleshoot to determine whether or not it is due to the card. motorola says the phone can handle 32gig cards. some users have reported the 64gig works fine. other users have reported problems with the 64gig card. other than the phone instability the storage on the card seems to be working fine for now. altough motorola says the droid razr maxx only supports a 32gb card, i've read many reports of people using this 64gb card, so i took a chance with it.i formatted it in my phone and started loading music and movies onto the card by connecting my phone to the computer with the usb cable.note i had read to not format the card in the computer because it will only show up as 27gb of memory available i was careful to heed this advice, though did play with it in the computer itself without formatting it, just looking and it does only show up as 27gb . however, in my droid it definitely shows as 64gb well 59 and change so far the card is functioning as it should i have played music, looked at pictures, and watched a little bit of a movie, all stored on the card, and eveerything seems to be working iin blissful droid perfection.","['got this 32gb card for my droid razr maxx hd. it was recognized by the phone and i have had no troubles with it. shipping was only a couple of days.', ""the sd slot on my laptop recognized this card immediately. when i put it in my droid razr maxx it recognized the proper amount but the phone required a reformat.since install my phone has had some instability but i haven't had enough time to troubleshoot to determine whether or not it is due to the card. motorola says the phone can handle 32gig cards. some users have reported the 64gig works fine. other users have reported problems with the 64gig card. other than the phone instability the storage on the card seems to be working fine for now."", ""altough motorola says the droid razr maxx only supports a 32gb card, i've read many reports of people using this 64gb card, so i took a chance with it.i formatted it in my phone and started loading music and movies onto the card by connecting my phone to the computer with the usb cable.note i had read to not format the card in the computer because it will only show up as 27gb of memory available i was careful to heed this advice, though did play with it in the computer itself without formatting it, just looking and it does only show up as 27gb . however, in my droid it definitely shows as 64gb well 59 and change so far the card is functioning as it should i have played music, looked at pictures, and watched a little bit of a movie, all stored on the card, and eveerything seems to be working iin blissful droid perfection.""]"
381,"i got this for my galaxy note 3, as it accepts add on storage. works perfectly, and i use it to store all my music and files so i dont junk up the phones memory. got this for my galaxy note. i didn't want pay triple the price in the att store so i bought here instead. i bought one for my note 3 and one for my girlfriend and her s4. she takes a lot of pictures and i have a lot of music on my phone so we both wanted the extra room. the cards read and write quickly also.","['i got this for my galaxy note 3, as it accepts add on storage. works perfectly, and i use it to store all my music and files so i dont junk up the phones memory.', ""got this for my galaxy note. i didn't want pay triple the price in the att store so i bought here instead."", 'i bought one for my note 3 and one for my girlfriend and her s4. she takes a lot of pictures and i have a lot of music on my phone so we both wanted the extra room. the cards read and write quickly also.']"
382,"i got this for my galaxy s4 so i could store most of my music. it works great. easy to install duh , worked out of the box good , and transfer speeds seem to be very fast. i need to get another one for my galaxy note 10.1 2014 edition. using this in my galaxy note 2, works great for movies, music and apps, with no issues what so ever. i have this in my samsung galaxy note 3 and love it. it houses all of my music and pictures without issue. it does seem like r w speed is a bit slow, but really can't complain.","['i got this for my galaxy s4 so i could store most of my music. it works great. easy to install duh , worked out of the box good , and transfer speeds seem to be very fast. i need to get another one for my galaxy note 10.1 2014 edition.', 'using this in my galaxy note 2, works great for movies, music and apps, with no issues what so ever.', ""i have this in my samsung galaxy note 3 and love it. it houses all of my music and pictures without issue. it does seem like r w speed is a bit slow, but really can't complain.""]"
383,used in my gopro. it holds a massive amount of video. no problems with it. it does what it is supposed to. this worked really well for me. i used it in a gopro camera for recording a couple of hours of video. love the storage space. got this to use in my go pro camera. it works great. get the no hassle packaging so you don't have to have scissors to open it.,"['used in my gopro. it holds a massive amount of video. no problems with it. it does what it is supposed to.', 'this worked really well for me. i used it in a gopro camera for recording a couple of hours of video. love the storage space.', ""got this to use in my go pro camera. it works great. get the no hassle packaging so you don't have to have scissors to open it.""]"
384,"good for the price and so far it is working just fine on my phone. finally i can now save pics taken from the camera and things i download. it performs very well bought at good price. works great on my s3 with no problems. i used before on my samsung epic but the phone had trouble using it , kept getting 34 sd card suddenly removed 34 notification. works well working as designed... fast and furious. i'm using in my samsung galaxy 4s and loving it. have music and photos on it and the access time in the photo gallery very quick.","['good for the price and so far it is working just fine on my phone. finally i can now save pics taken from the camera and things i download.', 'it performs very well bought at good price. works great on my s3 with no problems. i used before on my samsung epic but the phone had trouble using it , kept getting 34 sd card suddenly removed 34 notification.', ""works well working as designed... fast and furious. i'm using in my samsung galaxy 4s and loving it. have music and photos on it and the access time in the photo gallery very quick.""]"
385,"i have this regularly plugged into my asus transformer tf300t tablet as extra storage. but with the included adapter i can also plug it into my laptop. so i use it as a sort of 34 sneaker net 34 , allowing me to move 30 gb of data to what ever i am using at the time. it is filled mostly with pictures and movies. the speed of this makes it convenient for transferring large amounts of data. i'll be buying another one of these in the near future. bought this to add to my daughter's new asus transformer. excellent access and storage speed. i put this in my mom's asus transformer book t100ta c1 gr to provide an ample amount of storage for all pictures, music, and movies. this performs very well and we've experience 0 lag so far. great product.","[""i have this regularly plugged into my asus transformer tf300t tablet as extra storage. but with the included adapter i can also plug it into my laptop. so i use it as a sort of 34 sneaker net 34 , allowing me to move 30 gb of data to what ever i am using at the time. it is filled mostly with pictures and movies. the speed of this makes it convenient for transferring large amounts of data. i'll be buying another one of these in the near future."", ""bought this to add to my daughter's new asus transformer. excellent access and storage speed."", ""i put this in my mom's asus transformer book t100ta c1 gr to provide an ample amount of storage for all pictures, music, and movies. this performs very well and we've experience 0 lag so far. great product.""]"
386,i purchased this card for a new nokia lumia 520 smart phone i recently purchased to extend the internal memory of the phone.the card works very well.i'd recommend this card for anyone who wants to extend their internal memory for any devise requiring a microsd. bought this to add additional memory to my nokia lumia 520 and works great as soon as i popped in the card. i have this in my wife's nokia lumia 521 and it works really well. the card seems to stream data well and the phone has never behaved oddly with this card,"[""i purchased this card for a new nokia lumia 520 smart phone i recently purchased to extend the internal memory of the phone.the card works very well.i'd recommend this card for anyone who wants to extend their internal memory for any devise requiring a microsd."", 'bought this to add additional memory to my nokia lumia 520 and works great as soon as i popped in the card.', ""i have this in my wife's nokia lumia 521 and it works really well. the card seems to stream data well and the phone has never behaved oddly with this card""]"
387,"this card is great you can save lots of pictures or files on this card the card works great in most phones do yourself a favor and pay the extra money for this card.seriously, you spend all that money on a nice phone and it's like you're only using it at 1 4 or 1 3 of it's capability.get this memory card and enjoy your phone how it's supposed to be run. this sd card is perfect for my phone. it is the right size and especially the right price. after looking all over amazon price for this card was almost 10 lower than everyone else's.","['this card is great you can save lots of pictures or files on this card the card works great in most phones', ""do yourself a favor and pay the extra money for this card.seriously, you spend all that money on a nice phone and it's like you're only using it at 1 4 or 1 3 of it's capability.get this memory card and enjoy your phone how it's supposed to be run."", ""this sd card is perfect for my phone. it is the right size and especially the right price. after looking all over amazon price for this card was almost 10 lower than everyone else's.""]"
388,"works fine my virgin mobile htc evo v. the phone didn't recognize it at first, but after formatting it's all good. works fine my virgin mobile htc evo v. the phone didn't recognize it at first, but after formatting it's all good. i use this in my htc and it works like a champ. perfect for high definition videos and music for any smart phone. transfer rate is impressive and the price is right where it should be..","[""works fine my virgin mobile htc evo v. the phone didn't recognize it at first, but after formatting it's all good."", ""works fine my virgin mobile htc evo v. the phone didn't recognize it at first, but after formatting it's all good."", 'i use this in my htc and it works like a champ. perfect for high definition videos and music for any smart phone. transfer rate is impressive and the price is right where it should be..']"
389,"works great with both models of dashcam i purchased.the blackvue dr400g hd and dr500gw hd.32gb works wonders for a constantly on dash cam, got this to go with my little e prance dash cam. had to reformat it to work with camera, but works fine now. cost half as much as camera. purchased based on the recommendation from a reviewer of a dash camera also purchased here. no issues at all just works.","['works great with both models of dashcam i purchased.the blackvue dr400g hd and dr500gw hd.32gb works wonders for a constantly on dash cam,', 'got this to go with my little e prance dash cam. had to reformat it to work with camera, but works fine now. cost half as much as camera.', 'purchased based on the recommendation from a reviewer of a dash camera also purchased here. no issues at all just works.']"
390,i have used this to store recorded video information from a dash camera. i have had no problems so far. using this for a dash camera we purchased for the car. it's doing the job recording the audio and video just fine. works just fine in my video camera in the car. and i saved over 15 bucks over best buy which always tries to rip you off .,"['i have used this to store recorded video information from a dash camera. i have had no problems so far.', ""using this for a dash camera we purchased for the car. it's doing the job recording the audio and video just fine."", 'works just fine in my video camera in the car. and i saved over 15 bucks over best buy which always tries to rip you off .']"
391,great product. works perfectly with my canon camcorder. very responsive and fast.enough capacity for 8 hours video and great price. grabbed in thanksgiving 2012. everyone should buy this product who likes to record with their dslr.. works great with my canon dslr.. great product.. i have used this with sony camcorder for more than a year now. it works well and copes with the high data volume of a camcorder video.,"['great product. works perfectly with my canon camcorder. very responsive and fast.enough capacity for 8 hours video and great price. grabbed in thanksgiving 2012.', 'everyone should buy this product who likes to record with their dslr.. works great with my canon dslr.. great product..', 'i have used this with sony camcorder for more than a year now. it works well and copes with the high data volume of a camcorder video.']"
392,"swapped this into my gopro and put the 32gb card from there into my s4. in both cases i'm completely satisfied with the cards. purchased two 32 gbcards for the two new samsung s4s in or family. after using for several weeks no issues at all saving a variety of files photos and office documents. after i put this card in my new s4, my camera would hang and just not respond to anything. some apps also stopped working. i put in my old 16gb card and everything worked fine.","[""swapped this into my gopro and put the 32gb card from there into my s4. in both cases i'm completely satisfied with the cards."", 'purchased two 32 gbcards for the two new samsung s4s in or family. after using for several weeks no issues at all saving a variety of files photos and office documents.', 'after i put this card in my new s4, my camera would hang and just not respond to anything. some apps also stopped working. i put in my old 16gb card and everything worked fine.']"
393,"ordered and installed dec. 2013, it's been working fine since. some quite detailed reviews here from others on bad experience in the s4, which has apparently been addressed, so seems to be all good now. bought 2 of them for each of our new s4 phones and they both work great. no issues. saves pictures to card fast, transferred music from pc to card fast and i can play and view pictures and videos with no problems. started acting erratically after about a month, it's now been a little over a month and all my files are gone. not all of them were able to be backed up. i hope i can get at least the pictures back. glad the s4 backs up photos automatically...","[""ordered and installed dec. 2013, it's been working fine since. some quite detailed reviews here from others on bad experience in the s4, which has apparently been addressed, so seems to be all good now."", 'bought 2 of them for each of our new s4 phones and they both work great. no issues. saves pictures to card fast, transferred music from pc to card fast and i can play and view pictures and videos with no problems.', ""started acting erratically after about a month, it's now been a little over a month and all my files are gone. not all of them were able to be backed up. i hope i can get at least the pictures back. glad the s4 backs up photos automatically...""]"
394,"i bought this for my grandson to use in his gopro camera he says it works great, and if he is happy, all is good. he is quite knowledgeable and critical of all things technical, so if he says it is good, it is good. and the price on amazon was good too with free prime shipping ...at an awesome price. bought a few of these for my camera, gopro, and phone. great cyber monday price and all work as advertised. perfect and just what i needed for my gopro camera. it also comes with an adapter car which can be handy.","['i bought this for my grandson to use in his gopro camera he says it works great, and if he is happy, all is good. he is quite knowledgeable and critical of all things technical, so if he says it is good, it is good. and the price on amazon was good too with free prime shipping', '...at an awesome price. bought a few of these for my camera, gopro, and phone. great cyber monday price and all work as advertised.', 'perfect and just what i needed for my gopro camera. it also comes with an adapter car which can be handy.']"
395,great price and great quality. it fit perfectly in my device. i highly recommend this brand. the adapter was a nice bonus. so far so good. fit right into the slot on my samsung s5 just wonderful. perfect for my new phone. does what it is designed to do. fits in fine. works very well.,"['great price and great quality. it fit perfectly in my device. i highly recommend this brand. the adapter was a nice bonus.', 'so far so good. fit right into the slot on my samsung s5', 'just wonderful. perfect for my new phone. does what it is designed to do. fits in fine. works very well.']"
396,"can't beat the price on this one. 64gb and sd card reader. i use this is in my go pro 3 works fantastic. really fast memory card, go along well with the gopro. front side feels great in the hand so you won't forget to put it in the save area when you are grabbing it as i expect from sandisk, this card is fast, reliable and works great with the gopro 3.comes with the adapter.....pretty cool to have 64gig of space on such a small ad card.not cheap, but worth the money, in my opinion.","[""can't beat the price on this one. 64gb and sd card reader. i use this is in my go pro 3 works fantastic."", ""really fast memory card, go along well with the gopro. front side feels great in the hand so you won't forget to put it in the save area when you are grabbing it"", 'as i expect from sandisk, this card is fast, reliable and works great with the gopro 3.comes with the adapter.....pretty cool to have 64gig of space on such a small ad card.not cheap, but worth the money, in my opinion.']"
397,"this is a 'set it and forget it' item. solid performance without issues. i forgot it is still in my sony camera, love it its perfect and easy to use and conect fast to the camera its give you 9940 photo and 45m video with sony cam 18mp it is a good buy it works great with my sports camera. it was well priced and i recommend it to all users of sport cameras.","[""this is a 'set it and forget it' item. solid performance without issues. i forgot it is still in my sony camera, love it"", 'its perfect and easy to use and conect fast to the camera its give you 9940 photo and 45m video with sony cam 18mp', 'it is a good buy it works great with my sports camera. it was well priced and i recommend it to all users of sport cameras.']"
398,"works perfectly and has enough storage for many hours of recording.could be the best one out there for the price.recommend this one. works great. what more do you want. versatile, small, and a lot of memory. i use it with multiple camera's and sound recording devices. works great. great for video capture since it is a class 10 rating. works as it should and the shipping was fast as well.","['works perfectly and has enough storage for many hours of recording.could be the best one out there for the price.recommend this one.', ""works great. what more do you want. versatile, small, and a lot of memory. i use it with multiple camera's and sound recording devices."", 'works great. great for video capture since it is a class 10 rating. works as it should and the shipping was fast as well.']"
399,"bought this for my samsung galaxy legend phone so i can store all my pictures and videos, works like a charm. i purchased this to expand the storage space of my samsung galaxy s3 and i love it! it's fast and offers lots of storage space. i use it to store several full length hd movies on my phone which i view when travelling. in addition i have tons of music on it too. i use this in my samsung galaxy s5 to store my photos, videos, and other data. stores and retrieves quickly and greatly expands the capacity of my phone.","['bought this for my samsung galaxy legend phone so i can store all my pictures and videos, works like a charm.', ""i purchased this to expand the storage space of my samsung galaxy s3 and i love it! it's fast and offers lots of storage space. i use it to store several full length hd movies on my phone which i view when travelling. in addition i have tons of music on it too."", 'i use this in my samsung galaxy s5 to store my photos, videos, and other data. stores and retrieves quickly and greatly expands the capacity of my phone.']"
400,"no complaints about this card. it's much faster than what came with my android devices and of course the capacity is nice. i have not experienced any issues indicating any defect. i have no issues with this card, and my phone now boots much faster than before with my old 8gb class 4 card. this card was great! i originally bought it because it was cheap for being a class 10 card and having 32gb of storage. no problems so far.pros cheap, most other cards would cost a lot moreclass 10, 32gbfastworks on smartphonecon none so far","[""no complaints about this card. it's much faster than what came with my android devices and of course the capacity is nice. i have not experienced any issues indicating any defect."", 'i have no issues with this card, and my phone now boots much faster than before with my old 8gb class 4 card.', 'this card was great! i originally bought it because it was cheap for being a class 10 card and having 32gb of storage. no problems so far.pros cheap, most other cards would cost a lot moreclass 10, 32gbfastworks on smartphonecon none so far']"
401,"love it, good quality good performance, great brand. could not find better product for my money. using it for a samsung galaxy s4 mini with zero complications. good price and working well. i used it for my galaxy s3, s4, note2 and asus tf700, also purchased one for spare. highly recommended. as a quick note, unless they're on sale, it's best to avoid buying these in big box stores because they almost always seem to be overpriced. i purchased three of these for family members for their samsung s4 phones and they're all very happy and pleased with them.","['love it, good quality good performance, great brand. could not find better product for my money. using it for a samsung galaxy s4 mini with zero complications.', 'good price and working well. i used it for my galaxy s3, s4, note2 and asus tf700, also purchased one for spare. highly recommended.', ""as a quick note, unless they're on sale, it's best to avoid buying these in big box stores because they almost always seem to be overpriced. i purchased three of these for family members for their samsung s4 phones and they're all very happy and pleased with them.""]"
402,"good price, good quality. put it in my phone for some extra storage, and it's held up very well since i got it. for the price it's a very good deal. i have lots of space and it works perfect in my cell phone. great price especially for the size and speed, this maxed out my note 2 smartphone and i am very pleased with the speed of delivery and the cost.","[""good price, good quality. put it in my phone for some extra storage, and it's held up very well since i got it."", ""for the price it's a very good deal. i have lots of space and it works perfect in my cell phone."", 'great price especially for the size and speed, this maxed out my note 2 smartphone and i am very pleased with the speed of delivery and the cost.']"
403,"i bought this for a friend of mine to put some videos on it. initially, when plugged into the computer, we couldn't find the storage in the directory. however, after finding a micro sd to usb adapter...bingo! worked like a charm after that. install the videos, plugged the card in the phone, and we were off to the races.not sure if we needed the adapter, but we couldn't get the computer to recognize it. we also used a linux o s. go figure. plug in to the phone shows up sd card, but didn't give me the option to format, plug in to the laptop, same thing. thought it was doa. but later realized that i had to format the card from the flip down menu. now it works perfect. was going to look for a gen4 64gb ipod touch, 350 vs 55 makes no sense. plus the galaxy s2 t727 works just fine as a media player.","[""i bought this for a friend of mine to put some videos on it. initially, when plugged into the computer, we couldn't find the storage in the directory. however, after finding a micro sd to usb adapter...bingo! worked like a charm after that. install the videos, plugged the card in the phone, and we were off to the races.not sure if we needed the adapter, but we couldn't get the computer to recognize it. we also used a linux o s. go figure."", ""plug in to the phone shows up sd card, but didn't give me the option to format, plug in to the laptop, same thing. thought it was doa. but later realized that i had to format the card from the flip down menu. now it works perfect. was going to look for a gen4 64gb ipod touch, 350 vs 55 makes no sense. plus the galaxy s2 t727 works just fine as a media player.""]"
404,"i got this for my tablet have used this brand before on other things. it's a reliable brand i never worry about quality with it. this item works great but maybe a better price would be better, i use it on my phones works great","[""i got this for my tablet have used this brand before on other things. it's a reliable brand i never worry about quality with it."", 'this item works great but maybe a better price would be better, i use it on my phones works great']"
405,this is good item it works well on my phone and i intend to buy more later. so i highly recommend this type. so far this item is great. purchased one for myself and then one for my niece for her phone for xmas. another plus the shipping was great. seemed to work as advertised. but my first one failed abruptly after one week. my smartphone failed to 34 see 34 it. but amazon replaced it at no additional charge. the second one is still working fine. my smartphone is a samsung s4g.,"['this is good item it works well on my phone and i intend to buy more later. so i highly recommend this type.', 'so far this item is great. purchased one for myself and then one for my niece for her phone for xmas. another plus the shipping was great.', 'seemed to work as advertised. but my first one failed abruptly after one week. my smartphone failed to 34 see 34 it. but amazon replaced it at no additional charge. the second one is still working fine. my smartphone is a samsung s4g.']"
406,"this was what i needed for extra space and to store more music. this works great on my samsung s4 this works great and is just what i needed for my phone to hold my 30gb and growing music collection. now i don't have to connect to the web to get my music, woohoo! it was an awesome price too. took a little long to get here, but it finally did. i admit i chose free ship, but ten days is still a quite a bit for this tiny thing. got this for a good price. works great. use it in my droid razr m. i store all my music and some important files on my phone with room to spare. great buy","['this was what i needed for extra space and to store more music. this works great on my samsung s4', ""this works great and is just what i needed for my phone to hold my 30gb and growing music collection. now i don't have to connect to the web to get my music, woohoo! it was an awesome price too. took a little long to get here, but it finally did. i admit i chose free ship, but ten days is still a quite a bit for this tiny thing."", 'got this for a good price. works great. use it in my droid razr m. i store all my music and some important files on my phone with room to spare. great buy']"
407,"my husband and i bought this for our gopro and we used to to record our vacation to mexico. we still have more than half of the space left! happy to have gotten this for a steal price! definitely a lot of space than i need for my gopro or dslr camera, but more is so much better than less! bought this specifically for my gopro hd camera for use as a dash cam, especially when driving or traveling in mexico. lots of room for recording road trip adventures.","['my husband and i bought this for our gopro and we used to to record our vacation to mexico. we still have more than half of the space left!', 'happy to have gotten this for a steal price! definitely a lot of space than i need for my gopro or dslr camera, but more is so much better than less!', 'bought this specifically for my gopro hd camera for use as a dash cam, especially when driving or traveling in mexico. lots of room for recording road trip adventures.']"
408,"it's a must to have it once u got the gopro. practical and very friendly, helps u to load as many recorded shots as possible. a necessity for the gopro i bought. this little guy holds all the info i need and makes for easy use. i'd recommend this little guy for anyone getting a gopro. good amount of space for the stuff i want to do, and fits in my gopro. what more can i say?","[""it's a must to have it once u got the gopro. practical and very friendly, helps u to load as many recorded shots as possible."", ""a necessity for the gopro i bought. this little guy holds all the info i need and makes for easy use. i'd recommend this little guy for anyone getting a gopro."", 'good amount of space for the stuff i want to do, and fits in my gopro. what more can i say?']"
409,"used primarily as a portable hard drive content back up and file transfers . working well for this application.i have this attached to a small key chain usb adapter and really like the compact nature of the microsd card i can use it to store my data it is good for my computer also , it is fast it is a great way to store data never lost i use it to hold files from my computer and transfer files from other computers it works good for this task and is quick. i would recommend this plus the price isn't bad.","['used primarily as a portable hard drive content back up and file transfers . working well for this application.i have this attached to a small key chain usb adapter and really like the compact nature of the microsd card', 'i can use it to store my data it is good for my computer also , it is fast it is a great way to store data never lost', ""i use it to hold files from my computer and transfer files from other computers it works good for this task and is quick. i would recommend this plus the price isn't bad.""]"
410,"good to have an extra one for the camera or tablet. holds a lot of data. it has such a large storage capacity in such a small package. store all your photos and data on this. if you're looking for extra storage for your device, this is it. you can store pics, songs and so much more.","['good to have an extra one for the camera or tablet. holds a lot of data.', 'it has such a large storage capacity in such a small package. store all your photos and data on this.', ""if you're looking for extra storage for your device, this is it. you can store pics, songs and so much more.""]"
411,"it's a great brand, works perfectly, i use it for my android phone and now i got tons of extra storage. great price for such a super big storage. works well and so far no problem. will highly recommend for smartphones and tablets. great price and great manufacture. the item met my needs for my new phone, i'll have ample storage now using this device.","[""it's a great brand, works perfectly, i use it for my android phone and now i got tons of extra storage."", 'great price for such a super big storage. works well and so far no problem. will highly recommend for smartphones and tablets.', ""great price and great manufacture. the item met my needs for my new phone, i'll have ample storage now using this device.""]"
412,"nice product,has plenty of space and is very quick and easy to use,it is also nice to have thereafter so you can use on many optional devices i love this product. the space is perfect for my device and it runs really fast. i thought it came at a great price too. i highly recommend this product! nice item and i have ordered several for my smartphone, tablets and so far they work great so if you need more space order","['nice product,has plenty of space and is very quick and easy to use,it is also nice to have thereafter so you can use on many optional devices', 'i love this product. the space is perfect for my device and it runs really fast. i thought it came at a great price too. i highly recommend this product!', 'nice item and i have ordered several for my smartphone, tablets and so far they work great so if you need more space order']"
413,"i use this for my phone and it works just as it should and it was totally worth the money! great place to store pictures and music for phones instead of using the phone memory so it will still run fast. i needed some space on my phone, bought this, has not given me any problems.it just works really well this is great. it gives me a lot of extra storage space for my phone. it just worked out of the box. perfect.","['i use this for my phone and it works just as it should and it was totally worth the money! great place to store pictures and music for phones instead of using the phone memory so it will still run fast.', 'i needed some space on my phone, bought this, has not given me any problems.it just works really well', 'this is great. it gives me a lot of extra storage space for my phone. it just worked out of the box. perfect.']"
414,"bought two of these for me and my daughters samsung galaxy s3, and they store so much on them. i love my phone even more. what else can i say holds a lot of my stuff! fits perfectly in my phone add no weight. buy it! got this for my phone and it is really great. it holds everything that i want to put on it.","['bought two of these for me and my daughters samsung galaxy s3, and they store so much on them. i love my phone even more.', 'what else can i say holds a lot of my stuff! fits perfectly in my phone add no weight. buy it!', 'got this for my phone and it is really great. it holds everything that i want to put on it.']"
415,"just bought 2 new windows cell phones, and of course wanted as much storage capacity possible. so far no problems with the card at all, and do not foresee any. haven't had much time to place items on this card yet. formatted to my samsung galaxy tab no problem. seems to do the job will keep you posted if problems arise? i haven't had any problems with this card. i use it with my galaxy s3. the transfer speeds have been quite fast and i didn't have to format the card. between this card and my dropbox, i don't ever foresee me running out of space.","['just bought 2 new windows cell phones, and of course wanted as much storage capacity possible. so far no problems with the card at all, and do not foresee any.', ""haven't had much time to place items on this card yet. formatted to my samsung galaxy tab no problem. seems to do the job will keep you posted if problems arise?"", ""i haven't had any problems with this card. i use it with my galaxy s3. the transfer speeds have been quite fast and i didn't have to format the card. between this card and my dropbox, i don't ever foresee me running out of space.""]"
416,got this for my son gopro and it works perfect he is able to record and take still video and pictures and the quality on playback is very good. a would recommend and buy this product again. got this for my gopro black edition to record up to 4 5 hours of video at the highest setting. very pleased with its performance and so far no errors or failures. i bought this for my go pro and it works great. i can record 9 hours of video now. thats pretty sweat compared to 2 gb 19 minute videos.,"['got this for my son gopro and it works perfect he is able to record and take still video and pictures and the quality on playback is very good. a would recommend and buy this product again.', 'got this for my gopro black edition to record up to 4 5 hours of video at the highest setting. very pleased with its performance and so far no errors or failures.', 'i bought this for my go pro and it works great. i can record 9 hours of video now. thats pretty sweat compared to 2 gb 19 minute videos.']"
417,"this works well in my galaxy s4. i use it for media storage. i did have to reseat it once as i kept getting an error about preparing sd card, but i think that was more about how i put it in my phone than about this media. i think that this is a pretty good value to extend storage on a phone.update i deducted a star because this card has a capacity of 32 billion bytes, but not 32 gb. there is a difference. the storage is actually around 29 gb because 32,000,000,000 1024 1024 1024 29.8 gb. it's still a very good value and i would still recommend it highly, but do understand that you are not getting 32 gb. this micro sd card works great in my galaxy s4. it doubled my storage space and is quick to respond. would definitely recommend to anyone who buys a new smart phone.","[""this works well in my galaxy s4. i use it for media storage. i did have to reseat it once as i kept getting an error about preparing sd card, but i think that was more about how i put it in my phone than about this media. i think that this is a pretty good value to extend storage on a phone.update i deducted a star because this card has a capacity of 32 billion bytes, but not 32 gb. there is a difference. the storage is actually around 29 gb because 32,000,000,000 1024 1024 1024 29.8 gb. it's still a very good value and i would still recommend it highly, but do understand that you are not getting 32 gb."", 'this micro sd card works great in my galaxy s4. it doubled my storage space and is quick to respond. would definitely recommend to anyone who buys a new smart phone.']"
418,"i didn't see this brand listed on the gopro website as one of the recommended cards but i've never had an issue with sandisk before so i gave it a try. it is a uhs1 card so it doesn't ever stop recording due to write errors. for the price, you can't beat the quality that comes with it. it also included a microsd to standard sd card adapter so that you don't need a different card reader if you have one for your old sd cards. i always use sandisk so they were my first and only option when i got my gopro. they are fast and they are good.can't say too much, sandisk makes the best cards, period. this is the perfect card for your gopro. all the speed and quality you need. and in the frustration free packaging also environmentally friendly.","[""i didn't see this brand listed on the gopro website as one of the recommended cards but i've never had an issue with sandisk before so i gave it a try. it is a uhs1 card so it doesn't ever stop recording due to write errors. for the price, you can't beat the quality that comes with it. it also included a microsd to standard sd card adapter so that you don't need a different card reader if you have one for your old sd cards."", ""i always use sandisk so they were my first and only option when i got my gopro. they are fast and they are good.can't say too much, sandisk makes the best cards, period."", 'this is the perfect card for your gopro. all the speed and quality you need. and in the frustration free packaging also environmentally friendly.']"
419,"despite the class 10 rating, this card has much slower write speeds than some others and there are numerous examples online of it not being fast enough to work with the high resolution video from the gopro hero 3 black edition. if you're using that camera, choose one of the cards recommended on their site. has worked flawlessly with my gopro hero 3 black since i placed it in the camera. purchased 2 top have on hand. others have their hero 3 cameras 34 freeze 34 , 34 shut down 34 , or write files that are not usable. i recommend this card to anyone needing a class 10 card that can handle the workload.half second timelapse, 2.7k hd video, 720p 120p video, not a problem for this card.","[""despite the class 10 rating, this card has much slower write speeds than some others and there are numerous examples online of it not being fast enough to work with the high resolution video from the gopro hero 3 black edition. if you're using that camera, choose one of the cards recommended on their site."", 'has worked flawlessly with my gopro hero 3 black since i placed it in the camera. purchased 2 top have on hand. others have their hero 3 cameras 34 freeze 34 , 34 shut down 34 , or write files that are not usable. i recommend this card to anyone needing a class 10 card that can handle the workload.half second timelapse, 2.7k hd video, 720p 120p video, not a problem for this card.']"
420,"can never go wrong with sandisk products. you never run into the problem of needing to reformat the disk and i usually store my music on it and plug it into my car instead of carrying an annoying ipod which needs to be synced all the time for new music. with microsd you just drag and drop hasn't even blinked in my mp3 player, and gave me loads of room for expanding my library. i trust the sandisk name with all my electronic gear. as a heavy music listener, the sandisk ultra has been my most reliable storage of music files that feeds my mp3 players. still very reliable as ever!","['can never go wrong with sandisk products. you never run into the problem of needing to reformat the disk and i usually store my music on it and plug it into my car instead of carrying an annoying ipod which needs to be synced all the time for new music. with microsd you just drag and drop', ""hasn't even blinked in my mp3 player, and gave me loads of room for expanding my library. i trust the sandisk name with all my electronic gear."", 'as a heavy music listener, the sandisk ultra has been my most reliable storage of music files that feeds my mp3 players. still very reliable as ever!']"
421,"i bought this sd card to expand the memory on my samsung tablet. i had read that the galaxy note could only be expanded up to 32gb as the sd card would have to be formated as fat32.long story short, i inserted it and without any problems or formatting it showed as 60 odd gb.noyce! bought this by accident for my samsung galaxy s3 but the phone reads it and accepts all 64 gb so i am a happy camper. worked the first time so i bought one more for my galaxy tab 2. again, no problems! awesome card!","['i bought this sd card to expand the memory on my samsung tablet. i had read that the galaxy note could only be expanded up to 32gb as the sd card would have to be formated as fat32.long story short, i inserted it and without any problems or formatting it showed as 60 odd gb.noyce!', 'bought this by accident for my samsung galaxy s3 but the phone reads it and accepts all 64 gb so i am a happy camper. worked the first time so i bought one more for my galaxy tab 2. again, no problems! awesome card!']"
422,"good card at a good price but i bought it specifically for my gopro camera. even though its a class 10, its not fast enough to record on the higher quality settings. i guess not all class 10 are the same even among the exact same cards. you will need to buy the extreme version for gopro. i purchased this card to work with my gopro and i have no complaints. i does not lag on 1080p 60fps or when i do a 10 photo burst. great product and an even better price bought this for my gopro and it works totally fine upgrade the firmware if not . it's fast and reliable, as any other card from this series by sandisk.","['good card at a good price but i bought it specifically for my gopro camera. even though its a class 10, its not fast enough to record on the higher quality settings. i guess not all class 10 are the same even among the exact same cards. you will need to buy the extreme version for gopro.', 'i purchased this card to work with my gopro and i have no complaints. i does not lag on 1080p 60fps or when i do a 10 photo burst. great product and an even better price', ""bought this for my gopro and it works totally fine upgrade the firmware if not . it's fast and reliable, as any other card from this series by sandisk.""]"
423,"i have zero complaints, this card does exactly what it should. i'm amazed by how inexpensive memory cards continue to get. these things are really useful to throw on your keychain because they're so small.update from 5 stars to 1. dead after 4 months. appears to be a fairly common issue ... let's see how the rma process goes.... what can i say...it's a memory card. aren't they all the same? no problems or issues with this product. it works as described! as always, this memory card just works. i've used sandisk products for over a dozen years and they have always worked when needed. more often, i've outgrown their capacities then worn them out.i'm happy so far.","[""i have zero complaints, this card does exactly what it should. i'm amazed by how inexpensive memory cards continue to get. these things are really useful to throw on your keychain because they're so small.update from 5 stars to 1. dead after 4 months. appears to be a fairly common issue ... let's see how the rma process goes...."", ""what can i say...it's a memory card. aren't they all the same? no problems or issues with this product. it works as described!"", ""as always, this memory card just works. i've used sandisk products for over a dozen years and they have always worked when needed. more often, i've outgrown their capacities then worn them out.i'm happy so far.""]"
424,"bought this for my new samsung galaxy s4. works great, no problems with transfer speed. no failures with it so far, so i would suggest this to anyone. works great in my samsung s4 phone. being class ten it is designed to write quickly, but somehow my phone's internal storage is faster minus one star.i have been using this for about a month with zero data loss or other problems. i got this for my samsung galaxy s5 and could not be happier. it's fast enough with the still and video camera on the phone.i have had no problems transferring files of all types from my pc or tablets. at this price it is a great buy.","['bought this for my new samsung galaxy s4. works great, no problems with transfer speed. no failures with it so far, so i would suggest this to anyone.', ""works great in my samsung s4 phone. being class ten it is designed to write quickly, but somehow my phone's internal storage is faster minus one star.i have been using this for about a month with zero data loss or other problems."", ""i got this for my samsung galaxy s5 and could not be happier. it's fast enough with the still and video camera on the phone.i have had no problems transferring files of all types from my pc or tablets. at this price it is a great buy.""]"
425,"what can you say about a memory card. i took it out of the package. i put it in my gopro. i turned the gopro on and everything worked. i have only had this for about 2 months and it is already dead. my gopro doesnt see the memory card, my pc doesnt see the memory card, both of my laptops do not see it. if you have a gopro, get a different card, it worked in mine for a while then stopped, turns out the gopro fried it, no fault of gopro but through sandisks error, sandisk will replace it but it can get fried again. i've read up on it and it's a common issue, so if you use this for a gopro, get a samsung or patriot or something else to be on the safe side.","['what can you say about a memory card. i took it out of the package. i put it in my gopro. i turned the gopro on and everything worked.', 'i have only had this for about 2 months and it is already dead. my gopro doesnt see the memory card, my pc doesnt see the memory card, both of my laptops do not see it.', ""if you have a gopro, get a different card, it worked in mine for a while then stopped, turns out the gopro fried it, no fault of gopro but through sandisks error, sandisk will replace it but it can get fried again. i've read up on it and it's a common issue, so if you use this for a gopro, get a samsung or patriot or something else to be on the safe side.""]"
426,"bought this for use with a gopro 3 black. it works as advertised and has plenty of room for photos and video. i have yet to fill this card up recording time lapse for a period of 24 hours. this card is both small and large at the same time. it's micro size but high capacity are perfect and works well with my goprc hero 3. recording in 1080p is not an issue either. the class 10 rating allows the gopro to do its thing and the card is able to keep up with the high mb transfer rate. purchased this for the gopro hero 3.i use the gopro to record in car footage at the track. this memory card fits a whole weekend event, which is about four hours of footage at 720p.","['bought this for use with a gopro 3 black. it works as advertised and has plenty of room for photos and video. i have yet to fill this card up recording time lapse for a period of 24 hours.', ""this card is both small and large at the same time. it's micro size but high capacity are perfect and works well with my goprc hero 3. recording in 1080p is not an issue either. the class 10 rating allows the gopro to do its thing and the card is able to keep up with the high mb transfer rate."", 'purchased this for the gopro hero 3.i use the gopro to record in car footage at the track. this memory card fits a whole weekend event, which is about four hours of footage at 720p.']"
427,"works well in my galaxy note ii. i've bought many sandisk memory cards and never experienced a failure, even the 256mb sd card purchased for a palm pilot still works. the card i received works perfectly in my samsung note 2. it comes with a converter to normal sd size, and i used it to copy music and photos from my imac to the card. it picked up straight away in my mobile device and works fast enough for taking pictures and videos with the mobile.delivery was fast as usual from amazon, and packaging was good.on a sidenote, i own a couple of dslr cameras and generally prefer the sandisk brand for my memory cards. i've seen other brands fail at the most inappropriate of times, but never had a failure on a sandisk.","[""works well in my galaxy note ii. i've bought many sandisk memory cards and never experienced a failure, even the 256mb sd card purchased for a palm pilot still works."", ""the card i received works perfectly in my samsung note 2. it comes with a converter to normal sd size, and i used it to copy music and photos from my imac to the card. it picked up straight away in my mobile device and works fast enough for taking pictures and videos with the mobile.delivery was fast as usual from amazon, and packaging was good.on a sidenote, i own a couple of dslr cameras and generally prefer the sandisk brand for my memory cards. i've seen other brands fail at the most inappropriate of times, but never had a failure on a sandisk.""]"
428,"called gopro they recommended this specific card. they said the 64gb cards have been causing problems. you can run your gopro hero3 with 2x batteries attached to it, and you still won't fill up this card even on hd video .i went on a 2 week surf voyage across hawaii and 2 of these badboys documented my whole trip! if your not sure what card to use in your gopro this one works fantastic. the majority of stuff ive seen researching it points to these. with the exception of some issues with the 64gb. but i cant validate that and im not sure its still a problem. ive been using these for about 3 years now with no problems. after i ordered my gopro hero 3 black i started searching for a good microsd card and everywhere i looked they wanted like 80for a 64gb and digging around on ebay get's retarded at times then by chance i found this one for 55 ttd and the performance is awesomei tell you all if you are in the market for a gopro hero3 black get this card to go with it you wont be sorry....","[""called gopro they recommended this specific card. they said the 64gb cards have been causing problems. you can run your gopro hero3 with 2x batteries attached to it, and you still won't fill up this card even on hd video .i went on a 2 week surf voyage across hawaii and 2 of these badboys documented my whole trip!"", 'if your not sure what card to use in your gopro this one works fantastic. the majority of stuff ive seen researching it points to these. with the exception of some issues with the 64gb. but i cant validate that and im not sure its still a problem. ive been using these for about 3 years now with no problems.', ""after i ordered my gopro hero 3 black i started searching for a good microsd card and everywhere i looked they wanted like 80for a 64gb and digging around on ebay get's retarded at times then by chance i found this one for 55 ttd and the performance is awesomei tell you all if you are in the market for a gopro hero3 black get this card to go with it you wont be sorry....""]"
429,"after a long research about the sd cards. i came across this deal. i wanted an sd card for my new samsung note 3. none of the review was talking about note 3. most of the reviews were either about note 2 or s4.a few reviews were talking about possible problem of not able to recognize the card and getting into the cycle where you have to call sandisk. i was not sure to go for it or not. although choices were very thin. samsung cards were way out of my budget.so i decided to take a chance and i am happy that i did.it's working smoothly. no need to format. just works great. one star for not exactly 64 gb. it shows up 59gb.i will again update this post after 1 month. when i will really sure it has no problem this is my 3rd sandisk micro sd card for my 3rd android device, and just like its predecessors, the ultra 64gb micro sdxc class 10 worked flawlessly in my sch i605 samsung galaxy note 2.i simply inserted the card, power cycled the device, and once rebooted, the note 2 recognized an unformatted sd card and asked if i would like for it to be formatted in order to be read. once i chose yes, i now had an additional, fully usable micro sd card that i use for media and ebook reading storage.the response time is excellent, so i have no complaints on performance.i also love the fact that i ordered this at 3pm on thanksgiving day when i was alerted of the 39.99 price tag. this is the second time i have purched this sandisk card. i have one in my note 3 and now one in my new galaxy note pro 12.2. i really wanted the 128gb for my pro but the price was too high for me to justify spending around 120 when this one is currently around 43. i hope the price drops soon on the 128gb! this was simple to install and didn't require formatting on either device, just plug and save. it was that easy.","[""after a long research about the sd cards. i came across this deal. i wanted an sd card for my new samsung note 3. none of the review was talking about note 3. most of the reviews were either about note 2 or s4.a few reviews were talking about possible problem of not able to recognize the card and getting into the cycle where you have to call sandisk. i was not sure to go for it or not. although choices were very thin. samsung cards were way out of my budget.so i decided to take a chance and i am happy that i did.it's working smoothly. no need to format. just works great. one star for not exactly 64 gb. it shows up 59gb.i will again update this post after 1 month. when i will really sure it has no problem"", 'this is my 3rd sandisk micro sd card for my 3rd android device, and just like its predecessors, the ultra 64gb micro sdxc class 10 worked flawlessly in my sch i605 samsung galaxy note 2.i simply inserted the card, power cycled the device, and once rebooted, the note 2 recognized an unformatted sd card and asked if i would like for it to be formatted in order to be read. once i chose yes, i now had an additional, fully usable micro sd card that i use for media and ebook reading storage.the response time is excellent, so i have no complaints on performance.i also love the fact that i ordered this at 3pm on thanksgiving day when i was alerted of the 39.99 price tag.', ""this is the second time i have purched this sandisk card. i have one in my note 3 and now one in my new galaxy note pro 12.2. i really wanted the 128gb for my pro but the price was too high for me to justify spending around 120 when this one is currently around 43. i hope the price drops soon on the 128gb! this was simple to install and didn't require formatting on either device, just plug and save. it was that easy.""]"
430,"i got this for my gopro hero3 and so far its working great. the gopro's really eat up the flash memory so i bought 3 of the 32 gb models. i suggest that unless you are going on a particularly long scuba dive or adventure, you should get the 32 gb over the 64 gb cards as it spreads out the risk of any one card failure causing loss of all your videos. i got this to use in my gopro hero 3 and it fit and worked well. since that camera did not come with a micro sd i was forced to find one and i choose this one because it was the cheapest i could find at the time. this made me a little weary of the product but after receiving and using it i have no complaints. it stores and preview the pictures videos to the highest resolution and hd quality i had to preview them on. i looked at the pictures and videos on my 60 inch tv and it was like watching hd tv.","[""i got this for my gopro hero3 and so far its working great. the gopro's really eat up the flash memory so i bought 3 of the 32 gb models. i suggest that unless you are going on a particularly long scuba dive or adventure, you should get the 32 gb over the 64 gb cards as it spreads out the risk of any one card failure causing loss of all your videos."", 'i got this to use in my gopro hero 3 and it fit and worked well. since that camera did not come with a micro sd i was forced to find one and i choose this one because it was the cheapest i could find at the time. this made me a little weary of the product but after receiving and using it i have no complaints. it stores and preview the pictures videos to the highest resolution and hd quality i had to preview them on. i looked at the pictures and videos on my 60 inch tv and it was like watching hd tv.']"
431,"i got this because the gopro hero3 doesn't come with any memory cards whatsoever.works great, especially for 4k recording on the hero3 black edition.these things are so small though, easy to lose if you don't keep it in the camera, or in the adapter.super fast download with a usb 3.0 memory card reader. i bought this memory chip for a gopro hero 3 camera. it works beautifully and it arrived promptly with little packaging. this memory card works great with my new gopro hero 3 black. the footage looks incredible, and the filming time allows me to get a solid 45 minutes of action in.","[""i got this because the gopro hero3 doesn't come with any memory cards whatsoever.works great, especially for 4k recording on the hero3 black edition.these things are so small though, easy to lose if you don't keep it in the camera, or in the adapter.super fast download with a usb 3.0 memory card reader."", 'i bought this memory chip for a gopro hero 3 camera. it works beautifully and it arrived promptly with little packaging.', 'this memory card works great with my new gopro hero 3 black. the footage looks incredible, and the filming time allows me to get a solid 45 minutes of action in.']"
432,works great with the gopro camera!i can get about 3 days of kayaking video and photos on it.price was fair. worked for me and at great amazon price. in my hero 2 gopro's doing video's at least once or twice a week for over months.,"['works great with the gopro camera!i can get about 3 days of kayaking video and photos on it.price was fair.', ""worked for me and at great amazon price. in my hero 2 gopro's doing video's at least once or twice a week for over months.""]"
433,"i bought this item to use in my gopro hero 3 because it's what they sell on the gopro website, but can be had a lot cheaper on amazon. have yet to have problems with the card. use in my go pro hero 3 works just as would be expected for a memory card. price was good. the memory card works as advertised and i have had no issues while using it with my gopro hero 3.","[""i bought this item to use in my gopro hero 3 because it's what they sell on the gopro website, but can be had a lot cheaper on amazon. have yet to have problems with the card."", 'use in my go pro hero 3 works just as would be expected for a memory card. price was good.', 'the memory card works as advertised and i have had no issues while using it with my gopro hero 3.']"
434,"i would recommend this card to everyone.data transfer speeds excellent with this card on my galaxy s2. didn't need to format the card or anything. i am 100 satisfied. this card is fast, works really well with my s3 and prepare to last. the app is good not the best but it gives you the option to back up your phone fast card, reliable performance. got this card for my galaxy s3, no compatibility issues. would buy again for in a heart beat.","[""i would recommend this card to everyone.data transfer speeds excellent with this card on my galaxy s2. didn't need to format the card or anything. i am 100 satisfied."", 'this card is fast, works really well with my s3 and prepare to last. the app is good not the best but it gives you the option to back up your phone', 'fast card, reliable performance. got this card for my galaxy s3, no compatibility issues. would buy again for in a heart beat.']"
435,"i've had the item 12 months. i've always had minor problems. it just recently started freezing and rebooting my devices. 2 gs3's, currently s4. sandisk is sending me a new one. and you wouldn't believe what sandisk put me through to get a warranty replacement. however i finally got the replacement and it has been working fine ever since. i bought this on october 9th and didn't start using it for about a week after i received it on the 11th. well two days ago it died a quick death, i can't even format it! so after all these years of buying sandisk products i guess i will give in and start paying a little more for kingston it seems as though sandisk is getting to be a cheaply built product. you would think that a product this small and inexpensive would be able to be replaced without cost within the first 90 days but that is my fault for not reading the fine print so lesson learned. buy it right and buy it once so go with something else!","[""i've had the item 12 months. i've always had minor problems. it just recently started freezing and rebooting my devices. 2 gs3's, currently s4. sandisk is sending me a new one."", ""and you wouldn't believe what sandisk put me through to get a warranty replacement. however i finally got the replacement and it has been working fine ever since."", ""i bought this on october 9th and didn't start using it for about a week after i received it on the 11th. well two days ago it died a quick death, i can't even format it! so after all these years of buying sandisk products i guess i will give in and start paying a little more for kingston it seems as though sandisk is getting to be a cheaply built product. you would think that a product this small and inexpensive would be able to be replaced without cost within the first 90 days but that is my fault for not reading the fine print so lesson learned. buy it right and buy it once so go with something else!""]"
436,"comes with a lifetime warranty. had one fail once, sent it back to sandisk, they sent me a new one!i have been using sandisk for years. that was the only time one ever failed!!! first two order of this item were fails. they both failed around six months of use. however, sandisk honored their warranty and completely replaced the items. still using it, and pretty happy. the first unit i received had the dreaded defect where it would disconnect then reconnect which was super annoying. sandisk has a very nice online warranty software in place and since it was a known issue they were speedy with a replacement. the new unit works perfectly and provides plenty of space. as a manufacture it was nice to be treated as i treat my customers from such a larger company.","['comes with a lifetime warranty. had one fail once, sent it back to sandisk, they sent me a new one!i have been using sandisk for years. that was the only time one ever failed!!!', 'first two order of this item were fails. they both failed around six months of use. however, sandisk honored their warranty and completely replaced the items. still using it, and pretty happy.', 'the first unit i received had the dreaded defect where it would disconnect then reconnect which was super annoying. sandisk has a very nice online warranty software in place and since it was a known issue they were speedy with a replacement. the new unit works perfectly and provides plenty of space. as a manufacture it was nice to be treated as i treat my customers from such a larger company.']"
437,it installed and is working without any problems in my samsung note 2. price was very good for the price. no problems at all using this in my samsung galaxy s iii. fit right in and started working. i would suggest this to anyone works great in the phone and it had no issues installing it.great price and works well for the price,"['it installed and is working without any problems in my samsung note 2. price was very good for the price.', 'no problems at all using this in my samsung galaxy s iii. fit right in and started working. i would suggest this to anyone', 'works great in the phone and it had no issues installing it.great price and works well for the price']"
438,"this memory works in samsung smartphones .it is a fast memorysandisk is the most reliable memories in the market works great in my samsung galaxy s4. well worth the money and the price is affordable. a great sd card. works great in my samsung galaxy s4. hold a lot of data files, photos, and apps. i may never use the full capacity of this reliable microsdxc class 10 card.","['this memory works in samsung smartphones .it is a fast memorysandisk is the most reliable memories in the market', 'works great in my samsung galaxy s4. well worth the money and the price is affordable. a great sd card.', 'works great in my samsung galaxy s4. hold a lot of data files, photos, and apps. i may never use the full capacity of this reliable microsdxc class 10 card.']"
439,works great in my gopro3 camera. no dropped frames so far.arrived on time. good price. would recommend this item. i have no complaints. it works great in my gopro. i never worry about running out of space when filming on dives. i usually go on multiple dives in one day and shoot a lot of 20 30 second video clips to share with family and friends on the web. i never come close to running out of storage space. there was absolutely no issue with compatibility with my gopro. works well in my gopro even though it wasn't one of the gopro recommended ones. a good buy that has the speed for movies and big pictures.,"['works great in my gopro3 camera. no dropped frames so far.arrived on time. good price. would recommend this item.', 'i have no complaints. it works great in my gopro. i never worry about running out of space when filming on dives. i usually go on multiple dives in one day and shoot a lot of 20 30 second video clips to share with family and friends on the web. i never come close to running out of storage space. there was absolutely no issue with compatibility with my gopro.', ""works well in my gopro even though it wasn't one of the gopro recommended ones. a good buy that has the speed for movies and big pictures.""]"
440,"works as it should. i use it with my gopro hero 3 and i have not had any issues. holds tons of footage. i have 4 of these and it is overkill but they were so cheap that why not. better to have it and not need it than need it and not have it. works as expected, at a great price! i install in a gopro hero3 and have no problems recording or playing back video. seems to work good in my gopro have only had it a few days and if i have problems with it in coming months i will update this.. for not.. it works...","['works as it should. i use it with my gopro hero 3 and i have not had any issues. holds tons of footage. i have 4 of these and it is overkill but they were so cheap that why not. better to have it and not need it than need it and not have it.', 'works as expected, at a great price! i install in a gopro hero3 and have no problems recording or playing back video.', 'seems to work good in my gopro have only had it a few days and if i have problems with it in coming months i will update this.. for not.. it works...']"
441,"works just fine for the go pro i bought a few months ago. it's works just great for what it's made for. i bought this for use with my gopro hero 3 silver and i have had no complaints. trhgtr thth h r good value for the money, shipping was a little longer than i expected, but it was worth the wait considering the price. works great with my go pro hero 3 black edition.","[""works just fine for the go pro i bought a few months ago. it's works just great for what it's made for."", 'i bought this for use with my gopro hero 3 silver and i have had no complaints. trhgtr thth h r', 'good value for the money, shipping was a little longer than i expected, but it was worth the wait considering the price. works great with my go pro hero 3 black edition.']"
442,works as expected. love the great price and use it with my gopro3. i would definitely recommend this to everyone. bought this over a month ago and it still works great. been using it in my gopro 3 snowboarding taking some heavy falls and have had zero issues! what can you say? it works like advertised and has a flair for its design. fantastic for my gopro here 3. now i just have to get more!,"['works as expected. love the great price and use it with my gopro3. i would definitely recommend this to everyone.', 'bought this over a month ago and it still works great. been using it in my gopro 3 snowboarding taking some heavy falls and have had zero issues!', 'what can you say? it works like advertised and has a flair for its design. fantastic for my gopro here 3. now i just have to get more!']"
443,"card works great in my gopro hero 3 white edition. i did a 48 hour time lapse and had no issues whatsoever with corrupted data or missing files. i've always had good experiences with sandisk products and recommend them to everyone. works perfectly in my gopro hero3. can't ask for more for the price. no issues with the card to date. this micro card works well with my go pro hero3 , does what you would expect a micro sd card to do.","[""card works great in my gopro hero 3 white edition. i did a 48 hour time lapse and had no issues whatsoever with corrupted data or missing files. i've always had good experiences with sandisk products and recommend them to everyone."", ""works perfectly in my gopro hero3. can't ask for more for the price. no issues with the card to date."", 'this micro card works well with my go pro hero3 , does what you would expect a micro sd card to do.']"
444,"this works with my galaxy s4 and is fast enough to record 1080p video. i would purchase again i have always had good luck with sandisk cards. using this in my galaxy s4 and it works fairly well. i've transfered a bunch of files from the pc via a usb 3.0 memory card reader and ya know, it's not blazing fast but it's pretty good for what it is. it's certainly a lot more tolerable than pretty much any other microsd card i've used.that said, you get a minimum write speed that's good enough for 1080p video on a cell phone or other mobile device and will probably lead to faster times between shots if you use it in a camera phone, if for no other reason than it takes less time to write the picture you just took to the disk vs say a cheaper sd card.it's a microsd card, i haven't had any problems. go for it.","['this works with my galaxy s4 and is fast enough to record 1080p video. i would purchase again i have always had good luck with sandisk cards.', ""using this in my galaxy s4 and it works fairly well. i've transfered a bunch of files from the pc via a usb 3.0 memory card reader and ya know, it's not blazing fast but it's pretty good for what it is. it's certainly a lot more tolerable than pretty much any other microsd card i've used.that said, you get a minimum write speed that's good enough for 1080p video on a cell phone or other mobile device and will probably lead to faster times between shots if you use it in a camera phone, if for no other reason than it takes less time to write the picture you just took to the disk vs say a cheaper sd card.it's a microsd card, i haven't had any problems. go for it.""]"
445,"it works as expected. i use one of these on my samsung galaxy s4 and another on my asus transformer. no problems so far. bought it for my phone, a samsung galaxy siii. seems to work just fine. not much else to say. it does what it is suppose to do. i bought two of these. one for my galaxy s3 and the other for my samsung tablet. had no problems using it with either one. a definite must have.","['it works as expected. i use one of these on my samsung galaxy s4 and another on my asus transformer. no problems so far.', 'bought it for my phone, a samsung galaxy siii. seems to work just fine. not much else to say. it does what it is suppose to do.', 'i bought two of these. one for my galaxy s3 and the other for my samsung tablet. had no problems using it with either one. a definite must have.']"
446,"quick and easy just insert into sd slot and gives you about 32 gb of external storage. i like it. this sandisk ultra micro sdhc memory card is a great example of how technology has made our live's simpler, better and richer. no prep necessary just remove it from the packaging, and plug and play. i use mine in my samsung galaxy tab 2 7.0 as its external memory to hold all my music, pictures and videos, and it runs flawlessly. i haven't had a chance to use the adapter yet, although i have devices that take it. it's a nice addition, one i think should be standard these days with this type of technology.price was very competitive, the packaging was excellent, and the product arrived sooner than expected. overall, i had a great experience with this purchase. i usually go with the big names for electronics, and it's not let me down yet. i highly recommend this product. plug and play simplicity. popped it in and it works. didn't even need to format it. i believe sandisk said it was formatted as 'exfat' so i'm good with that and so is my wife's phone. it shows approximately 119gb before use. holds a whole heap of photos and videos.","['quick and easy just insert into sd slot and gives you about 32 gb of external storage. i like it.', ""this sandisk ultra micro sdhc memory card is a great example of how technology has made our live's simpler, better and richer. no prep necessary just remove it from the packaging, and plug and play. i use mine in my samsung galaxy tab 2 7.0 as its external memory to hold all my music, pictures and videos, and it runs flawlessly. i haven't had a chance to use the adapter yet, although i have devices that take it. it's a nice addition, one i think should be standard these days with this type of technology.price was very competitive, the packaging was excellent, and the product arrived sooner than expected. overall, i had a great experience with this purchase. i usually go with the big names for electronics, and it's not let me down yet. i highly recommend this product."", ""plug and play simplicity. popped it in and it works. didn't even need to format it. i believe sandisk said it was formatted as 'exfat' so i'm good with that and so is my wife's phone. it shows approximately 119gb before use. holds a whole heap of photos and videos.""]"
447,"i use this primarily to store music and photos on my sd card. the camera writes to the card directly and i notice no difference in speed. i haven't had any formatting issues. first thing i did when i popped this into my phone was format it using the built in option under 34 settings. 34 it has worked flawlessly for over a month. no formatting needed. plug it in and it just works.best buy sells this same card for 100. they do price matching if you can't wait for this to be shipped. i purchased two of these for my wife's and my phone. we've had no issues whatsoever with formatting and placing files onto this card. you really can't go wrong with this purchase, except if the price is a bit too much.","[""i use this primarily to store music and photos on my sd card. the camera writes to the card directly and i notice no difference in speed. i haven't had any formatting issues. first thing i did when i popped this into my phone was format it using the built in option under 34 settings. 34 it has worked flawlessly for over a month."", ""no formatting needed. plug it in and it just works.best buy sells this same card for 100. they do price matching if you can't wait for this to be shipped."", ""i purchased two of these for my wife's and my phone. we've had no issues whatsoever with formatting and placing files onto this card. you really can't go wrong with this purchase, except if the price is a bit too much.""]"
448,"whenever i get these cards, the first thing i do is connect it to my windows 7 or 8 computers, and run this program to format it to fat32. here's the link to the free program ... many phones, cameras and tablets, need the card to be in fat32 format, and sadly, it's not an option in windows these days. you can select ntfs or exfat, but no option for fat32 when it comes to this card.using that program, you can format the card, then load it with whatever music or videos, and the card will work fine in your device.the 4 cards i have have never failed me in the past year, recommended buyer beware card unreadable from the get go. luck for me amazon helped me out. there are many others on here that know how to format to fat32 threw window 7 and have had same issues.","[""whenever i get these cards, the first thing i do is connect it to my windows 7 or 8 computers, and run this program to format it to fat32. here's the link to the free program ... many phones, cameras and tablets, need the card to be in fat32 format, and sadly, it's not an option in windows these days. you can select ntfs or exfat, but no option for fat32 when it comes to this card.using that program, you can format the card, then load it with whatever music or videos, and the card will work fine in your device.the 4 cards i have have never failed me in the past year, recommended"", 'buyer beware card unreadable from the get go. luck for me amazon helped me out. there are many others on here that know how to format to fat32 threw window 7 and have had same issues.']"
449,"these work great in a gopro hero 3 black. works well with my hero3 black gopro.its not on the approved micro sd hc card list from gopro, but it should. works great and low cost cant beat it. i ordered these to work in my gopro hero3 black and they have worked well. they came with an sd memory card adapter perfect for my high speed card readers.","['these work great in a gopro hero 3 black.', 'works well with my hero3 black gopro.its not on the approved micro sd hc card list from gopro, but it should. works great and low cost cant beat it.', 'i ordered these to work in my gopro hero3 black and they have worked well. they came with an sd memory card adapter perfect for my high speed card readers.']"
450,"i routinely use sdxc cards up to 128gb, and this card was unreadable on arrival. both of my pcs said it needed to be formatted, and as a last resort i let one of them try windows 7 i7with up to date sdxc drivers , and it could not format it. it's on its way back to amazon. i'm glad their returns are so easy! not a good typer or speller here is what i didsince i could not format it on my pc running windows 8 pro or any of my cellphones running android versions of 2.3.1 from republic wireless .on my canon vixia hf m41 dual card camrcorder i formated the card but the thing is, it still read as exfatso i mounted it onto my samsung galaxy 10.1 anyway and it said something about corrupt files or what ever and it asked if i wanted to format and i press ok and yeap it works now it reads about 54 gigs and some. got this 64 gig baby for 19.89 from amazon warehouse deals. i bought two but they cancelled one for no stock but it was still showing stock, oh well all i really needed was one i just got greedy. 32 gb card is unredable...tablet cant read it, camera cant read it... unable to format it... and i dont havve 20 words...i have 30 less...","[""i routinely use sdxc cards up to 128gb, and this card was unreadable on arrival. both of my pcs said it needed to be formatted, and as a last resort i let one of them try windows 7 i7with up to date sdxc drivers , and it could not format it. it's on its way back to amazon. i'm glad their returns are so easy!"", 'not a good typer or speller here is what i didsince i could not format it on my pc running windows 8 pro or any of my cellphones running android versions of 2.3.1 from republic wireless .on my canon vixia hf m41 dual card camrcorder i formated the card but the thing is, it still read as exfatso i mounted it onto my samsung galaxy 10.1 anyway and it said something about corrupt files or what ever and it asked if i wanted to format and i press ok and yeap it works now it reads about 54 gigs and some. got this 64 gig baby for 19.89 from amazon warehouse deals. i bought two but they cancelled one for no stock but it was still showing stock, oh well all i really needed was one i just got greedy.', '32 gb card is unredable...tablet cant read it, camera cant read it... unable to format it... and i dont havve 20 words...i have 30 less...']"
451,"bought this to add memory to a 16 gig samsung gallaxy 3.easy to install, and was recognized right away by the phone without need to format.note the sd to micro sd adapter that ships with it, is a little tight.when i mounted the memory card in the adapter, it was tight, and very hard to remove, the first 6 7 times. i plugged this into my galaxy s3 and the memory was read immediately without having to reformat the disc or do any other preparation. it was just plug and play. 32gb was plenty of space to put my music collection and still have space for recording hd video in addition to the on board hard disc of the phone . the phone even prompted me as to change the default location of photos and videos.","['bought this to add memory to a 16 gig samsung gallaxy 3.easy to install, and was recognized right away by the phone without need to format.note the sd to micro sd adapter that ships with it, is a little tight.when i mounted the memory card in the adapter, it was tight, and very hard to remove, the first 6 7 times.', 'i plugged this into my galaxy s3 and the memory was read immediately without having to reformat the disc or do any other preparation. it was just plug and play. 32gb was plenty of space to put my music collection and still have space for recording hd video in addition to the on board hard disc of the phone . the phone even prompted me as to change the default location of photos and videos.']"
452,"bought it for my gopro hero3 camera silver edition .working without any problems. fast!was pleasantly surprised of the good quality memory card adapter! now can turn it into my laptop directly. used it on my gopro hero 3 and works great found sandisk to always make excellent products. money well spent. works perfectly with my gopro 3. no issues with write times and works as expected. no issues with losing anything stored or corruption, which is highly important for anything camera related.","['bought it for my gopro hero3 camera silver edition .working without any problems. fast!was pleasantly surprised of the good quality memory card adapter! now can turn it into my laptop directly.', 'used it on my gopro hero 3 and works great found sandisk to always make excellent products. money well spent.', 'works perfectly with my gopro 3. no issues with write times and works as expected. no issues with losing anything stored or corruption, which is highly important for anything camera related.']"
453,"good sd card does its good job i purchased mine the 64gb for my note 2 highly recommend it try it i bought this card to expand the memory in my note ii. works well, no complaints so far. will probably purchase a 64 gb when this one fills up. i bought this memory card for my galaxy note 2 phone. i saved a lot of money by purchasing the 16gb phone and just buying this memory card. i haven't came close to filling it up yet, but when i do, i'll just upgrade to the 64gb version of this card. great product! fast shipping! great price!","['good sd card does its good job i purchased mine the 64gb for my note 2 highly recommend it try it', 'i bought this card to expand the memory in my note ii. works well, no complaints so far. will probably purchase a 64 gb when this one fills up.', ""i bought this memory card for my galaxy note 2 phone. i saved a lot of money by purchasing the 16gb phone and just buying this memory card. i haven't came close to filling it up yet, but when i do, i'll just upgrade to the 64gb version of this card. great product! fast shipping! great price!""]"
454,"i bought this 64 gb unit for my new samsung galaxy s iv. i wanted the maximum size for music and the copious number of pictures i take of my kids and other things.i like the read and write speed on this card. i like the size but would have been happier with a bigger card but this is the max for my phone.always happy with sandisk, you will not be sorry you paid a little more.edit should not have put they have never let me down in the title! 3 months in, i have been having problems with the sd card slot on my galaxy s4. not sure if it is the phone or the sd card moving in the slot. t mobile have sent me a new phone so we shall see.edit 2 4 months in and i am having more problems with the same card. i received a new phone from t mobile and the same problem continues to occur. i have formatted the card twice and this gives a little time before the problem reoccurs. i have spoken to sandisk and will call them again to have this card replaced. i will let you know how this goes. the first one i received kept unmounting from my samsung galaxy s4. it was a new phone so i wasn't sure if the problem was the memory card or the phone, but i sent the card back for a replacement and the second one has worked fine. just under 6000 songs loaded uses just over half the space. love that!","['i bought this 64 gb unit for my new samsung galaxy s iv. i wanted the maximum size for music and the copious number of pictures i take of my kids and other things.i like the read and write speed on this card. i like the size but would have been happier with a bigger card but this is the max for my phone.always happy with sandisk, you will not be sorry you paid a little more.edit should not have put they have never let me down in the title! 3 months in, i have been having problems with the sd card slot on my galaxy s4. not sure if it is the phone or the sd card moving in the slot. t mobile have sent me a new phone so we shall see.edit 2 4 months in and i am having more problems with the same card. i received a new phone from t mobile and the same problem continues to occur. i have formatted the card twice and this gives a little time before the problem reoccurs. i have spoken to sandisk and will call them again to have this card replaced. i will let you know how this goes.', ""the first one i received kept unmounting from my samsung galaxy s4. it was a new phone so i wasn't sure if the problem was the memory card or the phone, but i sent the card back for a replacement and the second one has worked fine. just under 6000 songs loaded uses just over half the space. love that!""]"
455,"i bought this card when i got my note 2 back in october, it is perfect and fast. no problems in any way and fully compatible with my device.update 1 15 14 i bought a second card for my note 3 and it it excellent. the frustration free packaging was much appreciated from the other packing last year. my first original card got corrupted when i put it in an old feature phone but i am confident it had nothing to do with the card in any way. i have tested these cards with the galaxy note 2, note 3, note 10.1 2014 and tab 3 7 and they all read the card no problem. i have been extremely satisfied so far. works great in my note ii. no issues. reads and writes fast. no corrupted files and my note ii had no issues reading this card. my friend bought an off brand card because it was cheaper and every so often he gets a 34 card not found 34 error. good buy. added this card to my note 2 for massive storage capacity. phone recognized the card without any issues and it's been solid since its installation. read write when plugged into a computer is blazing fast.","['i bought this card when i got my note 2 back in october, it is perfect and fast. no problems in any way and fully compatible with my device.update 1 15 14 i bought a second card for my note 3 and it it excellent. the frustration free packaging was much appreciated from the other packing last year. my first original card got corrupted when i put it in an old feature phone but i am confident it had nothing to do with the card in any way. i have tested these cards with the galaxy note 2, note 3, note 10.1 2014 and tab 3 7 and they all read the card no problem. i have been extremely satisfied so far.', 'works great in my note ii. no issues. reads and writes fast. no corrupted files and my note ii had no issues reading this card. my friend bought an off brand card because it was cheaper and every so often he gets a 34 card not found 34 error. good buy.', ""added this card to my note 2 for massive storage capacity. phone recognized the card without any issues and it's been solid since its installation. read write when plugged into a computer is blazing fast.""]"
456,"plugged in and worked out of the box in my samsung note 2 verizon . using an app to test the speed while it's in my note, was hitting 8 15 mb s for writing avg high 8s , consistently in the 10mb s for reading, so this seems like a legit class 10, and i don't think the write test really worked the greatest for whatever reason. i'm with winxp still, but to anyone else wondering, the exfat format the card comes in is what you want, don't format to fat32 if you computer can't read it, your phone tablet etc. most likely will read it fine. purchased it for use on my samsung tab 2 as well as my note 3.the msd card came with 3 possible formatting ntfs fat exfat. the default is exfat, and there seemed to be some comments saying that certain devices might not be able to read exfat.being the smart alec i am, i decided to format it to ntfs, assuming that my android devices will work with it. tab2 was not able to read ntfs, and i had to reformat it back to fat in order to get it work.subsequently, i tried using those usb sd card reader those that looks like a tiny usb drive and realised that apparently the sd card formatting is too new, and it simply will not register as 64gb, but can only read up to 32gb.have not tried on note 3 yet, but should work seeing that the technology is pretty on par. by default it's formatted in exfat, so don't expect your devices will recognize it if they don't support this system. the ms standard allows only 32 gb for fat32. but who cares? there are free tools to format all 64 as fat32. i personally used linux and got it done in couple minutes. it was recognized by samsung tablet note 10.1 right away. i will definitely buy one more for my other devices. one point to the people complaining about the speed. both your device and adapter should support the speeds over 20 mb s. if you try to use test this card using usb2, then don't complain. you got what you wanted.","[""plugged in and worked out of the box in my samsung note 2 verizon . using an app to test the speed while it's in my note, was hitting 8 15 mb s for writing avg high 8s , consistently in the 10mb s for reading, so this seems like a legit class 10, and i don't think the write test really worked the greatest for whatever reason. i'm with winxp still, but to anyone else wondering, the exfat format the card comes in is what you want, don't format to fat32 if you computer can't read it, your phone tablet etc. most likely will read it fine."", 'purchased it for use on my samsung tab 2 as well as my note 3.the msd card came with 3 possible formatting ntfs fat exfat. the default is exfat, and there seemed to be some comments saying that certain devices might not be able to read exfat.being the smart alec i am, i decided to format it to ntfs, assuming that my android devices will work with it. tab2 was not able to read ntfs, and i had to reformat it back to fat in order to get it work.subsequently, i tried using those usb sd card reader those that looks like a tiny usb drive and realised that apparently the sd card formatting is too new, and it simply will not register as 64gb, but can only read up to 32gb.have not tried on note 3 yet, but should work seeing that the technology is pretty on par.', ""by default it's formatted in exfat, so don't expect your devices will recognize it if they don't support this system. the ms standard allows only 32 gb for fat32. but who cares? there are free tools to format all 64 as fat32. i personally used linux and got it done in couple minutes. it was recognized by samsung tablet note 10.1 right away. i will definitely buy one more for my other devices. one point to the people complaining about the speed. both your device and adapter should support the speeds over 20 mb s. if you try to use test this card using usb2, then don't complain. you got what you wanted.""]"
457,"i bought this for use in my new gopro hero3 black and it works great. i like the fact that it comes with an adapter, though i really wish that we'd move to usb adapters as the standard accessory . highly recommend. i bought this for my new gopro3 black. it works wonderfully! i totally recommend it if you're looking for some high quality and speed i bought it to my gopro 3 black and it worked very good with videos at 1080p...very cheap compared with the prices at best buy.","[""i bought this for use in my new gopro hero3 black and it works great. i like the fact that it comes with an adapter, though i really wish that we'd move to usb adapters as the standard accessory . highly recommend."", ""i bought this for my new gopro3 black. it works wonderfully! i totally recommend it if you're looking for some high quality and speed"", 'i bought it to my gopro 3 black and it worked very good with videos at 1080p...very cheap compared with the prices at best buy.']"
458,"i use this with my gopro hero 3 camera and it works great, no issues and perfect size and price. i purchased this for my gopro hero 3 . it works just fine i have not complaints. i would recommend this item. i bought this for my gopro hero 3 silver edition. works like a champ. havnt had any issues. definitly would purchase again.","['i use this with my gopro hero 3 camera and it works great, no issues and perfect size and price.', 'i purchased this for my gopro hero 3 . it works just fine i have not complaints. i would recommend this item.', 'i bought this for my gopro hero 3 silver edition. works like a champ. havnt had any issues. definitly would purchase again.']"
459,"sd is always reliable and top of the line quality. i will always buy sd and none other. great buy. can't beat the price and quality for the capacity. i always buy these chips from amazon. sandisk chips have worked well for me. no problems with read right, no lost data. cant complain about anything sandisk. i buy this product anytime i need a memory card.. prices are decent and storage capacity is as well","['sd is always reliable and top of the line quality. i will always buy sd and none other. great buy.', ""can't beat the price and quality for the capacity. i always buy these chips from amazon. sandisk chips have worked well for me. no problems with read right, no lost data."", 'cant complain about anything sandisk. i buy this product anytime i need a memory card.. prices are decent and storage capacity is as well']"
460,"i connected it to my galaxy s4, but every now and then once or twice a week it will eject from my phone and the phone will need to re read the card. it's not a big issue, but when it happens you may need to wait like 4 min for your files.it happens a lot less now that i dont use the powersaving funtion. something about the powersaving on the phone seems to not deliver enough power to the card. bought this with my samsung galaxy s4 when it first came onto market and it worked for about a week then quit. all of the pictures i had taken originally and stored on this card are just gone, it was a bad purchase and after looking through numerous forums, hundreds or thousands of people were having the same issues with this card and the galaxy s3 4, i do not recommend buying this card if you'll be putting it in a galaxy. i'd like to tell sandisk where they can put it. i bought this for my samsung galaxy s4. i don't know if it is my phone or the card but my phone says it was unexpectedly removed from time to time. my wife's phone doesn't do it as often but still does it. very fast but unreliable. i have had many sandisk before and this is the only one i have had problems with. i have read that there were some that were poorly made. thinking i will send it back and give it another chance.","[""i connected it to my galaxy s4, but every now and then once or twice a week it will eject from my phone and the phone will need to re read the card. it's not a big issue, but when it happens you may need to wait like 4 min for your files.it happens a lot less now that i dont use the powersaving funtion. something about the powersaving on the phone seems to not deliver enough power to the card."", ""bought this with my samsung galaxy s4 when it first came onto market and it worked for about a week then quit. all of the pictures i had taken originally and stored on this card are just gone, it was a bad purchase and after looking through numerous forums, hundreds or thousands of people were having the same issues with this card and the galaxy s3 4, i do not recommend buying this card if you'll be putting it in a galaxy. i'd like to tell sandisk where they can put it."", ""i bought this for my samsung galaxy s4. i don't know if it is my phone or the card but my phone says it was unexpectedly removed from time to time. my wife's phone doesn't do it as often but still does it. very fast but unreliable. i have had many sandisk before and this is the only one i have had problems with. i have read that there were some that were poorly made. thinking i will send it back and give it another chance.""]"
461,"the card seemed to work well in most devices that i tried it in, but in a samsung galaxy s4 it would continue to unmount and mount over over on the phone a known issue on the galaxy s4 forums due to a possibly bad batch of them. i tried to reformat the card in the phone and from a pc computer, but that didn't help. finally i just called sandisk and they had to rma the card, which took about 2 weeks from start to finish when i had the new card in my hand. the new 64 gb card from sandisk looks slightly different, but still has gray red on it. however, it now works great in the galaxy s4 and hasn't had any unmounting issues now for the past 3 weeks.good card for pretty much everything else, except in the new samsung galaxy s4 phones. note please read the last update scroll to the bottom i'm leaving this review as 1 star as it appears to help others who purchased and had a similar experience.i give sandisk 5 stars for customer service and 1 star for the product for those manufactured in the past for those newly manufactured products that contain the software rom fix, i'd give the product 5 stars.to all those who purchased this card due to all the great reviews.... and then used it in a galaxy s4 gs4 smartphone for storage, the solution to the problem is not one you can solve without returning the card to sandisk for a replacement under warranty. believe me i tried everything that the google searches returned as solutions... formatting as exfat, formatting in the gs4 then copying data to the card while in the phone etc.... nothing worked... and so now please stop pulling out your hair and hopefully you will get the same result which i hope to get soon just rma'd and will send it back tomorrow for a free replacement under warranty .the problem as confirmed from the sandisk customer support rep when i asked specifically asked him when used in the gs4, this card will unmount itself inadvertently may be true only for cards manufactured before the rom patch described below was implemented in manufacturing . this can cause the data to become corrupt luckily was not my experience and or can be very frustrating as most of us are saving 13 mp camera pictures to the card or mp4 movies that stop in the middle of the movie and it unmounts when you view the picture in the gallery or worse, right when you take the picture this was the issue i experienced . sandisk knows about this issue. again, sandisk knows about the issue and will replace your card. call them info below and they will take care of it under warranty. they have a good name for a reason and they want to keep it. sorry sandisk about the 1 star, but i thought it was the way to get the message out to those searching for a solution the customer rep told me that sandisk tried to work with samsung to resolve the issue but samsung refused to acknowledge a problem exists with this card and some of their phones especially their flagship gs4 phones . the customer rep told me that to their knowledge the card works fine in regular cameras not samsung gs4 phones with cameras, obviously and even worked fine in some phones from htc etc. that could accommodate the 64 gb cards. hence the 5 star ratings from others. the solution sandisk came up with was to write a patch into the rom of the card itself to specifically address the issue on samsung gs4 phones and maybe other samsung phones like the gs3 . i was assured that the new card i would get would work flawlessly. will see in about 3 weeks. i purchased my card from amazon june 2013, so the ones currently being manufactured and the one i should get will have the new patch. however, as sandisk manufactures in batches like most of the industry , old batches of unpatched cards obviously exist in warehouses. i asked about a software patch i could download and was told it's not possible... hence the hard coded patch in the card's romso... how to take care of the problem....after speaking with the sandisk us customer support link and info below , this is what i learned and did.go to the sandisk site1 ... 2 call consumer products support this is the us no. 1 866 sandisk 726 3475 3 tell them that the card is unmounting itself in your gs4 i assume this is also a problem experienced by gs3 owners too 4 they will then confirm your information, approve your return 10 15 min approval window by mine was basically instantaneously , and then send you emails with a ups return label and instructions.5 btw, they also asked if i had a magnifying glass to id the serial no. on the card, but i didn't and couldn't read it myself those numbers are super small printed into the plastic... don't believe me? take a look yourself. i told the rep i couldn't read them and he said no problem, they would process without the serial no. i assume this is because they send you a new replacement card only when they receive your card you send in. makes sense.well, that's it. problem hopefully solved. let's see in 2 3 weeks. the rep was super nice about it and seemed like they were all too familiar with the problem. kudos to sandisk for taking care of it... however, it would be nice if there was some type of communication notice of the issue besides google info sources, forums etc. i spent hours, maybe a couple of days total hours worth, thinking it was an issue with my phone my data transfer. oh well, that's how it goes.i really hope that this review helps some of you out there with the same problem as me. good luck!! btw, i'd give the card 5 stars if this problem was solved in the patched rom of newer cards as the data transfer speeds are awesome on the card tested transferring data via a card reader hooked to my computer ... if the data transfer remaining mounted in the gs4 issue never existed pre patch of rom, of course update 08 17 2013 all went well with the return of the sandisk storage card. ups shipping took about 2 days from when i sent it, sandisk verified the warranty claim 1 day later and 5 hours later that same day, my replacement card had been shipped. waiting on the new card now, but expect to test it out very soon early next week . will update the post after testing out the new card. just as a reference, i've been using a 32gb micro sd hc sandisk card in the gs4 since having shipped the 64gb card. obviously it's a different card and not the micro sd xc kind. other than a bit slower access speeds to the card, absolutely zero problems.... well if you don't count that it's basically filled up, hence why the 64gb option is great on the gs4. so it proves the point on the problem with the early build micro sd xc 64gb cards.i'm happy to see that my review has helped some others out there. good luck to you in your warranty claim. my experience with sandisk customer support has been excellent so far.update 08 21 2013 received the new replacement sandisk storage card just a few days ago shipping back to me once they agreed it was defective was a very short time window . have had it running in the galaxy s4 for a few days now without any jumps, stutters or card unloading in the middle of picture or video taking. card seems to work flawlessly as the sandisk rep mentioned it would. one would think it's such a short time to test after a few days of use, but if this were not fixed already it would have dismounted in the first 45 minutes... that's how often and how fast it was occurring. so it would seem the problem is solved. the new sd card makes the phone even more responsive when moving between pictures in the gallery and performing other tasks like copying files to the card. thanks sandisk! unless i update this review by next week, you will know that the problem has been fixed.good luck to those with similar problems as we now know how to get it fixed thanks to sandisks great responsive customer service.update 08 31 2013 this is the last update to this review just to close the loop . the new replacement card from sandisk has been running flawlessly for about 2 weeks now. i have not experienced any of the initial problems. sandisk really did fix the issues in the new batch of cards.update 12 09 2013 the card has been running in my gs4 flawlessly since replacing it around aug 21st. pretty good track record so far 3.5 months so it appears to be fixed with the newly manufactured replacement cards.for those that have left comments that i should change the rating upwards now that the issue is fixed see my addition at the beginning of this review ... when searching for a solution to a problem with a purchased product, most people start at the 1 star reviews to see what others have experienced. this is especially true for products with a lot of reviews this is what i did in the beginning with this product . therefore i think leaving it at 1 star and adding the comments at the beginning should clarify the review.thanks to review commenter da shocker for his input. i think he sums it up very well when it comes to the value of files stored on media like this one more thing.. to those not happy with the one star rating by this person go ahead buy one. take tons of pics vids and save some music on there then when the card crashes come back and give it a five star. a card cost 50 100 pictures from a vacation or family event are priceless.. i purchased this product knowing there might be an issue with the galaxy s4. this card worked for a week or two then began to spontaneously unmount and would mount itself back in. the unmount periods began to become longer than a few hours, days! i tried this card in a galaxy note 2 still with the same result. i attempted to contact sandisk customer service and utilize the warranty. they know of the problem and began the exchange process then instructed me to wait for a mailing label that never came. i called back and was told that they would re email it to me. to this day i am still waiting for that email. i have never had this issue with this company but with ever changing technology, it is what it is, right? i know this card will be good for some device i have. if you own a galaxy phone beware!! i have not attempted to use this in a samsung tablet so on that i cannot review.","[""the card seemed to work well in most devices that i tried it in, but in a samsung galaxy s4 it would continue to unmount and mount over over on the phone a known issue on the galaxy s4 forums due to a possibly bad batch of them. i tried to reformat the card in the phone and from a pc computer, but that didn't help. finally i just called sandisk and they had to rma the card, which took about 2 weeks from start to finish when i had the new card in my hand. the new 64 gb card from sandisk looks slightly different, but still has gray red on it. however, it now works great in the galaxy s4 and hasn't had any unmounting issues now for the past 3 weeks.good card for pretty much everything else, except in the new samsung galaxy s4 phones."", ""note please read the last update scroll to the bottom i'm leaving this review as 1 star as it appears to help others who purchased and had a similar experience.i give sandisk 5 stars for customer service and 1 star for the product for those manufactured in the past for those newly manufactured products that contain the software rom fix, i'd give the product 5 stars.to all those who purchased this card due to all the great reviews.... and then used it in a galaxy s4 gs4 smartphone for storage, the solution to the problem is not one you can solve without returning the card to sandisk for a replacement under warranty. believe me i tried everything that the google searches returned as solutions... formatting as exfat, formatting in the gs4 then copying data to the card while in the phone etc.... nothing worked... and so now please stop pulling out your hair and hopefully you will get the same result which i hope to get soon just rma'd and will send it back tomorrow for a free replacement under warranty .the problem as confirmed from the sandisk customer support rep when i asked specifically asked him when used in the gs4, this card will unmount itself inadvertently may be true only for cards manufactured before the rom patch described below was implemented in manufacturing . this can cause the data to become corrupt luckily was not my experience and or can be very frustrating as most of us are saving 13 mp camera pictures to the card or mp4 movies that stop in the middle of the movie and it unmounts when you view the picture in the gallery or worse, right when you take the picture this was the issue i experienced . sandisk knows about this issue. again, sandisk knows about the issue and will replace your card. call them info below and they will take care of it under warranty. they have a good name for a reason and they want to keep it. sorry sandisk about the 1 star, but i thought it was the way to get the message out to those searching for a solution the customer rep told me that sandisk tried to work with samsung to resolve the issue but samsung refused to acknowledge a problem exists with this card and some of their phones especially their flagship gs4 phones . the customer rep told me that to their knowledge the card works fine in regular cameras not samsung gs4 phones with cameras, obviously and even worked fine in some phones from htc etc. that could accommodate the 64 gb cards. hence the 5 star ratings from others. the solution sandisk came up with was to write a patch into the rom of the card itself to specifically address the issue on samsung gs4 phones and maybe other samsung phones like the gs3 . i was assured that the new card i would get would work flawlessly. will see in about 3 weeks. i purchased my card from amazon june 2013, so the ones currently being manufactured and the one i should get will have the new patch. however, as sandisk manufactures in batches like most of the industry , old batches of unpatched cards obviously exist in warehouses. i asked about a software patch i could download and was told it's not possible... hence the hard coded patch in the card's romso... how to take care of the problem....after speaking with the sandisk us customer support link and info below , this is what i learned and did.go to the sandisk site1 ... 2 call consumer products support this is the us no. 1 866 sandisk 726 3475 3 tell them that the card is unmounting itself in your gs4 i assume this is also a problem experienced by gs3 owners too 4 they will then confirm your information, approve your return 10 15 min approval window by mine was basically instantaneously , and then send you emails with a ups return label and instructions.5 btw, they also asked if i had a magnifying glass to id the serial no. on the card, but i didn't and couldn't read it myself those numbers are super small printed into the plastic... don't believe me? take a look yourself. i told the rep i couldn't read them and he said no problem, they would process without the serial no. i assume this is because they send you a new replacement card only when they receive your card you send in. makes sense.well, that's it. problem hopefully solved. let's see in 2 3 weeks. the rep was super nice about it and seemed like they were all too familiar with the problem. kudos to sandisk for taking care of it... however, it would be nice if there was some type of communication notice of the issue besides google info sources, forums etc. i spent hours, maybe a couple of days total hours worth, thinking it was an issue with my phone my data transfer. oh well, that's how it goes.i really hope that this review helps some of you out there with the same problem as me. good luck!! btw, i'd give the card 5 stars if this problem was solved in the patched rom of newer cards as the data transfer speeds are awesome on the card tested transferring data via a card reader hooked to my computer ... if the data transfer remaining mounted in the gs4 issue never existed pre patch of rom, of course update 08 17 2013 all went well with the return of the sandisk storage card. ups shipping took about 2 days from when i sent it, sandisk verified the warranty claim 1 day later and 5 hours later that same day, my replacement card had been shipped. waiting on the new card now, but expect to test it out very soon early next week . will update the post after testing out the new card. just as a reference, i've been using a 32gb micro sd hc sandisk card in the gs4 since having shipped the 64gb card. obviously it's a different card and not the micro sd xc kind. other than a bit slower access speeds to the card, absolutely zero problems.... well if you don't count that it's basically filled up, hence why the 64gb option is great on the gs4. so it proves the point on the problem with the early build micro sd xc 64gb cards.i'm happy to see that my review has helped some others out there. good luck to you in your warranty claim. my experience with sandisk customer support has been excellent so far.update 08 21 2013 received the new replacement sandisk storage card just a few days ago shipping back to me once they agreed it was defective was a very short time window . have had it running in the galaxy s4 for a few days now without any jumps, stutters or card unloading in the middle of picture or video taking. card seems to work flawlessly as the sandisk rep mentioned it would. one would think it's such a short time to test after a few days of use, but if this were not fixed already it would have dismounted in the first 45 minutes... that's how often and how fast it was occurring. so it would seem the problem is solved. the new sd card makes the phone even more responsive when moving between pictures in the gallery and performing other tasks like copying files to the card. thanks sandisk! unless i update this review by next week, you will know that the problem has been fixed.good luck to those with similar problems as we now know how to get it fixed thanks to sandisks great responsive customer service.update 08 31 2013 this is the last update to this review just to close the loop . the new replacement card from sandisk has been running flawlessly for about 2 weeks now. i have not experienced any of the initial problems. sandisk really did fix the issues in the new batch of cards.update 12 09 2013 the card has been running in my gs4 flawlessly since replacing it around aug 21st. pretty good track record so far 3.5 months so it appears to be fixed with the newly manufactured replacement cards.for those that have left comments that i should change the rating upwards now that the issue is fixed see my addition at the beginning of this review ... when searching for a solution to a problem with a purchased product, most people start at the 1 star reviews to see what others have experienced. this is especially true for products with a lot of reviews this is what i did in the beginning with this product . therefore i think leaving it at 1 star and adding the comments at the beginning should clarify the review.thanks to review commenter da shocker for his input. i think he sums it up very well when it comes to the value of files stored on media like this one more thing.. to those not happy with the one star rating by this person go ahead buy one. take tons of pics vids and save some music on there then when the card crashes come back and give it a five star. a card cost 50 100 pictures from a vacation or family event are priceless.."", 'i purchased this product knowing there might be an issue with the galaxy s4. this card worked for a week or two then began to spontaneously unmount and would mount itself back in. the unmount periods began to become longer than a few hours, days! i tried this card in a galaxy note 2 still with the same result. i attempted to contact sandisk customer service and utilize the warranty. they know of the problem and began the exchange process then instructed me to wait for a mailing label that never came. i called back and was told that they would re email it to me. to this day i am still waiting for that email. i have never had this issue with this company but with ever changing technology, it is what it is, right? i know this card will be good for some device i have. if you own a galaxy phone beware!! i have not attempted to use this in a samsung tablet so on that i cannot review.']"
462,got one for my wife's s3 and it works perfect. the frustration free packaging is nice so i can just open the package and get right to the product. didn't have to do anything special...just put it in the s3 and worked immediately with no issues. i've read a lot of reviews about this not working with the s3. i have had this for 6 months now and no issues yet.,"[""got one for my wife's s3 and it works perfect. the frustration free packaging is nice so i can just open the package and get right to the product. didn't have to do anything special...just put it in the s3 and worked immediately with no issues."", ""i've read a lot of reviews about this not working with the s3. i have had this for 6 months now and no issues yet.""]"
463,"i bought this with the sole intention of putting it in my samsung galaxy s3. i had to use a tool to format the card to fat32, but once i did so, the card worked great. i have been taking advantage of the extra room i have for music, videos, pictures, etc. the sd adapter that comes with this is also handy.the transfer speeds didn't feel like class 10 when connected and transferred files from my computer, but my computer is 5 years old, so it's very possible that it's the problem. other than that, i'm completely satisfied. have only transfered some pictures and music so far. my s3 galazy had no problems recognizing the card...hear a lot of rumors about memory cards not working, having to format first, etc., but this one worked from me right out of the box.the included adapter is also good when i want to use with my computer s for slide shows since microsdhc are not supported by many if any..just to small.","[""i bought this with the sole intention of putting it in my samsung galaxy s3. i had to use a tool to format the card to fat32, but once i did so, the card worked great. i have been taking advantage of the extra room i have for music, videos, pictures, etc. the sd adapter that comes with this is also handy.the transfer speeds didn't feel like class 10 when connected and transferred files from my computer, but my computer is 5 years old, so it's very possible that it's the problem. other than that, i'm completely satisfied."", 'have only transfered some pictures and music so far. my s3 galazy had no problems recognizing the card...hear a lot of rumors about memory cards not working, having to format first, etc., but this one worked from me right out of the box.the included adapter is also good when i want to use with my computer s for slide shows since microsdhc are not supported by many if any..just to small.']"
464,"before doing research, i assumed this card would support my brand new hero 3 camera... considering it was sold off the gopro site, it was a no brainer... or so i thought.anyhow, the card seems to preform well under most circumstances without using the protunes settings. the problems with the hero 3 where due to the slow write speed of this card under protunes settings, without this setting the hero works fine however, after a few timelapse issues 2 5 sec timelapse, which is well in this card's speeds .i noticed the card is corrupt. i tested this in other cameras and found that this problem still persists. i trust sandisk as my top choice for all my professional work, however this card has failed!i would not recommend this expensive card, id jump for a samsung, or even the transcend cards. they even come with a better warranty then this card.nothing but problems and lost memories that i cant replace.... since i bought this card, i've been using it almost daily in my hero 3 camera. the recordings are without any glitches so far. i purhcased this card for my hero 3 cam. it worked all of last year, or the 3 4 times i used it. i used it again this year and had some great once in a life time ski videos and the card failed. it could not be read or reformatted. i lost all my vids. it was strictly used in my hero 3 cam. i pulled it out to try to retreive the vids using several pc's, multiple card readers, and recovery software but no good. i have never known a card to fail and i am extremely disappointed.try another brand. next time i will use multiple cards with smaller storage and a different brand.","[""before doing research, i assumed this card would support my brand new hero 3 camera... considering it was sold off the gopro site, it was a no brainer... or so i thought.anyhow, the card seems to preform well under most circumstances without using the protunes settings. the problems with the hero 3 where due to the slow write speed of this card under protunes settings, without this setting the hero works fine however, after a few timelapse issues 2 5 sec timelapse, which is well in this card's speeds .i noticed the card is corrupt. i tested this in other cameras and found that this problem still persists. i trust sandisk as my top choice for all my professional work, however this card has failed!i would not recommend this expensive card, id jump for a samsung, or even the transcend cards. they even come with a better warranty then this card.nothing but problems and lost memories that i cant replace...."", ""since i bought this card, i've been using it almost daily in my hero 3 camera. the recordings are without any glitches so far."", ""i purhcased this card for my hero 3 cam. it worked all of last year, or the 3 4 times i used it. i used it again this year and had some great once in a life time ski videos and the card failed. it could not be read or reformatted. i lost all my vids. it was strictly used in my hero 3 cam. i pulled it out to try to retreive the vids using several pc's, multiple card readers, and recovery software but no good. i have never known a card to fail and i am extremely disappointed.try another brand. next time i will use multiple cards with smaller storage and a different brand.""]"
465,"don't get ripped off buying the same card direct from gopro, buy it here for less then you can use the money you saved to buy an extra battery since the hero 3 battery life sucks.i have a few of these in the hero 3 black edition and it works great on all recording formats and speeds, even the highest resolution ones that require full use of the card's 10 mb sec rating. they're very fast to copy files off of into the computer as well. i haven't benchmarked them because other reviews already have that information, but they're certainly much faster than the old class 4 cards i use for my hero 2 cameras.i would recommend formatting upon arrival i did have one initial issue with one of these which formatting resolved. it's worked fine since, with numerous uses, so i think it was just a missed qc check at the factory. it hasn't had the heat issue others have mentioned with regard to the few defective ones people have received and has worked flawlessly since so i'm not worried about it at this point. i had wanted to get the most i can out of my hero3, at the time i got my hero3 this was the recommended card, but there were many problems with people having issues with it. since then gopro has endorsed other card and from what i understand changed the firmware to prevent problems.... the problems is only with the 64gb version, from what i read the 32gb and lower versions are ok... many have complained that the hero3 requires a high quality msd card. picked up this one for a great price on amazon, and have not had any issues with my camera freezing up or not recording as desired. transfer rates were as advertised. also loaded it at one point with 30 or so xvid movies for my daughters to watch on an asus epad transformer and it worked perfectly. highly recommend.","[""don't get ripped off buying the same card direct from gopro, buy it here for less then you can use the money you saved to buy an extra battery since the hero 3 battery life sucks.i have a few of these in the hero 3 black edition and it works great on all recording formats and speeds, even the highest resolution ones that require full use of the card's 10 mb sec rating. they're very fast to copy files off of into the computer as well. i haven't benchmarked them because other reviews already have that information, but they're certainly much faster than the old class 4 cards i use for my hero 2 cameras.i would recommend formatting upon arrival i did have one initial issue with one of these which formatting resolved. it's worked fine since, with numerous uses, so i think it was just a missed qc check at the factory. it hasn't had the heat issue others have mentioned with regard to the few defective ones people have received and has worked flawlessly since so i'm not worried about it at this point."", 'i had wanted to get the most i can out of my hero3, at the time i got my hero3 this was the recommended card, but there were many problems with people having issues with it. since then gopro has endorsed other card and from what i understand changed the firmware to prevent problems.... the problems is only with the 64gb version, from what i read the 32gb and lower versions are ok...', 'many have complained that the hero3 requires a high quality msd card. picked up this one for a great price on amazon, and have not had any issues with my camera freezing up or not recording as desired. transfer rates were as advertised. also loaded it at one point with 30 or so xvid movies for my daughters to watch on an asus epad transformer and it worked perfectly. highly recommend.']"
466,"i bought this card for my gopro hero3 and it was worked fine. some people said they have problems with the cards in the new gopros but i have had no such problems. the micro card works with anything that also takes standard cards due to the included adapter. used with my gopro hero 3 black edition and it works like a charm! it comes with the adaptor to use in a regular sd card slot, or can be read with any microsd card reader with no issues. pushing video, even high quality, high frame rate video to this card is flawless. the card works like a charm with the gopro hero 3. pay attention though... it is about the size of a fingernail and could get lost very easily. also, keep track of the adapter, as you'll need it to download the images.","['i bought this card for my gopro hero3 and it was worked fine. some people said they have problems with the cards in the new gopros but i have had no such problems. the micro card works with anything that also takes standard cards due to the included adapter.', 'used with my gopro hero 3 black edition and it works like a charm! it comes with the adaptor to use in a regular sd card slot, or can be read with any microsd card reader with no issues. pushing video, even high quality, high frame rate video to this card is flawless.', ""the card works like a charm with the gopro hero 3. pay attention though... it is about the size of a fingernail and could get lost very easily. also, keep track of the adapter, as you'll need it to download the images.""]"
467,"works flawlessly in a gopro hero 3 black edition. great card for the price and fits plenty of footage, especially when you have 2 of them. i have used and tested this memory card on gopro hero3 black edition and everything works great. no problem at all. got this to use with my gopro hero 3 black edition. put it in, seemed to work. tried to get the data from the card after using it for a second and the card says it needs to be formatted.looked to gopro's website and it is not on their recommended card list. reason being is that the card isn't fast enough. it's a class ten yes but clearly not fast enough.definitely get the recommended card, if it does work at first it will probably die in a couple of days.","['works flawlessly in a gopro hero 3 black edition. great card for the price and fits plenty of footage, especially when you have 2 of them.', 'i have used and tested this memory card on gopro hero3 black edition and everything works great. no problem at all.', ""got this to use with my gopro hero 3 black edition. put it in, seemed to work. tried to get the data from the card after using it for a second and the card says it needs to be formatted.looked to gopro's website and it is not on their recommended card list. reason being is that the card isn't fast enough. it's a class ten yes but clearly not fast enough.definitely get the recommended card, if it does work at first it will probably die in a couple of days.""]"
468,"this is the second sandisk micro sd that i've had to return due to some sort of error. i am thinking i just have bad luck and hopefully 3rd time is the charm.during the time it was working properly, it seemed to be quick. i bought this a little under a year ago to use with my laptop. worked just as advertised for much of that time until it stopped letting me write or delete stuff from it could read just fine . i couldn't even format it. so it kinda just sat there for a while. after trying to format it a number of different ways, i finally contacted sandisk, and they said they will send me a replacement free of charge. i would have maybe given this a lower rating, but the customer service from sandisk made up for the faulty card. i am just glad it fell under a warranty period i think . had the card not failed, i would have given five stars. if sandisk wouldn't replace it, would have given one star. hopefully the latter doesn't happen to you","[""this is the second sandisk micro sd that i've had to return due to some sort of error. i am thinking i just have bad luck and hopefully 3rd time is the charm.during the time it was working properly, it seemed to be quick."", ""i bought this a little under a year ago to use with my laptop. worked just as advertised for much of that time until it stopped letting me write or delete stuff from it could read just fine . i couldn't even format it. so it kinda just sat there for a while. after trying to format it a number of different ways, i finally contacted sandisk, and they said they will send me a replacement free of charge. i would have maybe given this a lower rating, but the customer service from sandisk made up for the faulty card. i am just glad it fell under a warranty period i think . had the card not failed, i would have given five stars. if sandisk wouldn't replace it, would have given one star. hopefully the latter doesn't happen to you""]"
469,"i purchased this to expand the internal memory of my smart phone, specifically the galaxy s3. it performs absolutely flawlessly. if you have any reservations about this micrsd...don't. there's no need to format since it comes pre formatted. should you desire to format, do it from within the phones settings and again, no issues. please, turn the phone off and remove the battery before installation...lol i was able to plug it in, use the format utility and it worked just fine this is on the galaxy s3 . now every ounce of my ripped cd's are on my phone with 32gb to spare. not much else to say. i bought this for my galaxy s3 and it worked perfect out the box no formatting required. it is already fat32, works great. love all the extra space for storing my mp3's and pictures.","[""i purchased this to expand the internal memory of my smart phone, specifically the galaxy s3. it performs absolutely flawlessly. if you have any reservations about this micrsd...don't. there's no need to format since it comes pre formatted. should you desire to format, do it from within the phones settings and again, no issues. please, turn the phone off and remove the battery before installation...lol"", ""i was able to plug it in, use the format utility and it worked just fine this is on the galaxy s3 . now every ounce of my ripped cd's are on my phone with 32gb to spare. not much else to say."", ""i bought this for my galaxy s3 and it worked perfect out the box no formatting required. it is already fat32, works great. love all the extra space for storing my mp3's and pictures.""]"
470,"oh how i have waited for this...works in s3 samsung galaxyworks in note 3 samsungexcellent transfer rates close to rated speeds 25mbs achieved using this to make a music collection truly portable so nice to not have to carry 2 devices anymore hope this review helps i use this in my samsung galaxy note ii. for the money, it's a fantastic value. i haven't noticed any transfer speed issues, and it's been rock solid reliable for the 3 months i've owned it. i have about 32gb of music stored on it, and every app that can use sd card storage is set to do so, including all my system backups. the ultimate 34 install and forget 34 add on for your phone! i use this with my samsung galaxy note 3 and it performs pretty darn well. write and read speed safe good and it stores all my photos no prob.","['oh how i have waited for this...works in s3 samsung galaxyworks in note 3 samsungexcellent transfer rates close to rated speeds 25mbs achieved using this to make a music collection truly portable so nice to not have to carry 2 devices anymore hope this review helps', ""i use this in my samsung galaxy note ii. for the money, it's a fantastic value. i haven't noticed any transfer speed issues, and it's been rock solid reliable for the 3 months i've owned it. i have about 32gb of music stored on it, and every app that can use sd card storage is set to do so, including all my system backups. the ultimate 34 install and forget 34 add on for your phone!"", 'i use this with my samsung galaxy note 3 and it performs pretty darn well. write and read speed safe good and it stores all my photos no prob.']"
471,"i bought this about 5 months ago, give or take. i needed if for my galaxy s3. it works perfect. works well for the galaxy s3 and provides additional space for pictures and music. it was exactly what i expected it to be. bought this for my samsung galaxy s3 and it works perfectly. price was better than anything i could find in the stores locally.","['i bought this about 5 months ago, give or take. i needed if for my galaxy s3. it works perfect.', 'works well for the galaxy s3 and provides additional space for pictures and music. it was exactly what i expected it to be.', 'bought this for my samsung galaxy s3 and it works perfectly. price was better than anything i could find in the stores locally.']"
472,"works awesome in my galaxy s3. fast as could be and so much storage for music and pictures. copys music in record time! love the price and the product. works like a dream with my s3 smartphone, used for camera pics storage, videos and music really enhances the capability and flexibility of any device with the slot. it works great, i use it in my s3 to take hd movies and to store all my music.. bla","['works awesome in my galaxy s3. fast as could be and so much storage for music and pictures. copys music in record time! love the price and the product.', 'works like a dream with my s3 smartphone, used for camera pics storage, videos and music really enhances the capability and flexibility of any device with the slot.', 'it works great, i use it in my s3 to take hd movies and to store all my music.. bla']"
473,"as per other's instructions, i inserted it in a powered off phone and let the phone format it automatic, after a yes no dialog . i removed it from the phone and copied my old card onto it through a card reader on the pc plus about 20 movies and everything is working perfectly. speeds seem outstanding certainly, copying a 3gb hd movie i copied from my blu ray disc took only a few minutes, even over usb 2.0. i purchased this card based on the price. after i ordered it i finally started reading some of the reviews and started getting worried about whether the card was going to work. seems that a lot of people have been having problems getting the phone to recognize the card and then, if needed, formatting the card.when the card arrived i put it in my phone and it immediately was recognized by my android system jb 4.1.1 . i had already copied all the music, pics and video off my older, slower and smaller card onto my computer so all i had to do was plug the phone into the computer, open the card and copy everything into it. everything went in with no problem. i then unplugged it from the computer and tested my videos and music on the phone and everything worked like a charm.bottom line, i did not have to format the card, i just plugged it into the phone, it was immediately recognized and worked like a charm.i would highly recommend this card based on the price and the product that you are receiving. works great with my smart phone. didn't need to format the card or anything. just popped the card in and everything worked great out of the box. transfer speeds are excellent with this card. i would recommend this card to everyone.","[""as per other's instructions, i inserted it in a powered off phone and let the phone format it automatic, after a yes no dialog . i removed it from the phone and copied my old card onto it through a card reader on the pc plus about 20 movies and everything is working perfectly. speeds seem outstanding certainly, copying a 3gb hd movie i copied from my blu ray disc took only a few minutes, even over usb 2.0."", 'i purchased this card based on the price. after i ordered it i finally started reading some of the reviews and started getting worried about whether the card was going to work. seems that a lot of people have been having problems getting the phone to recognize the card and then, if needed, formatting the card.when the card arrived i put it in my phone and it immediately was recognized by my android system jb 4.1.1 . i had already copied all the music, pics and video off my older, slower and smaller card onto my computer so all i had to do was plug the phone into the computer, open the card and copy everything into it. everything went in with no problem. i then unplugged it from the computer and tested my videos and music on the phone and everything worked like a charm.bottom line, i did not have to format the card, i just plugged it into the phone, it was immediately recognized and worked like a charm.i would highly recommend this card based on the price and the product that you are receiving.', ""works great with my smart phone. didn't need to format the card or anything. just popped the card in and everything worked great out of the box. transfer speeds are excellent with this card. i would recommend this card to everyone.""]"
474,"slipped perfectly into the microsd card slot of my galaxy note 2 and was immediately available. no formatting required, and writes to this card are fast enough to use it for video captures. sweet! i bought this card for my new samsung galaxy note 3, didn't have to do anything but put the card in the phone, no formatting needed. transferred all of my pictures and a few videos along with about 15 gb of music everything loaded very quickly and i still have a ton of memory left to store whatever i want or need to. bought this on amazon at a much better price than i could find anywhere else. i ordered this with amazons frustration free packaging, just pull the tab on the package and the card is in your hand in less than ten seconds. recommend for anyone who wants a fast card and a lot of memory. i purchased this to put into my samsung galaxy blaze, mainly to store music. i previously owned an adata 32gb card which died after a couple weeks.the most annoying thing about large storage is copying files to it, especially when the card is slow. a class 4 would take well over 2 hours to fill up, while this one takes just a bit over 45 minutes.using the antutu benchmark suite, this card clocked in at 11.1mb s write and 21.7mb s read.i didn't have to format it or anything, just popped it out of the packaging and threw it right into the sd slot of my phone.","['slipped perfectly into the microsd card slot of my galaxy note 2 and was immediately available. no formatting required, and writes to this card are fast enough to use it for video captures. sweet!', ""i bought this card for my new samsung galaxy note 3, didn't have to do anything but put the card in the phone, no formatting needed. transferred all of my pictures and a few videos along with about 15 gb of music everything loaded very quickly and i still have a ton of memory left to store whatever i want or need to. bought this on amazon at a much better price than i could find anywhere else. i ordered this with amazons frustration free packaging, just pull the tab on the package and the card is in your hand in less than ten seconds. recommend for anyone who wants a fast card and a lot of memory."", ""i purchased this to put into my samsung galaxy blaze, mainly to store music. i previously owned an adata 32gb card which died after a couple weeks.the most annoying thing about large storage is copying files to it, especially when the card is slow. a class 4 would take well over 2 hours to fill up, while this one takes just a bit over 45 minutes.using the antutu benchmark suite, this card clocked in at 11.1mb s write and 21.7mb s read.i didn't have to format it or anything, just popped it out of the packaging and threw it right into the sd slot of my phone.""]"
475,"i've been using this for a couple weeks in my galaxy note 2 with no problems and gallery performance which is primary use for extra storage has been great. i use this in my note ii. i love it. i have all of my music, photos, and extras on it. this is not my first. i always try and by at least a class 10. i am not doing the test that others are. my pictures seem fast, the transfer speed is within reason. the price was just over 20 with prime shipping. i would by it again in a heartbeat. in fact, i was probably be buying the 64 soon.","[""i've been using this for a couple weeks in my galaxy note 2 with no problems and gallery performance which is primary use for extra storage has been great."", 'i use this in my note ii. i love it. i have all of my music, photos, and extras on it. this is not my first. i always try and by at least a class 10. i am not doing the test that others are. my pictures seem fast, the transfer speed is within reason. the price was just over 20 with prime shipping. i would by it again in a heartbeat. in fact, i was probably be buying the 64 soon.']"
476,"have used this same sd card in me galaxy s3 for the whole time i had it then put it in my s4 when i got that and have had no issues. has been fast and reliable and i have gotten what i paid for that's for sure. i use this card in my samsung galaxy s3 and have not had any issues with it at all. i have had other brand memory cards which have failed and become unreadable in the past, this however has accepted anything i throw at it. i use it to store all pictures that i take on the phone currently 1,700 , music and videos. i have mp3's and a few movies on it and there is never any lag or random un mounts. i highly recommend it.","[""have used this same sd card in me galaxy s3 for the whole time i had it then put it in my s4 when i got that and have had no issues. has been fast and reliable and i have gotten what i paid for that's for sure."", ""i use this card in my samsung galaxy s3 and have not had any issues with it at all. i have had other brand memory cards which have failed and become unreadable in the past, this however has accepted anything i throw at it. i use it to store all pictures that i take on the phone currently 1,700 , music and videos. i have mp3's and a few movies on it and there is never any lag or random un mounts. i highly recommend it.""]"
477,"this memory card worked well in my samsung s3 and was instantly recognized. i didn't have to do a single thing aside from installing it. i use this memory card in my galaxy s3, and though i had some issues getting it formatted correctly this is the phone's fault it works like a dream and have had zero issues. i was a bit apprehensive about getting this sd card as i had heard that it was not compatible with my galaxy s iii. i did see one review that said it worked just fine on his s iii, so i took the gamble. i got the sd, immediately reformatted it, which was recommended by a galaxy representative i do this all of the time anyway to get any 34 bloatware 34 off of the card! , plugged it into my phone, and it worked just fine! i would definately recommend this sd card!!","[""this memory card worked well in my samsung s3 and was instantly recognized. i didn't have to do a single thing aside from installing it."", ""i use this memory card in my galaxy s3, and though i had some issues getting it formatted correctly this is the phone's fault it works like a dream and have had zero issues."", 'i was a bit apprehensive about getting this sd card as i had heard that it was not compatible with my galaxy s iii. i did see one review that said it worked just fine on his s iii, so i took the gamble. i got the sd, immediately reformatted it, which was recommended by a galaxy representative i do this all of the time anyway to get any 34 bloatware 34 off of the card! , plugged it into my phone, and it worked just fine! i would definately recommend this sd card!!']"
478,"works on my samsung galaxy note 3, but i don't really stress these kinds of things. i have had no problems. have not checked it for heat or any such thing. works great on my galaxy s3. i have not had any issues with it in about a year of ownership. works perfect with no issues on my phone samsung galaxy s 3, and galaxy note 10.1. . . . .","[""works on my samsung galaxy note 3, but i don't really stress these kinds of things. i have had no problems. have not checked it for heat or any such thing."", 'works great on my galaxy s3. i have not had any issues with it in about a year of ownership.', 'works perfect with no issues on my phone samsung galaxy s 3, and galaxy note 10.1. . . . .']"
479,"it works in my note 2 smart phone. i don't think there is much else you can say about it. works very well in all devices i've tried it in note 8, hisense pro, razr m . no complaints. great price for tons of storage. works great in my samsung note 2 and samsung ativ 500t. just slide it in and nothing else to do!","[""it works in my note 2 smart phone. i don't think there is much else you can say about it."", ""works very well in all devices i've tried it in note 8, hisense pro, razr m . no complaints. great price for tons of storage."", 'works great in my samsung note 2 and samsung ativ 500t. just slide it in and nothing else to do!']"
480,"works great in the samsung galaxy s3 phone. i purchased one for my phone and one for my son's phone and they both work great! we've had no problems with either card. my son loves that he was able to put his whole music library, several translator apps and bible versions, along with several movies on his phone to take with him on a mission trip to peru and still had room to store thousands of photos he took while there. being able to use a card like this is one of the main reasons i switched from an iphone to an s3. love it! at the time of writing this review i bought three of these memory cards in last couple of weeks, for work related phones. they work fine in the samsung galaxy s3 mini phones. we are happy with the read and write speeds. one small note of caution the price that can be paid for these can vary, so please check around and save a few extra dollars. when installed you will not get the full 32gb from the sd card but that is to be expected, so please bear this mind. using this in my samsung g3 cell phone as a memory card and expansion. it works ok for now, allthough not the card but the phone itself does have a slight issue with reading massive sd cards at this high compacity. i hope that samsung will release a software or firmware update to resolve the issue with reading the card on boot up of the phone sometimes. i have found that simply restarting the phone usually resolves the issue with reading the card. or any other error messages. overall minus the slight issues it works great.","[""works great in the samsung galaxy s3 phone. i purchased one for my phone and one for my son's phone and they both work great! we've had no problems with either card. my son loves that he was able to put his whole music library, several translator apps and bible versions, along with several movies on his phone to take with him on a mission trip to peru and still had room to store thousands of photos he took while there. being able to use a card like this is one of the main reasons i switched from an iphone to an s3. love it!"", 'at the time of writing this review i bought three of these memory cards in last couple of weeks, for work related phones. they work fine in the samsung galaxy s3 mini phones. we are happy with the read and write speeds. one small note of caution the price that can be paid for these can vary, so please check around and save a few extra dollars. when installed you will not get the full 32gb from the sd card but that is to be expected, so please bear this mind.', 'using this in my samsung g3 cell phone as a memory card and expansion. it works ok for now, allthough not the card but the phone itself does have a slight issue with reading massive sd cards at this high compacity. i hope that samsung will release a software or firmware update to resolve the issue with reading the card on boot up of the phone sometimes. i have found that simply restarting the phone usually resolves the issue with reading the card. or any other error messages. overall minus the slight issues it works great.']"
481,"i purchased this for additional memory for a smartphone and so far, so good i have not had a problem with this memory card. bought this to replace a faulty card on my phone and it works great. haven't had any performance or corruption issues with it at all. what can i say. it was a good price and a large capacity card. it hasn't posed any problems and i use it every day in my galaxy note ii.","['i purchased this for additional memory for a smartphone and so far, so good i have not had a problem with this memory card.', ""bought this to replace a faulty card on my phone and it works great. haven't had any performance or corruption issues with it at all."", ""what can i say. it was a good price and a large capacity card. it hasn't posed any problems and i use it every day in my galaxy note ii.""]"
482,"perfect card for my galaxy s3 lots of capacity at a decent price, and not a no name brand either. wonderful card and performs fast and efficient. i use it with my samsung galaxie s3 with no problems. love the hjgh caparcity it offers and reliability of sandisk as expected, sandisk delivered again with this card. very fast transfers and a lot of data to use up. bought it for a galaxy s 3 and it works great.","['perfect card for my galaxy s3 lots of capacity at a decent price, and not a no name brand either.', 'wonderful card and performs fast and efficient. i use it with my samsung galaxie s3 with no problems. love the hjgh caparcity it offers and reliability of sandisk', 'as expected, sandisk delivered again with this card. very fast transfers and a lot of data to use up. bought it for a galaxy s 3 and it works great.']"
483,"i'm using this sd card in my samsung galaxy s3 instead of another one i bought with the same manufacture sandisk 32 gb mobile microsdhc flash memory card sdsdq 032g affp http www.amazon.com gp product b007kfxide ref oh details o04 s00 i02?ie utf8 1 .it's working perfectly since october 2012. bought this for galaxy s3, worked like a charm for 3 months then i started getting error messages on phone stating the card has been taken out or that it is not there, went on like this for a week or so then one day gone. initially i thought it was problem with phone. popped in a 2gb card from bb it worked. popped this one into the bb same, no detection. after spending so much on an sd card its disappointing to see it go bust outside of return period. i bought this card for my samsung galaxy s3. unfortunately it failed after 4 months. i contacted sandisk and they promptly sent me another. it has been going strong for 6 months.","[""i'm using this sd card in my samsung galaxy s3 instead of another one i bought with the same manufacture sandisk 32 gb mobile microsdhc flash memory card sdsdq 032g affp http www.amazon.com gp product b007kfxide ref oh details o04 s00 i02?ie utf8 1 .it's working perfectly since october 2012."", 'bought this for galaxy s3, worked like a charm for 3 months then i started getting error messages on phone stating the card has been taken out or that it is not there, went on like this for a week or so then one day gone. initially i thought it was problem with phone. popped in a 2gb card from bb it worked. popped this one into the bb same, no detection. after spending so much on an sd card its disappointing to see it go bust outside of return period.', 'i bought this card for my samsung galaxy s3. unfortunately it failed after 4 months. i contacted sandisk and they promptly sent me another. it has been going strong for 6 months.']"
484,"i use this in my samsung galaxy siii and it has been great. there have been a few instances when the card was not recognized, but simply rebooting the phone fixed the problem. i am unsure whether this is a samsung issue probably , or a sandisk issue, but it has only happened 2 to 3 times over the course of a year and a half. overall, the write speeds are fast enough that you can record 1080p video directly to the card, which is exactly what i wanted it for. it does come with a full size sd card enclosure, allowing you to use this in devices that require that type of memory card. recommended! works great in my galaxy siii, allows me to both take considerable more music and video with me, while also recording more pictures and video.i haven't done speed benchmarks on the card, but when copying mp3's to it at no point did i think 34 this is a slow piece of crap. 34 , as i have with other sd cards previously. the included adapter made it work directly in my laptop as well.i do recommend anyone with a memory card this large does regular backups to their pc or other media as nice as it is to be able to take 64gb of pictures, it would make it even worse if you lost your phone and they were the only copy. i don't have too much to say about an sd card, but i wanted to at least give it the 5 stars it deserves. we used it in a galaxy s3 and it has worked flawlessly so far. i haven't run any benchmarks to confirm the speed, etc but it does not seem to hinder the phone or camera which we now have saving photos videos to the sd card in any way.i will point out the the s3 camera app did notify us that burst mode shots will still write to the phone's internal memory. potentially due to the high date of data being written. that's good to know if you use burst mode a lot and were hoping to use an sd card for that purpose.","['i use this in my samsung galaxy siii and it has been great. there have been a few instances when the card was not recognized, but simply rebooting the phone fixed the problem. i am unsure whether this is a samsung issue probably , or a sandisk issue, but it has only happened 2 to 3 times over the course of a year and a half. overall, the write speeds are fast enough that you can record 1080p video directly to the card, which is exactly what i wanted it for. it does come with a full size sd card enclosure, allowing you to use this in devices that require that type of memory card. recommended!', ""works great in my galaxy siii, allows me to both take considerable more music and video with me, while also recording more pictures and video.i haven't done speed benchmarks on the card, but when copying mp3's to it at no point did i think 34 this is a slow piece of crap. 34 , as i have with other sd cards previously. the included adapter made it work directly in my laptop as well.i do recommend anyone with a memory card this large does regular backups to their pc or other media as nice as it is to be able to take 64gb of pictures, it would make it even worse if you lost your phone and they were the only copy."", ""i don't have too much to say about an sd card, but i wanted to at least give it the 5 stars it deserves. we used it in a galaxy s3 and it has worked flawlessly so far. i haven't run any benchmarks to confirm the speed, etc but it does not seem to hinder the phone or camera which we now have saving photos videos to the sd card in any way.i will point out the the s3 camera app did notify us that burst mode shots will still write to the phone's internal memory. potentially due to the high date of data being written. that's good to know if you use burst mode a lot and were hoping to use an sd card for that purpose.""]"
485,"love sandisk, never had a problem with them and still have not. popped this into my samsung galaxy relay 4g running android 4.0.4 and the phone detected it without a problem. has the write speeds expected and gets the job done. would recommend a different card if you plan to go to 64gb, buy the samsung uhs 1 sdxc, writes at much higher speeds and has less lag. would buy this again for the cheap price, fifty elsewhere.sincerely, isklcndykid i bought one of the 32gb for my galaxy s4, and another for my canon t3i. it works no problem in it, detected and formatted out of the box. sandisk is one of the most reliable card manufacturers in my opinion. i've gone through and sold a lot of cheap lesser sd cards throughout the years, and almost all manufacturer has their failures, but to date i haven't had any issues with sandisk. i've bought this same card for my wife and family members everyone has the s4 , and so far there's been no issues. i use mine heavily everyday, new music and movies, and after 6 9 months haven't had any failures.as far as speed goes, using dd on a usb3 card reader i recorded almost 14mb s write speed and 33mb s read speed. making it by far the fastest class 10 card i've had. they do sell 34 extreme 34 versions of this card which are even faster, but most integrated devices won't see the speed increase benefits.","['love sandisk, never had a problem with them and still have not. popped this into my samsung galaxy relay 4g running android 4.0.4 and the phone detected it without a problem. has the write speeds expected and gets the job done. would recommend a different card if you plan to go to 64gb, buy the samsung uhs 1 sdxc, writes at much higher speeds and has less lag. would buy this again for the cheap price, fifty elsewhere.sincerely, isklcndykid', ""i bought one of the 32gb for my galaxy s4, and another for my canon t3i. it works no problem in it, detected and formatted out of the box. sandisk is one of the most reliable card manufacturers in my opinion. i've gone through and sold a lot of cheap lesser sd cards throughout the years, and almost all manufacturer has their failures, but to date i haven't had any issues with sandisk. i've bought this same card for my wife and family members everyone has the s4 , and so far there's been no issues. i use mine heavily everyday, new music and movies, and after 6 9 months haven't had any failures.as far as speed goes, using dd on a usb3 card reader i recorded almost 14mb s write speed and 33mb s read speed. making it by far the fastest class 10 card i've had. they do sell 34 extreme 34 versions of this card which are even faster, but most integrated devices won't see the speed increase benefits.""]"
486,"works great with my note 2. had no problems installing it and i didn't have to format or anything. i put it in, turned the phone back on and everything transferred over quickly.thanks! found these for a really good price. bought 2, one for my wife and myself for our galaxy note 2 phones. hers worked fine but i did have an issue right from the start. however, luckily it was right from the start because i had almost nothing on it so i reformatted in the galaxy note 2 and it has worked fine ever since. it is recommended not to format it on the computer so i formatted it with the phone. it works good as for now. i bought this for my galaxy note ii and worked very good. had no problem formatting and mounting. have copied lost of music on it and so far no issues.","[""works great with my note 2. had no problems installing it and i didn't have to format or anything. i put it in, turned the phone back on and everything transferred over quickly.thanks!"", 'found these for a really good price. bought 2, one for my wife and myself for our galaxy note 2 phones. hers worked fine but i did have an issue right from the start. however, luckily it was right from the start because i had almost nothing on it so i reformatted in the galaxy note 2 and it has worked fine ever since. it is recommended not to format it on the computer so i formatted it with the phone. it works good as for now.', 'i bought this for my galaxy note ii and worked very good. had no problem formatting and mounting. have copied lost of music on it and so far no issues.']"
487,"worked great in my galaxy s4 until it didn't work at all for some unknown reason. used it for about 4 months before it crapped out. back up your data with all these things, though.... works great in my new s5 i love this things. now i just need to work my phone better so i can use the 32gb more. over all works great","[""worked great in my galaxy s4 until it didn't work at all for some unknown reason. used it for about 4 months before it crapped out. back up your data with all these things, though...."", 'works great in my new s5 i love this things. now i just need to work my phone better so i can use the 32gb more. over all works great']"
488,"works great, another awesome amazon purchase! i use it in my samsung galaxy s 3. i use it in my samsung galaxy 3 cell phone and it works great. good value and quality. i highly recommend it. works real good in my galaxy s4 phone and galaxy tablet. very good price as it can cost above 60 dollars in retail stores.","['works great, another awesome amazon purchase! i use it in my samsung galaxy s 3.', 'i use it in my samsung galaxy 3 cell phone and it works great. good value and quality. i highly recommend it.', 'works real good in my galaxy s4 phone and galaxy tablet. very good price as it can cost above 60 dollars in retail stores.']"
489,"use this in my samsung galaxy s4. have had it for almost a year now, no problems, really expands your memory capabilities, easy enough to install. installed it to my galaxy s4. works great!i want more.. waiting for price to go down.. and i wish 128gb comes out soon so i can buy it upon receiving, i installed in my samsung galaxy s4 phone. it works great and gives me the maximum memory available for this phone model. no complaints, fast ship, fair price.","['use this in my samsung galaxy s4. have had it for almost a year now, no problems, really expands your memory capabilities, easy enough to install.', 'installed it to my galaxy s4. works great!i want more.. waiting for price to go down.. and i wish 128gb comes out soon so i can buy it', 'upon receiving, i installed in my samsung galaxy s4 phone. it works great and gives me the maximum memory available for this phone model. no complaints, fast ship, fair price.']"
490,"i bought this for my galaxy s4 to expand its storage capacity and it has worked great. fast transfer speeds as well. i bought this for my galaxy s4 to expand the memory capacity a bit more. it works as it is intended to do, fast transfer rate, no problems so far. got this for the galaxy s4. works great. no complaints and i highly recommend to all....32gb is perfect if you take a lot of pics and video's...","['i bought this for my galaxy s4 to expand its storage capacity and it has worked great. fast transfer speeds as well.', 'i bought this for my galaxy s4 to expand the memory capacity a bit more. it works as it is intended to do, fast transfer rate, no problems so far.', ""got this for the galaxy s4. works great. no complaints and i highly recommend to all....32gb is perfect if you take a lot of pics and video's...""]"
491,"i bought two pieces and they were working well, but after filling one of them with videos, the entire card just failed. i was unable to reformat it, even by using partition magic. otherwise the other one is working just fine. when it did work it worked well, one day it just died 3 months after i bought it. i know these thinks happen with any memory card, it happened to me on another card i had, but that is another story. luckily sandisk has decent customer service, and will send me a new card, they were actually easy to work with, i contacted them through email, hopefully all goes well that ends well","['i bought two pieces and they were working well, but after filling one of them with videos, the entire card just failed. i was unable to reformat it, even by using partition magic. otherwise the other one is working just fine.', 'when it did work it worked well, one day it just died 3 months after i bought it. i know these thinks happen with any memory card, it happened to me on another card i had, but that is another story. luckily sandisk has decent customer service, and will send me a new card, they were actually easy to work with, i contacted them through email, hopefully all goes well that ends well']"
492,"no problems with the card what so ever. bought it for a new tablet just plugged it in and started to move files to it in a second. no issues with this. formatted the cards i reviewed from amazon. put them in the devices and they're running great. i have been using the device for couple weeks, so far no issue.the writing speed is slow, which might be the problem on my laptop not the card.","['no problems with the card what so ever. bought it for a new tablet just plugged it in and started to move files to it in a second.', ""no issues with this. formatted the cards i reviewed from amazon. put them in the devices and they're running great."", 'i have been using the device for couple weeks, so far no issue.the writing speed is slow, which might be the problem on my laptop not the card.']"
493,"i needed some new micro sd cards for my flash boot project and required stable speeds. sandisk provided the product i required with optimal speeds and stability along with quality and warranty. sandisk is the premier brand in flash memory and this card came at a good price. speeds are fast enough to work inside of my 1080p dashcam and has been running consistently for a few weeks now. good brand, speeds as advertised, and reliable so far. no complaints. i have a long term positive experience using sandisk cards. the card works great both transfer and read speeds. i have now purchased five of these cards over the past few months and my experience continues to be great. i recommend this product.","['i needed some new micro sd cards for my flash boot project and required stable speeds. sandisk provided the product i required with optimal speeds and stability along with quality and warranty.', 'sandisk is the premier brand in flash memory and this card came at a good price. speeds are fast enough to work inside of my 1080p dashcam and has been running consistently for a few weeks now. good brand, speeds as advertised, and reliable so far. no complaints.', 'i have a long term positive experience using sandisk cards. the card works great both transfer and read speeds. i have now purchased five of these cards over the past few months and my experience continues to be great. i recommend this product.']"
494,"so far have not had any problems with the card. our movies have been great. beautiful color. very clear and bright pictures. i have no issues with this card. it works great and now i have a ton of storage space for music and what not. bit overkill, but that's how i like it. no complains. i have been using this card for a few weeks and have had no problems. i am very pleased with it.","['so far have not had any problems with the card. our movies have been great. beautiful color. very clear and bright pictures.', ""i have no issues with this card. it works great and now i have a ton of storage space for music and what not. bit overkill, but that's how i like it."", 'no complains. i have been using this card for a few weeks and have had no problems. i am very pleased with it.']"
495,"this card has performed flawlessly so far. no read or write errors, or speed problems. not much more to say, but i had to fill up the amazon word count. i have not pushed this card by writing and reading tons of video or anything, but it seems to work fine.","['this card has performed flawlessly so far. no read or write errors, or speed problems. not much more to say, but i had to fill up the amazon word count.', 'i have not pushed this card by writing and reading tons of video or anything, but it seems to work fine.']"
496,"if your card gets hot enough to be painful, it is defective and you need to contact sandisk!from my experience, the larger micro sds run hot on format and writing, but not to the pain threshold!i purchased one of these cards to use in a camera and android tablet. great read speed but write speed was okay. used card for about two weeks and then all my files disappeared! tried to format the card and three different computers with xp, windows, and linux couldn't format it. the camera and tablet couldn't format it. i rma'd it and got another because sandisk is a good brand. i did notice that when formatting or writing the card it got hot, very hot.second card didn't last 24 hours and had the exact same symptoms as the first card. write a file or format it resulted in the card getting hot enough to reach the pain threshold. i called up sandisk and while explaining this was the second card i'd received with the exact same symptoms, when i mentioned it getting hot, they immediately issued me an rma. they said they were told to issue an rma the moment they heard a card ran hot.smaller sandisk micro sd's or regular sd's i have or use don't do this. i think sandisk has an issue with this card.the last 4 digits of the part number refer to the date code and origin of the card. both cards had different date and origin codes. im so upset right now it just died , turned on my phone and all my movies pics music all gone. card just died after three months bullcrap. 06.nov.2012 bought the card.12.jan.2014 card failed.it cannot be formatted or used in any way.it lasted 14 months and most of that time i was not even using it.","[""if your card gets hot enough to be painful, it is defective and you need to contact sandisk!from my experience, the larger micro sds run hot on format and writing, but not to the pain threshold!i purchased one of these cards to use in a camera and android tablet. great read speed but write speed was okay. used card for about two weeks and then all my files disappeared! tried to format the card and three different computers with xp, windows, and linux couldn't format it. the camera and tablet couldn't format it. i rma'd it and got another because sandisk is a good brand. i did notice that when formatting or writing the card it got hot, very hot.second card didn't last 24 hours and had the exact same symptoms as the first card. write a file or format it resulted in the card getting hot enough to reach the pain threshold. i called up sandisk and while explaining this was the second card i'd received with the exact same symptoms, when i mentioned it getting hot, they immediately issued me an rma. they said they were told to issue an rma the moment they heard a card ran hot.smaller sandisk micro sd's or regular sd's i have or use don't do this. i think sandisk has an issue with this card.the last 4 digits of the part number refer to the date code and origin of the card. both cards had different date and origin codes."", 'im so upset right now it just died , turned on my phone and all my movies pics music all gone. card just died after three months bullcrap.', '06.nov.2012 bought the card.12.jan.2014 card failed.it cannot be formatted or used in any way.it lasted 14 months and most of that time i was not even using it.']"
497,"i use this in my galaxy note 3 and seems to work just fine. i love having lots of memory and the price was good. i bought this for a note 3, but i am still waiting for verizon to ship. meanwhile it works great with my note 2. purchased this for my galaxy note 3 and no problems. it was recognized without error and seems to work fine.","['i use this in my galaxy note 3 and seems to work just fine. i love having lots of memory and the price was good.', 'i bought this for a note 3, but i am still waiting for verizon to ship. meanwhile it works great with my note 2.', 'purchased this for my galaxy note 3 and no problems. it was recognized without error and seems to work fine.']"
498,"works great with my samsung galaxy note ii. install it and forget about it. i've never had a problem with it. put it in my note 3 and it works. no hassles. phone recognized it and started using it immediately. what else is there to say? works on my samsung note 3, and for such a great price. fast, holds a lot of data, no need to go any where else.","[""works great with my samsung galaxy note ii. install it and forget about it. i've never had a problem with it."", 'put it in my note 3 and it works. no hassles. phone recognized it and started using it immediately. what else is there to say?', 'works on my samsung note 3, and for such a great price. fast, holds a lot of data, no need to go any where else.']"
499,"works as expected. based on price and performance this may be a best of breed product. i have found the sandisk brand to be dependable. works as expected, no problems, second time i purchased this item, happy with purchase. cheapest price i found for sandisk. works exactly as you would expect it to. sandisk always makes great products that are of high quality, highly recommended.","['works as expected. based on price and performance this may be a best of breed product. i have found the sandisk brand to be dependable.', 'works as expected, no problems, second time i purchased this item, happy with purchase. cheapest price i found for sandisk.', 'works exactly as you would expect it to. sandisk always makes great products that are of high quality, highly recommended.']"
500,"i ordered a san disk ultra 32 gb and received it the next day via prime. the only problem was that the card was defective. i went thru the process to return, which was simple, and did so. received an email that a replacement had been sent with one day delivery. got it today .card is good, everything is perfect.i thank you i ordered this card for a friend and had it shipped with prime. after about a week my friend still didn't have the card. ok, i called amazon and they had a new card in the mail that day and overnight ed it. great service on amazon's part!it's a micro sd card, what more can you say about it. if you don't know how to use one then you are just dumb and you should walk into traffic i am cautiously optimistic but happy because amazon sent my replacement promptly. i ordered a 32gb card and it came broken, so i returned with followed with an email asking for immediate shipping...and it arrived just in time for my trip. i am cautiously optimistic because out of four cards i have purchased from amazon, this is the only one that works so far. but i got refunded for the rest.","['i ordered a san disk ultra 32 gb and received it the next day via prime. the only problem was that the card was defective. i went thru the process to return, which was simple, and did so. received an email that a replacement had been sent with one day delivery. got it today .card is good, everything is perfect.i thank you', ""i ordered this card for a friend and had it shipped with prime. after about a week my friend still didn't have the card. ok, i called amazon and they had a new card in the mail that day and overnight ed it. great service on amazon's part!it's a micro sd card, what more can you say about it. if you don't know how to use one then you are just dumb and you should walk into traffic"", 'i am cautiously optimistic but happy because amazon sent my replacement promptly. i ordered a 32gb card and it came broken, so i returned with followed with an email asking for immediate shipping...and it arrived just in time for my trip. i am cautiously optimistic because out of four cards i have purchased from amazon, this is the only one that works so far. but i got refunded for the rest.']"
501,"as others have found, these cards do not last. mine died in less than 2 months. lost several photos that i had not backed up yet. the warranty replacement died within 3 months.go with another brand. i've been using a kingston and so far, 9 months later, still working. i find this card seems to frequently stop working altogether and have to be reformatted, or simply re seated. it's hard to know if this is the fault of the device i use it in a cellphone , or the card itself, so i can't really hold that against it, but all i can say is that's been my experience with this card, and not others. randomly died out of nowhere. i have the camera on for about 2 min and the card worked. turned the camera off and back on a few min later and the card no longer worked. i have no idea what happened but this seems to be a common problem with these cards.","[""as others have found, these cards do not last. mine died in less than 2 months. lost several photos that i had not backed up yet. the warranty replacement died within 3 months.go with another brand. i've been using a kingston and so far, 9 months later, still working."", ""i find this card seems to frequently stop working altogether and have to be reformatted, or simply re seated. it's hard to know if this is the fault of the device i use it in a cellphone , or the card itself, so i can't really hold that against it, but all i can say is that's been my experience with this card, and not others."", 'randomly died out of nowhere. i have the camera on for about 2 min and the card worked. turned the camera off and back on a few min later and the card no longer worked. i have no idea what happened but this seems to be a common problem with these cards.']"
502,"my card got so hot it almost melted. crazy! but you card somewhere else, i know i wii! i'm not taking the chance of ruining one of my devices. no thanks yeah. ultra hot. i could not get any of my devices to recognize this card. when i finally was, using a usd reader, i tried to format it. it wouldn't format and burned my fingers when i removed it. others have also posted this. maybe they are not all bad, but many are. perhaps they are counterfeit, i don't know. but the hassle of having to return it isn't worth the 10 you may save. i purchased 2 of these, 1 for my htc incredible phone and the other for use in a key chain storage device. both of these cards run very very hot. after copying over 4gb of files, it was almost scalding to the touch. but both have been reliable with only a few issues of reading them, both times in the thumb drive adapter, so that may have been at fault and not the card itself.","[""my card got so hot it almost melted. crazy! but you card somewhere else, i know i wii! i'm not taking the chance of ruining one of my devices. no thanks"", ""yeah. ultra hot. i could not get any of my devices to recognize this card. when i finally was, using a usd reader, i tried to format it. it wouldn't format and burned my fingers when i removed it. others have also posted this. maybe they are not all bad, but many are. perhaps they are counterfeit, i don't know. but the hassle of having to return it isn't worth the 10 you may save."", 'i purchased 2 of these, 1 for my htc incredible phone and the other for use in a key chain storage device. both of these cards run very very hot. after copying over 4gb of files, it was almost scalding to the touch. but both have been reliable with only a few issues of reading them, both times in the thumb drive adapter, so that may have been at fault and not the card itself.']"
503,"initially when i inserted the card into the samsung galaxy s3 it recognized it but it wasn't able to format it correctly. after doing some research i found a free program easeus partition master ... that will format the card into fat 32 since windows no longer allows you to do it by default. after formatting it into fat 32 the phone recognized the card and it works great now. i hope this helps anyone else that might run into this problem. i've been using this card for over 2 months and it works perfectly. i installed it in a samsung galaxy s3 and it was immediately recognized. no need for formatting or other special handling. i had to use fat32format.exe in order to fully use this card in my samsung galaxy s3. the card comes with exfat format, which doesn't work when trying to use the card with recovery to load custom roms.","[""initially when i inserted the card into the samsung galaxy s3 it recognized it but it wasn't able to format it correctly. after doing some research i found a free program easeus partition master ... that will format the card into fat 32 since windows no longer allows you to do it by default. after formatting it into fat 32 the phone recognized the card and it works great now. i hope this helps anyone else that might run into this problem."", ""i've been using this card for over 2 months and it works perfectly. i installed it in a samsung galaxy s3 and it was immediately recognized. no need for formatting or other special handling."", ""i had to use fat32format.exe in order to fully use this card in my samsung galaxy s3. the card comes with exfat format, which doesn't work when trying to use the card with recovery to load custom roms.""]"
504,"hard to review this as the card arrived doa. couldn't write to it at all, and it wouldn't format. i returned it and amazon was great about the credit. i've owned several sandisk memory cards and they have all performed well and i was a little surprised that this one failed out of the box. i'd read a good review of the samsung 64gb micro card and i bought that instead. very pleased with it. how can you review a sandisk card? it works. it stores pictures and other items on my phone. zero problems with it. pros 1. ordered it and got free shipping.2. got it in 3 days.3. popped it out of the box.4. popped it in the cellphone!5. done!cons 1. doesn't come with a hot pocket.2. amazon won't marry me.3. took me too long to order the hell was i thinking.4. took too long to get it out of the box 1 second! update okay i have to bring this rating down to 1 star.... my 64gb sd card just crapped out. i'm getting the 0x80071ac3 code and i cant format it or copy files to it. i ran scan disk and nothing works... i don't know if i will be buying any more sd cards again from them. luckily i was able to save all my files. i've goggled this problem and this is a common problem with these cards...","[""hard to review this as the card arrived doa. couldn't write to it at all, and it wouldn't format. i returned it and amazon was great about the credit. i've owned several sandisk memory cards and they have all performed well and i was a little surprised that this one failed out of the box. i'd read a good review of the samsung 64gb micro card and i bought that instead. very pleased with it."", 'how can you review a sandisk card? it works. it stores pictures and other items on my phone. zero problems with it.', ""pros 1. ordered it and got free shipping.2. got it in 3 days.3. popped it out of the box.4. popped it in the cellphone!5. done!cons 1. doesn't come with a hot pocket.2. amazon won't marry me.3. took me too long to order the hell was i thinking.4. took too long to get it out of the box 1 second! update okay i have to bring this rating down to 1 star.... my 64gb sd card just crapped out. i'm getting the 0x80071ac3 code and i cant format it or copy files to it. i ran scan disk and nothing works... i don't know if i will be buying any more sd cards again from them. luckily i was able to save all my files. i've goggled this problem and this is a common problem with these cards...""]"
505,"it has worked fine, so i have no complaints. i've purchased sandisk products several times and have been happy with this brand. as with most things sandisk it functions well and so far no issues. comes with the adapter which is a big plus. never had a problem with it,it does exactly what it is made to do,love sandisk product,smooth operation,high price but worth it.get it if you like to save,by waiting a day or two.enjoy","[""it has worked fine, so i have no complaints. i've purchased sandisk products several times and have been happy with this brand."", 'as with most things sandisk it functions well and so far no issues. comes with the adapter which is a big plus.', 'never had a problem with it,it does exactly what it is made to do,love sandisk product,smooth operation,high price but worth it.get it if you like to save,by waiting a day or two.enjoy']"
506,"i have always been pleased with the sandisk products and this one is no exception. it works as advertised. i would purchase it again. i used it and it worked fine. i try to buy many of sandisk products more often but its a bit pricey great product, great speed, no hassle, plug and play. up to now sandisk products have always been reliable for me hope this keeps up to it's brand.","['i have always been pleased with the sandisk products and this one is no exception. it works as advertised. i would purchase it again.', 'i used it and it worked fine. i try to buy many of sandisk products more often but its a bit pricey', ""great product, great speed, no hassle, plug and play. up to now sandisk products have always been reliable for me hope this keeps up to it's brand.""]"
507,"this card worked in my galaxy s3 right off the bat. i did not need to format it or anything. after about 2 weeks, i was watching a video on my phone and it locked up. then the phone showed that the card was damaged. now i am unable to copy anything over 100mb to or from the card. viewing photos from the gallery also locks up the phone. amazon customer service is great, however. they sent me a new card. i will update my review after i am able to use the new one for at least a month without any errors. update after having the second card for a few weeks, it also had the same issues. even worse, the card was completely unreadable after it locked up. the card showed about 5 gb of data being used, but could not be accessed via the phone or in a computer. sent this one back and will be going back to my trusty 16gb card. i have lost my data 3 times with this card. i don't know if it's the card or the s3. my data always ends up as unrecoverable pieces in the lost.dir directory the phone creates the first time you insert the card. i don't trust it to hold anything i cant afford to loose.update i purchased akingston digital 32 gb microsdhc flash memory card sdc4 32gblast week as a replacement. it hasn't lost any data yet. i'll update here again if it has the same issue.update 2 thekingston digital 32 gb microsdhc flash memory card sdc4 32gbhas been in my phone for 2 months with no data loss. it is the better product. i've had this memory card in my s3 for the past few months without any issues. the only problem i've had with this was when i initially copied the 30gb of data from my old card to this card. i had this connected to my laptop using a microsd usb adapter and the copies kept failing. i figured out that the card was overheating when writing a lot of data. i was able to copy the data by pointing a small desk fan towards the card adapter during the file copy process. that being said, i don't have any read write problems due to overheating with the card installed in my phone. i've copied over a couple of gigs of movies to watch on some trips with the card installed in the phone without any failures. it may be that heat issue only occurs after pushing 62 3gb of data at a time. the largest movie i copied to the phone was 2gb. most of the other movies are just over a gig.the only prep work for use in my phone was the initial format when it was first installed. the card was recognized prior to the formatting but i had seen where others had read write issues so the format was a preemptive move.","['this card worked in my galaxy s3 right off the bat. i did not need to format it or anything. after about 2 weeks, i was watching a video on my phone and it locked up. then the phone showed that the card was damaged. now i am unable to copy anything over 100mb to or from the card. viewing photos from the gallery also locks up the phone. amazon customer service is great, however. they sent me a new card. i will update my review after i am able to use the new one for at least a month without any errors. update after having the second card for a few weeks, it also had the same issues. even worse, the card was completely unreadable after it locked up. the card showed about 5 gb of data being used, but could not be accessed via the phone or in a computer. sent this one back and will be going back to my trusty 16gb card.', ""i have lost my data 3 times with this card. i don't know if it's the card or the s3. my data always ends up as unrecoverable pieces in the lost.dir directory the phone creates the first time you insert the card. i don't trust it to hold anything i cant afford to loose.update i purchased akingston digital 32 gb microsdhc flash memory card sdc4 32gblast week as a replacement. it hasn't lost any data yet. i'll update here again if it has the same issue.update 2 thekingston digital 32 gb microsdhc flash memory card sdc4 32gbhas been in my phone for 2 months with no data loss. it is the better product."", ""i've had this memory card in my s3 for the past few months without any issues. the only problem i've had with this was when i initially copied the 30gb of data from my old card to this card. i had this connected to my laptop using a microsd usb adapter and the copies kept failing. i figured out that the card was overheating when writing a lot of data. i was able to copy the data by pointing a small desk fan towards the card adapter during the file copy process. that being said, i don't have any read write problems due to overheating with the card installed in my phone. i've copied over a couple of gigs of movies to watch on some trips with the card installed in the phone without any failures. it may be that heat issue only occurs after pushing 62 3gb of data at a time. the largest movie i copied to the phone was 2gb. most of the other movies are just over a gig.the only prep work for use in my phone was the initial format when it was first installed. the card was recognized prior to the formatting but i had seen where others had read write issues so the format was a preemptive move.""]"
508,"with all the great reviews on this card, i picked this up for my samsung galaxy s iii. popped in the card, and i was happy taking pictures, saving files, and living life.fast forward two months later, and all of a sudden, the card stops functioning. my phone won't read it any more. my computer won't read it either. submitted a ticket to sandisk. hopefully i can get a replacement that actually works.thank goodness i saved all my photos on dropbox. i do not know if the gs3's have issues with reading cards of this size but i eventually had to remove this card and purchase a transcend 8gb class 10 card just to check if it was my phone that was the problem. when i got it i opened the packet, and popped it right in. recognized, was able to start using, taking shots and video and they immediately saved to the card without the hangup my old class 2 card used to have. after a couple of days i noticed that i would take a shot and the phone would give me an error that it could not save to the sd card. you would have to reboot to fix. when scrolling through the gallery on the sd card it would freeze and the app would crash. i moved what i could, formatted the card but the same thing kept happening.since installing the new transcend 8gb card i've had no such issues. maybe its just my phone but i think there have been enough complaints from gs3 owners to be a little skeptical about this card on their phones. ok so far with my samsung galaxy s3. i initially received one that seemed to have an issue. it would intermittently save a photo here and there that would become corrupt a short time later. the dropbox auto upload was fine so i know it was stored ok initially. amazon excellent support quickly shipped out a new one. the replacement has been working great so far! no sign of the issue i had with the first one.the only con is the time to display contents and read it in mtp mode if it has a lot of files. this is not the fault of the card. it's a known issue with phones in mtp mode.note to rooted gs3 users...i also tried putting the phone in the old unmounted usb mode. i was unable to read it but was able to read a 32gb version of the same card. it appears the gs3 does not support over 32gb in the old usb mode. possibly part of the reason why they did not include a usb option via phone settings.","[""with all the great reviews on this card, i picked this up for my samsung galaxy s iii. popped in the card, and i was happy taking pictures, saving files, and living life.fast forward two months later, and all of a sudden, the card stops functioning. my phone won't read it any more. my computer won't read it either. submitted a ticket to sandisk. hopefully i can get a replacement that actually works.thank goodness i saved all my photos on dropbox."", ""i do not know if the gs3's have issues with reading cards of this size but i eventually had to remove this card and purchase a transcend 8gb class 10 card just to check if it was my phone that was the problem. when i got it i opened the packet, and popped it right in. recognized, was able to start using, taking shots and video and they immediately saved to the card without the hangup my old class 2 card used to have. after a couple of days i noticed that i would take a shot and the phone would give me an error that it could not save to the sd card. you would have to reboot to fix. when scrolling through the gallery on the sd card it would freeze and the app would crash. i moved what i could, formatted the card but the same thing kept happening.since installing the new transcend 8gb card i've had no such issues. maybe its just my phone but i think there have been enough complaints from gs3 owners to be a little skeptical about this card on their phones."", ""ok so far with my samsung galaxy s3. i initially received one that seemed to have an issue. it would intermittently save a photo here and there that would become corrupt a short time later. the dropbox auto upload was fine so i know it was stored ok initially. amazon excellent support quickly shipped out a new one. the replacement has been working great so far! no sign of the issue i had with the first one.the only con is the time to display contents and read it in mtp mode if it has a lot of files. this is not the fault of the card. it's a known issue with phones in mtp mode.note to rooted gs3 users...i also tried putting the phone in the old unmounted usb mode. i was unable to read it but was able to read a 32gb version of the same card. it appears the gs3 does not support over 32gb in the old usb mode. possibly part of the reason why they did not include a usb option via phone settings.""]"
509,"i haven't experienced any issues with this card yet.i got it for a very good price and am very happy with it. my last micro sd card failed on me after a few months of use and i lost everything i had nothing was recoverable... this one, though seems to work perfectly as designed and i haven't had an issue with it yet.five stars because it does what i expect it to do and hasn't failed me. we have 3 of these and so far it is my favorite microsd card, fast and so far no problems. i've been using it for just over a week and so far i've had no issues...not that i was expecting any as i've used sandisk microsdhc cards before which have worked reliably. these have all been of varying sizes under 32 gb, this being the largest size i've ever used. i've read complaints elsewhere from persons who've had problems with the said brand which, fortunately, have been few.","[""i haven't experienced any issues with this card yet.i got it for a very good price and am very happy with it. my last micro sd card failed on me after a few months of use and i lost everything i had nothing was recoverable... this one, though seems to work perfectly as designed and i haven't had an issue with it yet.five stars because it does what i expect it to do and hasn't failed me."", 'we have 3 of these and so far it is my favorite microsd card, fast and so far no problems.', ""i've been using it for just over a week and so far i've had no issues...not that i was expecting any as i've used sandisk microsdhc cards before which have worked reliably. these have all been of varying sizes under 32 gb, this being the largest size i've ever used. i've read complaints elsewhere from persons who've had problems with the said brand which, fortunately, have been few.""]"
510,"i have no issues with this micro sd. i purchased it for use with a video camera and it does everything i would expect without any problems. wouldn't hesitate to purchase again. i can not say it is a bad microsd card, but mine stopped working after a few months of normal use.every time i put it into my pc or smartphone a message came up saying that i needed to format it, but when i click on format, it showed another message saying that it was unable to format it..... the one i purchased to replace it is a polaroid which by the way is working better than i expected.while it lasted it was perfect.","[""i have no issues with this micro sd. i purchased it for use with a video camera and it does everything i would expect without any problems. wouldn't hesitate to purchase again."", 'i can not say it is a bad microsd card, but mine stopped working after a few months of normal use.every time i put it into my pc or smartphone a message came up saying that i needed to format it, but when i click on format, it showed another message saying that it was unable to format it..... the one i purchased to replace it is a polaroid which by the way is working better than i expected.while it lasted it was perfect.']"
511,worked well after reformatting. good thing i was able to download the free app on line after reformatting. memory to spare. i like being able to download and snap photos without thinking how much space left in the phone. the card works great. re formatted in the phone and copied all data to it and re installed. works fast and works well.,"['worked well after reformatting. good thing i was able to download the free app on line after reformatting. memory to spare. i like being able to download and snap photos without thinking how much space left in the phone.', 'the card works great. re formatted in the phone and copied all data to it and re installed. works fast and works well.']"
512,"i always purchase sandisk memory cards. i've never had any issues with them. i will continue to buy sandisk products in the future. i have purchased and used several sandisk memory cards and i have never experienced any issues with those cards. one of my first choices when i am in the market for a memory card i really dont have much to say about sandisk's cards. they work as intended, i never had a problem with them.","[""i always purchase sandisk memory cards. i've never had any issues with them. i will continue to buy sandisk products in the future."", 'i have purchased and used several sandisk memory cards and i have never experienced any issues with those cards. one of my first choices when i am in the market for a memory card', ""i really dont have much to say about sandisk's cards. they work as intended, i never had a problem with them.""]"
513,"i have always purchased sandisk products. this works alright it went bad in 2 months and sandisk replaced it. i have not had any issues with the replacement that sandisk sent. short and sweet i've never had an issue with sandisk media and this one has been solid as well. i have sandisk media in all of my countless electronic gadgets. so i bought another sandisk product, and guess what? it works. great job guys. and not too pricey either. can't wait for the 128gb version...","['i have always purchased sandisk products. this works alright it went bad in 2 months and sandisk replaced it. i have not had any issues with the replacement that sandisk sent.', ""short and sweet i've never had an issue with sandisk media and this one has been solid as well. i have sandisk media in all of my countless electronic gadgets."", ""so i bought another sandisk product, and guess what? it works. great job guys. and not too pricey either. can't wait for the 128gb version...""]"
514,"sandisk never disappoints. as always sandisk products are worth every penny. nice product and quality and works great. i recommend this product to everyone. can't go wrong with sandisk! always works. never any issues. and this one is no different. more than enough storage space sandisk has always made reliable products, and this offers good speed, as expected capacity, and good price for its capacity","['sandisk never disappoints. as always sandisk products are worth every penny. nice product and quality and works great. i recommend this product to everyone.', ""can't go wrong with sandisk! always works. never any issues. and this one is no different. more than enough storage space"", 'sandisk has always made reliable products, and this offers good speed, as expected capacity, and good price for its capacity']"
515,"i use sandisk sdhc cards in my nikon cameras. i am using this one in a sansa zip clip which is an mp3 player. i am very happy.cons none that i can think ofpros fast memory, small form factor, and excessively inexpensive 18 for 32gb there is no question about sandisk, and their continued innovation with really keeping storage from any computer for those on the go. with any need for electronic files, or music or games securely stored and protected from computer to phones and mp3 players and tablets, micro sd cards are becoming a increased need for laptops and computer needs. sandisk has made several products through time, and they have continued to get better with innovation. their ultra micro sdhc memory card handles very well. it works nicely with storing all my media files into one convient package. i like it because i can safely have all my mp3 files, in this card and play them with my sandisk mp3 player nicely. this is definitely a good buy for anyone that really wants a bit of extra space. i definitely recommend this micro sd memory card for all the extra storage space.price bconvience b overall b 1 2","['i use sandisk sdhc cards in my nikon cameras. i am using this one in a sansa zip clip which is an mp3 player. i am very happy.cons none that i can think ofpros fast memory, small form factor, and excessively inexpensive 18 for 32gb', 'there is no question about sandisk, and their continued innovation with really keeping storage from any computer for those on the go. with any need for electronic files, or music or games securely stored and protected from computer to phones and mp3 players and tablets, micro sd cards are becoming a increased need for laptops and computer needs. sandisk has made several products through time, and they have continued to get better with innovation. their ultra micro sdhc memory card handles very well. it works nicely with storing all my media files into one convient package. i like it because i can safely have all my mp3 files, in this card and play them with my sandisk mp3 player nicely. this is definitely a good buy for anyone that really wants a bit of extra space. i definitely recommend this micro sd memory card for all the extra storage space.price bconvience b overall b 1 2']"
516,"i've had this card for some time now and i've only had one problem with it and i believe that problem to be with my phone. the card's formatting became corrupted and while i could still copy to and from using my computer, my phone didn't recognize the card. copying the data off, formatting the card, and copying the data back onto it fixed the issue. it's really nice to have 64gb's of extra data storage on my phone. update this card stopped working as of late february 2013, after only about 2 months of regular use. there are 492 similar complaints about this card now 493... and this is 17.5 of 1 star out of 2918 reviews... at first i thought it was my phone not being able to find it, or the card would often spontaneously dismount, and there were the frequent and repeated alerts for me to format the card. formatting the card only cured the problem for a day or two... plugged it into the desktop directly, and the same thing happened. got another card of another brand, and everything has been working well since early march 2013 with the other card. so it was not the phone but the card that is at fault. very poor longevity. the price is right, but at the end not worth it if you need to buy another card to replace it. amazon only covers 30 days..., so consider this a very expensive 60 day experiment if you are willing to try this brand of card... would not recommend. worked fine for a month and then after about a month, the phone didn't see the card any more. tried to read it on several pc's and none of them detected the card. unfortunately it hadn't been backed up so all pictures and videos take on the phone are now gone.","[""i've had this card for some time now and i've only had one problem with it and i believe that problem to be with my phone. the card's formatting became corrupted and while i could still copy to and from using my computer, my phone didn't recognize the card. copying the data off, formatting the card, and copying the data back onto it fixed the issue. it's really nice to have 64gb's of extra data storage on my phone."", 'update this card stopped working as of late february 2013, after only about 2 months of regular use. there are 492 similar complaints about this card now 493... and this is 17.5 of 1 star out of 2918 reviews... at first i thought it was my phone not being able to find it, or the card would often spontaneously dismount, and there were the frequent and repeated alerts for me to format the card. formatting the card only cured the problem for a day or two... plugged it into the desktop directly, and the same thing happened. got another card of another brand, and everything has been working well since early march 2013 with the other card. so it was not the phone but the card that is at fault. very poor longevity. the price is right, but at the end not worth it if you need to buy another card to replace it. amazon only covers 30 days..., so consider this a very expensive 60 day experiment if you are willing to try this brand of card... would not recommend.', ""worked fine for a month and then after about a month, the phone didn't see the card any more. tried to read it on several pc's and none of them detected the card. unfortunately it hadn't been backed up so all pictures and videos take on the phone are now gone.""]"
517,"i bought two of these 128 gb microsd cards which i formatted to fat32, and i currently have about 62 gb in 35,000 files on each card. i carry one card in my wallet and keep one in a safe deposit off site. i've been through the sandisk literature looking to see if there are any restrictions on their use, other than as ordinary 34 flash memory 34 for file storage. there are no restrictions i could find. what i have found is that these 128 gb cards and a sandisk 64 gb card i bought previously cannot accept 62 gb of data written from a computer without suffering errors. i've had to resort to copying no more than 1 3 gb of data at a time to these cards, stopping, then starting another 1 3 gb until the complete data is copied. the errors actually occur early on, at approximately the 2 to 3 gb point. i have several other 128 gb flash memory sticks the lexar echo series, as well as a hundred other lower capacity flash memory cards, and do not have this overflow error problem with any of those. to repeat, there are no restrictions on the use of these memory cards example can be used only in a camera given by sandisk, and given that the 62 gb of data on each card has been verified as to integrity, they are not defective. i bought two of the 32 gb sandisk ultra microsdhc cards, and both of them were unusable.the first one stopped accepting new data when i had put a bit less than one gig of data onto the card. i couldn't add more files, and i couldn't reformat the card. if i tried to write a new file onto the card, the write operation seemed as if it worked, but the new data couldn't be read back successfully. the files already on the card were still readable, though, so basically, the card had become a 1 gb rom. fortunately, there was no sensitive personal information on the card, so i returned it to amazon.the second one didn't fail the same way, but it was still unusable. if i transferred a bunch of files and then read them back, most of the transferred files had data errors. for example, a 3 minute music file might only be able to have it's first minute of music played back, then the bad data would stop the music player. i ran a write readback test and confirmed that there were data errors on nearly every block tested. i used flash drive tester v114.exe, which is a free download. i ended up buying the equivalent transcend producttranscend information ts32gusdc10 32gb micro sdhc10 flash memory no box or adapterwhich has been performing flawlessly. i have over half of the capacity in use, and i've never seen any sign of data loss or corruption. for usb plug in flash drives, i've had good luck with sandisk products, but my experience with the sandisk microsdhc cards has been terrible. failed after one month and the problem is epidemic on the sandisk forums , they slowly get corrupted then fail and report only 30 32mb size.the lifetime warranty is nice, but these products are clearly defective , i'm in the process of rma now, will update post on status updates.do not trust your data with this product, keep a backup of everything you put on it, i'm 100 serious, just look at the sandisk 'users' forum for 64gb cards.here is my breakdown while it lastedsandisk ultra 64 gb microsdxc class 10 uhs 1write speed was 8 10 mb s usually 8, tested windows usb 3.0 reader, and android read speed 27 mb sfailed 1 1 2 monthsupdate 2 13 14received back replacement item in brand new condition readspeed is 40 mb s write speed is still around 10 12mb s rma turn around time was about 3 weeks, i will up rating if this one lasts longer then one month.update 5 1 14rma replacement is still going strong, upped the star rating by one point.","[""i bought two of these 128 gb microsd cards which i formatted to fat32, and i currently have about 62 gb in 35,000 files on each card. i carry one card in my wallet and keep one in a safe deposit off site. i've been through the sandisk literature looking to see if there are any restrictions on their use, other than as ordinary 34 flash memory 34 for file storage. there are no restrictions i could find. what i have found is that these 128 gb cards and a sandisk 64 gb card i bought previously cannot accept 62 gb of data written from a computer without suffering errors. i've had to resort to copying no more than 1 3 gb of data at a time to these cards, stopping, then starting another 1 3 gb until the complete data is copied. the errors actually occur early on, at approximately the 2 to 3 gb point. i have several other 128 gb flash memory sticks the lexar echo series, as well as a hundred other lower capacity flash memory cards, and do not have this overflow error problem with any of those. to repeat, there are no restrictions on the use of these memory cards example can be used only in a camera given by sandisk, and given that the 62 gb of data on each card has been verified as to integrity, they are not defective."", ""i bought two of the 32 gb sandisk ultra microsdhc cards, and both of them were unusable.the first one stopped accepting new data when i had put a bit less than one gig of data onto the card. i couldn't add more files, and i couldn't reformat the card. if i tried to write a new file onto the card, the write operation seemed as if it worked, but the new data couldn't be read back successfully. the files already on the card were still readable, though, so basically, the card had become a 1 gb rom. fortunately, there was no sensitive personal information on the card, so i returned it to amazon.the second one didn't fail the same way, but it was still unusable. if i transferred a bunch of files and then read them back, most of the transferred files had data errors. for example, a 3 minute music file might only be able to have it's first minute of music played back, then the bad data would stop the music player. i ran a write readback test and confirmed that there were data errors on nearly every block tested. i used flash drive tester v114.exe, which is a free download. i ended up buying the equivalent transcend producttranscend information ts32gusdc10 32gb micro sdhc10 flash memory no box or adapterwhich has been performing flawlessly. i have over half of the capacity in use, and i've never seen any sign of data loss or corruption. for usb plug in flash drives, i've had good luck with sandisk products, but my experience with the sandisk microsdhc cards has been terrible."", ""failed after one month and the problem is epidemic on the sandisk forums , they slowly get corrupted then fail and report only 30 32mb size.the lifetime warranty is nice, but these products are clearly defective , i'm in the process of rma now, will update post on status updates.do not trust your data with this product, keep a backup of everything you put on it, i'm 100 serious, just look at the sandisk 'users' forum for 64gb cards.here is my breakdown while it lastedsandisk ultra 64 gb microsdxc class 10 uhs 1write speed was 8 10 mb s usually 8, tested windows usb 3.0 reader, and android read speed 27 mb sfailed 1 1 2 monthsupdate 2 13 14received back replacement item in brand new condition readspeed is 40 mb s write speed is still around 10 12mb s rma turn around time was about 3 weeks, i will up rating if this one lasts longer then one month.update 5 1 14rma replacement is still going strong, upped the star rating by one point.""]"
518,"i purhased this thinking i was getting an amazing deal. the price was right, the product was not. after a few months i am unable to delete or add files, pics or music to this microsd card. i am only using 28gb of space on it. i cannot add anything, nor delete anything, it won't even allow me to format it and start fresh. i am not happy with this product and extremely disappointed. i use my phone a lot and store music and pictures on my phone for various purposes. i would recommend buying another 64gb microsd card. one that is more reliable. i purchased sandisk because i thought it was the most reliable name brand out there. i have a galaxy s3 and purchased this 32gb card to handle all my photo's and movies. i'd say over the last 4 months i haven't been using the storage for more than just photo's and the occasional movie. the device just failed on me yesterday, losing all my photo's and files. thank goodness for dropbox auto photo upload otherwise i would of permanently lost my photos.i actually went back to the amazon branded microsd card 16gb which is about as fast and so far, way more reliable than sandisk. i can't beleive a sandisk card failed, i'm probably going to rma the unit and hope they send me a better unit. you can guarantee that i'm going to burn in the card to make sure there's no errors.i gave it one star because you think you pay a premium for a premium product. you expect it to be as near flawless as possible. this product sucks. my phone keeps giving me a card removed please re insert or something like that! only to find out that they do have that problem 32gb sd's and higher micro sd card ultra class 10 . complained to company and it's taking forever for them to ship me a new one. many mistakes happened with my new items and inconvenient. better to have just returned it with amazon got the money back and bought a different one!!! company sucks! you would think sandisk is a reputable name but . i bought 2 cards from them 32g and 64g and both have problems.","[""i purhased this thinking i was getting an amazing deal. the price was right, the product was not. after a few months i am unable to delete or add files, pics or music to this microsd card. i am only using 28gb of space on it. i cannot add anything, nor delete anything, it won't even allow me to format it and start fresh. i am not happy with this product and extremely disappointed. i use my phone a lot and store music and pictures on my phone for various purposes. i would recommend buying another 64gb microsd card. one that is more reliable."", ""i purchased sandisk because i thought it was the most reliable name brand out there. i have a galaxy s3 and purchased this 32gb card to handle all my photo's and movies. i'd say over the last 4 months i haven't been using the storage for more than just photo's and the occasional movie. the device just failed on me yesterday, losing all my photo's and files. thank goodness for dropbox auto photo upload otherwise i would of permanently lost my photos.i actually went back to the amazon branded microsd card 16gb which is about as fast and so far, way more reliable than sandisk. i can't beleive a sandisk card failed, i'm probably going to rma the unit and hope they send me a better unit. you can guarantee that i'm going to burn in the card to make sure there's no errors.i gave it one star because you think you pay a premium for a premium product. you expect it to be as near flawless as possible."", ""this product sucks. my phone keeps giving me a card removed please re insert or something like that! only to find out that they do have that problem 32gb sd's and higher micro sd card ultra class 10 . complained to company and it's taking forever for them to ship me a new one. many mistakes happened with my new items and inconvenient. better to have just returned it with amazon got the money back and bought a different one!!! company sucks! you would think sandisk is a reputable name but . i bought 2 cards from them 32g and 64g and both have problems.""]"
519,"got this because you can't beat the price and sandisk has so far always been reliable for me. i own two 32gb uhs 1 cards and a few older 16gb, 8gb, class 4, class 6, etc sandisk microsds not including my standard sds or my usb thumb drives and they have stood up to my tests with only one card i can think of failing, which i was still able to recover all the data from just not write to it anymore and i'm pretty hard on my rewritable media. what more can you say? sandisk makes some of the best sd and micro sd cards out there. this one is no exception i only buy sandisk cards and this one is good just like i expected. great read and write speed and no issues whatsoever. i also own the 64gb one and its just as good...also comes with an adapter so you can use it in bigger older size sd card slots.buy with confidence!","[""got this because you can't beat the price and sandisk has so far always been reliable for me. i own two 32gb uhs 1 cards and a few older 16gb, 8gb, class 4, class 6, etc sandisk microsds not including my standard sds or my usb thumb drives and they have stood up to my tests with only one card i can think of failing, which i was still able to recover all the data from just not write to it anymore and i'm pretty hard on my rewritable media. what more can you say?"", 'sandisk makes some of the best sd and micro sd cards out there. this one is no exception', 'i only buy sandisk cards and this one is good just like i expected. great read and write speed and no issues whatsoever. i also own the 64gb one and its just as good...also comes with an adapter so you can use it in bigger older size sd card slots.buy with confidence!']"
520,"what can i say, the card works perfectly, haven't had a single issue with it. i had a sandisk card at one point that didn't work properly and sandisks customer service was great in replacing my product which is the reason i will keep giving them my business. i have other sd cards that begin to act a little buggy over time. all of my sandisk cards are still running great, this card included. i trusted this company but they only warranty their products about two months. i used the micro sd card in a go pro camera for approximately one filming hour and the third time i inserted it into the camera it showed no sd card . after further investigation the card was determined to be bad. amazon will not stand behind the card and i am out 50. this is a rare situation with amazon, they are usually very helpful when a product is no good so this very well could be the sandisc company behind the short warranty. when you pay this much money and the product doesn't even last two months, it should get no stars, but then you know i cannot do that!update amazon did replace this card after i sent it back to them so i upgraded this review to three stars","[""what can i say, the card works perfectly, haven't had a single issue with it. i had a sandisk card at one point that didn't work properly and sandisks customer service was great in replacing my product which is the reason i will keep giving them my business."", 'i have other sd cards that begin to act a little buggy over time. all of my sandisk cards are still running great, this card included.', ""i trusted this company but they only warranty their products about two months. i used the micro sd card in a go pro camera for approximately one filming hour and the third time i inserted it into the camera it showed no sd card . after further investigation the card was determined to be bad. amazon will not stand behind the card and i am out 50. this is a rare situation with amazon, they are usually very helpful when a product is no good so this very well could be the sandisc company behind the short warranty. when you pay this much money and the product doesn't even last two months, it should get no stars, but then you know i cannot do that!update amazon did replace this card after i sent it back to them so i upgraded this review to three stars""]"
521,"i still own it but card went bad after 2 weeks of owning it, lost tons of music and data ect and lost all faith in sandisk products. i tried to get it replaced or money back but no return email from seller, so unhappy i lost over 20gigs of movies music and data. wish there would have been a reply from seller or amazon but i still have a dead sdcard with all my files stuck on it. had the 32gb sd card for a 4 months before it died on me. tried to swap it out and said warranty was only 60 days long. last sandisk product i ever buy. hello,great card, great price. plenty of speed and worked for...about a year. in fact, i wish it had stopped working a month earlier.it looks like sandisk is out to make sure their cards stop working perfectly after the return window is up or something, because now on the end of december return window expired about 20 days ago this thing only intermittently is recognized. it unmounts all the time in my phone and then gets remounted, and usually it doesn't even remount.while it was a good price, it was a good price for a name brand card that would have lasted longer than a year instead of sandisk going 34 ahaha got you good, now you have to buy another expensive name brand card! 34 nope, i'll buy a cheaper alternative and it'll probably last longer. i still have some kingston's going strong.","['i still own it but card went bad after 2 weeks of owning it, lost tons of music and data ect and lost all faith in sandisk products. i tried to get it replaced or money back but no return email from seller, so unhappy i lost over 20gigs of movies music and data. wish there would have been a reply from seller or amazon but i still have a dead sdcard with all my files stuck on it.', 'had the 32gb sd card for a 4 months before it died on me. tried to swap it out and said warranty was only 60 days long. last sandisk product i ever buy.', ""hello,great card, great price. plenty of speed and worked for...about a year. in fact, i wish it had stopped working a month earlier.it looks like sandisk is out to make sure their cards stop working perfectly after the return window is up or something, because now on the end of december return window expired about 20 days ago this thing only intermittently is recognized. it unmounts all the time in my phone and then gets remounted, and usually it doesn't even remount.while it was a good price, it was a good price for a name brand card that would have lasted longer than a year instead of sandisk going 34 ahaha got you good, now you have to buy another expensive name brand card! 34 nope, i'll buy a cheaper alternative and it'll probably last longer. i still have some kingston's going strong.""]"
522,"i used this for a few months in my phone, then it decided to quit mounting. i lost some pictures of pets who died shortly after. i got a replacement card, but i had to send in the old one, giving up any chance of recovering its contents. the new one's worked fine, but failing after 3 months in inexcusable. failed in my galaxy note after 8 months.lost all my pictures and videos that werent backed up.the card worked fine until suddenly wasnt being recognized on the phone or the computer.sandisk honored the warrenty and sent a replacement and it works, but i am less confident about the product and afraid to lose data on it in later when i'm not prepared. i bought this card to replace a lost 16 gig in my phone, htc g2 . seems to be working perfectly, so i will recommend to all. wait!!! read on...i had this card in my phone for a little over a month when it messed up. the phone stop recognizing the card, tried it in the computer and it was not recognized either. i contacted san disk and they did send me out a replacement but i lost the few pictures i had on the original card. i could have sent the card to san disk's data recovery people and they would have charged me 275.00 if they were able to recover the data and nothing if they couldn't. a bit to rich for me so i passed and unfortunately lost the photos.","[""i used this for a few months in my phone, then it decided to quit mounting. i lost some pictures of pets who died shortly after. i got a replacement card, but i had to send in the old one, giving up any chance of recovering its contents. the new one's worked fine, but failing after 3 months in inexcusable."", ""failed in my galaxy note after 8 months.lost all my pictures and videos that werent backed up.the card worked fine until suddenly wasnt being recognized on the phone or the computer.sandisk honored the warrenty and sent a replacement and it works, but i am less confident about the product and afraid to lose data on it in later when i'm not prepared."", ""i bought this card to replace a lost 16 gig in my phone, htc g2 . seems to be working perfectly, so i will recommend to all. wait!!! read on...i had this card in my phone for a little over a month when it messed up. the phone stop recognizing the card, tried it in the computer and it was not recognized either. i contacted san disk and they did send me out a replacement but i lost the few pictures i had on the original card. i could have sent the card to san disk's data recovery people and they would have charged me 275.00 if they were able to recover the data and nothing if they couldn't. a bit to rich for me so i passed and unfortunately lost the photos.""]"
523,"bought this to use on my htc evo 3d, which is supposed to have a maximum cap or 32 gb, however after formatting the card in fat32 format, the phone will read it, and functions w out any issues. unlike my old memory cards, even with a power loss i have not experienced any lost pictures or videos. worth the price since when i bought this over a year ago, it was still double the price retail and no one carried it locally. if you look through the reviews you will see that this card seems to have both a failure rate and a incompatibility with some devices. i bought this card in november of 2012 and it worked great for a while. the card started failing in my galaxy note 2 in the beginning of january. after reformatting and trying the card in other devices it still does not work. please understand that this is not a user error but appear to be something wrong with the card itself. i have tried the card in 3 different phones. 1 with stock jelly bean, 1 with ice cream sandwich, and 1 with a cyanogenmod custom firmware. all 3 devices have problems and say blank sd card or unsupported filesystem . even formatting the card in both windows and using android do not seem to fix the issue. i was happy to find such a good price on a large microsd card but sadly it looks like you get what you pay for. it does appear that some people are having luck so it might be worth a gamble of 20 if you are feeling lucky. if you do buy this card it would be wise to double check your backup process to make sure you do not lose pictures or videos if you have this problem. i am glad i used dropbox for my phone so i did not lose any pictures or videos.","['bought this to use on my htc evo 3d, which is supposed to have a maximum cap or 32 gb, however after formatting the card in fat32 format, the phone will read it, and functions w out any issues. unlike my old memory cards, even with a power loss i have not experienced any lost pictures or videos. worth the price since when i bought this over a year ago, it was still double the price retail and no one carried it locally.', 'if you look through the reviews you will see that this card seems to have both a failure rate and a incompatibility with some devices. i bought this card in november of 2012 and it worked great for a while. the card started failing in my galaxy note 2 in the beginning of january. after reformatting and trying the card in other devices it still does not work. please understand that this is not a user error but appear to be something wrong with the card itself. i have tried the card in 3 different phones. 1 with stock jelly bean, 1 with ice cream sandwich, and 1 with a cyanogenmod custom firmware. all 3 devices have problems and say blank sd card or unsupported filesystem . even formatting the card in both windows and using android do not seem to fix the issue. i was happy to find such a good price on a large microsd card but sadly it looks like you get what you pay for. it does appear that some people are having luck so it might be worth a gamble of 20 if you are feeling lucky. if you do buy this card it would be wise to double check your backup process to make sure you do not lose pictures or videos if you have this problem. i am glad i used dropbox for my phone so i did not lose any pictures or videos.']"
524,"sandisk finally admits that defective micro sd cards cause battery failure in the galaxy s3. i had mine about six months before it failed completely. i submitted complaint to sandisk and await their response. failed in one month. sandisk very promptly replaced, great customer service, and the new card seems to work ok. i have read that there are some problems with the galaxy s3 so it may not have been the memory module's fault it failed. i bought the sandisk 32 gb micro sd card class 10 in dec for a new galaxy s3. i used it for songs and video and pics. it started acting flaky in april and would unmount itself and then remount and i had problems with playing music. then it completely died and would not even reformat. this is a known issue, and i will write back after i try to get sandisk to replace it.","['sandisk finally admits that defective micro sd cards cause battery failure in the galaxy s3. i had mine about six months before it failed completely. i submitted complaint to sandisk and await their response.', ""failed in one month. sandisk very promptly replaced, great customer service, and the new card seems to work ok. i have read that there are some problems with the galaxy s3 so it may not have been the memory module's fault it failed."", 'i bought the sandisk 32 gb micro sd card class 10 in dec for a new galaxy s3. i used it for songs and video and pics. it started acting flaky in april and would unmount itself and then remount and i had problems with playing music. then it completely died and would not even reformat. this is a known issue, and i will write back after i try to get sandisk to replace it.']"
525,"i bought 2 of those sandisk 32 gb microsd , used them on my galaxy note and galaxy s4first one , my phone started saying it was removed , then recognize it again then diedi thought it's just a luck , plugged in the 2nd one stayed for about 2 months and died suddenly ! and lost everythingnever buying from sandisk again .. ever thus microsd card worked fine for a year in my samsumg note ii. i mostly used it to listed to downloaded music from spotify. it has actually failed 34 twice 34 . when it failed the first time the phone couldn't 34 see 34 that i had a card installed i thought maybe something had merely corrupted it, so i formatted it, put it back in my phone, and re downloaded all my playlists. it worked for two months and then failed again. i don't plan to try formatting it again, i'll switch to a different brand of card. i'm so disappointed in sandisk. i bought this for my galaxy s3 phone. worked great for the first few months. suddenly i noticed some pictures were missing. then it kept giving me an error that the 'sd card has unexpectedly stopped working' then i tried popping out the card and popping it back in. now it says unrecognizable files and it asks to format the mp3's i had bought and stored on the microsd card. in a pinch just to see if this would fix my issues i formatted the disc. now i lost everything and it is still giving me issues. read some similar issues from other customers, now i'm regretting my purchase. save your money and headaches and buy something else!","[""i bought 2 of those sandisk 32 gb microsd , used them on my galaxy note and galaxy s4first one , my phone started saying it was removed , then recognize it again then diedi thought it's just a luck , plugged in the 2nd one stayed for about 2 months and died suddenly ! and lost everythingnever buying from sandisk again .. ever"", ""thus microsd card worked fine for a year in my samsumg note ii. i mostly used it to listed to downloaded music from spotify. it has actually failed 34 twice 34 . when it failed the first time the phone couldn't 34 see 34 that i had a card installed i thought maybe something had merely corrupted it, so i formatted it, put it back in my phone, and re downloaded all my playlists. it worked for two months and then failed again. i don't plan to try formatting it again, i'll switch to a different brand of card."", ""i'm so disappointed in sandisk. i bought this for my galaxy s3 phone. worked great for the first few months. suddenly i noticed some pictures were missing. then it kept giving me an error that the 'sd card has unexpectedly stopped working' then i tried popping out the card and popping it back in. now it says unrecognizable files and it asks to format the mp3's i had bought and stored on the microsd card. in a pinch just to see if this would fix my issues i formatted the disc. now i lost everything and it is still giving me issues. read some similar issues from other customers, now i'm regretting my purchase. save your money and headaches and buy something else!""]"
526,the only drawback that i can assign to these sd cards is the limit of a 5 year warranty unlike kingston. i gave away my last card to a friend who needed one. after reading the reviews for this card i purchased it. i seems quick enough for my needs and plenty of space. i've never had a problem with sandisk. my go to company for all my disk needs.,"['the only drawback that i can assign to these sd cards is the limit of a 5 year warranty unlike kingston.', ""i gave away my last card to a friend who needed one. after reading the reviews for this card i purchased it. i seems quick enough for my needs and plenty of space. i've never had a problem with sandisk. my go to company for all my disk needs.""]"
527,"sandisk were the first memory cards i came across years ago. i think they hold up very well against the competition. they are inexpensive and do the job. i am a huge kingston fan, but the price of this card was too hard to pass up.i currently have it in my phone for photo video storage. so far, no complaints. sandisk is far away the best memory card ever.i used to this brand because it never fails.the future of this kind is eternal. the sandisk memory card is awesome. i usually only buy sandisk products because they are very reliable. very good quality.","['sandisk were the first memory cards i came across years ago. i think they hold up very well against the competition. they are inexpensive and do the job. i am a huge kingston fan, but the price of this card was too hard to pass up.i currently have it in my phone for photo video storage. so far, no complaints.', 'sandisk is far away the best memory card ever.i used to this brand because it never fails.the future of this kind is eternal.', 'the sandisk memory card is awesome. i usually only buy sandisk products because they are very reliable. very good quality.']"
528,"i wanted to believe that those people who wrote bad reviews on memory cards were just unlucky. well it sucks being one of them. i cannot get this card to format not matter what device, software or technique i use. the mistake i made was that i didn't use the card right away to see if it was good i thought, its a memory card, what could go wrong. now i'm out of the us and returning it is not economically sensible. i don't know if it's quality control, but this card simply cannot work in any reader, device, with or without adapter write protection off on the reader of course . the card shows up on devices, may even show data being copied then when you refresh, nothing has happened. all formatting software says it's write protected and nothing i do can remove it. why would a new card come write protected anyway? very disappointing, especially since i lost data from my phone. pro 9642 pricecons 9642 intially began to get card read errors on samsung note. right at 6 months it fails, lossing all my data. pictures, videos, documents, ect... all gone.i shouldn't have cheaped out, i should have bought the samsung card. i was very excited to buy this card 64 gb for my samsung galaxy note 2 the product arrived promptly and i was able to format it to ex fat and use it right away in my smart phone. however, exactly 10 days later when i removed the card after turning off the phone and inserted it in my desktop, i got an error saying that the card was corrupted and unreadable and that i needed to format it.since i had already got a lot of data on it, including a lot of videos and images of our new born twins, formatting was not a viable option.i tried to get the card working on my pc desktop, mac air laptop and the samsung galaxy note, but to no avail. finally i decided to format it. there too, i kept getting errors and that the computer was unable to format the card. finally i tried full format via my pc got an error again and then right away quick format and that worked so the card is back and working in my note again, but now i wont trust it anymore not after having lost so many irreplaceable images and videos.i am a professional photographer, and use memory cards all the time this has been the worst of the lot !!","[""i wanted to believe that those people who wrote bad reviews on memory cards were just unlucky. well it sucks being one of them. i cannot get this card to format not matter what device, software or technique i use. the mistake i made was that i didn't use the card right away to see if it was good i thought, its a memory card, what could go wrong. now i'm out of the us and returning it is not economically sensible. i don't know if it's quality control, but this card simply cannot work in any reader, device, with or without adapter write protection off on the reader of course . the card shows up on devices, may even show data being copied then when you refresh, nothing has happened. all formatting software says it's write protected and nothing i do can remove it. why would a new card come write protected anyway? very disappointing, especially since i lost data from my phone."", ""pro 9642 pricecons 9642 intially began to get card read errors on samsung note. right at 6 months it fails, lossing all my data. pictures, videos, documents, ect... all gone.i shouldn't have cheaped out, i should have bought the samsung card."", 'i was very excited to buy this card 64 gb for my samsung galaxy note 2 the product arrived promptly and i was able to format it to ex fat and use it right away in my smart phone. however, exactly 10 days later when i removed the card after turning off the phone and inserted it in my desktop, i got an error saying that the card was corrupted and unreadable and that i needed to format it.since i had already got a lot of data on it, including a lot of videos and images of our new born twins, formatting was not a viable option.i tried to get the card working on my pc desktop, mac air laptop and the samsung galaxy note, but to no avail. finally i decided to format it. there too, i kept getting errors and that the computer was unable to format the card. finally i tried full format via my pc got an error again and then right away quick format and that worked so the card is back and working in my note again, but now i wont trust it anymore not after having lost so many irreplaceable images and videos.i am a professional photographer, and use memory cards all the time this has been the worst of the lot !!']"
529,"i am very disappointed in this card. i usually don't have an issue with sandisk, but this 32gb ultra card died after two months. died as in, no longer recognizable by pc camera or any device. now i have to wrestle with warranty claim. if this was any more worthless, it would have a retched stench. this card has completely turned me away from ever trusting another sandisk product again. i would only use this in the future to keep corrupt mis information to frustrate anyone attempting to acquire any of my data.i have reformatted it 3 4 times in full using various allocation sizes and operating systems. it only functions under windows, it randomly works in my mobile devices. now i'm left to decide if i want to bother researching this to better understand the problem in the future, or simply purchase another card from a more reliable manufacturer...... hello kingston. i bought this item and at first the card was defective however a quick online chat with sandisk and two weeks later i had a new working device. not much to say other than a great product and company. definitely recommend.","[""i am very disappointed in this card. i usually don't have an issue with sandisk, but this 32gb ultra card died after two months. died as in, no longer recognizable by pc camera or any device. now i have to wrestle with warranty claim."", ""if this was any more worthless, it would have a retched stench. this card has completely turned me away from ever trusting another sandisk product again. i would only use this in the future to keep corrupt mis information to frustrate anyone attempting to acquire any of my data.i have reformatted it 3 4 times in full using various allocation sizes and operating systems. it only functions under windows, it randomly works in my mobile devices. now i'm left to decide if i want to bother researching this to better understand the problem in the future, or simply purchase another card from a more reliable manufacturer...... hello kingston."", 'i bought this item and at first the card was defective however a quick online chat with sandisk and two weeks later i had a new working device. not much to say other than a great product and company. definitely recommend.']"
530,"i really want to like these and i do trust sandisk more than other manufacturers of memory cards. that said, i'm moving on to my 3rd card. thank you amazon for having exceptional customer service, or else i'd be very upset.basically this card will suddenly not allow writing to it anymore. you can't save files to it, you can't delete files from it and you can't event format it. i've tried doing all three in different os'es and devices with no luck. doing some reading on the sandisk forums this seems to be happening a lot with these cards.i'm returning this to amazon and trying my luck with a different brand to see what happens. i bought this with costco black friday deal and started using just a couple of days ago. today when i was transferring video files from my phone to the card, i wasn't able to because it stopped half way. now, nothing can be written on it.it was purchased from costco, so it's not a fake microsdhc card. i tested it out its authenticity with an app on google play and verified that it's real too. still, it's a piece junk. what is sandisk doing to its reputation?i would advise shopper to choose other brands over this. surely, it's cheap but would you rather lose all of the important files that you store in it? just as with many other reviewers here, my card worked perfectly for the first week and a half, and then suddenly lost its format and could no longer be reformatted, while at the same time overheating dangerously. sandisk is currently issuing an rma to replace it, but i am worried that the replacement could also end up being defective. as is evident from the 1 star reviews here, the rate of such defects for these cards is about 10 , which to me seems like an absolutely unacceptable number for a memory card for a major manufacturer. and it's not like sandisk hasn't had a heads up on this problem the negative reviews have been there for quite a while. clean up your act, sandisk!","[""i really want to like these and i do trust sandisk more than other manufacturers of memory cards. that said, i'm moving on to my 3rd card. thank you amazon for having exceptional customer service, or else i'd be very upset.basically this card will suddenly not allow writing to it anymore. you can't save files to it, you can't delete files from it and you can't event format it. i've tried doing all three in different os'es and devices with no luck. doing some reading on the sandisk forums this seems to be happening a lot with these cards.i'm returning this to amazon and trying my luck with a different brand to see what happens."", ""i bought this with costco black friday deal and started using just a couple of days ago. today when i was transferring video files from my phone to the card, i wasn't able to because it stopped half way. now, nothing can be written on it.it was purchased from costco, so it's not a fake microsdhc card. i tested it out its authenticity with an app on google play and verified that it's real too. still, it's a piece junk. what is sandisk doing to its reputation?i would advise shopper to choose other brands over this. surely, it's cheap but would you rather lose all of the important files that you store in it?"", ""just as with many other reviewers here, my card worked perfectly for the first week and a half, and then suddenly lost its format and could no longer be reformatted, while at the same time overheating dangerously. sandisk is currently issuing an rma to replace it, but i am worried that the replacement could also end up being defective. as is evident from the 1 star reviews here, the rate of such defects for these cards is about 10 , which to me seems like an absolutely unacceptable number for a memory card for a major manufacturer. and it's not like sandisk hasn't had a heads up on this problem the negative reviews have been there for quite a while. clean up your act, sandisk!""]"
531,"used it in my galaxy note 2 for the past 16 months. all the sudden it is no longer writable. i tried many ways to reformat the card. even windows says format successful but all files remain after i remove and re insert the card. since i have private files in the card i'm not able to delete. i do not want to sent it back to sandisk for replacement. this card was used in a phone without a large amount of write stress which does shorten the life of the card it was not written to over and over in the phone .the card is now totally unwriteable on a mac, a linux machine, or the phone writes all seem to succeed but even low level reformats don't actually do anything the exact same files are there after every change, untouchable and frozen forever.10 months of use out of a memory card and then a really weird failure like this neither the mac, linux machine, or phone reports any error is not acceptable quality from sandisk. i got this card only a few months ago, used it on a note 3, now it has failed. no matter what i try, attempts to format the drive or edit the files on it, whether using my computer or the phone, have all failed. the card's data is now essentially read only, which is the only saving grace of this since i could at least save my data.previous to this i had an issue with it corrupting photos randomly, with increasing regularity as it grew closer to complete failure. i am now going to be avoiding sandisk when possible","[""used it in my galaxy note 2 for the past 16 months. all the sudden it is no longer writable. i tried many ways to reformat the card. even windows says format successful but all files remain after i remove and re insert the card. since i have private files in the card i'm not able to delete. i do not want to sent it back to sandisk for replacement."", ""this card was used in a phone without a large amount of write stress which does shorten the life of the card it was not written to over and over in the phone .the card is now totally unwriteable on a mac, a linux machine, or the phone writes all seem to succeed but even low level reformats don't actually do anything the exact same files are there after every change, untouchable and frozen forever.10 months of use out of a memory card and then a really weird failure like this neither the mac, linux machine, or phone reports any error is not acceptable quality from sandisk."", ""i got this card only a few months ago, used it on a note 3, now it has failed. no matter what i try, attempts to format the drive or edit the files on it, whether using my computer or the phone, have all failed. the card's data is now essentially read only, which is the only saving grace of this since i could at least save my data.previous to this i had an issue with it corrupting photos randomly, with increasing regularity as it grew closer to complete failure. i am now going to be avoiding sandisk when possible""]"
532,"i purchased this card the 64gb version to use in a samsung galaxy s2 phone. it worked perfectly for almost three months, at which point it just stopped mounting. the phone detects a card, but is incapable of formatting it. it's even worse on my computer, which does not even detect the card anymore and yes, i'm using an sdxc compatible usb reader .i contacted sandisk for an rma and they will probably replace it, although the replacement process is needlessly slow and painful.i had bought this card based on the glowing reviews, but i'm going to stay away from sandisk products from now on. i have exclusively used sandisk extreme cards in my pro photography gear for years and they have never let me down. this one is a dud, though. i plugged it in, let my phone format it, and then start copying to it. everything copied just fine, but after i got done, that's when it started acting up.if i had my phone plugged into the computer and was using it as a storage device, i got tons of crc errors and or messages saying that i needed to format the card before using it. the phone would come up from time to time saying that i had inserted a blank card. if i reboot the phone, it works fine for a little bit, and the errors would start again. i thought maybe it was the way the phone formatted, so i tried to format it on the computer, but that didn't help anything.very frustrating! thankfully i've had it for 2 days before the trouble started, so it's going back to amazon for a refund and i'll have to find a more reliable card for my phone.","[""i purchased this card the 64gb version to use in a samsung galaxy s2 phone. it worked perfectly for almost three months, at which point it just stopped mounting. the phone detects a card, but is incapable of formatting it. it's even worse on my computer, which does not even detect the card anymore and yes, i'm using an sdxc compatible usb reader .i contacted sandisk for an rma and they will probably replace it, although the replacement process is needlessly slow and painful.i had bought this card based on the glowing reviews, but i'm going to stay away from sandisk products from now on."", ""i have exclusively used sandisk extreme cards in my pro photography gear for years and they have never let me down. this one is a dud, though. i plugged it in, let my phone format it, and then start copying to it. everything copied just fine, but after i got done, that's when it started acting up.if i had my phone plugged into the computer and was using it as a storage device, i got tons of crc errors and or messages saying that i needed to format the card before using it. the phone would come up from time to time saying that i had inserted a blank card. if i reboot the phone, it works fine for a little bit, and the errors would start again. i thought maybe it was the way the phone formatted, so i tried to format it on the computer, but that didn't help anything.very frustrating! thankfully i've had it for 2 days before the trouble started, so it's going back to amazon for a refund and i'll have to find a more reliable card for my phone.""]"
533,"i had bought this card for my new samsung galaxy s3. the card is about as good as you can expect for the price and technology you're paying for.sdxc cards come formatted in exfat by default, which is what i would have tried to format it as anyway and seen if my phone supports that filesystem. in addition to being a faster format, enabling higher transfer rates, exfat also takes up less storage space than, say, an fat or fat32 filesystem would which is important when considering mobile storage devices.i read several poor reviews about this product starting that it simply stopped working after a few months. while that can happen from regular use, as it has happened to me in the past with a couple 32gb sdhcs, i would venture to say it was an error in use. flash media is very sensitive in regards to hard shutdowns . that's to say, just pulling it out of your device or card reader without first unmounting it. within the 'data storage' menu on android phones, there is an option to 'unmount sd card'. i would recommend that you always select this before removing any external memory card to avoid corruption of data and, ultimately, the card itself. the reason for this is that sudden stoppage of a flash memory device's data or power connectivity can easily result in corruption.transversely, if you have the memory card plugged into a card reader, say, with an sd adapter you should first eject the card. in windows, there is a small icon located in the taskbar notification menu for safely remov ing hardware and eject ing media . select the card and a notification will pop up that the card is now safe to remove. it basically severs the same function as the android 'unmount' optional but will also cease any current read write operations to avoid data or device corruption.i cannot speak for how one would do this on a mac os but chances are, if you're using an apple pc, you don't have an android phone. bought this to use in my samsung siii as it was supposed to be a fast card. worked fine until it totally died after less than a year of very little us due to the design of the siii. phone popped up a message that the sd card had been removed it hadn't . nothing i did to the phone brought the card back up. removed it and tried it in my laptop win7 and other computer xp pro and it is totally dead, neither will even recognize its in the drive. working with sandisk to get a replacement, they want all kinds of fairly useless information, will see if i get an rma number and replacement card.this is the first memory card i have ever had fail.as an update, warranty service from sandisk has proven to be non existent. they first asked to have over 16 questions answered, then mysteriously lost all the answers i sent back, three times.","[""i had bought this card for my new samsung galaxy s3. the card is about as good as you can expect for the price and technology you're paying for.sdxc cards come formatted in exfat by default, which is what i would have tried to format it as anyway and seen if my phone supports that filesystem. in addition to being a faster format, enabling higher transfer rates, exfat also takes up less storage space than, say, an fat or fat32 filesystem would which is important when considering mobile storage devices.i read several poor reviews about this product starting that it simply stopped working after a few months. while that can happen from regular use, as it has happened to me in the past with a couple 32gb sdhcs, i would venture to say it was an error in use. flash media is very sensitive in regards to hard shutdowns . that's to say, just pulling it out of your device or card reader without first unmounting it. within the 'data storage' menu on android phones, there is an option to 'unmount sd card'. i would recommend that you always select this before removing any external memory card to avoid corruption of data and, ultimately, the card itself. the reason for this is that sudden stoppage of a flash memory device's data or power connectivity can easily result in corruption.transversely, if you have the memory card plugged into a card reader, say, with an sd adapter you should first eject the card. in windows, there is a small icon located in the taskbar notification menu for safely remov ing hardware and eject ing media . select the card and a notification will pop up that the card is now safe to remove. it basically severs the same function as the android 'unmount' optional but will also cease any current read write operations to avoid data or device corruption.i cannot speak for how one would do this on a mac os but chances are, if you're using an apple pc, you don't have an android phone."", ""bought this to use in my samsung siii as it was supposed to be a fast card. worked fine until it totally died after less than a year of very little us due to the design of the siii. phone popped up a message that the sd card had been removed it hadn't . nothing i did to the phone brought the card back up. removed it and tried it in my laptop win7 and other computer xp pro and it is totally dead, neither will even recognize its in the drive. working with sandisk to get a replacement, they want all kinds of fairly useless information, will see if i get an rma number and replacement card.this is the first memory card i have ever had fail.as an update, warranty service from sandisk has proven to be non existent. they first asked to have over 16 questions answered, then mysteriously lost all the answers i sent back, three times.""]"
534,"my original two cards were manufactured in 2012 and over time started affecting the functionality of our phones. some internet research resulted in reading another review on amazon with similar problems and discussed to contact sandisk support for replacements due to a known silicon bug. the new cards arrived in about a week and we returned the old cards with the defects. only hassle was was trying to read the serial and date codes off of the car, but a phone with 4x zoom made it possible. sandisk customer support was easy to work with and the products new and old are fast and worked great. update i raised my star rating on this from 1 to 4 because of the customer service. i was able to get a replacement pretty easily. hopefully it will last longer!original review this item worked well while it lasted. i bought it in october 2012 for my tablet pc and then for an android smartphone. i did not make many transfers to the card, it was mostly reading files from it. now it is march 2013 and suddenly the card is no longer recognized in my android phone. it is no longer recognized on my other devices as well. i lost many photos and videos on the card because of it. i'm sure sandisk will exchange it for a new one, but this shouldn't be happening with a card that is less than a year old. april 2013. i have had the card for about 4 months and seemed to work fine. i use it to store additional files on my ultrabook as the solid state drive is small only 128gb . about a month ago, the card could not be recognized. it only lasted about 2 hours, so i thought maybe just a momentary blip. however, this weekened, it cannot be recognized at all and it has been 3 days. sandisk support is not available until the week, so i will update on tech support soon. however, i did find that the sandisk indicated there was a defect with some of these cards. i assume they will replace it, but i have lost lots of hours and a lot of pictures... so i am really bummed and frustrated.from sandisk sandisk has been made aware of potential product issues involving a very small percentage of its 32gb and 64gb sandisk mobile ultra microsd cards. under certain circumstances the cards may lock up and the card becomes inaccessible. the issue has been identified and a manufacturing fix has already been put in place. sandisk stands behind its products and any customer who experiences this issue with the microsd cards cards is asked to contact the sandisk support center for a resolution immediately. sandisk","['my original two cards were manufactured in 2012 and over time started affecting the functionality of our phones. some internet research resulted in reading another review on amazon with similar problems and discussed to contact sandisk support for replacements due to a known silicon bug. the new cards arrived in about a week and we returned the old cards with the defects. only hassle was was trying to read the serial and date codes off of the car, but a phone with 4x zoom made it possible. sandisk customer support was easy to work with and the products new and old are fast and worked great.', ""update i raised my star rating on this from 1 to 4 because of the customer service. i was able to get a replacement pretty easily. hopefully it will last longer!original review this item worked well while it lasted. i bought it in october 2012 for my tablet pc and then for an android smartphone. i did not make many transfers to the card, it was mostly reading files from it. now it is march 2013 and suddenly the card is no longer recognized in my android phone. it is no longer recognized on my other devices as well. i lost many photos and videos on the card because of it. i'm sure sandisk will exchange it for a new one, but this shouldn't be happening with a card that is less than a year old."", 'april 2013. i have had the card for about 4 months and seemed to work fine. i use it to store additional files on my ultrabook as the solid state drive is small only 128gb . about a month ago, the card could not be recognized. it only lasted about 2 hours, so i thought maybe just a momentary blip. however, this weekened, it cannot be recognized at all and it has been 3 days. sandisk support is not available until the week, so i will update on tech support soon. however, i did find that the sandisk indicated there was a defect with some of these cards. i assume they will replace it, but i have lost lots of hours and a lot of pictures... so i am really bummed and frustrated.from sandisk sandisk has been made aware of potential product issues involving a very small percentage of its 32gb and 64gb sandisk mobile ultra microsd cards. under certain circumstances the cards may lock up and the card becomes inaccessible. the issue has been identified and a manufacturing fix has already been put in place. sandisk stands behind its products and any customer who experiences this issue with the microsd cards cards is asked to contact the sandisk support center for a resolution immediately. sandisk']"
535,"having used sandisk before in my photography, i of course went to them when it was time to outfit my new samsung galaxy s3 with an internal microsd card. i spent the extra bucks over comparably no name micro sd cards and bought this variant. i took quite a few pictures and even transferred an album from my computer so i coud show it to friends on the go.after less than two months, the sandisk microsd card started acting up. it was not recognized, stopped, restarted, removed itself, reinstalled itself onto the phone erratic behavior. here is where i should have taken it out immediately and tried to recover anything i could before things hit the fan...unfortunately i waited too long and this morning, for no other reason than i turned my phone on, the card shows up as blank. neither my windows pc, nor my mac, can even detect the card and yes, i tried two different adapters, and i tried the sandisk recovery which found no recoverable files even though i checked all file type extensions.i've apparently lost all the pictures i had on there. to top it all off, my gf's cheap no name card has never had an issue in her exact same phone and keeps chugging along merrily.paying a premium for a substandard product that fails in use after two months? no thanks. i'm going back to lexar, which hasn't failed me yet. i'm also getting rid of all my sandisk cards for my dslr's, just in case. the fact that sandisk is the first card thats ever failed on me, and a new card to boot, does not inspire confidence. buy and use at your own risk. purchased in november 2012 less than 18 months ago for use in my then new samsung galaxy s3. it has never been removed from the phone until today when it failed. since the phone is still fine and the memory card is stored well inside, it's safe to assume this card has suffered no abuse. today, the card is totally unreadable. it can't be formatted by the phone. the pc doesn't see it at all. it's dead, jim. i'll be contacting sandisk about warranty today.update i've updated this from 1 start to 4 because although it failed, sandisk is replacing it at no charge. sometimes stuff fails. if a manufacturer will stand by it, that speaks well. nice that because i bought it on amazon i could search my orders and find the original invoice to use when i contacted them.","[""having used sandisk before in my photography, i of course went to them when it was time to outfit my new samsung galaxy s3 with an internal microsd card. i spent the extra bucks over comparably no name micro sd cards and bought this variant. i took quite a few pictures and even transferred an album from my computer so i coud show it to friends on the go.after less than two months, the sandisk microsd card started acting up. it was not recognized, stopped, restarted, removed itself, reinstalled itself onto the phone erratic behavior. here is where i should have taken it out immediately and tried to recover anything i could before things hit the fan...unfortunately i waited too long and this morning, for no other reason than i turned my phone on, the card shows up as blank. neither my windows pc, nor my mac, can even detect the card and yes, i tried two different adapters, and i tried the sandisk recovery which found no recoverable files even though i checked all file type extensions.i've apparently lost all the pictures i had on there. to top it all off, my gf's cheap no name card has never had an issue in her exact same phone and keeps chugging along merrily.paying a premium for a substandard product that fails in use after two months? no thanks. i'm going back to lexar, which hasn't failed me yet. i'm also getting rid of all my sandisk cards for my dslr's, just in case. the fact that sandisk is the first card thats ever failed on me, and a new card to boot, does not inspire confidence. buy and use at your own risk."", ""purchased in november 2012 less than 18 months ago for use in my then new samsung galaxy s3. it has never been removed from the phone until today when it failed. since the phone is still fine and the memory card is stored well inside, it's safe to assume this card has suffered no abuse. today, the card is totally unreadable. it can't be formatted by the phone. the pc doesn't see it at all. it's dead, jim. i'll be contacting sandisk about warranty today.update i've updated this from 1 start to 4 because although it failed, sandisk is replacing it at no charge. sometimes stuff fails. if a manufacturer will stand by it, that speaks well. nice that because i bought it on amazon i could search my orders and find the original invoice to use when i contacted them.""]"
536,"i was given this card in october to add to my new samsung galaxy s3. i was thrilled i copied a ton of music onto the card and used my phone as my mobile ipod substitute, leaving my ipod classic on my desktop in its speaker system cradle.everything worked fine until a couple of weeks ago. i started getting messages that seemed to say that i had removed and inserted the memory card. of course, i hadn't touched it. then a few days ago the phone told me that the card contained unsupported files and that i needed to reformat it. well, i tried reformatting. after that, nothing. nothing at all. i pulled the memory card, reset the phone. reinserted the card. nothing. i tried the card in the adapter on 3 computers. it wasn't even visible.i called sandisk tech support. it didn't take terribly long to convince them that i had a problem. but they quickly offered me two 16 gb cards as a replacement. i literally laughed at them. i got the disturbing sense that this is something that they are required to try. if so, that's a lousy business practice. after bouncing me around a few time, they agreed to send me an rma and a shipping label. i duly sent the card off a couple of days ago. to be frank, i have no idea at all when i might receive a replacement.if i weren't already in the grips of sandisk, i would buy another card. the fact that 10 of the comments here are negative is an indication of a real quality control problem. a 10 fail rate is simply unacceptable for a product such as this.update well, i do have to give sandisk credit for customer support. i returned the card using the supplied ups label on a tuesday and i received a replacement by ups on the following monday. that's very good service. it does, however, increase my suspicion about the offer of two 16 gb because the 32 gb cards were out of stock. if they were out of stock, they sure got in stock in a big hurry. in any event, i've upped my rating to two stars. after exactly month and a half this card is done...and with it i lost all my pics and videos...just after the return policy expired!! card is not recognized by my phone or pc. trying to get rma from sandisk...i own the s3 and have read extensive problems with the 32 and 64gb card class 10! samsung says is sandisk...and sandisk says is the phone ??? but i've seen other cards failing with different phones! all android by the way...what's the problem ? never had a problem with any sd cards prior, and always had a good track record with sandisk products.card was working great at first, used exclusively in my samsung galaxy s3. enjoyed the extra space got the 32gb card and transfers were pretty quick. i started to see about a month ago that the phone would randomly give me sd card unexpectedly removed error maybe once a week. the last 2 weeks, i also started seeing frequently sd card safe to remove randomly pop up at least once a day as well as the unexpected removal error every few days. today the card stopped reading all together.the card was first inserted w the phone off, when i bought it. although i never formatted it, it worked properly. i also never removed the card from the phone in order to possibly corrupt it from improper removal, so the card just seems to have died of it's own accord. i never thought to check it's temperature after transferring large files so i'm not sure if i had the same issue as another reviewer.contacted sandisk, waiting for reply. if they replace the card and it works well, i will revise this review.update 2 28 13got a replacement card after about a week and a half, sandisk supplied a shipping label for me which is always a plus. i've had the replacement in my s3 for 3.5 months now and still going strong. i've also used it with the adapter in my gopro. card is working well and hopefully it continues to do so. updated to 4 stars since i haven't had a single problem with this card the first one started showing issues fairly soon after installing . maybe there was just a bad batch of the card for spell there.","[""i was given this card in october to add to my new samsung galaxy s3. i was thrilled i copied a ton of music onto the card and used my phone as my mobile ipod substitute, leaving my ipod classic on my desktop in its speaker system cradle.everything worked fine until a couple of weeks ago. i started getting messages that seemed to say that i had removed and inserted the memory card. of course, i hadn't touched it. then a few days ago the phone told me that the card contained unsupported files and that i needed to reformat it. well, i tried reformatting. after that, nothing. nothing at all. i pulled the memory card, reset the phone. reinserted the card. nothing. i tried the card in the adapter on 3 computers. it wasn't even visible.i called sandisk tech support. it didn't take terribly long to convince them that i had a problem. but they quickly offered me two 16 gb cards as a replacement. i literally laughed at them. i got the disturbing sense that this is something that they are required to try. if so, that's a lousy business practice. after bouncing me around a few time, they agreed to send me an rma and a shipping label. i duly sent the card off a couple of days ago. to be frank, i have no idea at all when i might receive a replacement.if i weren't already in the grips of sandisk, i would buy another card. the fact that 10 of the comments here are negative is an indication of a real quality control problem. a 10 fail rate is simply unacceptable for a product such as this.update well, i do have to give sandisk credit for customer support. i returned the card using the supplied ups label on a tuesday and i received a replacement by ups on the following monday. that's very good service. it does, however, increase my suspicion about the offer of two 16 gb because the 32 gb cards were out of stock. if they were out of stock, they sure got in stock in a big hurry. in any event, i've upped my rating to two stars."", ""after exactly month and a half this card is done...and with it i lost all my pics and videos...just after the return policy expired!! card is not recognized by my phone or pc. trying to get rma from sandisk...i own the s3 and have read extensive problems with the 32 and 64gb card class 10! samsung says is sandisk...and sandisk says is the phone ??? but i've seen other cards failing with different phones! all android by the way...what's the problem ?"", ""never had a problem with any sd cards prior, and always had a good track record with sandisk products.card was working great at first, used exclusively in my samsung galaxy s3. enjoyed the extra space got the 32gb card and transfers were pretty quick. i started to see about a month ago that the phone would randomly give me sd card unexpectedly removed error maybe once a week. the last 2 weeks, i also started seeing frequently sd card safe to remove randomly pop up at least once a day as well as the unexpected removal error every few days. today the card stopped reading all together.the card was first inserted w the phone off, when i bought it. although i never formatted it, it worked properly. i also never removed the card from the phone in order to possibly corrupt it from improper removal, so the card just seems to have died of it's own accord. i never thought to check it's temperature after transferring large files so i'm not sure if i had the same issue as another reviewer.contacted sandisk, waiting for reply. if they replace the card and it works well, i will revise this review.update 2 28 13got a replacement card after about a week and a half, sandisk supplied a shipping label for me which is always a plus. i've had the replacement in my s3 for 3.5 months now and still going strong. i've also used it with the adapter in my gopro. card is working well and hopefully it continues to do so. updated to 4 stars since i haven't had a single problem with this card the first one started showing issues fairly soon after installing . maybe there was just a bad batch of the card for spell there.""]"
537,"i have had this for 8 months, and the sd card already stopped deleting files and keeping pictures. i have tried reformatting, and nothing helps. not cool.update april 2, 2014 i contacted sandisk and i am sending the problematic card back for warranty replacement. i hope this will resolve the issue with the card. i will keep you updated once the process is complete. i bought this sandisk 16gb class 10 to use with my htc inspire, after 3 months, i am getting constant error saying sd card unmounted unexpectedly.then today, the dang fkang card won't even read in the card reader, i have 10gb worth of videos and pictures, memories that i will never be able to get back. i am very upset.","['i have had this for 8 months, and the sd card already stopped deleting files and keeping pictures. i have tried reformatting, and nothing helps. not cool.update april 2, 2014 i contacted sandisk and i am sending the problematic card back for warranty replacement. i hope this will resolve the issue with the card. i will keep you updated once the process is complete.', ""i bought this sandisk 16gb class 10 to use with my htc inspire, after 3 months, i am getting constant error saying sd card unmounted unexpectedly.then today, the dang fkang card won't even read in the card reader, i have 10gb worth of videos and pictures, memories that i will never be able to get back. i am very upset.""]"
538,"i guess i should be happy it failed after only 1 month, because i only lost 1 month's worth of pictures etc. i bought 3 of these cards for my wife, son and i. my wife's had a minor glitch, which went away with a reboot. mine had a minor glitch this morning, so i expected the reboot to fix it. no a reboot caused my motorola defy xt to tell me the card was blank and needed to be formatted. my laptop won't even recognize the card when i put the card in it's reader. after a couple hours of looking for a way to fix it, i have only found that this is very common for this specific card.edit i was very happy with sandisk after calling them. they did say there are compatibility issues with class 10 cards and some of the android phones, and verified my phone is one of them. they offered free replacement with a card that would be certain not to have the same issue mine just had, and also to attempt recovery of my items from the card. these are the reasons we buy sandisk in the first place. they did recommend a class 4 or lower card to me for this phone.i am leaving this as a 1 star, because people should be aware of compatibility issues this severe.2nd edit as of march 12, this replacement card, that wasn't going to be susceptible to the same type of failure is losing apps etc. i am giving this card up. it has taken my phone and turned it into a device i cannot count on. i figured out why my old microsd card died on me. when i plugged in my old android phone at work, the antivirus software of my laptop wanted to scan the whole thing every time. i was plugging it in to charge it, but the constant reads wore out the flash. my new android phone mounts as a cd drive instead of the entire thing . i can only see the phone if i unmount my cd drive. this is perfect for charging at work now. be careful with virus scanners if you have an android phone that auto mounts your entire phone's micro sd! i bought a new underwater camera. so my 32 gb adata went to the camera and this sandisk went to my galaxy note 10.1. on our family vacation i took the newly purchased camera and the 32 gb adata. long story short a lot the photos and videos taken in cancun are gone. photos and video from top of a mayan ruin pyramid , snorkeling, family photos are all corrupted and gone. at first, i thought it was the camera until i placed the sandisk in and experimented with it. this sandisk was flawless! i will be staying away from lesser known brands and staying with sandisk going forward.","[""i guess i should be happy it failed after only 1 month, because i only lost 1 month's worth of pictures etc. i bought 3 of these cards for my wife, son and i. my wife's had a minor glitch, which went away with a reboot. mine had a minor glitch this morning, so i expected the reboot to fix it. no a reboot caused my motorola defy xt to tell me the card was blank and needed to be formatted. my laptop won't even recognize the card when i put the card in it's reader. after a couple hours of looking for a way to fix it, i have only found that this is very common for this specific card.edit i was very happy with sandisk after calling them. they did say there are compatibility issues with class 10 cards and some of the android phones, and verified my phone is one of them. they offered free replacement with a card that would be certain not to have the same issue mine just had, and also to attempt recovery of my items from the card. these are the reasons we buy sandisk in the first place. they did recommend a class 4 or lower card to me for this phone.i am leaving this as a 1 star, because people should be aware of compatibility issues this severe.2nd edit as of march 12, this replacement card, that wasn't going to be susceptible to the same type of failure is losing apps etc. i am giving this card up. it has taken my phone and turned it into a device i cannot count on."", ""i figured out why my old microsd card died on me. when i plugged in my old android phone at work, the antivirus software of my laptop wanted to scan the whole thing every time. i was plugging it in to charge it, but the constant reads wore out the flash. my new android phone mounts as a cd drive instead of the entire thing . i can only see the phone if i unmount my cd drive. this is perfect for charging at work now. be careful with virus scanners if you have an android phone that auto mounts your entire phone's micro sd!"", 'i bought a new underwater camera. so my 32 gb adata went to the camera and this sandisk went to my galaxy note 10.1. on our family vacation i took the newly purchased camera and the 32 gb adata. long story short a lot the photos and videos taken in cancun are gone. photos and video from top of a mayan ruin pyramid , snorkeling, family photos are all corrupted and gone. at first, i thought it was the camera until i placed the sandisk in and experimented with it. this sandisk was flawless! i will be staying away from lesser known brands and staying with sandisk going forward.']"
